taxon,sample_id,tolerance,reaction,flux,abundance,metabolite,direction
S1007C53_Faecalibacterium_prausnitzii_E,ERR1620325_sub,1e-06,EX_cpd00082_e0,-0.19036914657930823,0.007400461699614287,cpd00082_e0,import
S1007C53_Faecalibacterium_prausnitzii_E,ERR1620325_sub,1e-06,EX_cpd10515_e0,-0.0001772651390564825,0.007400461699614287,cpd10515_e0,import
S1007C53_Faecalibacterium_prausnitzii_E,ERR1620325_sub,1e-06,EX_cpd00311_e0,0.02348498453461861,0.007400461699614287,cpd00311_e0,export
S1007C53_Faecalibacterium_prausnitzii_E,ERR1620325_sub,1e-06,EX_cpd00305_e0,-7.348919884707534e-05,0.007400461699614287,cpd00305_e0,import
S1007C53_Faecalibacterium_prausnitzii_E,ERR1620325_sub,1e-06,EX_cpd00058_e0,-0.00010377594020940717,0.007400461699614287,cpd00058_e0,import
S1007C53_Faecalibacterium_prausnitzii_E,ERR1620325_sub,1e-06,EX_cpd00060_e0,-0.0018738120303331944,0.007400461699614287,cpd00060_e0,import
S1007C53_Faecalibacterium_prausnitzii_E,ERR1620325_sub,1e-06,EX_cpd00039_e0,-0.005344084851852776,0.007400461699614287,cpd00039_e0,import
S1007C53_Faecalibacterium_prausnitzii_E,ERR1620325_sub,1e-06,EX_cpd00264_e0,-7.348919884707534e-05,0.007400461699614287,cpd00264_e0,import
S1007C53_Faecalibacterium_prausnitzii_E,ERR1620325_sub,1e-06,EX_cpd00367_e0,-0.02689045602873253,0.007400461699614287,cpd00367_e0,import
S1007C53_Faecalibacterium_prausnitzii_E,ERR1620325_sub,1e-06,EX_cpd00099_e0,-0.00010377594020940717,0.007400461699614287,cpd00099_e0,import
S1007C53_Faecalibacterium_prausnitzii_E,ERR1620325_sub,1e-06,EX_cpd10516_e0,-0.00010377594020940717,0.007400461699614287,cpd10516_e0,import
S1007C53_Faecalibacterium_prausnitzii_E,ERR1620325_sub,1e-06,EX_cpd00277_e0,-0.024808443975005087,0.007400461699614287,cpd00277_e0,import
S1007C53_Faecalibacterium_prausnitzii_E,ERR1620325_sub,1e-06,EX_cpd00009_e0,-0.01908722992018505,0.007400461699614287,cpd00009_e0,import
S1007C53_Faecalibacterium_prausnitzii_E,ERR1620325_sub,1e-06,EX_cpd00322_e0,-0.005522067780775892,0.007400461699614287,cpd00322_e0,import
S1007C53_Faecalibacterium_prausnitzii_E,ERR1620325_sub,1e-06,EX_cpd00028_e0,-7.348919884707534e-05,0.007400461699614287,cpd00028_e0,import
S1007C53_Faecalibacterium_prausnitzii_E,ERR1620325_sub,1e-06,EX_cpd01080_e0,-0.0012043676946436775,0.007400461699614287,cpd01080_e0,import
S1007C53_Faecalibacterium_prausnitzii_E,ERR1620325_sub,1e-06,EX_cpd00034_e0,-0.00010377594020940717,0.007400461699614287,cpd00034_e0,import
S1007C53_Faecalibacterium_prausnitzii_E,ERR1620325_sub,1e-06,EX_cpd00149_e0,-0.00010377594020940717,0.007400461699614287,cpd00149_e0,import
S1007C53_Faecalibacterium_prausnitzii_E,ERR1620325_sub,1e-06,EX_cpd00363_e0,0.024808443975005087,0.007400461699614287,cpd00363_e0,export
S1007C53_Faecalibacterium_prausnitzii_E,ERR1620325_sub,1e-06,EX_cpd00092_e0,0.02510240077039338,0.007400461699614287,cpd00092_e0,export
S1007C53_Faecalibacterium_prausnitzii_E,ERR1620325_sub,1e-06,EX_cpd00024_e0,-0.009306506969562527,0.007400461699614287,cpd00024_e0,import
S1007C53_Faecalibacterium_prausnitzii_E,ERR1620325_sub,1e-06,EX_cpd00029_e0,0.11997041709873232,0.007400461699614287,cpd00029_e0,export
S1007C53_Faecalibacterium_prausnitzii_E,ERR1620325_sub,1e-06,EX_cpd00232_e0,-0.0029613950608074584,0.007400461699614287,cpd00232_e0,import
S1007C53_Faecalibacterium_prausnitzii_E,ERR1620325_sub,1e-06,EX_cpd00048_e0,-0.00010377594020940717,0.007400461699614287,cpd00048_e0,import
S1007C53_Faecalibacterium_prausnitzii_E,ERR1620325_sub,1e-06,EX_cpd00205_e0,-0.00010377594020940717,0.007400461699614287,cpd00205_e0,import
S1007C53_Faecalibacterium_prausnitzii_E,ERR1620325_sub,1e-06,EX_cpd00011_e0,0.00834704030842749,0.007400461699614287,cpd00011_e0,export
S1007C53_Faecalibacterium_prausnitzii_E,ERR1620325_sub,1e-06,EX_cpd00132_e0,-0.0024488085017350674,0.007400461699614287,cpd00132_e0,import
S1007C53_Faecalibacterium_prausnitzii_E,ERR1620325_sub,1e-06,EX_cpd00182_e0,-0.001176406470208589,0.007400461699614287,cpd00182_e0,import
S1007C53_Faecalibacterium_prausnitzii_E,ERR1620325_sub,1e-06,EX_cpd00069_e0,-0.0018332240441165787,0.007400461699614287,cpd00069_e0,import
S1007C53_Faecalibacterium_prausnitzii_E,ERR1620325_sub,1e-06,EX_cpd00047_e0,0.3582765033330538,0.007400461699614287,cpd00047_e0,export
S1007C53_Faecalibacterium_prausnitzii_E,ERR1620325_sub,1e-06,EX_cpd00526_e0,0.054835602827709384,0.007400461699614287,cpd00526_e0,export
S1007C53_Faecalibacterium_prausnitzii_E,ERR1620325_sub,1e-06,EX_cpd00084_e0,-0.001013777546198387,0.007400461699614287,cpd00084_e0,import
S1007C53_Faecalibacterium_prausnitzii_E,ERR1620325_sub,1e-06,EX_cpd00161_e0,-0.003084686952461856,0.007400461699614287,cpd00161_e0,import
S1007C53_Faecalibacterium_prausnitzii_E,ERR1620325_sub,1e-06,EX_cpd00220_e0,-0.0001469783976941507,0.007400461699614287,cpd00220_e0,import
S1007C53_Faecalibacterium_prausnitzii_E,ERR1620325_sub,1e-06,EX_cpd23431_e0,-0.054835602827709384,0.007400461699614287,cpd23431_e0,import
S1007C53_Faecalibacterium_prausnitzii_E,ERR1620325_sub,1e-06,EX_cpd00254_e0,-0.00010377594020940717,0.007400461699614287,cpd00254_e0,import
S1007C53_Faecalibacterium_prausnitzii_E,ERR1620325_sub,1e-06,EX_cpd00644_e0,-0.00014697839769415091,0.007400461699614287,cpd00644_e0,import
S1007C53_Faecalibacterium_prausnitzii_E,ERR1620325_sub,1e-06,EX_cpd00067_e0,0.554415041954157,0.007400461699614287,cpd00067_e0,export
S1007C53_Faecalibacterium_prausnitzii_E,ERR1620325_sub,1e-06,EX_cpd00066_e0,-0.00290880567885658,0.007400461699614287,cpd00066_e0,import
S1007C53_Faecalibacterium_prausnitzii_E,ERR1620325_sub,1e-06,EX_cpd00017_e0,-0.000220467596541226,0.007400461699614287,cpd00017_e0,import
S1007C53_Faecalibacterium_prausnitzii_E,ERR1620325_sub,1e-06,EX_cpd00118_e0,-7.348919884707534e-05,0.007400461699614287,cpd00118_e0,import
S1007C53_Faecalibacterium_prausnitzii_E,ERR1620325_sub,1e-06,EX_cpd00393_e0,-0.00022046759654122637,0.007400461699614287,cpd00393_e0,import
S1007C53_Faecalibacterium_prausnitzii_E,ERR1620325_sub,1e-06,EX_cpd00129_e0,-0.0026585130971875158,0.007400461699614287,cpd00129_e0,import
S1007C53_Faecalibacterium_prausnitzii_E,ERR1620325_sub,1e-06,EX_cpd00030_e0,-0.00010377594020940717,0.007400461699614287,cpd00030_e0,import
S1007C53_Faecalibacterium_prausnitzii_E,ERR1620325_sub,1e-06,EX_cpd00063_e0,-0.00010377594020940717,0.007400461699614287,cpd00063_e0,import
S1007C53_Faecalibacterium_prausnitzii_E,ERR1620325_sub,1e-06,EX_cpd00107_e0,-0.00694080307992362,0.007400461699614287,cpd00107_e0,import
S1007C53_Faecalibacterium_prausnitzii_E,ERR1620325_sub,1e-06,EX_cpd00211_e0,0.11474855389602417,0.007400461699614287,cpd00211_e0,export
S1007C53_Faecalibacterium_prausnitzii_E,ERR1620325_sub,1e-06,EX_cpd00033_e0,-0.011515660909463989,0.007400461699614287,cpd00033_e0,import
S1007C53_Faecalibacterium_prausnitzii_E,ERR1620325_sub,1e-06,EX_cpd00051_e0,-0.003192921582372802,0.007400461699614287,cpd00051_e0,import
S1007C53_Faecalibacterium_prausnitzii_E,ERR1620325_sub,1e-06,EX_cpd00065_e0,-0.0008997003611347076,0.007400461699614287,cpd00065_e0,import
S1007C53_Faecalibacterium_prausnitzii_E,ERR1620325_sub,1e-06,EX_cpd00119_e0,-0.0013529328738867785,0.007400461699614287,cpd00119_e0,import
S101C123_Prevotella_sp900290275,ERR1620325_sub,1e-06,EX_cpd00082_e0,-0.5434928922929216,0.04287668628787826,cpd00082_e0,import
S101C123_Prevotella_sp900290275,ERR1620325_sub,1e-06,EX_cpd00076_e0,-0.0056626666362833864,0.04287668628787826,cpd00076_e0,import
S101C123_Prevotella_sp900290275,ERR1620325_sub,1e-06,EX_cpd00324_e0,0.02946654678934778,0.04287668628787826,cpd00324_e0,export
S101C123_Prevotella_sp900290275,ERR1620325_sub,1e-06,EX_cpd00036_e0,0.5130365766429891,0.04287668628787826,cpd00036_e0,export
S101C123_Prevotella_sp900290275,ERR1620325_sub,1e-06,EX_cpd10515_e0,-0.0009225930756103695,0.04287668628787826,cpd10515_e0,import
S101C123_Prevotella_sp900290275,ERR1620325_sub,1e-06,EX_cpd00003_e0,-0.0006478377787726853,0.04287668628787826,cpd00003_e0,import
S101C123_Prevotella_sp900290275,ERR1620325_sub,1e-06,EX_cpd00311_e0,-0.27433434357835873,0.04287668628787826,cpd00311_e0,import
S101C123_Prevotella_sp900290275,ERR1620325_sub,1e-06,EX_cpd00058_e0,-0.0005986741862241199,0.04287668628787826,cpd00058_e0,import
S101C123_Prevotella_sp900290275,ERR1620325_sub,1e-06,EX_cpd00060_e0,-0.03941430973511491,0.04287668628787826,cpd00060_e0,import
S101C123_Prevotella_sp900290275,ERR1620325_sub,1e-06,EX_cpd01741_e0,-0.0056626666362833864,0.04287668628787826,cpd01741_e0,import
S101C123_Prevotella_sp900290275,ERR1620325_sub,1e-06,EX_cpd03847_e0,-0.0011325333272566773,0.04287668628787826,cpd03847_e0,import
S101C123_Prevotella_sp900290275,ERR1620325_sub,1e-06,EX_cpd00039_e0,-0.026735616875945528,0.04287668628787826,cpd00039_e0,import
S101C123_Prevotella_sp900290275,ERR1620325_sub,1e-06,EX_cpd00367_e0,-0.02568173479732561,0.04287668628787826,cpd00367_e0,import
S101C123_Prevotella_sp900290275,ERR1620325_sub,1e-06,EX_cpd00099_e0,-0.0005986741862241199,0.04287668628787826,cpd00099_e0,import
S101C123_Prevotella_sp900290275,ERR1620325_sub,1e-06,EX_cpd10516_e0,-0.0005986741862241199,0.04287668628787826,cpd10516_e0,import
S101C123_Prevotella_sp900290275,ERR1620325_sub,1e-06,EX_cpd00013_e0,0.34484876986032076,0.04287668628787826,cpd00013_e0,export
S101C123_Prevotella_sp900290275,ERR1620325_sub,1e-06,EX_cpd00277_e0,-0.002025856882110276,0.04287668628787826,cpd00277_e0,import
S101C123_Prevotella_sp900290275,ERR1620325_sub,1e-06,EX_cpd00009_e0,-0.07933275996630992,0.04287668628787826,cpd00009_e0,import
S101C123_Prevotella_sp900290275,ERR1620325_sub,1e-06,EX_cpd00028_e0,-0.00032391888938624957,0.04287668628787826,cpd00028_e0,import
S101C123_Prevotella_sp900290275,ERR1620325_sub,1e-06,EX_cpd00034_e0,-0.0005986741862241199,0.04287668628787826,cpd00034_e0,import
S101C123_Prevotella_sp900290275,ERR1620325_sub,1e-06,EX_cpd00276_e0,-0.004530133309026709,0.04287668628787826,cpd00276_e0,import
S101C123_Prevotella_sp900290275,ERR1620325_sub,1e-06,EX_cpd00149_e0,-0.0005986741862241199,0.04287668628787826,cpd00149_e0,import
S101C123_Prevotella_sp900290275,ERR1620325_sub,1e-06,EX_cpd00363_e0,0.0006478377787724991,0.04287668628787826,cpd00363_e0,export
S101C123_Prevotella_sp900290275,ERR1620325_sub,1e-06,EX_cpd00029_e0,0.6490641562986865,0.04287668628787826,cpd00029_e0,export
S101C123_Prevotella_sp900290275,ERR1620325_sub,1e-06,EX_cpd00048_e0,-0.0005986741862241199,0.04287668628787826,cpd00048_e0,import
S101C123_Prevotella_sp900290275,ERR1620325_sub,1e-06,EX_cpd00205_e0,-0.0005986741862241199,0.04287668628787826,cpd00205_e0,import
S101C123_Prevotella_sp900290275,ERR1620325_sub,1e-06,EX_cpd00010_e0,-0.0006478377787724338,0.04287668628787826,cpd00010_e0,import
S101C123_Prevotella_sp900290275,ERR1620325_sub,1e-06,EX_cpd00204_e0,0.00032391888938624957,0.04287668628787826,cpd00204_e0,export
S101C123_Prevotella_sp900290275,ERR1620325_sub,1e-06,EX_cpd00309_e0,0.25660523201603114,0.04287668628787826,cpd00309_e0,export
S101C123_Prevotella_sp900290275,ERR1620325_sub,1e-06,EX_cpd00011_e0,0.7000132797315052,0.04287668628787826,cpd00011_e0,export
S101C123_Prevotella_sp900290275,ERR1620325_sub,1e-06,EX_cpd00132_e0,-0.018780540688931032,0.04287668628787826,cpd00132_e0,import
S101C123_Prevotella_sp900290275,ERR1620325_sub,1e-06,EX_cpd00182_e0,-0.01390517982982395,0.04287668628787826,cpd00182_e0,import
S101C123_Prevotella_sp900290275,ERR1620325_sub,1e-06,EX_cpd00069_e0,-0.011067372296591386,0.04287668628787826,cpd00069_e0,import
S101C123_Prevotella_sp900290275,ERR1620325_sub,1e-06,EX_cpd00047_e0,0.0009717566681587513,0.04287668628787826,cpd00047_e0,export
S101C123_Prevotella_sp900290275,ERR1620325_sub,1e-06,EX_cpd00106_e0,-0.0739150585139614,0.04287668628787826,cpd00106_e0,import
S101C123_Prevotella_sp900290275,ERR1620325_sub,1e-06,EX_cpd00084_e0,-0.007782803018672067,0.04287668628787826,cpd00084_e0,import
S101C123_Prevotella_sp900290275,ERR1620325_sub,1e-06,EX_cpd00448_e0,0.0025618067433662733,0.04287668628787826,cpd00448_e0,export
S101C123_Prevotella_sp900290275,ERR1620325_sub,1e-06,EX_cpd00161_e0,-0.01976467382546893,0.04287668628787826,cpd00161_e0,import
S101C123_Prevotella_sp900290275,ERR1620325_sub,1e-06,EX_cpd00220_e0,-0.0006478377787724991,0.04287668628787826,cpd00220_e0,import
S101C123_Prevotella_sp900290275,ERR1620325_sub,1e-06,EX_cpd00053_e0,-0.07416132653799419,0.04287668628787826,cpd00053_e0,import
S101C123_Prevotella_sp900290275,ERR1620325_sub,1e-06,EX_cpd00254_e0,-0.0005986741862241199,0.04287668628787826,cpd00254_e0,import
S101C123_Prevotella_sp900290275,ERR1620325_sub,1e-06,EX_cpd00067_e0,1.074949160751744,0.04287668628787826,cpd00067_e0,export
S101C123_Prevotella_sp900290275,ERR1620325_sub,1e-06,EX_cpd00041_e0,-0.02023699290557396,0.04287668628787826,cpd00041_e0,import
S101C123_Prevotella_sp900290275,ERR1620325_sub,1e-06,EX_cpd00017_e0,-0.002349775771496525,0.04287668628787826,cpd00017_e0,import
S101C123_Prevotella_sp900290275,ERR1620325_sub,1e-06,EX_cpd00064_e0,-0.0006478377787724991,0.04287668628787826,cpd00064_e0,import
S101C123_Prevotella_sp900290275,ERR1620325_sub,1e-06,EX_cpd11606_e0,-1.0159883726345937,0.04287668628787826,cpd11606_e0,import
S101C123_Prevotella_sp900290275,ERR1620325_sub,1e-06,EX_cpd00129_e0,-0.017222329889412743,0.04287668628787826,cpd00129_e0,import
S101C123_Prevotella_sp900290275,ERR1620325_sub,1e-06,EX_cpd00030_e0,-0.0005986741862241199,0.04287668628787826,cpd00030_e0,import
S101C123_Prevotella_sp900290275,ERR1620325_sub,1e-06,EX_cpd00063_e0,-0.0005986741862241199,0.04287668628787826,cpd00063_e0,import
S101C123_Prevotella_sp900290275,ERR1620325_sub,1e-06,EX_cpd11451_e0,1.0159883726345937,0.04287668628787826,cpd11451_e0,export
S101C123_Prevotella_sp900290275,ERR1620325_sub,1e-06,EX_cpd00033_e0,-0.06937197050701215,0.04287668628787826,cpd00033_e0,import
S101C123_Prevotella_sp900290275,ERR1620325_sub,1e-06,EX_cpd00051_e0,-0.023045117613928478,0.04287668628787826,cpd00051_e0,import
S101C123_Prevotella_sp900290275,ERR1620325_sub,1e-06,EX_cpd00035_e0,-0.04406685197974921,0.04287668628787826,cpd00035_e0,import
S101C123_Prevotella_sp900290275,ERR1620325_sub,1e-06,EX_cpd00065_e0,-0.0044285991144204125,0.04287668628787826,cpd00065_e0,import
S101C123_Prevotella_sp900290275,ERR1620325_sub,1e-06,EX_cpd00119_e0,-0.030076612122910913,0.04287668628787826,cpd00119_e0,import
S1042C89_CAG_83_sp000435555,ERR1620325_sub,1e-06,EX_cpd10515_e0,-0.00038950913515478777,0.016331745834418085,cpd10515_e0,import
S1042C89_CAG_83_sp000435555,ERR1620325_sub,1e-06,EX_cpd00311_e0,-0.0029080706154700846,0.016331745834418085,cpd00311_e0,import
S1042C89_CAG_83_sp000435555,ERR1620325_sub,1e-06,EX_cpd00305_e0,-0.00016147965944404762,0.016331745834418085,cpd00305_e0,import
S1042C89_CAG_83_sp000435555,ERR1620325_sub,1e-06,EX_cpd00058_e0,-0.00022802947571074015,0.016331745834418085,cpd00058_e0,import
S1042C89_CAG_83_sp000435555,ERR1620325_sub,1e-06,EX_cpd00060_e0,-0.004117374162018172,0.016331745834418085,cpd00060_e0,import
S1042C89_CAG_83_sp000435555,ERR1620325_sub,1e-06,EX_cpd00039_e0,-0.011742691653409191,0.016331745834418085,cpd00039_e0,import
S1042C89_CAG_83_sp000435555,ERR1620325_sub,1e-06,EX_cpd00264_e0,-0.00016147965944404762,0.016331745834418085,cpd00264_e0,import
S1042C89_CAG_83_sp000435555,ERR1620325_sub,1e-06,EX_cpd00130_e0,-5.915588751949255e-05,0.016331745834418085,cpd00130_e0,import
S1042C89_CAG_83_sp000435555,ERR1620325_sub,1e-06,EX_cpd00367_e0,-0.003928938656476251,0.016331745834418085,cpd00367_e0,import
S1042C89_CAG_83_sp000435555,ERR1620325_sub,1e-06,EX_cpd00099_e0,-0.00022802947571074015,0.016331745834418085,cpd00099_e0,import
S1042C89_CAG_83_sp000435555,ERR1620325_sub,1e-06,EX_cpd10516_e0,-0.00022802947571074015,0.016331745834418085,cpd10516_e0,import
S1042C89_CAG_83_sp000435555,ERR1620325_sub,1e-06,EX_cpd00009_e0,-0.16332136469737324,0.016331745834418085,cpd00009_e0,import
S1042C89_CAG_83_sp000435555,ERR1620325_sub,1e-06,EX_cpd00322_e0,-0.009810349988924124,0.016331745834418085,cpd00322_e0,import
S1042C89_CAG_83_sp000435555,ERR1620325_sub,1e-06,EX_cpd00028_e0,-0.00016147965944404762,0.016331745834418085,cpd00028_e0,import
S1042C89_CAG_83_sp000435555,ERR1620325_sub,1e-06,EX_cpd01080_e0,-0.002646387336201224,0.016331745834418085,cpd01080_e0,import
S1042C89_CAG_83_sp000435555,ERR1620325_sub,1e-06,EX_cpd00034_e0,-0.00022802947571074015,0.016331745834418085,cpd00034_e0,import
S1042C89_CAG_83_sp000435555,ERR1620325_sub,1e-06,EX_cpd00149_e0,-0.00022802947571074015,0.016331745834418085,cpd00149_e0,import
S1042C89_CAG_83_sp000435555,ERR1620325_sub,1e-06,EX_cpd11640_e0,0.2860537119361344,0.016331745834418085,cpd11640_e0,export
S1042C89_CAG_83_sp000435555,ERR1620325_sub,1e-06,EX_cpd00023_e0,-0.00431231969190447,0.016331745834418085,cpd00023_e0,import
S1042C89_CAG_83_sp000435555,ERR1620325_sub,1e-06,EX_cpd00029_e0,0.3577900323987583,0.016331745834418085,cpd00029_e0,export
S1042C89_CAG_83_sp000435555,ERR1620325_sub,1e-06,EX_cpd00048_e0,-0.00022802947571065602,0.016331745834418085,cpd00048_e0,import
S1042C89_CAG_83_sp000435555,ERR1620325_sub,1e-06,EX_cpd00205_e0,-0.00022802947571074015,0.016331745834418085,cpd00205_e0,import
S1042C89_CAG_83_sp000435555,ERR1620325_sub,1e-06,EX_cpd00010_e0,-0.00032295931888814966,0.016331745834418085,cpd00010_e0,import
S1042C89_CAG_83_sp000435555,ERR1620325_sub,1e-06,EX_cpd00309_e0,0.0006459186377762256,0.016331745834418085,cpd00309_e0,export
S1042C89_CAG_83_sp000435555,ERR1620325_sub,1e-06,EX_cpd00179_e0,-0.016250784782270634,0.016331745834418085,cpd00179_e0,import
S1042C89_CAG_83_sp000435555,ERR1620325_sub,1e-06,EX_cpd00011_e0,1.290841164300789,0.016331745834418085,cpd00011_e0,export
S1042C89_CAG_83_sp000435555,ERR1620325_sub,1e-06,EX_cpd00132_e0,-0.005380828327258384,0.016331745834418085,cpd00132_e0,import
S1042C89_CAG_83_sp000435555,ERR1620325_sub,1e-06,EX_cpd00239_e0,-0.0019046395048899758,0.016331745834418085,cpd00239_e0,import
S1042C89_CAG_83_sp000435555,ERR1620325_sub,1e-06,EX_cpd00182_e0,-0.0022619881177050874,0.016331745834418085,cpd00182_e0,import
S1042C89_CAG_83_sp000435555,ERR1620325_sub,1e-06,EX_cpd00069_e0,-0.0040281891621188354,0.016331745834418085,cpd00069_e0,import
S1042C89_CAG_83_sp000435555,ERR1620325_sub,1e-06,EX_cpd00047_e0,-0.002630145828541906,0.016331745834418085,cpd00047_e0,import
S1042C89_CAG_83_sp000435555,ERR1620325_sub,1e-06,EX_cpd00054_e0,-0.02111961680462418,0.016331745834418085,cpd00054_e0,import
S1042C89_CAG_83_sp000435555,ERR1620325_sub,1e-06,EX_cpd01217_e0,-0.0006459186377762256,0.016331745834418085,cpd01217_e0,import
S1042C89_CAG_83_sp000435555,ERR1620325_sub,1e-06,EX_cpd00161_e0,-0.009101488009660715,0.016331745834418085,cpd00161_e0,import
S1042C89_CAG_83_sp000435555,ERR1620325_sub,1e-06,EX_cpd00220_e0,-0.00032295931888809523,0.016331745834418085,cpd00220_e0,import
S1042C89_CAG_83_sp000435555,ERR1620325_sub,1e-06,EX_cpd00053_e0,-0.016137101442565006,0.016331745834418085,cpd00053_e0,import
S1042C89_CAG_83_sp000435555,ERR1620325_sub,1e-06,EX_cpd00254_e0,-0.00022802947571074015,0.016331745834418085,cpd00254_e0,import
S1042C89_CAG_83_sp000435555,ERR1620325_sub,1e-06,EX_cpd00067_e0,-0.6025482127452376,0.016331745834418085,cpd00067_e0,import
S1042C89_CAG_83_sp000435555,ERR1620325_sub,1e-06,EX_cpd00041_e0,-0.005762943533665999,0.016331745834418085,cpd00041_e0,import
S1042C89_CAG_83_sp000435555,ERR1620325_sub,1e-06,EX_cpd00066_e0,-0.006391591659450586,0.016331745834418085,cpd00066_e0,import
S1042C89_CAG_83_sp000435555,ERR1620325_sub,1e-06,EX_cpd00017_e0,-0.00048443897833214285,0.016331745834418085,cpd00017_e0,import
S1042C89_CAG_83_sp000435555,ERR1620325_sub,1e-06,EX_cpd00064_e0,-0.00016147965944404762,0.016331745834418085,cpd00064_e0,import
S1042C89_CAG_83_sp000435555,ERR1620325_sub,1e-06,EX_cpd00020_e0,-1.2889792202384318,0.016331745834418085,cpd00020_e0,import
S1042C89_CAG_83_sp000435555,ERR1620325_sub,1e-06,EX_cpd00393_e0,-0.0004844389783321429,0.016331745834418085,cpd00393_e0,import
S1042C89_CAG_83_sp000435555,ERR1620325_sub,1e-06,EX_cpd00129_e0,-0.0058416174934048165,0.016331745834418085,cpd00129_e0,import
S1042C89_CAG_83_sp000435555,ERR1620325_sub,1e-06,EX_cpd00030_e0,-0.00022802947571074015,0.016331745834418085,cpd00030_e0,import
S1042C89_CAG_83_sp000435555,ERR1620325_sub,1e-06,EX_cpd00063_e0,-0.00022802947571074015,0.016331745834418085,cpd00063_e0,import
S1042C89_CAG_83_sp000435555,ERR1620325_sub,1e-06,EX_cpd00107_e0,-0.015251200655303752,0.016331745834418085,cpd00107_e0,import
S1042C89_CAG_83_sp000435555,ERR1620325_sub,1e-06,EX_cpd00211_e0,0.44110439559312153,0.016331745834418085,cpd00211_e0,export
S1042C89_CAG_83_sp000435555,ERR1620325_sub,1e-06,EX_cpd00156_e0,-0.011162989154063673,0.016331745834418085,cpd00156_e0,import
S1042C89_CAG_83_sp000435555,ERR1620325_sub,1e-06,EX_cpd00033_e0,-0.014241500227416694,0.016331745834418085,cpd00033_e0,import
S1042C89_CAG_83_sp000435555,ERR1620325_sub,1e-06,EX_cpd00051_e0,-0.007015886658745754,0.016331745834418085,cpd00051_e0,import
S1042C89_CAG_83_sp000435555,ERR1620325_sub,1e-06,EX_cpd00065_e0,-0.001976934164434711,0.016331745834418085,cpd00065_e0,import
S1042C89_CAG_83_sp000435555,ERR1620325_sub,1e-06,EX_cpd00119_e0,-0.0029728333299770104,0.016331745834418085,cpd00119_e0,import
S1042C89_CAG_83_sp000435555,ERR1620325_sub,1e-06,EX_cpd00012_e0,0.06117469685923105,0.016331745834418085,cpd00012_e0,export
S120C269_Prevotella_pectinovora,ERR1620325_sub,1e-06,EX_cpd00324_e0,0.0017116234241919598,0.0025470967612457756,cpd00324_e0,export
S120C269_Prevotella_pectinovora,ERR1620325_sub,1e-06,EX_cpd00036_e0,0.002140549893822562,0.0025470967612457756,cpd00036_e0,export
S120C269_Prevotella_pectinovora,ERR1620325_sub,1e-06,EX_cpd10515_e0,-7.403381869190713e-05,0.0025470967612457756,cpd10515_e0,import
S120C269_Prevotella_pectinovora,ERR1620325_sub,1e-06,EX_cpd00003_e0,-3.847689071764457e-05,0.0025470967612457756,cpd00003_e0,import
S120C269_Prevotella_pectinovora,ERR1620325_sub,1e-06,EX_cpd00311_e0,-0.02334413114779995,0.0025470967612457756,cpd00311_e0,import
S120C269_Prevotella_pectinovora,ERR1620325_sub,1e-06,EX_cpd00058_e0,-3.555692797426277e-05,0.0025470967612457756,cpd00058_e0,import
S120C269_Prevotella_pectinovora,ERR1620325_sub,1e-06,EX_cpd00060_e0,-0.002499723848672351,0.0025470967612457756,cpd00060_e0,import
S120C269_Prevotella_pectinovora,ERR1620325_sub,1e-06,EX_cpd01741_e0,-0.00033632154911922806,0.0025470967612457756,cpd01741_e0,import
S120C269_Prevotella_pectinovora,ERR1620325_sub,1e-06,EX_cpd00001_e0,0.015836701110561485,0.0025470967612457756,cpd00001_e0,export
S120C269_Prevotella_pectinovora,ERR1620325_sub,1e-06,EX_cpd03847_e0,-6.726430982384571e-05,0.0025470967612457756,cpd03847_e0,import
S120C269_Prevotella_pectinovora,ERR1620325_sub,1e-06,EX_cpd00039_e0,-0.0015879027783061936,0.0025470967612457756,cpd00039_e0,import
S120C269_Prevotella_pectinovora,ERR1620325_sub,1e-06,EX_cpd00367_e0,-0.001404988500513665,0.0025470967612457756,cpd00367_e0,import
S120C269_Prevotella_pectinovora,ERR1620325_sub,1e-06,EX_cpd00099_e0,-3.555692797426277e-05,0.0025470967612457756,cpd00099_e0,import
S120C269_Prevotella_pectinovora,ERR1620325_sub,1e-06,EX_cpd10516_e0,-3.555692797426277e-05,0.0025470967612457756,cpd10516_e0,import
S120C269_Prevotella_pectinovora,ERR1620325_sub,1e-06,EX_cpd00013_e0,0.03211788093047848,0.0025470967612457756,cpd00013_e0,export
S120C269_Prevotella_pectinovora,ERR1620325_sub,1e-06,EX_cpd00277_e0,-0.0072913942148468,0.0025470967612457756,cpd00277_e0,import
S120C269_Prevotella_pectinovora,ERR1620325_sub,1e-06,EX_cpd01080_e0,-0.0004057409075092687,0.0025470967612457756,cpd01080_e0,import
S120C269_Prevotella_pectinovora,ERR1620325_sub,1e-06,EX_cpd00034_e0,-3.555692797426277e-05,0.0025470967612457756,cpd00034_e0,import
S120C269_Prevotella_pectinovora,ERR1620325_sub,1e-06,EX_cpd00276_e0,-0.00026905723929538246,0.0025470967612457756,cpd00276_e0,import
S120C269_Prevotella_pectinovora,ERR1620325_sub,1e-06,EX_cpd00149_e0,-3.555692797426277e-05,0.0025470967612457756,cpd00149_e0,import
S120C269_Prevotella_pectinovora,ERR1620325_sub,1e-06,EX_cpd00023_e0,-0.003675630847840382,0.0025470967612457756,cpd00023_e0,import
S120C269_Prevotella_pectinovora,ERR1620325_sub,1e-06,EX_cpd00071_e0,0.007310632660205622,0.0025470967612457756,cpd00071_e0,export
S120C269_Prevotella_pectinovora,ERR1620325_sub,1e-06,EX_cpd00029_e0,0.03524454795400424,0.0025470967612457756,cpd00029_e0,export
S120C269_Prevotella_pectinovora,ERR1620325_sub,1e-06,EX_cpd00048_e0,-3.555692797426277e-05,0.0025470967612457756,cpd00048_e0,import
S120C269_Prevotella_pectinovora,ERR1620325_sub,1e-06,EX_cpd00205_e0,-3.555692797426277e-05,0.0025470967612457756,cpd00205_e0,import
S120C269_Prevotella_pectinovora,ERR1620325_sub,1e-06,EX_cpd00010_e0,-3.847689071764804e-05,0.0025470967612457756,cpd00010_e0,import
S120C269_Prevotella_pectinovora,ERR1620325_sub,1e-06,EX_cpd00309_e0,0.02946222274450154,0.0025470967612457756,cpd00309_e0,export
S120C269_Prevotella_pectinovora,ERR1620325_sub,1e-06,EX_cpd00011_e0,0.04242073276037064,0.0025470967612457756,cpd00011_e0,export
S120C269_Prevotella_pectinovora,ERR1620325_sub,1e-06,EX_cpd00132_e0,-0.0011154286387488274,0.0025470967612457756,cpd00132_e0,import
S120C269_Prevotella_pectinovora,ERR1620325_sub,1e-06,EX_cpd00239_e0,3.847689071764436e-05,0.0025470967612457756,cpd00239_e0,export
S120C269_Prevotella_pectinovora,ERR1620325_sub,1e-06,EX_cpd00182_e0,-0.0009654271034906707,0.0025470967612457756,cpd00182_e0,import
S120C269_Prevotella_pectinovora,ERR1620325_sub,1e-06,EX_cpd00069_e0,-0.0006573220771321716,0.0025470967612457756,cpd00069_e0,import
S120C269_Prevotella_pectinovora,ERR1620325_sub,1e-06,EX_cpd00047_e0,9.61922267941109e-05,0.0025470967612457756,cpd00047_e0,export
S120C269_Prevotella_pectinovora,ERR1620325_sub,1e-06,EX_cpd00054_e0,-0.0011699191063888157,0.0025470967612457756,cpd00054_e0,import
S120C269_Prevotella_pectinovora,ERR1620325_sub,1e-06,EX_cpd00007_e0,-0.03524798474221414,0.0025470967612457756,cpd00007_e0,import
S120C269_Prevotella_pectinovora,ERR1620325_sub,1e-06,EX_cpd00084_e0,-0.00046224235609383673,0.0025470967612457756,cpd00084_e0,import
S120C269_Prevotella_pectinovora,ERR1620325_sub,1e-06,EX_cpd00161_e0,-0.003970246994392777,0.0025470967612457756,cpd00161_e0,import
S120C269_Prevotella_pectinovora,ERR1620325_sub,1e-06,EX_cpd00220_e0,-3.847689071764436e-05,0.0025470967612457756,cpd00220_e0,import
S120C269_Prevotella_pectinovora,ERR1620325_sub,1e-06,EX_cpd00053_e0,-0.001313909081323398,0.0025470967612457756,cpd00053_e0,import
S120C269_Prevotella_pectinovora,ERR1620325_sub,1e-06,EX_cpd00254_e0,-3.555692797426277e-05,0.0025470967612457756,cpd00254_e0,import
S120C269_Prevotella_pectinovora,ERR1620325_sub,1e-06,EX_cpd00066_e0,-0.0008572726655886186,0.0025470967612457756,cpd00066_e0,import
S120C269_Prevotella_pectinovora,ERR1620325_sub,1e-06,EX_cpd01981_e0,1.923844535882218e-05,0.0025470967612457756,cpd01981_e0,export
S120C269_Prevotella_pectinovora,ERR1620325_sub,1e-06,EX_cpd11606_e0,-5.771533607646654e-05,0.0025470967612457756,cpd11606_e0,import
S120C269_Prevotella_pectinovora,ERR1620325_sub,1e-06,EX_cpd00129_e0,-0.001022882157804602,0.0025470967612457756,cpd00129_e0,import
S120C269_Prevotella_pectinovora,ERR1620325_sub,1e-06,EX_cpd00030_e0,-3.555692797426277e-05,0.0025470967612457756,cpd00030_e0,import
S120C269_Prevotella_pectinovora,ERR1620325_sub,1e-06,EX_cpd00063_e0,-3.555692797426277e-05,0.0025470967612457756,cpd00063_e0,import
S120C269_Prevotella_pectinovora,ERR1620325_sub,1e-06,EX_cpd11451_e0,5.771533607646654e-05,0.0025470967612457756,cpd11451_e0,export
S120C269_Prevotella_pectinovora,ERR1620325_sub,1e-06,EX_cpd00080_e0,-0.0010650698822118304,0.0025470967612457756,cpd00080_e0,import
S120C269_Prevotella_pectinovora,ERR1620325_sub,1e-06,EX_cpd00107_e0,-0.002490472162463408,0.0025470967612457756,cpd00107_e0,import
S120C269_Prevotella_pectinovora,ERR1620325_sub,1e-06,EX_cpd00184_e0,-0.00012032128476705899,0.0025470967612457756,cpd00184_e0,import
S120C269_Prevotella_pectinovora,ERR1620325_sub,1e-06,EX_cpd00156_e0,-0.0019580887020830954,0.0025470967612457756,cpd00156_e0,import
S120C269_Prevotella_pectinovora,ERR1620325_sub,1e-06,EX_cpd00051_e0,-0.001407190635208564,0.0025470967612457756,cpd00051_e0,import
S120C269_Prevotella_pectinovora,ERR1620325_sub,1e-06,EX_cpd00035_e0,-0.002617253120230347,0.0025470967612457756,cpd00035_e0,import
S120C269_Prevotella_pectinovora,ERR1620325_sub,1e-06,EX_cpd00065_e0,-0.00026302684057832583,0.0025470967612457756,cpd00065_e0,import
S120C269_Prevotella_pectinovora,ERR1620325_sub,1e-06,EX_cpd00119_e0,-0.0004768549583481888,0.0025470967612457756,cpd00119_e0,import
S120C269_Prevotella_pectinovora,ERR1620325_sub,1e-06,EX_cpd00012_e0,-0.0018233618864428869,0.0025470967612457756,cpd00012_e0,import
S120C566_Prevotella_sp900548535,ERR1620325_sub,1e-06,EX_cpd00324_e0,0.002287350208492954,0.0034036549082482126,cpd00324_e0,export
S120C566_Prevotella_sp900548535,ERR1620325_sub,1e-06,EX_cpd10515_e0,-7.322650931647018e-05,0.0034036549082482126,cpd10515_e0,import
S120C566_Prevotella_sp900548535,ERR1620325_sub,1e-06,EX_cpd00311_e0,-0.03497895477588803,0.0034036549082482126,cpd00311_e0,import
S120C566_Prevotella_sp900548535,ERR1620325_sub,1e-06,EX_cpd00058_e0,-4.75169628235805e-05,0.0034036549082482126,cpd00058_e0,import
S120C566_Prevotella_sp900548535,ERR1620325_sub,1e-06,EX_cpd00060_e0,-0.003211990721041936,0.0034036549082482126,cpd00060_e0,import
S120C566_Prevotella_sp900548535,ERR1620325_sub,1e-06,EX_cpd01741_e0,-0.00044944767325891884,0.0034036549082482126,cpd01741_e0,import
S120C566_Prevotella_sp900548535,ERR1620325_sub,1e-06,EX_cpd03847_e0,-8.988953465178376e-05,0.0034036549082482126,cpd03847_e0,import
S120C566_Prevotella_sp900548535,ERR1620325_sub,1e-06,EX_cpd00039_e0,-0.002122014515394872,0.0034036549082482126,cpd00039_e0,import
S120C566_Prevotella_sp900548535,ERR1620325_sub,1e-06,EX_cpd00264_e0,-2.570954649288968e-05,0.0034036549082482126,cpd00264_e0,import
S120C566_Prevotella_sp900548535,ERR1620325_sub,1e-06,EX_cpd00367_e0,-0.001877574642972237,0.0034036549082482126,cpd00367_e0,import
S120C566_Prevotella_sp900548535,ERR1620325_sub,1e-06,EX_cpd00099_e0,-4.75169628235805e-05,0.0034036549082482126,cpd00099_e0,import
S120C566_Prevotella_sp900548535,ERR1620325_sub,1e-06,EX_cpd10516_e0,-4.75169628235805e-05,0.0034036549082482126,cpd10516_e0,import
S120C566_Prevotella_sp900548535,ERR1620325_sub,1e-06,EX_cpd00013_e0,0.05045584534193122,0.0034036549082482126,cpd00013_e0,export
S120C566_Prevotella_sp900548535,ERR1620325_sub,1e-06,EX_cpd00277_e0,-0.02116450352322116,0.0034036549082482126,cpd00277_e0,import
S120C566_Prevotella_sp900548535,ERR1620325_sub,1e-06,EX_cpd00009_e0,-0.0063995048750544025,0.0034036549082482126,cpd00009_e0,import
S120C566_Prevotella_sp900548535,ERR1620325_sub,1e-06,EX_cpd00028_e0,-2.570954649288968e-05,0.0034036549082482126,cpd00028_e0,import
S120C566_Prevotella_sp900548535,ERR1620325_sub,1e-06,EX_cpd00034_e0,-4.75169628235805e-05,0.0034036549082482126,cpd00034_e0,import
S120C566_Prevotella_sp900548535,ERR1620325_sub,1e-06,EX_cpd00149_e0,-4.75169628235805e-05,0.0034036549082482126,cpd00149_e0,import
S120C566_Prevotella_sp900548535,ERR1620325_sub,1e-06,EX_cpd00023_e0,-0.0016657821866007177,0.0034036549082482126,cpd00023_e0,import
S120C566_Prevotella_sp900548535,ERR1620325_sub,1e-06,EX_cpd00071_e0,0.02119021306971405,0.0034036549082482126,cpd00071_e0,export
S120C566_Prevotella_sp900548535,ERR1620325_sub,1e-06,EX_cpd00029_e0,0.04293275288027233,0.0034036549082482126,cpd00029_e0,export
S120C566_Prevotella_sp900548535,ERR1620325_sub,1e-06,EX_cpd00048_e0,-4.7516962823580464e-05,0.0034036549082482126,cpd00048_e0,import
S120C566_Prevotella_sp900548535,ERR1620325_sub,1e-06,EX_cpd00205_e0,-4.75169628235805e-05,0.0034036549082482126,cpd00205_e0,import
S120C566_Prevotella_sp900548535,ERR1620325_sub,1e-06,EX_cpd00010_e0,-5.1419092985768855e-05,0.0034036549082482126,cpd00010_e0,import
S120C566_Prevotella_sp900548535,ERR1620325_sub,1e-06,EX_cpd00309_e0,0.0545755000962079,0.0034036549082482126,cpd00309_e0,export
S120C566_Prevotella_sp900548535,ERR1620325_sub,1e-06,EX_cpd00011_e0,0.05200229324182553,0.0034036549082482126,cpd00011_e0,export
S120C566_Prevotella_sp900548535,ERR1620325_sub,1e-06,EX_cpd00132_e0,-0.0014906175583601993,0.0034036549082482126,cpd00132_e0,import
S120C566_Prevotella_sp900548535,ERR1620325_sub,1e-06,EX_cpd00239_e0,5.141909298577936e-05,0.0034036549082482126,cpd00239_e0,export
S120C566_Prevotella_sp900548535,ERR1620325_sub,1e-06,EX_cpd00182_e0,-0.0012387419641969883,0.0034036549082482126,cpd00182_e0,import
S120C566_Prevotella_sp900548535,ERR1620325_sub,1e-06,EX_cpd00069_e0,-0.0008784209008386842,0.0034036549082482126,cpd00069_e0,import
S120C566_Prevotella_sp900548535,ERR1620325_sub,1e-06,EX_cpd00047_e0,0.017073116069184203,0.0034036549082482126,cpd00047_e0,export
S120C566_Prevotella_sp900548535,ERR1620325_sub,1e-06,EX_cpd00054_e0,-0.0015891461494837997,0.0034036549082482126,cpd00054_e0,import
S120C566_Prevotella_sp900548535,ERR1620325_sub,1e-06,EX_cpd00007_e0,-0.03794910720580125,0.0034036549082482126,cpd00007_e0,import
S120C566_Prevotella_sp900548535,ERR1620325_sub,1e-06,EX_cpd00106_e0,-0.00020567637194311743,0.0034036549082482126,cpd00106_e0,import
S120C566_Prevotella_sp900548535,ERR1620325_sub,1e-06,EX_cpd00084_e0,-0.0006177235802230605,0.0034036549082482126,cpd00084_e0,import
S120C566_Prevotella_sp900548535,ERR1620325_sub,1e-06,EX_cpd00161_e0,-0.0015687285221170676,0.0034036549082482126,cpd00161_e0,import
S120C566_Prevotella_sp900548535,ERR1620325_sub,1e-06,EX_cpd00220_e0,-5.141909298577936e-05,0.0034036549082482126,cpd00220_e0,import
S120C566_Prevotella_sp900548535,ERR1620325_sub,1e-06,EX_cpd00053_e0,-0.001781569023892052,0.0034036549082482126,cpd00053_e0,import
S120C566_Prevotella_sp900548535,ERR1620325_sub,1e-06,EX_cpd00254_e0,-4.75169628235805e-05,0.0034036549082482126,cpd00254_e0,import
S120C566_Prevotella_sp900548535,ERR1620325_sub,1e-06,EX_cpd00208_e0,-0.00044944767325891884,0.0034036549082482126,cpd00208_e0,import
S120C566_Prevotella_sp900548535,ERR1620325_sub,1e-06,EX_cpd00017_e0,-0.00010283818597155872,0.0034036549082482126,cpd00017_e0,import
S120C566_Prevotella_sp900548535,ERR1620325_sub,1e-06,EX_cpd00229_e0,7.712863947866903e-05,0.0034036549082482126,cpd00229_e0,export
S120C566_Prevotella_sp900548535,ERR1620325_sub,1e-06,EX_cpd00129_e0,-0.0013669418657451613,0.0034036549082482126,cpd00129_e0,import
S120C566_Prevotella_sp900548535,ERR1620325_sub,1e-06,EX_cpd00030_e0,-4.75169628235805e-05,0.0034036549082482126,cpd00030_e0,import
S120C566_Prevotella_sp900548535,ERR1620325_sub,1e-06,EX_cpd00063_e0,-4.75169628235805e-05,0.0034036549082482126,cpd00063_e0,import
S120C566_Prevotella_sp900548535,ERR1620325_sub,1e-06,EX_cpd00122_e0,-0.00035955813860713505,0.0034036549082482126,cpd00122_e0,import
S120C566_Prevotella_sp900548535,ERR1620325_sub,1e-06,EX_cpd00184_e0,-0.00016079291268638699,0.0034036549082482126,cpd00184_e0,import
S120C566_Prevotella_sp900548535,ERR1620325_sub,1e-06,EX_cpd00156_e0,-0.0026167172858550234,0.0034036549082482126,cpd00156_e0,import
S120C566_Prevotella_sp900548535,ERR1620325_sub,1e-06,EX_cpd00033_e0,-0.003994058114151141,0.0034036549082482126,cpd00033_e0,import
S120C566_Prevotella_sp900548535,ERR1620325_sub,1e-06,EX_cpd00051_e0,-0.00185480794779951,0.0034036549082482126,cpd00051_e0,import
S120C566_Prevotella_sp900548535,ERR1620325_sub,1e-06,EX_cpd00035_e0,-0.0034204715835750212,0.0034036549082482126,cpd00035_e0,import
S120C566_Prevotella_sp900548535,ERR1620325_sub,1e-06,EX_cpd00065_e0,-0.00035149933690589805,0.0034036549082482126,cpd00065_e0,import
S120C566_Prevotella_sp900548535,ERR1620325_sub,1e-06,EX_cpd00119_e0,-0.0005858322281764987,0.0034036549082482126,cpd00119_e0,import
S137C468_Prevotella_sp900543975,ERR1620325_sub,1e-06,EX_cpd00082_e0,-0.20643311293413283,0.019557845409232995,cpd00082_e0,import
S137C468_Prevotella_sp900543975,ERR1620325_sub,1e-06,EX_cpd00324_e0,0.013144921649775852,0.019557845409232995,cpd00324_e0,export
S137C468_Prevotella_sp900543975,ERR1620325_sub,1e-06,EX_cpd00036_e0,0.4261817128968466,0.019557845409232995,cpd00036_e0,export
S137C468_Prevotella_sp900543975,ERR1620325_sub,1e-06,EX_cpd10515_e0,-0.0004208173825230606,0.019557845409232995,cpd10515_e0,import
S137C468_Prevotella_sp900543975,ERR1620325_sub,1e-06,EX_cpd00305_e0,-0.00014774736856887623,0.019557845409232995,cpd00305_e0,import
S137C468_Prevotella_sp900543975,ERR1620325_sub,1e-06,EX_cpd00058_e0,-0.0002730700139541844,0.019557845409232995,cpd00058_e0,import
S137C468_Prevotella_sp900543975,ERR1620325_sub,1e-06,EX_cpd00060_e0,-0.019049626114670554,0.019557845409232995,cpd00060_e0,import
S137C468_Prevotella_sp900543975,ERR1620325_sub,1e-06,EX_cpd01741_e0,-0.002582881462019349,0.019557845409232995,cpd01741_e0,import
S137C468_Prevotella_sp900543975,ERR1620325_sub,1e-06,EX_cpd03847_e0,-0.0005165762924038698,0.019557845409232995,cpd03847_e0,import
S137C468_Prevotella_sp900543975,ERR1620325_sub,1e-06,EX_cpd00039_e0,-0.01219477211709122,0.019557845409232995,cpd00039_e0,import
S137C468_Prevotella_sp900543975,ERR1620325_sub,1e-06,EX_cpd00130_e0,-0.06956433890368902,0.019557845409232995,cpd00130_e0,import
S137C468_Prevotella_sp900543975,ERR1620325_sub,1e-06,EX_cpd00367_e0,-0.010790027465770962,0.019557845409232995,cpd00367_e0,import
S137C468_Prevotella_sp900543975,ERR1620325_sub,1e-06,EX_cpd00099_e0,-0.0002730700139541844,0.019557845409232995,cpd00099_e0,import
S137C468_Prevotella_sp900543975,ERR1620325_sub,1e-06,EX_cpd10516_e0,-0.0002730700139541844,0.019557845409232995,cpd10516_e0,import
S137C468_Prevotella_sp900543975,ERR1620325_sub,1e-06,EX_cpd00013_e0,0.28433676518233364,0.019557845409232995,cpd00013_e0,export
S137C468_Prevotella_sp900543975,ERR1620325_sub,1e-06,EX_cpd00277_e0,-0.33397856623368005,0.019557845409232995,cpd00277_e0,import
S137C468_Prevotella_sp900543975,ERR1620325_sub,1e-06,EX_cpd00028_e0,-0.00014774736856887623,0.019557845409232995,cpd00028_e0,import
S137C468_Prevotella_sp900543975,ERR1620325_sub,1e-06,EX_cpd00034_e0,-0.0002730700139541844,0.019557845409232995,cpd00034_e0,import
S137C468_Prevotella_sp900543975,ERR1620325_sub,1e-06,EX_cpd00149_e0,-0.0002730700139541844,0.019557845409232995,cpd00149_e0,import
S137C468_Prevotella_sp900543975,ERR1620325_sub,1e-06,EX_cpd00023_e0,-0.009868395400602636,0.019557845409232995,cpd00023_e0,import
S137C468_Prevotella_sp900543975,ERR1620325_sub,1e-06,EX_cpd00071_e0,0.33397856623368005,0.019557845409232995,cpd00071_e0,export
S137C468_Prevotella_sp900543975,ERR1620325_sub,1e-06,EX_cpd00029_e0,0.19060670952073147,0.019557845409232995,cpd00029_e0,export
S137C468_Prevotella_sp900543975,ERR1620325_sub,1e-06,EX_cpd00048_e0,-0.0002730700139541844,0.019557845409232995,cpd00048_e0,import
S137C468_Prevotella_sp900543975,ERR1620325_sub,1e-06,EX_cpd00205_e0,-0.0002730700139541844,0.019557845409232995,cpd00205_e0,import
S137C468_Prevotella_sp900543975,ERR1620325_sub,1e-06,EX_cpd00010_e0,-0.000295494737137747,0.019557845409232995,cpd00010_e0,import
S137C468_Prevotella_sp900543975,ERR1620325_sub,1e-06,EX_cpd00309_e0,0.3543057404401553,0.019557845409232995,cpd00309_e0,export
S137C468_Prevotella_sp900543975,ERR1620325_sub,1e-06,EX_cpd00132_e0,-0.008566266303110076,0.019557845409232995,cpd00132_e0,import
S137C468_Prevotella_sp900543975,ERR1620325_sub,1e-06,EX_cpd00239_e0,0.009132489440159064,0.019557845409232995,cpd00239_e0,export
S137C468_Prevotella_sp900543975,ERR1620325_sub,1e-06,EX_cpd00182_e0,-0.007709779593601302,0.019557845409232995,cpd00182_e0,import
S137C468_Prevotella_sp900543975,ERR1620325_sub,1e-06,EX_cpd00069_e0,-0.004900353212696179,0.019557845409232995,cpd00069_e0,import
S137C468_Prevotella_sp900543975,ERR1620325_sub,1e-06,EX_cpd01217_e0,-0.029337900963896553,0.019557845409232995,cpd01217_e0,import
S137C468_Prevotella_sp900543975,ERR1620325_sub,1e-06,EX_cpd00084_e0,-0.012239175121243364,0.019557845409232995,cpd00084_e0,import
S137C468_Prevotella_sp900543975,ERR1620325_sub,1e-06,EX_cpd00161_e0,-0.00901515362030363,0.019557845409232995,cpd00161_e0,import
S137C468_Prevotella_sp900543975,ERR1620325_sub,1e-06,EX_cpd00220_e0,-0.00029549473713775246,0.019557845409232995,cpd00220_e0,import
S137C468_Prevotella_sp900543975,ERR1620325_sub,1e-06,EX_cpd00053_e0,-0.009942808582474273,0.019557845409232995,cpd00053_e0,import
S137C468_Prevotella_sp900543975,ERR1620325_sub,1e-06,EX_cpd00254_e0,-0.0002730700139541844,0.019557845409232995,cpd00254_e0,import
S137C468_Prevotella_sp900543975,ERR1620325_sub,1e-06,EX_cpd00067_e0,0.5931777375297066,0.019557845409232995,cpd00067_e0,export
S137C468_Prevotella_sp900543975,ERR1620325_sub,1e-06,EX_cpd00208_e0,-0.0020663051696154793,0.019557845409232995,cpd00208_e0,import
S137C468_Prevotella_sp900543975,ERR1620325_sub,1e-06,EX_cpd00055_e0,-0.00029549473713775246,0.019557845409232995,cpd00055_e0,import
S137C468_Prevotella_sp900543975,ERR1620325_sub,1e-06,EX_cpd00129_e0,-0.007855528050886974,0.019557845409232995,cpd00129_e0,import
S137C468_Prevotella_sp900543975,ERR1620325_sub,1e-06,EX_cpd00030_e0,-0.0002730700139541844,0.019557845409232995,cpd00030_e0,import
S137C468_Prevotella_sp900543975,ERR1620325_sub,1e-06,EX_cpd00063_e0,-0.0002730700139541844,0.019557845409232995,cpd00063_e0,import
S137C468_Prevotella_sp900543975,ERR1620325_sub,1e-06,EX_cpd00184_e0,-0.0009240431269571012,0.019557845409232995,cpd00184_e0,import
S137C468_Prevotella_sp900543975,ERR1620325_sub,1e-06,EX_cpd00033_e0,-0.02265751909530004,0.019557845409232995,cpd00033_e0,import
S137C468_Prevotella_sp900543975,ERR1620325_sub,1e-06,EX_cpd00051_e0,-0.010806939414753176,0.019557845409232995,cpd00051_e0,import
S137C468_Prevotella_sp900543975,ERR1620325_sub,1e-06,EX_cpd00035_e0,-0.020247721882122215,0.019557845409232995,cpd00035_e0,import
S137C468_Prevotella_sp900543975,ERR1620325_sub,1e-06,EX_cpd00065_e0,-0.0020199929273709326,0.019557845409232995,cpd00065_e0,import
S137C468_Prevotella_sp900543975,ERR1620325_sub,1e-06,EX_cpd00119_e0,-0.003366654878951566,0.019557845409232995,cpd00119_e0,import
S137C468_Prevotella_sp900543975,ERR1620325_sub,1e-06,EX_cpd00012_e0,-0.018388305793229046,0.019557845409232995,cpd00012_e0,import
S148C658_Parabacteroides_sp900549585,ERR1620325_sub,1e-06,EX_cpd10515_e0,-0.00043281357639820693,0.014887889276828555,cpd10515_e0,import
S148C658_Parabacteroides_sp900549585,ERR1620325_sub,1e-06,EX_cpd00003_e0,-0.00022494207342573305,0.014887889276828555,cpd00003_e0,import
S148C658_Parabacteroides_sp900549585,ERR1620325_sub,1e-06,EX_cpd00058_e0,-0.00020787150297241655,0.014887889276828555,cpd00058_e0,import
S148C658_Parabacteroides_sp900549585,ERR1620325_sub,1e-06,EX_cpd00060_e0,-0.004269948353948401,0.014887889276828555,cpd00060_e0,import
S148C658_Parabacteroides_sp900549585,ERR1620325_sub,1e-06,EX_cpd01741_e0,-0.0019661897098655324,0.014887889276828555,cpd01741_e0,import
S148C658_Parabacteroides_sp900549585,ERR1620325_sub,1e-06,EX_cpd03847_e0,-0.0003932379419731065,0.014887889276828555,cpd03847_e0,import
S148C658_Parabacteroides_sp900549585,ERR1620325_sub,1e-06,EX_cpd00039_e0,-0.009283134283690271,0.014887889276828555,cpd00039_e0,import
S148C658_Parabacteroides_sp900549585,ERR1620325_sub,1e-06,EX_cpd00264_e0,-0.00011247103671289519,0.014887889276828555,cpd00264_e0,import
S148C658_Parabacteroides_sp900549585,ERR1620325_sub,1e-06,EX_cpd00130_e0,0.26980592853052104,0.014887889276828555,cpd00130_e0,export
S148C658_Parabacteroides_sp900549585,ERR1620325_sub,1e-06,EX_cpd00367_e0,-0.008917205608829375,0.014887889276828555,cpd00367_e0,import
S148C658_Parabacteroides_sp900549585,ERR1620325_sub,1e-06,EX_cpd00099_e0,-0.00020787150297241655,0.014887889276828555,cpd00099_e0,import
S148C658_Parabacteroides_sp900549585,ERR1620325_sub,1e-06,EX_cpd10516_e0,-0.00020787150297241655,0.014887889276828555,cpd10516_e0,import
S148C658_Parabacteroides_sp900549585,ERR1620325_sub,1e-06,EX_cpd00105_e0,-0.3986665217350024,0.014887889276828555,cpd00105_e0,import
S148C658_Parabacteroides_sp900549585,ERR1620325_sub,1e-06,EX_cpd00013_e0,0.014234715256715259,0.014887889276828555,cpd00013_e0,export
S148C658_Parabacteroides_sp900549585,ERR1620325_sub,1e-06,EX_cpd00277_e0,-0.03504033778866217,0.014887889276828555,cpd00277_e0,import
S148C658_Parabacteroides_sp900549585,ERR1620325_sub,1e-06,EX_cpd00009_e0,-0.02754590130761647,0.014887889276828555,cpd00009_e0,import
S148C658_Parabacteroides_sp900549585,ERR1620325_sub,1e-06,EX_cpd00322_e0,-0.010231367093245116,0.014887889276828555,cpd00322_e0,import
S148C658_Parabacteroides_sp900549585,ERR1620325_sub,1e-06,EX_cpd00034_e0,-0.00020787150297241655,0.014887889276828555,cpd00034_e0,import
S148C658_Parabacteroides_sp900549585,ERR1620325_sub,1e-06,EX_cpd00149_e0,-0.00020787150297241655,0.014887889276828555,cpd00149_e0,import
S148C658_Parabacteroides_sp900549585,ERR1620325_sub,1e-06,EX_cpd00363_e0,0.03537775089880085,0.014887889276828555,cpd00363_e0,export
S148C658_Parabacteroides_sp900549585,ERR1620325_sub,1e-06,EX_cpd00023_e0,-0.006949850767373544,0.014887889276828555,cpd00023_e0,import
S148C658_Parabacteroides_sp900549585,ERR1620325_sub,1e-06,EX_cpd00029_e0,0.27080205833164267,0.014887889276828555,cpd00029_e0,export
S148C658_Parabacteroides_sp900549585,ERR1620325_sub,1e-06,EX_cpd00048_e0,-0.00020787150297241655,0.014887889276828555,cpd00048_e0,import
S148C658_Parabacteroides_sp900549585,ERR1620325_sub,1e-06,EX_cpd00205_e0,-0.00020787150297241655,0.014887889276828555,cpd00205_e0,import
S148C658_Parabacteroides_sp900549585,ERR1620325_sub,1e-06,EX_cpd00010_e0,-0.00022494207342577122,0.014887889276828555,cpd00010_e0,import
S148C658_Parabacteroides_sp900549585,ERR1620325_sub,1e-06,EX_cpd00011_e0,0.057787674055715554,0.014887889276828555,cpd00011_e0,export
S148C658_Parabacteroides_sp900549585,ERR1620325_sub,1e-06,EX_cpd00132_e0,-0.006520974696211867,0.014887889276828555,cpd00132_e0,import
S148C658_Parabacteroides_sp900549585,ERR1620325_sub,1e-06,EX_cpd00182_e0,-0.005644041666315749,0.014887889276828555,cpd00182_e0,import
S148C658_Parabacteroides_sp900549585,ERR1620325_sub,1e-06,EX_cpd00069_e0,-0.0038428102734105298,0.014887889276828555,cpd00069_e0,import
S148C658_Parabacteroides_sp900549585,ERR1620325_sub,1e-06,EX_cpd00526_e0,0.5051535269628431,0.014887889276828555,cpd00526_e0,export
S148C658_Parabacteroides_sp900549585,ERR1620325_sub,1e-06,EX_cpd00054_e0,-0.007992836381066667,0.014887889276828555,cpd00054_e0,import
S148C658_Parabacteroides_sp900549585,ERR1620325_sub,1e-06,EX_cpd01217_e0,0.028181022528022792,0.014887889276828555,cpd01217_e0,export
S148C658_Parabacteroides_sp900549585,ERR1620325_sub,1e-06,EX_cpd00084_e0,-0.002702342940545584,0.014887889276828555,cpd00084_e0,import
S148C658_Parabacteroides_sp900549585,ERR1620325_sub,1e-06,EX_cpd00161_e0,-0.006862685160642193,0.014887889276828555,cpd00161_e0,import
S148C658_Parabacteroides_sp900549585,ERR1620325_sub,1e-06,EX_cpd00220_e0,-0.00022494207342579038,0.014887889276828555,cpd00220_e0,import
S148C658_Parabacteroides_sp900549585,ERR1620325_sub,1e-06,EX_cpd00053_e0,-0.0077937942292422855,0.014887889276828555,cpd00053_e0,import
S148C658_Parabacteroides_sp900549585,ERR1620325_sub,1e-06,EX_cpd23431_e0,-0.5051535269628431,0.014887889276828555,cpd23431_e0,import
S148C658_Parabacteroides_sp900549585,ERR1620325_sub,1e-06,EX_cpd00254_e0,-0.00020787150297241655,0.014887889276828555,cpd00254_e0,import
S148C658_Parabacteroides_sp900549585,ERR1620325_sub,1e-06,EX_cpd00067_e0,0.7569877374994034,0.014887889276828555,cpd00067_e0,export
S148C658_Parabacteroides_sp900549585,ERR1620325_sub,1e-06,EX_cpd00208_e0,-0.001572951767892426,0.014887889276828555,cpd00208_e0,import
S148C658_Parabacteroides_sp900549585,ERR1620325_sub,1e-06,EX_cpd00066_e0,-0.0050117534783113045,0.014887889276828555,cpd00066_e0,import
S148C658_Parabacteroides_sp900549585,ERR1620325_sub,1e-06,EX_cpd00064_e0,-0.00011247103671289519,0.014887889276828555,cpd00064_e0,import
S148C658_Parabacteroides_sp900549585,ERR1620325_sub,1e-06,EX_cpd00129_e0,-0.005979933127530535,0.014887889276828555,cpd00129_e0,import
S148C658_Parabacteroides_sp900549585,ERR1620325_sub,1e-06,EX_cpd00030_e0,-0.00020787150297241655,0.014887889276828555,cpd00030_e0,import
S148C658_Parabacteroides_sp900549585,ERR1620325_sub,1e-06,EX_cpd00063_e0,-0.00020787150297241655,0.014887889276828555,cpd00063_e0,import
S148C658_Parabacteroides_sp900549585,ERR1620325_sub,1e-06,EX_cpd00107_e0,-0.01455969964269577,0.014887889276828555,cpd00107_e0,import
S148C658_Parabacteroides_sp900549585,ERR1620325_sub,1e-06,EX_cpd00156_e0,-0.011447300558415597,0.014887889276828555,cpd00156_e0,import
S148C658_Parabacteroides_sp900549585,ERR1620325_sub,1e-06,EX_cpd00033_e0,-0.017331663476242494,0.014887889276828555,cpd00033_e0,import
S148C658_Parabacteroides_sp900549585,ERR1620325_sub,1e-06,EX_cpd00051_e0,-0.008001720042076573,0.014887889276828555,cpd00051_e0,import
S148C658_Parabacteroides_sp900549585,ERR1620325_sub,1e-06,EX_cpd00065_e0,-0.001537697089936421,0.014887889276828555,cpd00065_e0,import
S148C658_Parabacteroides_sp900549585,ERR1620325_sub,1e-06,EX_cpd00119_e0,-0.002562828483227377,0.014887889276828555,cpd00119_e0,import
S149C623_Prevotellamassilia_sp900542795,ERR1620325_sub,1e-06,EX_cpd00025_e0,0.000467171529741942,0.061842216024354926,cpd00025_e0,export
S149C623_Prevotellamassilia_sp900542795,ERR1620325_sub,1e-06,EX_cpd00036_e0,1.6827173712026144,0.061842216024354926,cpd00036_e0,export
S149C623_Prevotellamassilia_sp900542795,ERR1620325_sub,1e-06,EX_cpd10515_e0,-0.0017977800017544292,0.061842216024354926,cpd10515_e0,import
S149C623_Prevotellamassilia_sp900542795,ERR1620325_sub,1e-06,EX_cpd00311_e0,-0.028491573448151036,0.061842216024354926,cpd00311_e0,import
S149C623_Prevotellamassilia_sp900542795,ERR1620325_sub,1e-06,EX_cpd00058_e0,-0.0008634369422705454,0.061842216024354926,cpd00058_e0,import
S149C623_Prevotellamassilia_sp900542795,ERR1620325_sub,1e-06,EX_cpd00060_e0,-0.019137621259294878,0.061842216024354926,cpd00060_e0,import
S149C623_Prevotellamassilia_sp900542795,ERR1620325_sub,1e-06,EX_cpd01741_e0,-0.008166972416778936,0.061842216024354926,cpd01741_e0,import
S149C623_Prevotellamassilia_sp900542795,ERR1620325_sub,1e-06,EX_cpd00001_e0,-1.5460324831183159,0.061842216024354926,cpd00001_e0,import
S149C623_Prevotellamassilia_sp900542795,ERR1620325_sub,1e-06,EX_cpd03847_e0,-0.001633394483355787,0.061842216024354926,cpd03847_e0,import
S149C623_Prevotellamassilia_sp900542795,ERR1620325_sub,1e-06,EX_cpd00039_e0,-0.03855940312155245,0.061842216024354926,cpd00039_e0,import
S149C623_Prevotellamassilia_sp900542795,ERR1620325_sub,1e-06,EX_cpd00367_e0,-0.03411765424973978,0.061842216024354926,cpd00367_e0,import
S149C623_Prevotellamassilia_sp900542795,ERR1620325_sub,1e-06,EX_cpd00099_e0,-0.0008634369422705454,0.061842216024354926,cpd00099_e0,import
S149C623_Prevotellamassilia_sp900542795,ERR1620325_sub,1e-06,EX_cpd10516_e0,-0.0008634369422705454,0.061842216024354926,cpd10516_e0,import
S149C623_Prevotellamassilia_sp900542795,ERR1620325_sub,1e-06,EX_cpd00105_e0,-0.012605101949327204,0.061842216024354926,cpd00105_e0,import
S149C623_Prevotellamassilia_sp900542795,ERR1620325_sub,1e-06,EX_cpd00013_e0,0.42613485559903685,0.061842216024354926,cpd00013_e0,export
S149C623_Prevotellamassilia_sp900542795,ERR1620325_sub,1e-06,EX_cpd00009_e0,-0.11908926872363222,0.061842216024354926,cpd00009_e0,import
S149C623_Prevotellamassilia_sp900542795,ERR1620325_sub,1e-06,EX_cpd00322_e0,-0.041563739611382676,0.061842216024354926,cpd00322_e0,import
S149C623_Prevotellamassilia_sp900542795,ERR1620325_sub,1e-06,EX_cpd00034_e0,-0.0008634369422705454,0.061842216024354926,cpd00034_e0,import
S149C623_Prevotellamassilia_sp900542795,ERR1620325_sub,1e-06,EX_cpd00149_e0,-0.0008634369422705454,0.061842216024354926,cpd00149_e0,import
S149C623_Prevotellamassilia_sp900542795,ERR1620325_sub,1e-06,EX_cpd02992_e0,-0.7730162415591579,0.061842216024354926,cpd02992_e0,import
S149C623_Prevotellamassilia_sp900542795,ERR1620325_sub,1e-06,EX_cpd00363_e0,0.000934343059483884,0.061842216024354926,cpd00363_e0,export
S149C623_Prevotellamassilia_sp900542795,ERR1620325_sub,1e-06,EX_cpd00023_e0,0.1574152709967318,0.061842216024354926,cpd00023_e0,export
S149C623_Prevotellamassilia_sp900542795,ERR1620325_sub,1e-06,EX_cpd00029_e0,2.435301662398374,0.061842216024354926,cpd00029_e0,export
S149C623_Prevotellamassilia_sp900542795,ERR1620325_sub,1e-06,EX_cpd00048_e0,-0.0008634369422705454,0.061842216024354926,cpd00048_e0,import
S149C623_Prevotellamassilia_sp900542795,ERR1620325_sub,1e-06,EX_cpd00205_e0,-0.0008634369422705454,0.061842216024354926,cpd00205_e0,import
S149C623_Prevotellamassilia_sp900542795,ERR1620325_sub,1e-06,EX_cpd00132_e0,-0.027086206487225453,0.061842216024354926,cpd00132_e0,import
S149C623_Prevotellamassilia_sp900542795,ERR1620325_sub,1e-06,EX_cpd00182_e0,-0.02531237132221263,0.061842216024354926,cpd00182_e0,import
S149C623_Prevotellamassilia_sp900542795,ERR1620325_sub,1e-06,EX_cpd00069_e0,-0.015494729475225108,0.061842216024354926,cpd00069_e0,import
S149C623_Prevotellamassilia_sp900542795,ERR1620325_sub,1e-06,EX_cpd00047_e0,0.360879757018031,0.061842216024354926,cpd00047_e0,export
S149C623_Prevotellamassilia_sp900542795,ERR1620325_sub,1e-06,EX_cpd00054_e0,-0.030278096984142265,0.061842216024354926,cpd00054_e0,import
S149C623_Prevotellamassilia_sp900542795,ERR1620325_sub,1e-06,EX_cpd00007_e0,-0.000467171529741942,0.061842216024354926,cpd00007_e0,import
S149C623_Prevotellamassilia_sp900542795,ERR1620325_sub,1e-06,EX_cpd00084_e0,-0.01122473591707613,0.061842216024354926,cpd00084_e0,import
S149C623_Prevotellamassilia_sp900542795,ERR1620325_sub,1e-06,EX_cpd00161_e0,-0.028505571019307174,0.061842216024354926,cpd00161_e0,import
S149C623_Prevotellamassilia_sp900542795,ERR1620325_sub,1e-06,EX_cpd00220_e0,-0.000934343059483884,0.061842216024354926,cpd00220_e0,import
S149C623_Prevotellamassilia_sp900542795,ERR1620325_sub,1e-06,EX_cpd00053_e0,0.346756027231586,0.061842216024354926,cpd00053_e0,export
S149C623_Prevotellamassilia_sp900542795,ERR1620325_sub,1e-06,EX_cpd03198_e0,-0.012589387619331252,0.061842216024354926,cpd03198_e0,import
S149C623_Prevotellamassilia_sp900542795,ERR1620325_sub,1e-06,EX_cpd00254_e0,-0.0008634369422705454,0.061842216024354926,cpd00254_e0,import
S149C623_Prevotellamassilia_sp900542795,ERR1620325_sub,1e-06,EX_cpd00644_e0,-0.0009343430594839219,0.061842216024354926,cpd00644_e0,import
S149C623_Prevotellamassilia_sp900542795,ERR1620325_sub,1e-06,EX_cpd00067_e0,3.9999151445522108,0.061842216024354926,cpd00067_e0,export
S149C623_Prevotellamassilia_sp900542795,ERR1620325_sub,1e-06,EX_cpd00208_e0,0.004422415202552317,0.061842216024354926,cpd00208_e0,export
S149C623_Prevotellamassilia_sp900542795,ERR1620325_sub,1e-06,EX_cpd00041_e0,-0.029653944030064938,0.061842216024354926,cpd00041_e0,import
S149C623_Prevotellamassilia_sp900542795,ERR1620325_sub,1e-06,EX_cpd00066_e0,-0.020817346470531354,0.061842216024354926,cpd00066_e0,import
S149C623_Prevotellamassilia_sp900542795,ERR1620325_sub,1e-06,EX_cpd01981_e0,0.000467171529741942,0.061842216024354926,cpd01981_e0,export
S149C623_Prevotellamassilia_sp900542795,ERR1620325_sub,1e-06,EX_cpd00129_e0,-0.024838879311429463,0.061842216024354926,cpd00129_e0,import
S149C623_Prevotellamassilia_sp900542795,ERR1620325_sub,1e-06,EX_cpd00030_e0,-0.0008634369422705454,0.061842216024354926,cpd00030_e0,import
S149C623_Prevotellamassilia_sp900542795,ERR1620325_sub,1e-06,EX_cpd00063_e0,-0.0008634369422705454,0.061842216024354926,cpd00063_e0,import
S149C623_Prevotellamassilia_sp900542795,ERR1620325_sub,1e-06,EX_cpd00107_e0,0.027258058646317637,0.061842216024354926,cpd00107_e0,export
S149C623_Prevotellamassilia_sp900542795,ERR1620325_sub,1e-06,EX_cpd00137_e0,-0.5742883121432493,0.061842216024354926,cpd00137_e0,import
S149C623_Prevotellamassilia_sp900542795,ERR1620325_sub,1e-06,EX_cpd00184_e0,-0.002921789033195774,0.061842216024354926,cpd00184_e0,import
S149C623_Prevotellamassilia_sp900542795,ERR1620325_sub,1e-06,EX_cpd21520_e0,0.7730162415591579,0.061842216024354926,cpd21520_e0,export
S149C623_Prevotellamassilia_sp900542795,ERR1620325_sub,1e-06,EX_cpd00033_e0,-0.06743766521673593,0.061842216024354926,cpd00033_e0,import
S149C623_Prevotellamassilia_sp900542795,ERR1620325_sub,1e-06,EX_cpd00051_e0,-0.034171129185729975,0.061842216024354926,cpd00051_e0,import
S149C623_Prevotellamassilia_sp900542795,ERR1620325_sub,1e-06,EX_cpd00794_e0,-0.04858152106870728,0.061842216024354926,cpd00794_e0,import
S149C623_Prevotellamassilia_sp900542795,ERR1620325_sub,1e-06,EX_cpd00065_e0,-0.006387140394367566,0.061842216024354926,cpd00065_e0,import
S149C623_Prevotellamassilia_sp900542795,ERR1620325_sub,1e-06,EX_cpd00119_e0,-0.010645233990612646,0.061842216024354926,cpd00119_e0,import
S187C112_RC9_sp000435075,ERR1620325_sub,1e-06,EX_cpd00082_e0,-0.00923839868941944,0.012899659773877572,cpd00082_e0,import
S187C112_RC9_sp000435075,ERR1620325_sub,1e-06,EX_cpd00025_e0,9.74464822761952e-05,0.012899659773877572,cpd00025_e0,export
S187C112_RC9_sp000435075,ERR1620325_sub,1e-06,EX_cpd00036_e0,0.319035346611537,0.012899659773877572,cpd00036_e0,export
S187C112_RC9_sp000435075,ERR1620325_sub,1e-06,EX_cpd10515_e0,-0.0002775492653761325,0.012899659773877572,cpd10515_e0,import
S187C112_RC9_sp000435075,ERR1620325_sub,1e-06,EX_cpd00003_e0,-0.00019489296455238447,0.012899659773877572,cpd00003_e0,import
S187C112_RC9_sp000435075,ERR1620325_sub,1e-06,EX_cpd00311_e0,-0.005943006862104383,0.012899659773877572,cpd00311_e0,import
S187C112_RC9_sp000435075,ERR1620325_sub,1e-06,EX_cpd00058_e0,-0.00018010278309993732,0.012899659773877572,cpd00058_e0,import
S187C112_RC9_sp000435075,ERR1620325_sub,1e-06,EX_cpd00060_e0,-0.0036995430890839776,0.012899659773877572,cpd00060_e0,import
S187C112_RC9_sp000435075,ERR1620325_sub,1e-06,EX_cpd01741_e0,-0.0020442411804540424,0.012899659773877572,cpd01741_e0,import
S187C112_RC9_sp000435075,ERR1620325_sub,1e-06,EX_cpd00130_e0,-0.114797092527301,0.012899659773877572,cpd00130_e0,import
S187C112_RC9_sp000435075,ERR1620325_sub,1e-06,EX_cpd00367_e0,-0.08089582860645336,0.012899659773877572,cpd00367_e0,import
S187C112_RC9_sp000435075,ERR1620325_sub,1e-06,EX_cpd00099_e0,-0.00018010278309993732,0.012899659773877572,cpd00099_e0,import
S187C112_RC9_sp000435075,ERR1620325_sub,1e-06,EX_cpd10516_e0,-0.00018010278309993732,0.012899659773877572,cpd10516_e0,import
S187C112_RC9_sp000435075,ERR1620325_sub,1e-06,EX_cpd00013_e0,0.02430437444851954,0.012899659773877572,cpd00013_e0,export
S187C112_RC9_sp000435075,ERR1620325_sub,1e-06,EX_cpd00009_e0,0.30056397863596723,0.012899659773877572,cpd00009_e0,export
S187C112_RC9_sp000435075,ERR1620325_sub,1e-06,EX_cpd00322_e0,-0.008864599822781276,0.012899659773877572,cpd00322_e0,import
S187C112_RC9_sp000435075,ERR1620325_sub,1e-06,EX_cpd00028_e0,-9.74464822761952e-05,0.012899659773877572,cpd00028_e0,import
S187C112_RC9_sp000435075,ERR1620325_sub,1e-06,EX_cpd00034_e0,-0.00018010278309993732,0.012899659773877572,cpd00034_e0,import
S187C112_RC9_sp000435075,ERR1620325_sub,1e-06,EX_cpd00149_e0,-0.00018010278309993732,0.012899659773877572,cpd00149_e0,import
S187C112_RC9_sp000435075,ERR1620325_sub,1e-06,EX_cpd00092_e0,0.07377928751074682,0.012899659773877572,cpd00092_e0,export
S187C112_RC9_sp000435075,ERR1620325_sub,1e-06,EX_cpd00024_e0,-0.013846011934311661,0.012899659773877572,cpd00024_e0,import
S187C112_RC9_sp000435075,ERR1620325_sub,1e-06,EX_cpd00100_e0,0.0007706838458401931,0.012899659773877572,cpd00100_e0,export
S187C112_RC9_sp000435075,ERR1620325_sub,1e-06,EX_cpd00029_e0,0.15479000393520376,0.012899659773877572,cpd00029_e0,export
S187C112_RC9_sp000435075,ERR1620325_sub,1e-06,EX_cpd00048_e0,-0.0001801027830999405,0.012899659773877572,cpd00048_e0,import
S187C112_RC9_sp000435075,ERR1620325_sub,1e-06,EX_cpd00205_e0,-0.00018010278309993732,0.012899659773877572,cpd00205_e0,import
S187C112_RC9_sp000435075,ERR1620325_sub,1e-06,EX_cpd00010_e0,-0.00019489296455238447,0.012899659773877572,cpd00010_e0,import
S187C112_RC9_sp000435075,ERR1620325_sub,1e-06,EX_cpd00132_e0,-0.005649863855883451,0.012899659773877572,cpd00132_e0,import
S187C112_RC9_sp000435075,ERR1620325_sub,1e-06,EX_cpd00182_e0,-0.00489007679022896,0.012899659773877572,cpd00182_e0,import
S187C112_RC9_sp000435075,ERR1620325_sub,1e-06,EX_cpd00069_e0,-0.0032320181883001542,0.012899659773877572,cpd00069_e0,import
S187C112_RC9_sp000435075,ERR1620325_sub,1e-06,EX_cpd00526_e0,0.28504863519617196,0.012899659773877572,cpd00526_e0,export
S187C112_RC9_sp000435075,ERR1620325_sub,1e-06,EX_cpd00054_e0,-0.006315654643492389,0.012899659773877572,cpd00054_e0,import
S187C112_RC9_sp000435075,ERR1620325_sub,1e-06,EX_cpd00007_e0,-9.74464822761952e-05,0.012899659773877572,cpd00007_e0,import
S187C112_RC9_sp000435075,ERR1620325_sub,1e-06,EX_cpd00084_e0,-0.0023413477918967597,0.012899659773877572,cpd00084_e0,import
S187C112_RC9_sp000435075,ERR1620325_sub,1e-06,EX_cpd00161_e0,-0.005945926590689579,0.012899659773877572,cpd00161_e0,import
S187C112_RC9_sp000435075,ERR1620325_sub,1e-06,EX_cpd00216_e0,-0.0002923394468285856,0.012899659773877572,cpd00216_e0,import
S187C112_RC9_sp000435075,ERR1620325_sub,1e-06,EX_cpd00220_e0,-0.0001948929645523904,0.012899659773877572,cpd00220_e0,import
S187C112_RC9_sp000435075,ERR1620325_sub,1e-06,EX_cpd23431_e0,-0.28504863519617196,0.012899659773877572,cpd23431_e0,import
S187C112_RC9_sp000435075,ERR1620325_sub,1e-06,EX_cpd00254_e0,-0.00018010278309993732,0.012899659773877572,cpd00254_e0,import
S187C112_RC9_sp000435075,ERR1620325_sub,1e-06,EX_cpd00067_e0,0.4741231340418472,0.012899659773877572,cpd00067_e0,export
S187C112_RC9_sp000435075,ERR1620325_sub,1e-06,EX_cpd00066_e0,-0.004342253443823089,0.012899659773877572,cpd00066_e0,import
S187C112_RC9_sp000435075,ERR1620325_sub,1e-06,EX_cpd00129_e0,-0.005181097859107096,0.012899659773877572,cpd00129_e0,import
S187C112_RC9_sp000435075,ERR1620325_sub,1e-06,EX_cpd00030_e0,-0.00018010278309993732,0.012899659773877572,cpd00030_e0,import
S187C112_RC9_sp000435075,ERR1620325_sub,1e-06,EX_cpd00063_e0,-0.00018010278309993732,0.012899659773877572,cpd00063_e0,import
S187C112_RC9_sp000435075,ERR1620325_sub,1e-06,EX_cpd00080_e0,-0.32443013353241834,0.012899659773877572,cpd00080_e0,import
S187C112_RC9_sp000435075,ERR1620325_sub,1e-06,EX_cpd00107_e0,-0.01261472779699211,0.012899659773877572,cpd00107_e0,import
S187C112_RC9_sp000435075,ERR1620325_sub,1e-06,EX_cpd00184_e0,-0.0006094508014976149,0.012899659773877572,cpd00184_e0,import
S187C112_RC9_sp000435075,ERR1620325_sub,1e-06,EX_cpd00156_e0,-0.009918101616005015,0.012899659773877572,cpd00156_e0,import
S187C112_RC9_sp000435075,ERR1620325_sub,1e-06,EX_cpd00033_e0,-0.013871810226715853,0.012899659773877572,cpd00033_e0,import
S187C112_RC9_sp000435075,ERR1620325_sub,1e-06,EX_cpd00051_e0,-0.007127695337929028,0.012899659773877572,cpd00051_e0,import
S187C112_RC9_sp000435075,ERR1620325_sub,1e-06,EX_cpd00065_e0,-0.001332282306627537,0.012899659773877572,cpd00065_e0,import
S187C112_RC9_sp000435075,ERR1620325_sub,1e-06,EX_cpd00119_e0,-0.002220470511045902,0.012899659773877572,cpd00119_e0,import
S187C139_Sodaliphilus_sp004557565,ERR1620325_sub,1e-06,EX_cpd00036_e0,0.6877681143111303,0.03554117025967677,cpd00036_e0,export
S187C139_Sodaliphilus_sp004557565,ERR1620325_sub,1e-06,EX_cpd10515_e0,-0.0007647521872464515,0.03554117025967677,cpd10515_e0,import
S187C139_Sodaliphilus_sp004557565,ERR1620325_sub,1e-06,EX_cpd00003_e0,-0.00026850155902646833,0.03554117025967677,cpd00003_e0,import
S187C139_Sodaliphilus_sp004557565,ERR1620325_sub,1e-06,EX_cpd00311_e0,-0.016375209966618894,0.03554117025967677,cpd00311_e0,import
S187C139_Sodaliphilus_sp004557565,ERR1620325_sub,1e-06,EX_cpd00305_e0,-0.00026850155902664955,0.03554117025967677,cpd00305_e0,import
S187C139_Sodaliphilus_sp004557565,ERR1620325_sub,1e-06,EX_cpd00058_e0,-0.000496250628219802,0.03554117025967677,cpd00058_e0,import
S187C139_Sodaliphilus_sp004557565,ERR1620325_sub,1e-06,EX_cpd00060_e0,-0.010999131618788158,0.03554117025967677,cpd00060_e0,import
S187C139_Sodaliphilus_sp004557565,ERR1620325_sub,1e-06,EX_cpd00001_e0,0.41160061226074857,0.03554117025967677,cpd00001_e0,export
S187C139_Sodaliphilus_sp004557565,ERR1620325_sub,1e-06,EX_cpd00039_e0,-0.022161581333932878,0.03554117025967677,cpd00039_e0,import
S187C139_Sodaliphilus_sp004557565,ERR1620325_sub,1e-06,EX_cpd00367_e0,-0.021288001587855536,0.03554117025967677,cpd00367_e0,import
S187C139_Sodaliphilus_sp004557565,ERR1620325_sub,1e-06,EX_cpd00099_e0,-0.000496250628219802,0.03554117025967677,cpd00099_e0,import
S187C139_Sodaliphilus_sp004557565,ERR1620325_sub,1e-06,EX_cpd00141_e0,0.0005370031180532991,0.03554117025967677,cpd00141_e0,export
S187C139_Sodaliphilus_sp004557565,ERR1620325_sub,1e-06,EX_cpd10516_e0,-0.000496250628219802,0.03554117025967677,cpd10516_e0,import
S187C139_Sodaliphilus_sp004557565,ERR1620325_sub,1e-06,EX_cpd00013_e0,0.02170462421141454,0.03554117025967677,cpd00013_e0,export
S187C139_Sodaliphilus_sp004557565,ERR1620325_sub,1e-06,EX_cpd00322_e0,-0.024425292909168183,0.03554117025967677,cpd00322_e0,import
S187C139_Sodaliphilus_sp004557565,ERR1620325_sub,1e-06,EX_cpd00028_e0,-0.00026850155902664955,0.03554117025967677,cpd00028_e0,import
S187C139_Sodaliphilus_sp004557565,ERR1620325_sub,1e-06,EX_cpd00006_e0,-0.00026850155902669037,0.03554117025967677,cpd00006_e0,import
S187C139_Sodaliphilus_sp004557565,ERR1620325_sub,1e-06,EX_cpd00034_e0,-0.000496250628219802,0.03554117025967677,cpd00034_e0,import
S187C139_Sodaliphilus_sp004557565,ERR1620325_sub,1e-06,EX_cpd00149_e0,-0.000496250628219802,0.03554117025967677,cpd00149_e0,import
S187C139_Sodaliphilus_sp004557565,ERR1620325_sub,1e-06,EX_cpd00100_e0,0.002123522668968584,0.03554117025967677,cpd00100_e0,export
S187C139_Sodaliphilus_sp004557565,ERR1620325_sub,1e-06,EX_cpd00029_e0,0.51745526088869,0.03554117025967677,cpd00029_e0,export
S187C139_Sodaliphilus_sp004557565,ERR1620325_sub,1e-06,EX_cpd00048_e0,-0.000496250628219802,0.03554117025967677,cpd00048_e0,import
S187C139_Sodaliphilus_sp004557565,ERR1620325_sub,1e-06,EX_cpd00205_e0,-0.000496250628219802,0.03554117025967677,cpd00205_e0,import
S187C139_Sodaliphilus_sp004557565,ERR1620325_sub,1e-06,EX_cpd00179_e0,-0.1516867594666003,0.03554117025967677,cpd00179_e0,import
S187C139_Sodaliphilus_sp004557565,ERR1620325_sub,1e-06,EX_cpd00132_e0,-0.015567491182425217,0.03554117025967677,cpd00132_e0,import
S187C139_Sodaliphilus_sp004557565,ERR1620325_sub,1e-06,EX_cpd00239_e0,0.018812757866363414,0.03554117025967677,cpd00239_e0,export
S187C139_Sodaliphilus_sp004557565,ERR1620325_sub,1e-06,EX_cpd00182_e0,-0.014010996342508254,0.03554117025967677,cpd00182_e0,import
S187C139_Sodaliphilus_sp004557565,ERR1620325_sub,1e-06,EX_cpd00069_e0,-0.008905420720077346,0.03554117025967677,cpd00069_e0,import
S187C139_Sodaliphilus_sp004557565,ERR1620325_sub,1e-06,EX_cpd00084_e0,-0.024995546468494816,0.03554117025967677,cpd00084_e0,import
S187C139_Sodaliphilus_sp004557565,ERR1620325_sub,1e-06,EX_cpd00161_e0,-0.016383254912508655,0.03554117025967677,cpd00161_e0,import
S187C139_Sodaliphilus_sp004557565,ERR1620325_sub,1e-06,EX_cpd00216_e0,-0.0008055046770799488,0.03554117025967677,cpd00216_e0,import
S187C139_Sodaliphilus_sp004557565,ERR1620325_sub,1e-06,EX_cpd00220_e0,-0.0005370031180532991,0.03554117025967677,cpd00220_e0,import
S187C139_Sodaliphilus_sp004557565,ERR1620325_sub,1e-06,EX_cpd00053_e0,-0.036002936682905266,0.03554117025967677,cpd00053_e0,import
S187C139_Sodaliphilus_sp004557565,ERR1620325_sub,1e-06,EX_cpd00254_e0,-0.000496250628219802,0.03554117025967677,cpd00254_e0,import
S187C139_Sodaliphilus_sp004557565,ERR1620325_sub,1e-06,EX_cpd00644_e0,-0.0005370031180532697,0.03554117025967677,cpd00644_e0,import
S187C139_Sodaliphilus_sp004557565,ERR1620325_sub,1e-06,EX_cpd00067_e0,1.8147345067078722,0.03554117025967677,cpd00067_e0,export
S187C139_Sodaliphilus_sp004557565,ERR1620325_sub,1e-06,EX_cpd00066_e0,-0.011964534707890124,0.03554117025967677,cpd00066_e0,import
S187C139_Sodaliphilus_sp004557565,ERR1620325_sub,1e-06,EX_cpd01981_e0,0.00026850155902664955,0.03554117025967677,cpd01981_e0,export
S187C139_Sodaliphilus_sp004557565,ERR1620325_sub,1e-06,EX_cpd11606_e0,-0.4227052172142217,0.03554117025967677,cpd11606_e0,import
S187C139_Sodaliphilus_sp004557565,ERR1620325_sub,1e-06,EX_cpd00129_e0,-0.01427586527645981,0.03554117025967677,cpd00129_e0,import
S187C139_Sodaliphilus_sp004557565,ERR1620325_sub,1e-06,EX_cpd00030_e0,-0.000496250628219802,0.03554117025967677,cpd00030_e0,import
S187C139_Sodaliphilus_sp004557565,ERR1620325_sub,1e-06,EX_cpd00063_e0,-0.000496250628219802,0.03554117025967677,cpd00063_e0,import
S187C139_Sodaliphilus_sp004557565,ERR1620325_sub,1e-06,EX_cpd11451_e0,0.4227052172142217,0.03554117025967677,cpd11451_e0,export
S187C139_Sodaliphilus_sp004557565,ERR1620325_sub,1e-06,EX_cpd00080_e0,-0.06710270403809449,0.03554117025967677,cpd00080_e0,import
S187C139_Sodaliphilus_sp004557565,ERR1620325_sub,1e-06,EX_cpd00107_e0,-0.03475830015689143,0.03554117025967677,cpd00107_e0,import
S187C139_Sodaliphilus_sp004557565,ERR1620325_sub,1e-06,EX_cpd00156_e0,-0.0273280849577945,0.03554117025967677,cpd00156_e0,import
S187C139_Sodaliphilus_sp004557565,ERR1620325_sub,1e-06,EX_cpd00033_e0,-0.03895928190612258,0.03554117025967677,cpd00033_e0,import
S187C139_Sodaliphilus_sp004557565,ERR1620325_sub,1e-06,EX_cpd00051_e0,-0.019639470464173327,0.03554117025967677,cpd00051_e0,import
S187C139_Sodaliphilus_sp004557565,ERR1620325_sub,1e-06,EX_cpd00794_e0,-0.1950142047222049,0.03554117025967677,cpd00794_e0,import
S187C139_Sodaliphilus_sp004557565,ERR1620325_sub,1e-06,EX_cpd00035_e0,-0.036796221447107785,0.03554117025967677,cpd00035_e0,import
S187C139_Sodaliphilus_sp004557565,ERR1620325_sub,1e-06,EX_cpd00065_e0,-0.003670936785375374,0.03554117025967677,cpd00065_e0,import
S187C139_Sodaliphilus_sp004557565,ERR1620325_sub,1e-06,EX_cpd00119_e0,-0.006118227975625644,0.03554117025967677,cpd00119_e0,import
S229C71_Roseburia_intestinalis,ERR1620325_sub,1e-06,EX_cpd00082_e0,0.0025762129799212137,0.004142586131060924,cpd00082_e0,export
S229C71_Roseburia_intestinalis,ERR1620325_sub,1e-06,EX_cpd00076_e0,-0.0025762129799212137,0.004142586131060924,cpd00076_e0,import
S229C71_Roseburia_intestinalis,ERR1620325_sub,1e-06,EX_cpd00324_e0,0.0004949551426509164,0.004142586131060924,cpd00324_e0,export
S229C71_Roseburia_intestinalis,ERR1620325_sub,1e-06,EX_cpd10515_e0,-9.919855062430998e-05,0.004142586131060924,cpd10515_e0,import
S229C71_Roseburia_intestinalis,ERR1620325_sub,1e-06,EX_cpd00311_e0,-0.0007406152106115285,0.004142586131060924,cpd00311_e0,import
S229C71_Roseburia_intestinalis,ERR1620325_sub,1e-06,EX_cpd00058_e0,-5.807358916277441e-05,0.004142586131060924,cpd00058_e0,import
S229C71_Roseburia_intestinalis,ERR1620325_sub,1e-06,EX_cpd00060_e0,-0.0013790508556428892,0.004142586131060924,cpd00060_e0,import
S229C71_Roseburia_intestinalis,ERR1620325_sub,1e-06,EX_cpd00039_e0,-0.002990579391632159,0.004142586131060924,cpd00039_e0,import
S229C71_Roseburia_intestinalis,ERR1620325_sub,1e-06,EX_cpd00367_e0,-0.001000605595705441,0.004142586131060924,cpd00367_e0,import
S229C71_Roseburia_intestinalis,ERR1620325_sub,1e-06,EX_cpd00099_e0,-5.807358916277441e-05,0.004142586131060924,cpd00099_e0,import
S229C71_Roseburia_intestinalis,ERR1620325_sub,1e-06,EX_cpd00141_e0,-0.0001790156694517765,0.004142586131060924,cpd00141_e0,import
S229C71_Roseburia_intestinalis,ERR1620325_sub,1e-06,EX_cpd10516_e0,-5.807358916277441e-05,0.004142586131060924,cpd10516_e0,import
S229C71_Roseburia_intestinalis,ERR1620325_sub,1e-06,EX_cpd00013_e0,0.0044076460403737186,0.004142586131060924,cpd00013_e0,export
S229C71_Roseburia_intestinalis,ERR1620325_sub,1e-06,EX_cpd00009_e0,-0.010681319257656764,0.004142586131060924,cpd00009_e0,import
S229C71_Roseburia_intestinalis,ERR1620325_sub,1e-06,EX_cpd00322_e0,-0.0024984587322496496,0.004142586131060924,cpd00322_e0,import
S229C71_Roseburia_intestinalis,ERR1620325_sub,1e-06,EX_cpd00028_e0,-4.112496146153556e-05,0.004142586131060924,cpd00028_e0,import
S229C71_Roseburia_intestinalis,ERR1620325_sub,1e-06,EX_cpd01080_e0,-0.0006739708121026929,0.004142586131060924,cpd01080_e0,import
S229C71_Roseburia_intestinalis,ERR1620325_sub,1e-06,EX_cpd00034_e0,-5.807358916277441e-05,0.004142586131060924,cpd00034_e0,import
S229C71_Roseburia_intestinalis,ERR1620325_sub,1e-06,EX_cpd00149_e0,-5.807358916277441e-05,0.004142586131060924,cpd00149_e0,import
S229C71_Roseburia_intestinalis,ERR1620325_sub,1e-06,EX_cpd00363_e0,8.224992292307112e-05,0.004142586131060924,cpd00363_e0,export
S229C71_Roseburia_intestinalis,ERR1620325_sub,1e-06,EX_cpd00024_e0,-0.002590956649802417,0.004142586131060924,cpd00024_e0,import
S229C71_Roseburia_intestinalis,ERR1620325_sub,1e-06,EX_cpd00100_e0,0.00020754233559252362,0.004142586131060924,cpd00100_e0,export
S229C71_Roseburia_intestinalis,ERR1620325_sub,1e-06,EX_cpd00029_e0,0.17407672160780563,0.004142586131060924,cpd00029_e0,export
S229C71_Roseburia_intestinalis,ERR1620325_sub,1e-06,EX_cpd00048_e0,-5.807358916277441e-05,0.004142586131060924,cpd00048_e0,import
S229C71_Roseburia_intestinalis,ERR1620325_sub,1e-06,EX_cpd00205_e0,-5.807358916277441e-05,0.004142586131060924,cpd00205_e0,import
S229C71_Roseburia_intestinalis,ERR1620325_sub,1e-06,EX_cpd00204_e0,4.112496146153556e-05,0.004142586131060924,cpd00204_e0,export
S229C71_Roseburia_intestinalis,ERR1620325_sub,1e-06,EX_cpd00011_e0,0.04177967182546801,0.004142586131060924,cpd00011_e0,export
S229C71_Roseburia_intestinalis,ERR1620325_sub,1e-06,EX_cpd00132_e0,-0.0013703667592035959,0.004142586131060924,cpd00132_e0,import
S229C71_Roseburia_intestinalis,ERR1620325_sub,1e-06,EX_cpd00182_e0,-0.0005760736335915361,0.004142586131060924,cpd00182_e0,import
S229C71_Roseburia_intestinalis,ERR1620325_sub,1e-06,EX_cpd00069_e0,-0.001067007259097374,0.004142586131060924,cpd00069_e0,import
S229C71_Roseburia_intestinalis,ERR1620325_sub,1e-06,EX_cpd00526_e0,0.031443221198794225,0.004142586131060924,cpd00526_e0,export
S229C71_Roseburia_intestinalis,ERR1620325_sub,1e-06,EX_cpd00054_e0,-0.0025293872365479515,0.004142586131060924,cpd00054_e0,import
S229C71_Roseburia_intestinalis,ERR1620325_sub,1e-06,EX_cpd00106_e0,0.0006583235565146006,0.004142586131060924,cpd00106_e0,export
S229C71_Roseburia_intestinalis,ERR1620325_sub,1e-06,EX_cpd00084_e0,-0.000690690397032053,0.004142586131060924,cpd00084_e0,import
S229C71_Roseburia_intestinalis,ERR1620325_sub,1e-06,EX_cpd00161_e0,-0.0017262078513724873,0.004142586131060924,cpd00161_e0,import
S229C71_Roseburia_intestinalis,ERR1620325_sub,1e-06,EX_cpd00220_e0,-8.224992292307112e-05,0.004142586131060924,cpd00220_e0,import
S229C71_Roseburia_intestinalis,ERR1620325_sub,1e-06,EX_cpd00053_e0,-0.0025347661153588916,0.004142586131060924,cpd00053_e0,import
S229C71_Roseburia_intestinalis,ERR1620325_sub,1e-06,EX_cpd23431_e0,-0.031443221198794225,0.004142586131060924,cpd23431_e0,import
S229C71_Roseburia_intestinalis,ERR1620325_sub,1e-06,EX_cpd00254_e0,-5.807358916277441e-05,0.004142586131060924,cpd00254_e0,import
S229C71_Roseburia_intestinalis,ERR1620325_sub,1e-06,EX_cpd00644_e0,-8.224992292307017e-05,0.004142586131060924,cpd00644_e0,import
S229C71_Roseburia_intestinalis,ERR1620325_sub,1e-06,EX_cpd00067_e0,0.24229504344731348,0.004142586131060924,cpd00067_e0,export
S229C71_Roseburia_intestinalis,ERR1620325_sub,1e-06,EX_cpd00017_e0,-0.0002056248073076778,0.004142586131060924,cpd00017_e0,import
S229C71_Roseburia_intestinalis,ERR1620325_sub,1e-06,EX_cpd00064_e0,0.007555052677599166,0.004142586131060924,cpd00064_e0,export
S229C71_Roseburia_intestinalis,ERR1620325_sub,1e-06,EX_cpd00393_e0,-0.00012337488438460666,0.004142586131060924,cpd00393_e0,import
S229C71_Roseburia_intestinalis,ERR1620325_sub,1e-06,EX_cpd00129_e0,-0.0014877186087486542,0.004142586131060924,cpd00129_e0,import
S229C71_Roseburia_intestinalis,ERR1620325_sub,1e-06,EX_cpd00030_e0,-5.807358916277441e-05,0.004142586131060924,cpd00030_e0,import
S229C71_Roseburia_intestinalis,ERR1620325_sub,1e-06,EX_cpd00063_e0,-5.807358916277441e-05,0.004142586131060924,cpd00063_e0,import
S229C71_Roseburia_intestinalis,ERR1620325_sub,1e-06,EX_cpd00107_e0,-0.0038841117286901256,0.004142586131060924,cpd00107_e0,import
S229C71_Roseburia_intestinalis,ERR1620325_sub,1e-06,EX_cpd00221_e0,0.08631028920271194,0.004142586131060924,cpd00221_e0,export
S229C71_Roseburia_intestinalis,ERR1620325_sub,1e-06,EX_cpd00122_e0,-0.001657213028019495,0.004142586131060924,cpd00122_e0,import
S229C71_Roseburia_intestinalis,ERR1620325_sub,1e-06,EX_cpd00033_e0,-0.003873715233171241,0.004142586131060924,cpd00033_e0,import
S229C71_Roseburia_intestinalis,ERR1620325_sub,1e-06,EX_cpd00051_e0,-0.00942407914843411,0.004142586131060924,cpd00051_e0,import
S229C71_Roseburia_intestinalis,ERR1620325_sub,1e-06,EX_cpd00794_e0,-0.06114269310361278,0.004142586131060924,cpd00794_e0,import
S229C71_Roseburia_intestinalis,ERR1620325_sub,1e-06,EX_cpd00065_e0,-0.0005034772899836418,0.004142586131060924,cpd00065_e0,import
S229C71_Roseburia_intestinalis,ERR1620325_sub,1e-06,EX_cpd00119_e0,-0.0007571087067423188,0.004142586131060924,cpd00119_e0,import
S259C2_Dialister_hominis,ERR1620325_sub,1e-06,EX_cpd00082_e0,-0.16683206569673548,0.08058475633108804,cpd00082_e0,import
S259C2_Dialister_hominis,ERR1620325_sub,1e-06,EX_cpd00025_e0,0.0006087630813671391,0.08058475633108804,cpd00025_e0,export
S259C2_Dialister_hominis,ERR1620325_sub,1e-06,EX_cpd00324_e0,0.08290577567678326,0.08058475633108804,cpd00324_e0,export
S259C2_Dialister_hominis,ERR1620325_sub,1e-06,EX_cpd10515_e0,-0.0017338927180836285,0.08058475633108804,cpd10515_e0,import
S259C2_Dialister_hominis,ERR1620325_sub,1e-06,EX_cpd00311_e0,-1.4980326394573085,0.08058475633108804,cpd00311_e0,import
S259C2_Dialister_hominis,ERR1620325_sub,1e-06,EX_cpd00058_e0,-0.0011251296367164893,0.08058475633108804,cpd00058_e0,import
S259C2_Dialister_hominis,ERR1620325_sub,1e-06,EX_cpd00060_e0,-0.02311161160418239,0.08058475633108804,cpd00060_e0,import
S259C2_Dialister_hominis,ERR1620325_sub,1e-06,EX_cpd00039_e0,-0.015743182678975492,0.08058475633108804,cpd00039_e0,import
S259C2_Dialister_hominis,ERR1620325_sub,1e-06,EX_cpd00367_e0,-0.8973466656271853,0.08058475633108804,cpd00367_e0,import
S259C2_Dialister_hominis,ERR1620325_sub,1e-06,EX_cpd00099_e0,-0.0011251296367164893,0.08058475633108804,cpd00099_e0,import
S259C2_Dialister_hominis,ERR1620325_sub,1e-06,EX_cpd10516_e0,-0.0011251296367164893,0.08058475633108804,cpd10516_e0,import
S259C2_Dialister_hominis,ERR1620325_sub,1e-06,EX_cpd00009_e0,-0.1178285136717982,0.08058475633108804,cpd00009_e0,import
S259C2_Dialister_hominis,ERR1620325_sub,1e-06,EX_cpd00322_e0,-0.055378511128884526,0.08058475633108804,cpd00322_e0,import
S259C2_Dialister_hominis,ERR1620325_sub,1e-06,EX_cpd00028_e0,-0.0006087630813671391,0.08058475633108804,cpd00028_e0,import
S259C2_Dialister_hominis,ERR1620325_sub,1e-06,EX_cpd00034_e0,-0.0011251296367164893,0.08058475633108804,cpd00034_e0,import
S259C2_Dialister_hominis,ERR1620325_sub,1e-06,EX_cpd00149_e0,-0.0011251296367164893,0.08058475633108804,cpd00149_e0,import
S259C2_Dialister_hominis,ERR1620325_sub,1e-06,EX_cpd00363_e0,0.4912212865596654,0.08058475633108804,cpd00363_e0,export
S259C2_Dialister_hominis,ERR1620325_sub,1e-06,EX_cpd00092_e0,0.8490812123845648,0.08058475633108804,cpd00092_e0,export
S259C2_Dialister_hominis,ERR1620325_sub,1e-06,EX_cpd00071_e0,-0.4912212865596654,0.08058475633108804,cpd00071_e0,import
S259C2_Dialister_hominis,ERR1620325_sub,1e-06,EX_cpd00029_e0,0.004256895788683946,0.08058475633108804,cpd00029_e0,export
S259C2_Dialister_hominis,ERR1620325_sub,1e-06,EX_cpd00048_e0,-0.0011251296367164893,0.08058475633108804,cpd00048_e0,import
S259C2_Dialister_hominis,ERR1620325_sub,1e-06,EX_cpd00205_e0,-0.0011251296367164893,0.08058475633108804,cpd00205_e0,import
S259C2_Dialister_hominis,ERR1620325_sub,1e-06,EX_cpd00010_e0,-0.0012175261627343503,0.08058475633108804,cpd00010_e0,import
S259C2_Dialister_hominis,ERR1620325_sub,1e-06,EX_cpd00309_e0,1.4980326394573085,0.08058475633108804,cpd00309_e0,export
S259C2_Dialister_hominis,ERR1620325_sub,1e-06,EX_cpd00011_e0,0.4581585363257587,0.08058475633108804,cpd00011_e0,export
S259C2_Dialister_hominis,ERR1620325_sub,1e-06,EX_cpd00132_e0,-0.03529556377893631,0.08058475633108804,cpd00132_e0,import
S259C2_Dialister_hominis,ERR1620325_sub,1e-06,EX_cpd00239_e0,-0.08290577567678326,0.08058475633108804,cpd00239_e0,import
S259C2_Dialister_hominis,ERR1620325_sub,1e-06,EX_cpd00182_e0,-0.0670671676537259,0.08058475633108804,cpd00182_e0,import
S259C2_Dialister_hominis,ERR1620325_sub,1e-06,EX_cpd00069_e0,-0.020190912030745318,0.08058475633108804,cpd00069_e0,import
S259C2_Dialister_hominis,ERR1620325_sub,1e-06,EX_cpd00054_e0,-0.12616796873918296,0.08058475633108804,cpd00054_e0,import
S259C2_Dialister_hominis,ERR1620325_sub,1e-06,EX_cpd00007_e0,-0.0006087630813671391,0.08058475633108804,cpd00007_e0,import
S259C2_Dialister_hominis,ERR1620325_sub,1e-06,EX_cpd00106_e0,0.6859486944297711,0.08058475633108804,cpd00106_e0,export
S259C2_Dialister_hominis,ERR1620325_sub,1e-06,EX_cpd00084_e0,-0.014626757816740658,0.08058475633108804,cpd00084_e0,import
S259C2_Dialister_hominis,ERR1620325_sub,1e-06,EX_cpd00448_e0,0.004814579878048232,0.08058475633108804,cpd00448_e0,export
S259C2_Dialister_hominis,ERR1620325_sub,1e-06,EX_cpd00161_e0,-0.03714511297259242,0.08058475633108804,cpd00161_e0,import
S259C2_Dialister_hominis,ERR1620325_sub,1e-06,EX_cpd00220_e0,-0.0012175261627342781,0.08058475633108804,cpd00220_e0,import
S259C2_Dialister_hominis,ERR1620325_sub,1e-06,EX_cpd00053_e0,-0.08467186536231497,0.08058475633108804,cpd00053_e0,import
S259C2_Dialister_hominis,ERR1620325_sub,1e-06,EX_cpd00254_e0,-0.0011251296367164893,0.08058475633108804,cpd00254_e0,import
S259C2_Dialister_hominis,ERR1620325_sub,1e-06,EX_cpd00067_e0,0.9535851325477219,0.08058475633108804,cpd00067_e0,export
S259C2_Dialister_hominis,ERR1620325_sub,1e-06,EX_cpd00041_e0,-0.7585767694591151,0.08058475633108804,cpd00041_e0,import
S259C2_Dialister_hominis,ERR1620325_sub,1e-06,EX_cpd00066_e0,-0.027126721506955425,0.08058475633108804,cpd00066_e0,import
S259C2_Dialister_hominis,ERR1620325_sub,1e-06,EX_cpd00064_e0,-0.0012175261627342781,0.08058475633108804,cpd00064_e0,import
S259C2_Dialister_hominis,ERR1620325_sub,1e-06,EX_cpd00055_e0,-0.07840674691299182,0.08058475633108804,cpd00055_e0,import
S259C2_Dialister_hominis,ERR1620325_sub,1e-06,EX_cpd00020_e0,0.6294903553032541,0.08058475633108804,cpd00020_e0,export
S259C2_Dialister_hominis,ERR1620325_sub,1e-06,EX_cpd00393_e0,-0.001826289244101417,0.08058475633108804,cpd00393_e0,import
S259C2_Dialister_hominis,ERR1620325_sub,1e-06,EX_cpd00129_e0,-0.032367110888980914,0.08058475633108804,cpd00129_e0,import
S259C2_Dialister_hominis,ERR1620325_sub,1e-06,EX_cpd00030_e0,-0.0011251296367164893,0.08058475633108804,cpd00030_e0,import
S259C2_Dialister_hominis,ERR1620325_sub,1e-06,EX_cpd00063_e0,-0.0011251296367164893,0.08058475633108804,cpd00063_e0,import
S259C2_Dialister_hominis,ERR1620325_sub,1e-06,EX_cpd00080_e0,-0.03370205914633762,0.08058475633108804,cpd00080_e0,import
S259C2_Dialister_hominis,ERR1620325_sub,1e-06,EX_cpd00107_e0,-0.07880613424852774,0.08058475633108804,cpd00107_e0,import
S259C2_Dialister_hominis,ERR1620325_sub,1e-06,EX_cpd00137_e0,-0.0011251296367164893,0.08058475633108804,cpd00137_e0,import
S259C2_Dialister_hominis,ERR1620325_sub,1e-06,EX_cpd00156_e0,-0.06195989798747775,0.08058475633108804,cpd00156_e0,import
S259C2_Dialister_hominis,ERR1620325_sub,1e-06,EX_cpd00033_e0,-0.0017725016669095789,0.08058475633108804,cpd00033_e0,import
S259C2_Dialister_hominis,ERR1620325_sub,1e-06,EX_cpd00051_e0,-0.04331027695144588,0.08058475633108804,cpd00051_e0,import
S259C2_Dialister_hominis,ERR1620325_sub,1e-06,EX_cpd00116_e0,0.07840674691299182,0.08058475633108804,cpd00116_e0,export
S259C2_Dialister_hominis,ERR1620325_sub,1e-06,EX_cpd00035_e0,3.0018594626724284,0.08058475633108804,cpd00035_e0,export
S259C2_Dialister_hominis,ERR1620325_sub,1e-06,EX_cpd00065_e0,-0.008322971371452222,0.08058475633108804,cpd00065_e0,import
S259C2_Dialister_hominis,ERR1620325_sub,1e-06,EX_cpd00119_e0,-0.013871618952420416,0.08058475633108804,cpd00119_e0,import
S287C140_Eisenbergiella_sp900066775,ERR1620325_sub,1e-06,EX_cpd00076_e0,-0.001482927622950856,0.0023946277386586185,cpd00076_e0,import
S287C140_Eisenbergiella_sp900066775,ERR1620325_sub,1e-06,EX_cpd10515_e0,-5.7100974191185416e-05,0.0023946277386586185,cpd10515_e0,import
S287C140_Eisenbergiella_sp900066775,ERR1620325_sub,1e-06,EX_cpd00311_e0,-0.012752463225226074,0.0023946277386586185,cpd00311_e0,import
S287C140_Eisenbergiella_sp900066775,ERR1620325_sub,1e-06,EX_cpd00305_e0,-2.3672476545772834e-05,0.0023946277386586185,cpd00305_e0,import
S287C140_Eisenbergiella_sp900066775,ERR1620325_sub,1e-06,EX_cpd00058_e0,-3.342849764541258e-05,0.0023946277386586185,cpd00058_e0,import
S287C140_Eisenbergiella_sp900066775,ERR1620325_sub,1e-06,EX_cpd00060_e0,-0.0006272682706917153,0.0023946277386586185,cpd00060_e0,import
S287C140_Eisenbergiella_sp900066775,ERR1620325_sub,1e-06,EX_cpd00367_e0,-0.03886287291216367,0.0023946277386586185,cpd00367_e0,import
S287C140_Eisenbergiella_sp900066775,ERR1620325_sub,1e-06,EX_cpd00099_e0,-3.342849764541258e-05,0.0023946277386586185,cpd00099_e0,import
S287C140_Eisenbergiella_sp900066775,ERR1620325_sub,1e-06,EX_cpd10516_e0,-3.342849764541258e-05,0.0023946277386586185,cpd10516_e0,import
S287C140_Eisenbergiella_sp900066775,ERR1620325_sub,1e-06,EX_cpd00009_e0,-0.0015397909401035758,0.0023946277386586185,cpd00009_e0,import
S287C140_Eisenbergiella_sp900066775,ERR1620325_sub,1e-06,EX_cpd00028_e0,-2.3672476545772834e-05,0.0023946277386586185,cpd00028_e0,import
S287C140_Eisenbergiella_sp900066775,ERR1620325_sub,1e-06,EX_cpd00034_e0,-3.342849764541258e-05,0.0023946277386586185,cpd00034_e0,import
S287C140_Eisenbergiella_sp900066775,ERR1620325_sub,1e-06,EX_cpd00149_e0,-3.342849764541258e-05,0.0023946277386586185,cpd00149_e0,import
S287C140_Eisenbergiella_sp900066775,ERR1620325_sub,1e-06,EX_cpd00092_e0,-0.0005759716642667377,0.0023946277386586185,cpd00092_e0,import
S287C140_Eisenbergiella_sp900066775,ERR1620325_sub,1e-06,EX_cpd00023_e0,-0.0006321742757938774,0.0023946277386586185,cpd00023_e0,import
S287C140_Eisenbergiella_sp900066775,ERR1620325_sub,1e-06,EX_cpd00048_e0,-3.3428497645413e-05,0.0023946277386586185,cpd00048_e0,import
S287C140_Eisenbergiella_sp900066775,ERR1620325_sub,1e-06,EX_cpd00205_e0,-3.342849764541258e-05,0.0023946277386586185,cpd00205_e0,import
S287C140_Eisenbergiella_sp900066775,ERR1620325_sub,1e-06,EX_cpd00309_e0,0.012326148024443649,0.0023946277386586185,cpd00309_e0,export
S287C140_Eisenbergiella_sp900066775,ERR1620325_sub,1e-06,EX_cpd00011_e0,0.07440467256711779,0.0023946277386586185,cpd00011_e0,export
S287C140_Eisenbergiella_sp900066775,ERR1620325_sub,1e-06,EX_cpd00132_e0,-0.0007888147201474017,0.0023946277386586185,cpd00132_e0,import
S287C140_Eisenbergiella_sp900066775,ERR1620325_sub,1e-06,EX_cpd00239_e0,-0.00037390484980441736,0.0023946277386586185,cpd00239_e0,import
S287C140_Eisenbergiella_sp900066775,ERR1620325_sub,1e-06,EX_cpd00182_e0,-0.0004499636559019264,0.0023946277386586185,cpd00182_e0,import
S287C140_Eisenbergiella_sp900066775,ERR1620325_sub,1e-06,EX_cpd00069_e0,-0.0005905215170164235,0.0023946277386586185,cpd00069_e0,import
S287C140_Eisenbergiella_sp900066775,ERR1620325_sub,1e-06,EX_cpd00526_e0,0.057727327681949464,0.0023946277386586185,cpd00526_e0,export
S287C140_Eisenbergiella_sp900066775,ERR1620325_sub,1e-06,EX_cpd00054_e0,-0.0017825335415359012,0.0023946277386586185,cpd00054_e0,import
S287C140_Eisenbergiella_sp900066775,ERR1620325_sub,1e-06,EX_cpd00161_e0,-0.0028197686936437026,0.0023946277386586185,cpd00161_e0,import
S287C140_Eisenbergiella_sp900066775,ERR1620325_sub,1e-06,EX_cpd00216_e0,-0.0009369898609485738,0.0023946277386586185,cpd00216_e0,import
S287C140_Eisenbergiella_sp900066775,ERR1620325_sub,1e-06,EX_cpd00220_e0,-4.7344953091546785e-05,0.0023946277386586185,cpd00220_e0,import
S287C140_Eisenbergiella_sp900066775,ERR1620325_sub,1e-06,EX_cpd00053_e0,-0.0023656549483140384,0.0023946277386586185,cpd00053_e0,import
S287C140_Eisenbergiella_sp900066775,ERR1620325_sub,1e-06,EX_cpd23431_e0,-0.057727327681949464,0.0023946277386586185,cpd23431_e0,import
S287C140_Eisenbergiella_sp900066775,ERR1620325_sub,1e-06,EX_cpd00254_e0,-3.342849764541258e-05,0.0023946277386586185,cpd00254_e0,import
S287C140_Eisenbergiella_sp900066775,ERR1620325_sub,1e-06,EX_cpd00644_e0,-4.73449530915479e-05,0.0023946277386586185,cpd00644_e0,import
S287C140_Eisenbergiella_sp900066775,ERR1620325_sub,1e-06,EX_cpd00067_e0,0.02048632785662761,0.0023946277386586185,cpd00067_e0,export
S287C140_Eisenbergiella_sp900066775,ERR1620325_sub,1e-06,EX_cpd00307_e0,0.03886287291216367,0.0023946277386586185,cpd00307_e0,export
S287C140_Eisenbergiella_sp900066775,ERR1620325_sub,1e-06,EX_cpd00064_e0,-4.734495309154567e-05,0.0023946277386586185,cpd00064_e0,import
S287C140_Eisenbergiella_sp900066775,ERR1620325_sub,1e-06,EX_cpd00393_e0,-7.10174296373185e-05,0.0023946277386586185,cpd00393_e0,import
S287C140_Eisenbergiella_sp900066775,ERR1620325_sub,1e-06,EX_cpd00129_e0,-0.0008563651519832284,0.0023946277386586185,cpd00129_e0,import
S287C140_Eisenbergiella_sp900066775,ERR1620325_sub,1e-06,EX_cpd00030_e0,-3.342849764541258e-05,0.0023946277386586185,cpd00030_e0,import
S287C140_Eisenbergiella_sp900066775,ERR1620325_sub,1e-06,EX_cpd00063_e0,-3.342849764541258e-05,0.0023946277386586185,cpd00063_e0,import
S287C140_Eisenbergiella_sp900066775,ERR1620325_sub,1e-06,EX_cpd00080_e0,-0.004608622836315329,0.0023946277386586185,cpd00080_e0,import
S287C140_Eisenbergiella_sp900066775,ERR1620325_sub,1e-06,EX_cpd00107_e0,-0.0022357843151920367,0.0023946277386586185,cpd00107_e0,import
S287C140_Eisenbergiella_sp900066775,ERR1620325_sub,1e-06,EX_cpd00211_e0,0.030319926582020366,0.0023946277386586185,cpd00211_e0,export
S287C140_Eisenbergiella_sp900066775,ERR1620325_sub,1e-06,EX_cpd00033_e0,-0.00206409251670996,0.0023946277386586185,cpd00033_e0,import
S287C140_Eisenbergiella_sp900066775,ERR1620325_sub,1e-06,EX_cpd00051_e0,-0.001028509800855178,0.0023946277386586185,cpd00051_e0,import
S287C140_Eisenbergiella_sp900066775,ERR1620325_sub,1e-06,EX_cpd00035_e0,0.0034807636283055777,0.0023946277386586185,cpd00035_e0,export
S287C140_Eisenbergiella_sp900066775,ERR1620325_sub,1e-06,EX_cpd00065_e0,-0.00028981314303758144,0.0023946277386586185,cpd00065_e0,import
S287C140_Eisenbergiella_sp900066775,ERR1620325_sub,1e-06,EX_cpd00119_e0,-0.00043580923765049857,0.0023946277386586185,cpd00119_e0,import
S295C10_CAG_217_sp000436335,ERR1620325_sub,1e-06,EX_cpd00082_e0,-0.19783717447049137,0.006652889636399013,cpd00082_e0,import
S295C10_CAG_217_sp000436335,ERR1620325_sub,1e-06,EX_cpd10515_e0,-0.00015866293822930458,0.006652889636399013,cpd10515_e0,import
S295C10_CAG_217_sp000436335,ERR1620325_sub,1e-06,EX_cpd00311_e0,-0.0013819073586293776,0.006652889636399013,cpd00311_e0,import
S295C10_CAG_217_sp000436335,ERR1620325_sub,1e-06,EX_cpd00305_e0,-6.577724350798231e-05,0.006652889636399013,cpd00305_e0,import
S295C10_CAG_217_sp000436335,ERR1620325_sub,1e-06,EX_cpd00058_e0,-9.288569472132227e-05,0.006652889636399013,cpd00058_e0,import
S295C10_CAG_217_sp000436335,ERR1620325_sub,1e-06,EX_cpd00060_e0,-0.0016771742261593378,0.006652889636399013,cpd00060_e0,import
S295C10_CAG_217_sp000436335,ERR1620325_sub,1e-06,EX_cpd00001_e0,-0.023041201351142848,0.006652889636399013,cpd00001_e0,import
S295C10_CAG_217_sp000436335,ERR1620325_sub,1e-06,EX_cpd00264_e0,-6.577724350798231e-05,0.006652889636399013,cpd00264_e0,import
S295C10_CAG_217_sp000436335,ERR1620325_sub,1e-06,EX_cpd00099_e0,-9.288569472132227e-05,0.006652889636399013,cpd00099_e0,import
S295C10_CAG_217_sp000436335,ERR1620325_sub,1e-06,EX_cpd10516_e0,-9.288569472132227e-05,0.006652889636399013,cpd10516_e0,import
S295C10_CAG_217_sp000436335,ERR1620325_sub,1e-06,EX_cpd00013_e0,-0.02056557510884974,0.006652889636399013,cpd00013_e0,import
S295C10_CAG_217_sp000436335,ERR1620325_sub,1e-06,EX_cpd00009_e0,0.03223219980292735,0.006652889636399013,cpd00009_e0,export
S295C10_CAG_217_sp000436335,ERR1620325_sub,1e-06,EX_cpd00322_e0,-0.004942582077122953,0.006652889636399013,cpd00322_e0,import
S295C10_CAG_217_sp000436335,ERR1620325_sub,1e-06,EX_cpd00028_e0,-6.577724350798231e-05,0.006652889636399013,cpd00028_e0,import
S295C10_CAG_217_sp000436335,ERR1620325_sub,1e-06,EX_cpd00034_e0,-9.288569472132227e-05,0.006652889636399013,cpd00034_e0,import
S295C10_CAG_217_sp000436335,ERR1620325_sub,1e-06,EX_cpd00149_e0,-9.288569472132227e-05,0.006652889636399013,cpd00149_e0,import
S295C10_CAG_217_sp000436335,ERR1620325_sub,1e-06,EX_cpd00092_e0,-0.0016004167684321275,0.006652889636399013,cpd00092_e0,import
S295C10_CAG_217_sp000436335,ERR1620325_sub,1e-06,EX_cpd00029_e0,0.24453289392303457,0.006652889636399013,cpd00029_e0,export
S295C10_CAG_217_sp000436335,ERR1620325_sub,1e-06,EX_cpd00048_e0,-9.288569472132227e-05,0.006652889636399013,cpd00048_e0,import
S295C10_CAG_217_sp000436335,ERR1620325_sub,1e-06,EX_cpd00205_e0,-9.288569472132227e-05,0.006652889636399013,cpd00205_e0,import
S295C10_CAG_217_sp000436335,ERR1620325_sub,1e-06,EX_cpd00132_e0,-0.0021918305771468512,0.006652889636399013,cpd00132_e0,import
S295C10_CAG_217_sp000436335,ERR1620325_sub,1e-06,EX_cpd00182_e0,-0.0010529543942405276,0.006652889636399013,cpd00182_e0,import
S295C10_CAG_217_sp000436335,ERR1620325_sub,1e-06,EX_cpd00069_e0,-0.0016408455425602076,0.006652889636399013,cpd00069_e0,import
S295C10_CAG_217_sp000436335,ERR1620325_sub,1e-06,EX_cpd00047_e0,0.19757756511869826,0.006652889636399013,cpd00047_e0,export
S295C10_CAG_217_sp000436335,ERR1620325_sub,1e-06,EX_cpd00526_e0,0.26800386696988704,0.006652889636399013,cpd00526_e0,export
S295C10_CAG_217_sp000436335,ERR1620325_sub,1e-06,EX_cpd00054_e0,-0.003666486628945023,0.006652889636399013,cpd00054_e0,import
S295C10_CAG_217_sp000436335,ERR1620325_sub,1e-06,EX_cpd00106_e0,0.07629867105830201,0.006652889636399013,cpd00106_e0,export
S295C10_CAG_217_sp000436335,ERR1620325_sub,1e-06,EX_cpd00084_e0,-0.0009073917468875721,0.006652889636399013,cpd00084_e0,import
S295C10_CAG_217_sp000436335,ERR1620325_sub,1e-06,EX_cpd00161_e0,-0.002760979953533053,0.006652889636399013,cpd00161_e0,import
S295C10_CAG_217_sp000436335,ERR1620325_sub,1e-06,EX_cpd00216_e0,-0.002800887388460822,0.006652889636399013,cpd00216_e0,import
S295C10_CAG_217_sp000436335,ERR1620325_sub,1e-06,EX_cpd00220_e0,-0.00013155448701596462,0.006652889636399013,cpd00220_e0,import
S295C10_CAG_217_sp000436335,ERR1620325_sub,1e-06,EX_cpd00053_e0,-0.008461436765628005,0.006652889636399013,cpd00053_e0,import
S295C10_CAG_217_sp000436335,ERR1620325_sub,1e-06,EX_cpd23431_e0,-0.26800386696988704,0.006652889636399013,cpd23431_e0,import
S295C10_CAG_217_sp000436335,ERR1620325_sub,1e-06,EX_cpd00254_e0,-9.288569472132227e-05,0.006652889636399013,cpd00254_e0,import
S295C10_CAG_217_sp000436335,ERR1620325_sub,1e-06,EX_cpd00644_e0,-0.00013155448701596129,0.006652889636399013,cpd00644_e0,import
S295C10_CAG_217_sp000436335,ERR1620325_sub,1e-06,EX_cpd00067_e0,0.6156662116647847,0.006652889636399013,cpd00067_e0,export
S295C10_CAG_217_sp000436335,ERR1620325_sub,1e-06,EX_cpd00017_e0,-0.00019733173052394692,0.006652889636399013,cpd00017_e0,import
S295C10_CAG_217_sp000436335,ERR1620325_sub,1e-06,EX_cpd00129_e0,-0.002379528775742298,0.006652889636399013,cpd00129_e0,import
S295C10_CAG_217_sp000436335,ERR1620325_sub,1e-06,EX_cpd00030_e0,-9.288569472132227e-05,0.006652889636399013,cpd00030_e0,import
S295C10_CAG_217_sp000436335,ERR1620325_sub,1e-06,EX_cpd00063_e0,-9.288569472132227e-05,0.006652889636399013,cpd00063_e0,import
S295C10_CAG_217_sp000436335,ERR1620325_sub,1e-06,EX_cpd00107_e0,-0.0062124353169113215,0.006652889636399013,cpd00107_e0,import
S295C10_CAG_217_sp000436335,ERR1620325_sub,1e-06,EX_cpd00122_e0,-0.002650626310995911,0.006652889636399013,cpd00122_e0,import
S295C10_CAG_217_sp000436335,ERR1620325_sub,1e-06,EX_cpd00033_e0,-0.005917171332237366,0.006652889636399013,cpd00033_e0,import
S295C10_CAG_217_sp000436335,ERR1620325_sub,1e-06,EX_cpd00051_e0,-0.0028578564431307072,0.006652889636399013,cpd00051_e0,import
S295C10_CAG_217_sp000436335,ERR1620325_sub,1e-06,EX_cpd00065_e0,-0.0008052858197804734,0.006652889636399013,cpd00065_e0,import
S295C10_CAG_217_sp000436335,ERR1620325_sub,1e-06,EX_cpd00119_e0,-0.001210956119970637,0.006652889636399013,cpd00119_e0,import
S295C10_CAG_217_sp000436335,ERR1620325_sub,1e-06,EX_cpd00012_e0,-0.024658208061911505,0.006652889636399013,cpd00012_e0,import
S308C5742_Prevotella_sp900552515,ERR1620325_sub,1e-06,EX_cpd00324_e0,0.0013886709984405397,0.0020665545401484116,cpd00324_e0,export
S308C5742_Prevotella_sp900552515,ERR1620325_sub,1e-06,EX_cpd00036_e0,0.03575288356622609,0.0020665545401484116,cpd00036_e0,export
S308C5742_Prevotella_sp900552515,ERR1620325_sub,1e-06,EX_cpd10515_e0,-4.445647606879407e-05,0.0020665545401484116,cpd10515_e0,import
S308C5742_Prevotella_sp900552515,ERR1620325_sub,1e-06,EX_cpd00311_e0,-0.0009519216056427813,0.0020665545401484116,cpd00311_e0,import
S308C5742_Prevotella_sp900552515,ERR1620325_sub,1e-06,EX_cpd00305_e0,-1.56084981937494e-05,0.0020665545401484116,cpd00305_e0,import
S308C5742_Prevotella_sp900552515,ERR1620325_sub,1e-06,EX_cpd00058_e0,-2.8847977875044665e-05,0.0020665545401484116,cpd00058_e0,import
S308C5742_Prevotella_sp900552515,ERR1620325_sub,1e-06,EX_cpd00060_e0,-0.002012462608860786,0.0020665545401484116,cpd00060_e0,import
S308C5742_Prevotella_sp900552515,ERR1620325_sub,1e-06,EX_cpd01741_e0,-0.0002728637472538403,0.0020665545401484116,cpd01741_e0,import
S308C5742_Prevotella_sp900552515,ERR1620325_sub,1e-06,EX_cpd00001_e0,0.040981923924534536,0.0020665545401484116,cpd00001_e0,export
S308C5742_Prevotella_sp900552515,ERR1620325_sub,1e-06,EX_cpd03847_e0,-5.457274945076805e-05,0.0020665545401484116,cpd03847_e0,import
S308C5742_Prevotella_sp900552515,ERR1620325_sub,1e-06,EX_cpd00039_e0,-0.0012882942038596852,0.0020665545401484116,cpd00039_e0,import
S308C5742_Prevotella_sp900552515,ERR1620325_sub,1e-06,EX_cpd00367_e0,-0.0018301783556418155,0.0020665545401484116,cpd00367_e0,import
S308C5742_Prevotella_sp900552515,ERR1620325_sub,1e-06,EX_cpd00099_e0,-2.8847977875044665e-05,0.0020665545401484116,cpd00099_e0,import
S308C5742_Prevotella_sp900552515,ERR1620325_sub,1e-06,EX_cpd10516_e0,-2.8847977875044665e-05,0.0020665545401484116,cpd10516_e0,import
S308C5742_Prevotella_sp900552515,ERR1620325_sub,1e-06,EX_cpd00013_e0,0.03156561076521286,0.0020665545401484116,cpd00013_e0,export
S308C5742_Prevotella_sp900552515,ERR1620325_sub,1e-06,EX_cpd00028_e0,-1.56084981937494e-05,0.0020665545401484116,cpd00028_e0,import
S308C5742_Prevotella_sp900552515,ERR1620325_sub,1e-06,EX_cpd00034_e0,-2.8847977875044665e-05,0.0020665545401484116,cpd00034_e0,import
S308C5742_Prevotella_sp900552515,ERR1620325_sub,1e-06,EX_cpd00149_e0,-2.8847977875044665e-05,0.0020665545401484116,cpd00149_e0,import
S308C5742_Prevotella_sp900552515,ERR1620325_sub,1e-06,EX_cpd00092_e0,0.0005926669775436406,0.0020665545401484116,cpd00092_e0,export
S308C5742_Prevotella_sp900552515,ERR1620325_sub,1e-06,EX_cpd00023_e0,-0.037841833821719496,0.0020665545401484116,cpd00023_e0,import
S308C5742_Prevotella_sp900552515,ERR1620325_sub,1e-06,EX_cpd00029_e0,0.0001091454989015361,0.0020665545401484116,cpd00029_e0,export
S308C5742_Prevotella_sp900552515,ERR1620325_sub,1e-06,EX_cpd00048_e0,-2.8847977875044665e-05,0.0020665545401484116,cpd00048_e0,import
S308C5742_Prevotella_sp900552515,ERR1620325_sub,1e-06,EX_cpd00205_e0,-2.8847977875044665e-05,0.0020665545401484116,cpd00205_e0,import
S308C5742_Prevotella_sp900552515,ERR1620325_sub,1e-06,EX_cpd00010_e0,-3.1216996387502596e-05,0.0020665545401484116,cpd00010_e0,import
S308C5742_Prevotella_sp900552515,ERR1620325_sub,1e-06,EX_cpd00011_e0,0.051334284910799804,0.0020665545401484116,cpd00011_e0,export
S308C5742_Prevotella_sp900552515,ERR1620325_sub,1e-06,EX_cpd00132_e0,-0.000904967400870759,0.0020665545401484116,cpd00132_e0,import
S308C5742_Prevotella_sp900552515,ERR1620325_sub,1e-06,EX_cpd00239_e0,0.0009647849996374553,0.0020665545401484116,cpd00239_e0,export
S308C5742_Prevotella_sp900552515,ERR1620325_sub,1e-06,EX_cpd00182_e0,-0.0008144854424587421,0.0020665545401484116,cpd00182_e0,import
S308C5742_Prevotella_sp900552515,ERR1620325_sub,1e-06,EX_cpd00069_e0,-0.0005176887751706112,0.0020665545401484116,cpd00069_e0,import
S308C5742_Prevotella_sp900552515,ERR1620325_sub,1e-06,EX_cpd00007_e0,-0.03824698202408271,0.0020665545401484116,cpd00007_e0,import
S308C5742_Prevotella_sp900552515,ERR1620325_sub,1e-06,EX_cpd00084_e0,-0.00129298507732037,0.0020665545401484116,cpd00084_e0,import
S308C5742_Prevotella_sp900552515,ERR1620325_sub,1e-06,EX_cpd00448_e0,-0.0007406660846917239,0.0020665545401484116,cpd00448_e0,import
S308C5742_Prevotella_sp900552515,ERR1620325_sub,1e-06,EX_cpd00161_e0,-0.0009523892734054725,0.0020665545401484116,cpd00161_e0,import
S308C5742_Prevotella_sp900552515,ERR1620325_sub,1e-06,EX_cpd00220_e0,-3.12169963874988e-05,0.0020665545401484116,cpd00220_e0,import
S308C5742_Prevotella_sp900552515,ERR1620325_sub,1e-06,EX_cpd00254_e0,-2.8847977875044665e-05,0.0020665545401484116,cpd00254_e0,import
S308C5742_Prevotella_sp900552515,ERR1620325_sub,1e-06,EX_cpd00067_e0,0.00046873389932190355,0.0020665545401484116,cpd00067_e0,export
S308C5742_Prevotella_sp900552515,ERR1620325_sub,1e-06,EX_cpd00208_e0,-0.0002182909978030722,0.0020665545401484116,cpd00208_e0,import
S308C5742_Prevotella_sp900552515,ERR1620325_sub,1e-06,EX_cpd00066_e0,-0.00069552079717578,0.0020665545401484116,cpd00066_e0,import
S308C5742_Prevotella_sp900552515,ERR1620325_sub,1e-06,EX_cpd00064_e0,-3.12169963874988e-05,0.0020665545401484116,cpd00064_e0,import
S308C5742_Prevotella_sp900552515,ERR1620325_sub,1e-06,EX_cpd00185_e0,-0.00016371824835230414,0.0020665545401484116,cpd00185_e0,import
S308C5742_Prevotella_sp900552515,ERR1620325_sub,1e-06,EX_cpd11606_e0,-3.121699638750086e-05,0.0020665545401484116,cpd11606_e0,import
S308C5742_Prevotella_sp900552515,ERR1620325_sub,1e-06,EX_cpd00129_e0,-0.0008298827693574649,0.0020665545401484116,cpd00129_e0,import
S308C5742_Prevotella_sp900552515,ERR1620325_sub,1e-06,EX_cpd00030_e0,-2.8847977875044665e-05,0.0020665545401484116,cpd00030_e0,import
S308C5742_Prevotella_sp900552515,ERR1620325_sub,1e-06,EX_cpd00063_e0,-2.8847977875044665e-05,0.0020665545401484116,cpd00063_e0,import
S308C5742_Prevotella_sp900552515,ERR1620325_sub,1e-06,EX_cpd11451_e0,3.121699638750086e-05,0.0020665545401484116,cpd11451_e0,export
S308C5742_Prevotella_sp900552515,ERR1620325_sub,1e-06,EX_cpd00156_e0,-0.0015886327299128617,0.0020665545401484116,cpd00156_e0,import
S308C5742_Prevotella_sp900552515,ERR1620325_sub,1e-06,EX_cpd00033_e0,-0.002393611807096045,0.0020665545401484116,cpd00033_e0,import
S308C5742_Prevotella_sp900552515,ERR1620325_sub,1e-06,EX_cpd00051_e0,-0.0011104621818545123,0.0020665545401484116,cpd00051_e0,import
S308C5742_Prevotella_sp900552515,ERR1620325_sub,1e-06,EX_cpd00794_e0,-0.004823485175240673,0.0020665545401484116,cpd00794_e0,import
S308C5742_Prevotella_sp900552515,ERR1620325_sub,1e-06,EX_cpd00065_e0,-0.00021339842640620492,0.0020665545401484116,cpd00065_e0,import
S308C5742_Prevotella_sp900552515,ERR1620325_sub,1e-06,EX_cpd00119_e0,-0.00048449987190571267,0.0020665545401484116,cpd00119_e0,import
S308C5742_Prevotella_sp900552515,ERR1620325_sub,1e-06,EX_cpd00012_e0,-0.001942598643480533,0.0020665545401484116,cpd00012_e0,import
S347C405_Holdemanella_sp003436425,ERR1620325_sub,1e-06,EX_cpd00076_e0,-0.045026214319274,0.008556940629621807,cpd00076_e0,import
S347C405_Holdemanella_sp003436425,ERR1620325_sub,1e-06,EX_cpd10515_e0,-0.0002040753545860059,0.008556940629621807,cpd10515_e0,import
S347C405_Holdemanella_sp003436425,ERR1620325_sub,1e-06,EX_cpd00058_e0,-0.00011947138567940802,0.008556940629621807,cpd00058_e0,import
S347C405_Holdemanella_sp003436425,ERR1620325_sub,1e-06,EX_cpd00060_e0,-0.002411025990397721,0.008556940629621807,cpd00060_e0,import
S347C405_Holdemanella_sp003436425,ERR1620325_sub,1e-06,EX_cpd00001_e0,-0.15231674650416255,0.008556940629621807,cpd00001_e0,import
S347C405_Holdemanella_sp003436425,ERR1620325_sub,1e-06,EX_cpd00039_e0,-0.006152343415543526,0.008556940629621807,cpd00039_e0,import
S347C405_Holdemanella_sp003436425,ERR1620325_sub,1e-06,EX_cpd00264_e0,-8.460396890659787e-05,0.008556940629621807,cpd00264_e0,import
S347C405_Holdemanella_sp003436425,ERR1620325_sub,1e-06,EX_cpd00367_e0,-0.002058487149854458,0.008556940629621807,cpd00367_e0,import
S347C405_Holdemanella_sp003436425,ERR1620325_sub,1e-06,EX_cpd00099_e0,-0.00011947138567940802,0.008556940629621807,cpd00099_e0,import
S347C405_Holdemanella_sp003436425,ERR1620325_sub,1e-06,EX_cpd00141_e0,-0.001217312647365285,0.008556940629621807,cpd00141_e0,import
S347C405_Holdemanella_sp003436425,ERR1620325_sub,1e-06,EX_cpd10516_e0,-0.00011947138567940802,0.008556940629621807,cpd10516_e0,import
S347C405_Holdemanella_sp003436425,ERR1620325_sub,1e-06,EX_cpd00073_e0,8.460396890659787e-05,0.008556940629621807,cpd00073_e0,export
S347C405_Holdemanella_sp003436425,ERR1620325_sub,1e-06,EX_cpd00277_e0,-0.08449302958572817,0.008556940629621807,cpd00277_e0,import
S347C405_Holdemanella_sp003436425,ERR1620325_sub,1e-06,EX_cpd00009_e0,-0.021466427230997825,0.008556940629621807,cpd00009_e0,import
S347C405_Holdemanella_sp003436425,ERR1620325_sub,1e-06,EX_cpd00322_e0,-0.00513993247374522,0.008556940629621807,cpd00322_e0,import
S347C405_Holdemanella_sp003436425,ERR1620325_sub,1e-06,EX_cpd00028_e0,-8.460396890659787e-05,0.008556940629621807,cpd00028_e0,import
S347C405_Holdemanella_sp003436425,ERR1620325_sub,1e-06,EX_cpd00034_e0,-0.00011947138567940802,0.008556940629621807,cpd00034_e0,import
S347C405_Holdemanella_sp003436425,ERR1620325_sub,1e-06,EX_cpd00149_e0,-0.00011947138567940802,0.008556940629621807,cpd00149_e0,import
S347C405_Holdemanella_sp003436425,ERR1620325_sub,1e-06,EX_cpd00363_e0,0.08457763355463477,0.008556940629621807,cpd00363_e0,export
S347C405_Holdemanella_sp003436425,ERR1620325_sub,1e-06,EX_cpd00023_e0,-0.010544848530816275,0.008556940629621807,cpd00023_e0,import
S347C405_Holdemanella_sp003436425,ERR1620325_sub,1e-06,EX_cpd00029_e0,0.046515901808061665,0.008556940629621807,cpd00029_e0,export
S347C405_Holdemanella_sp003436425,ERR1620325_sub,1e-06,EX_cpd00048_e0,-0.00011947138567940802,0.008556940629621807,cpd00048_e0,import
S347C405_Holdemanella_sp003436425,ERR1620325_sub,1e-06,EX_cpd00205_e0,-0.00011947138567940802,0.008556940629621807,cpd00205_e0,import
S347C405_Holdemanella_sp003436425,ERR1620325_sub,1e-06,EX_cpd00010_e0,-0.00016920793781319775,0.008556940629621807,cpd00010_e0,import
S347C405_Holdemanella_sp003436425,ERR1620325_sub,1e-06,EX_cpd00309_e0,0.2276110908984575,0.008556940629621807,cpd00309_e0,export
S347C405_Holdemanella_sp003436425,ERR1620325_sub,1e-06,EX_cpd00011_e0,0.08063200640849108,0.008556940629621807,cpd00011_e0,export
S347C405_Holdemanella_sp003436425,ERR1620325_sub,1e-06,EX_cpd00239_e0,-0.001082500930076647,0.008556940629621807,cpd00239_e0,import
S347C405_Holdemanella_sp003436425,ERR1620325_sub,1e-06,EX_cpd00069_e0,-0.0021950913937322813,0.008556940629621807,cpd00069_e0,import
S347C405_Holdemanella_sp003436425,ERR1620325_sub,1e-06,EX_cpd01217_e0,-0.14608061988025356,0.008556940629621807,cpd01217_e0,import
S347C405_Holdemanella_sp003436425,ERR1620325_sub,1e-06,EX_cpd00106_e0,0.001269726435948887,0.008556940629621807,cpd00106_e0,export
S347C405_Holdemanella_sp003436425,ERR1620325_sub,1e-06,EX_cpd00161_e0,-0.003551226072769429,0.008556940629621807,cpd00161_e0,import
S347C405_Holdemanella_sp003436425,ERR1620325_sub,1e-06,EX_cpd00220_e0,-0.00016920793781319575,0.008556940629621807,cpd00220_e0,import
S347C405_Holdemanella_sp003436425,ERR1620325_sub,1e-06,EX_cpd00254_e0,-0.00011947138567940802,0.008556940629621807,cpd00254_e0,import
S347C405_Holdemanella_sp003436425,ERR1620325_sub,1e-06,EX_cpd00067_e0,0.330280620688363,0.008556940629621807,cpd00067_e0,export
S347C405_Holdemanella_sp003436425,ERR1620325_sub,1e-06,EX_cpd00041_e0,-0.007277485998590994,0.008556940629621807,cpd00041_e0,import
S347C405_Holdemanella_sp003436425,ERR1620325_sub,1e-06,EX_cpd00066_e0,-0.0033487438844097745,0.008556940629621807,cpd00066_e0,import
S347C405_Holdemanella_sp003436425,ERR1620325_sub,1e-06,EX_cpd00393_e0,-0.0002538119067197937,0.008556940629621807,cpd00393_e0,import
S347C405_Holdemanella_sp003436425,ERR1620325_sub,1e-06,EX_cpd00129_e0,-0.0030605961548210154,0.008556940629621807,cpd00129_e0,import
S347C405_Holdemanella_sp003436425,ERR1620325_sub,1e-06,EX_cpd00030_e0,-0.00011947138567940802,0.008556940629621807,cpd00030_e0,import
S347C405_Holdemanella_sp003436425,ERR1620325_sub,1e-06,EX_cpd00063_e0,-0.00011947138567940802,0.008556940629621807,cpd00063_e0,import
S347C405_Holdemanella_sp003436425,ERR1620325_sub,1e-06,EX_cpd00107_e0,-0.007990555036293558,0.008556940629621807,cpd00107_e0,import
S347C405_Holdemanella_sp003436425,ERR1620325_sub,1e-06,EX_cpd00221_e0,0.31945436491519574,0.008556940629621807,cpd00221_e0,export
S347C405_Holdemanella_sp003436425,ERR1620325_sub,1e-06,EX_cpd00122_e0,-0.003409287073139426,0.008556940629621807,cpd00122_e0,import
S347C405_Holdemanella_sp003436425,ERR1620325_sub,1e-06,EX_cpd00156_e0,-0.005848620133004036,0.008556940629621807,cpd00156_e0,import
S347C405_Holdemanella_sp003436425,ERR1620325_sub,1e-06,EX_cpd00033_e0,-0.008626028387962158,0.008556940629621807,cpd00033_e0,import
S347C405_Holdemanella_sp003436425,ERR1620325_sub,1e-06,EX_cpd00051_e0,-0.0037604344652819757,0.008556940629621807,cpd00051_e0,import
S347C405_Holdemanella_sp003436425,ERR1620325_sub,1e-06,EX_cpd00035_e0,0.06356377369781444,0.008556940629621807,cpd00035_e0,export
S347C405_Holdemanella_sp003436425,ERR1620325_sub,1e-06,EX_cpd00065_e0,-0.0010357742712244161,0.008556940629621807,cpd00065_e0,import
S347C405_Holdemanella_sp003436425,ERR1620325_sub,1e-06,EX_cpd00119_e0,-0.0015575552950743107,0.008556940629621807,cpd00119_e0,import
S360C76_CAG_83_sp001916855,ERR1620325_sub,1e-06,EX_cpd00025_e0,-0.00014607292004114296,0.014774164667659347,cpd00025_e0,import
S360C76_CAG_83_sp001916855,ERR1620325_sub,1e-06,EX_cpd00036_e0,-0.0011685833603291436,0.014774164667659347,cpd00036_e0,import
S360C76_CAG_83_sp001916855,ERR1620325_sub,1e-06,EX_cpd10515_e0,-0.00035234615276405544,0.014774164667659347,cpd10515_e0,import
S360C76_CAG_83_sp001916855,ERR1620325_sub,1e-06,EX_cpd00003_e0,-0.00029214584008246947,0.014774164667659347,cpd00003_e0,import
S360C76_CAG_83_sp001916855,ERR1620325_sub,1e-06,EX_cpd00058_e0,-0.0002062732327229125,0.014774164667659347,cpd00058_e0,import
S360C76_CAG_83_sp001916855,ERR1620325_sub,1e-06,EX_cpd00060_e0,-0.003724536383211442,0.014774164667659347,cpd00060_e0,import
S360C76_CAG_83_sp001916855,ERR1620325_sub,1e-06,EX_cpd00039_e0,-0.010622323981000105,0.014774164667659347,cpd00039_e0,import
S360C76_CAG_83_sp001916855,ERR1620325_sub,1e-06,EX_cpd00367_e0,-0.21595042969892972,0.014774164667659347,cpd00367_e0,import
S360C76_CAG_83_sp001916855,ERR1620325_sub,1e-06,EX_cpd00099_e0,-0.0002062732327229125,0.014774164667659347,cpd00099_e0,import
S360C76_CAG_83_sp001916855,ERR1620325_sub,1e-06,EX_cpd10516_e0,-0.0002062732327229125,0.014774164667659347,cpd10516_e0,import
S360C76_CAG_83_sp001916855,ERR1620325_sub,1e-06,EX_cpd00009_e0,-0.036478552403949274,0.014774164667659347,cpd00009_e0,import
S360C76_CAG_83_sp001916855,ERR1620325_sub,1e-06,EX_cpd00322_e0,-0.008874346617038056,0.014774164667659347,cpd00322_e0,import
S360C76_CAG_83_sp001916855,ERR1620325_sub,1e-06,EX_cpd00028_e0,-0.00014607292004114296,0.014774164667659347,cpd00028_e0,import
S360C76_CAG_83_sp001916855,ERR1620325_sub,1e-06,EX_cpd01080_e0,-0.002393896092484384,0.014774164667659347,cpd01080_e0,import
S360C76_CAG_83_sp001916855,ERR1620325_sub,1e-06,EX_cpd00034_e0,-0.0002062732327229125,0.014774164667659347,cpd00034_e0,import
S360C76_CAG_83_sp001916855,ERR1620325_sub,1e-06,EX_cpd00149_e0,-0.0002062732327229125,0.014774164667659347,cpd00149_e0,import
S360C76_CAG_83_sp001916855,ERR1620325_sub,1e-06,EX_cpd11640_e0,0.007315077535206882,0.014774164667659347,cpd11640_e0,export
S360C76_CAG_83_sp001916855,ERR1620325_sub,1e-06,EX_cpd00023_e0,-0.002440153001818329,0.014774164667659347,cpd00023_e0,import
S360C76_CAG_83_sp001916855,ERR1620325_sub,1e-06,EX_cpd00071_e0,-0.0004037390539292418,0.014774164667659347,cpd00071_e0,import
S360C76_CAG_83_sp001916855,ERR1620325_sub,1e-06,EX_cpd00029_e0,0.5070621877921976,0.014774164667659347,cpd00029_e0,export
S360C76_CAG_83_sp001916855,ERR1620325_sub,1e-06,EX_cpd00048_e0,-0.00020627323272293108,0.014774164667659347,cpd00048_e0,import
S360C76_CAG_83_sp001916855,ERR1620325_sub,1e-06,EX_cpd00205_e0,-0.0002062732327229125,0.014774164667659347,cpd00205_e0,import
S360C76_CAG_83_sp001916855,ERR1620325_sub,1e-06,EX_cpd00010_e0,-0.0002921458400821919,0.014774164667659347,cpd00010_e0,import
S360C76_CAG_83_sp001916855,ERR1620325_sub,1e-06,EX_cpd00011_e0,0.8128979064363314,0.014774164667659347,cpd00011_e0,export
S360C76_CAG_83_sp001916855,ERR1620325_sub,1e-06,EX_cpd00132_e0,-0.004867444659648146,0.014774164667659347,cpd00132_e0,import
S360C76_CAG_83_sp001916855,ERR1620325_sub,1e-06,EX_cpd00239_e0,-0.0018689911814671078,0.014774164667659347,cpd00239_e0,import
S360C76_CAG_83_sp001916855,ERR1620325_sub,1e-06,EX_cpd00182_e0,-0.004676784546977589,0.014774164667659347,cpd00182_e0,import
S360C76_CAG_83_sp001916855,ERR1620325_sub,1e-06,EX_cpd00069_e0,-0.0036438605048747076,0.014774164667659347,cpd00069_e0,import
S360C76_CAG_83_sp001916855,ERR1620325_sub,1e-06,EX_cpd00047_e0,-0.0012451005294252004,0.014774164667659347,cpd00047_e0,import
S360C76_CAG_83_sp001916855,ERR1620325_sub,1e-06,EX_cpd00054_e0,-0.017444284772877166,0.014774164667659347,cpd00054_e0,import
S360C76_CAG_83_sp001916855,ERR1620325_sub,1e-06,EX_cpd00448_e0,0.0007371755234473303,0.014774164667659347,cpd00448_e0,export
S360C76_CAG_83_sp001916855,ERR1620325_sub,1e-06,EX_cpd00161_e0,-0.008233117005992035,0.014774164667659347,cpd00161_e0,import
S360C76_CAG_83_sp001916855,ERR1620325_sub,1e-06,EX_cpd00220_e0,-0.0002921458400822859,0.014774164667659347,cpd00220_e0,import
S360C76_CAG_83_sp001916855,ERR1620325_sub,1e-06,EX_cpd00053_e0,-0.015327828682252366,0.014774164667659347,cpd00053_e0,import
S360C76_CAG_83_sp001916855,ERR1620325_sub,1e-06,EX_cpd00254_e0,-0.0002062732327229125,0.014774164667659347,cpd00254_e0,import
S360C76_CAG_83_sp001916855,ERR1620325_sub,1e-06,EX_cpd00041_e0,-0.005850905854051213,0.014774164667659347,cpd00041_e0,import
S360C76_CAG_83_sp001916855,ERR1620325_sub,1e-06,EX_cpd00066_e0,-0.005781771280797538,0.014774164667659347,cpd00066_e0,import
S360C76_CAG_83_sp001916855,ERR1620325_sub,1e-06,EX_cpd00017_e0,-0.0005842916801645718,0.014774164667659347,cpd00017_e0,import
S360C76_CAG_83_sp001916855,ERR1620325_sub,1e-06,EX_cpd00307_e0,0.21239635023040773,0.014774164667659347,cpd00307_e0,export
S360C76_CAG_83_sp001916855,ERR1620325_sub,1e-06,EX_cpd00229_e0,0.0004382187601234288,0.014774164667659347,cpd00229_e0,export
S360C76_CAG_83_sp001916855,ERR1620325_sub,1e-06,EX_cpd00020_e0,-0.8105022775851738,0.014774164667659347,cpd00020_e0,import
S360C76_CAG_83_sp001916855,ERR1620325_sub,1e-06,EX_cpd01981_e0,0.00014607292004114296,0.014774164667659347,cpd01981_e0,export
S360C76_CAG_83_sp001916855,ERR1620325_sub,1e-06,EX_cpd00129_e0,-0.005284270031054476,0.014774164667659347,cpd00129_e0,import
S360C76_CAG_83_sp001916855,ERR1620325_sub,1e-06,EX_cpd00030_e0,-0.0002062732327229125,0.014774164667659347,cpd00030_e0,import
S360C76_CAG_83_sp001916855,ERR1620325_sub,1e-06,EX_cpd00063_e0,-0.0002062732327229125,0.014774164667659347,cpd00063_e0,import
S360C76_CAG_83_sp001916855,ERR1620325_sub,1e-06,EX_cpd00107_e0,-0.01379608689740602,0.014774164667659347,cpd00107_e0,import
S360C76_CAG_83_sp001916855,ERR1620325_sub,1e-06,EX_cpd00211_e0,0.3487938248251366,0.014774164667659347,cpd00211_e0,export
S360C76_CAG_83_sp001916855,ERR1620325_sub,1e-06,EX_cpd00156_e0,-0.010097930771811493,0.014774164667659347,cpd00156_e0,import
S360C76_CAG_83_sp001916855,ERR1620325_sub,1e-06,EX_cpd00033_e0,-0.014197378049462058,0.014774164667659347,cpd00033_e0,import
S360C76_CAG_83_sp001916855,ERR1620325_sub,1e-06,EX_cpd00051_e0,-0.006638648269236788,0.014774164667659347,cpd00051_e0,import
S360C76_CAG_83_sp001916855,ERR1620325_sub,1e-06,EX_cpd00065_e0,-0.0017883153031303973,0.014774164667659347,cpd00065_e0,import
S360C76_CAG_83_sp001916855,ERR1620325_sub,1e-06,EX_cpd00119_e0,-0.0026891959445569887,0.014774164667659347,cpd00119_e0,import
S367C239_Megamonas_funiformis,ERR1620325_sub,1e-06,EX_cpd00082_e0,0.35578744829888687,0.07309983738495837,cpd00082_e0,export
S367C239_Megamonas_funiformis,ERR1620325_sub,1e-06,EX_cpd00324_e0,0.1368182323423213,0.07309983738495837,cpd00324_e0,export
S367C239_Megamonas_funiformis,ERR1620325_sub,1e-06,EX_cpd00036_e0,0.4335785446817799,0.07309983738495837,cpd00036_e0,export
S367C239_Megamonas_funiformis,ERR1620325_sub,1e-06,EX_cpd10515_e0,-0.0015729352529852965,0.07309983738495837,cpd10515_e0,import
S367C239_Megamonas_funiformis,ERR1620325_sub,1e-06,EX_cpd00003_e0,0.002187277573517221,0.07309983738495837,cpd00003_e0,export
S367C239_Megamonas_funiformis,ERR1620325_sub,1e-06,EX_cpd00311_e0,0.7061817374271889,0.07309983738495837,cpd00311_e0,export
S367C239_Megamonas_funiformis,ERR1620325_sub,1e-06,EX_cpd00058_e0,-0.0010206837201126927,0.07309983738495837,cpd00058_e0,import
S367C239_Megamonas_funiformis,ERR1620325_sub,1e-06,EX_cpd00001_e0,-0.5978165077660804,0.07309983738495837,cpd00001_e0,import
S367C239_Megamonas_funiformis,ERR1620325_sub,1e-06,EX_cpd00039_e0,0.11523184424006656,0.07309983738495837,cpd00039_e0,export
S367C239_Megamonas_funiformis,ERR1620325_sub,1e-06,EX_cpd00264_e0,-0.0005522515328726039,0.07309983738495837,cpd00264_e0,import
S367C239_Megamonas_funiformis,ERR1620325_sub,1e-06,EX_cpd00099_e0,-0.0010206837201126927,0.07309983738495837,cpd00099_e0,import
S367C239_Megamonas_funiformis,ERR1620325_sub,1e-06,EX_cpd10516_e0,-0.0010206837201126927,0.07309983738495837,cpd10516_e0,import
S367C239_Megamonas_funiformis,ERR1620325_sub,1e-06,EX_cpd00277_e0,-0.7382053638213625,0.07309983738495837,cpd00277_e0,import
S367C239_Megamonas_funiformis,ERR1620325_sub,1e-06,EX_cpd00009_e0,0.6203684869304369,0.07309983738495837,cpd00009_e0,export
S367C239_Megamonas_funiformis,ERR1620325_sub,1e-06,EX_cpd00322_e0,0.010315183561165925,0.07309983738495837,cpd00322_e0,export
S367C239_Megamonas_funiformis,ERR1620325_sub,1e-06,EX_cpd00028_e0,-0.0005522515328726039,0.07309983738495837,cpd00028_e0,import
S367C239_Megamonas_funiformis,ERR1620325_sub,1e-06,EX_cpd00006_e0,0.0001621166331248328,0.07309983738495837,cpd00006_e0,export
S367C239_Megamonas_funiformis,ERR1620325_sub,1e-06,EX_cpd00034_e0,-0.0010206837201126927,0.07309983738495837,cpd00034_e0,import
S367C239_Megamonas_funiformis,ERR1620325_sub,1e-06,EX_cpd00149_e0,-0.0010206837201126927,0.07309983738495837,cpd00149_e0,import
S367C239_Megamonas_funiformis,ERR1620325_sub,1e-06,EX_cpd11640_e0,2.0785395743272588,0.07309983738495837,cpd11640_e0,export
S367C239_Megamonas_funiformis,ERR1620325_sub,1e-06,EX_cpd00363_e0,0.4104481670637643,0.07309983738495837,cpd00363_e0,export
S367C239_Megamonas_funiformis,ERR1620325_sub,1e-06,EX_cpd00092_e0,-0.043784965537279424,0.07309983738495837,cpd00092_e0,import
S367C239_Megamonas_funiformis,ERR1620325_sub,1e-06,EX_cpd00382_e0,-0.06429562866533971,0.07309983738495837,cpd00382_e0,import
S367C239_Megamonas_funiformis,ERR1620325_sub,1e-06,EX_cpd00023_e0,0.3860016827067366,0.07309983738495837,cpd00023_e0,export
S367C239_Megamonas_funiformis,ERR1620325_sub,1e-06,EX_cpd00138_e0,-0.2038116709007298,0.07309983738495837,cpd00138_e0,import
S367C239_Megamonas_funiformis,ERR1620325_sub,1e-06,EX_cpd00029_e0,0.8416272788073765,0.07309983738495837,cpd00029_e0,export
S367C239_Megamonas_funiformis,ERR1620325_sub,1e-06,EX_cpd00048_e0,-0.0010206837201126927,0.07309983738495837,cpd00048_e0,import
S367C239_Megamonas_funiformis,ERR1620325_sub,1e-06,EX_cpd00205_e0,-0.0010206837201126927,0.07309983738495837,cpd00205_e0,import
S367C239_Megamonas_funiformis,ERR1620325_sub,1e-06,EX_cpd00010_e0,0.007563919836926614,0.07309983738495837,cpd00010_e0,export
S367C239_Megamonas_funiformis,ERR1620325_sub,1e-06,EX_cpd00204_e0,0.0005522515328726039,0.07309983738495837,cpd00204_e0,export
S367C239_Megamonas_funiformis,ERR1620325_sub,1e-06,EX_cpd00309_e0,1.230724199894141,0.07309983738495837,cpd00309_e0,export
S367C239_Megamonas_funiformis,ERR1620325_sub,1e-06,EX_cpd00132_e0,-0.03201907243906088,0.07309983738495837,cpd00132_e0,import
S367C239_Megamonas_funiformis,ERR1620325_sub,1e-06,EX_cpd00239_e0,-0.07626533135839858,0.07309983738495837,cpd00239_e0,import
S367C239_Megamonas_funiformis,ERR1620325_sub,1e-06,EX_cpd00588_e0,-0.08827741003683601,0.07309983738495837,cpd00588_e0,import
S367C239_Megamonas_funiformis,ERR1620325_sub,1e-06,EX_cpd00182_e0,-1.189040646233268,0.07309983738495837,cpd00182_e0,import
S367C239_Megamonas_funiformis,ERR1620325_sub,1e-06,EX_cpd00069_e0,-0.018868838823339826,0.07309983738495837,cpd00069_e0,import
S367C239_Megamonas_funiformis,ERR1620325_sub,1e-06,EX_cpd00054_e0,-0.11551148994686919,0.07309983738495837,cpd00054_e0,import
S367C239_Megamonas_funiformis,ERR1620325_sub,1e-06,EX_cpd00106_e0,1.0655769898719614,0.07309983738495837,cpd00106_e0,export
S367C239_Megamonas_funiformis,ERR1620325_sub,1e-06,EX_cpd00084_e0,-0.02193737706971971,0.07309983738495837,cpd00084_e0,import
S367C239_Megamonas_funiformis,ERR1620325_sub,1e-06,EX_cpd00161_e0,-0.03369692776337852,0.07309983738495837,cpd00161_e0,import
S367C239_Megamonas_funiformis,ERR1620325_sub,1e-06,EX_cpd00220_e0,-0.0011045030657452076,0.07309983738495837,cpd00220_e0,import
S367C239_Megamonas_funiformis,ERR1620325_sub,1e-06,EX_cpd00254_e0,-0.0010206837201126927,0.07309983738495837,cpd00254_e0,import
S367C239_Megamonas_funiformis,ERR1620325_sub,1e-06,EX_cpd00644_e0,-0.00866842290267189,0.07309983738495837,cpd00644_e0,import
S367C239_Megamonas_funiformis,ERR1620325_sub,1e-06,EX_cpd00067_e0,2.8958832380408666,0.07309983738495837,cpd00067_e0,export
S367C239_Megamonas_funiformis,ERR1620325_sub,1e-06,EX_cpd00066_e0,-0.024608544756658145,0.07309983738495837,cpd00066_e0,import
S367C239_Megamonas_funiformis,ERR1620325_sub,1e-06,EX_cpd00017_e0,-0.08151905896265944,0.07309983738495837,cpd00017_e0,import
S367C239_Megamonas_funiformis,ERR1620325_sub,1e-06,EX_cpd00064_e0,-0.0005522515328726039,0.07309983738495837,cpd00064_e0,import
S367C239_Megamonas_funiformis,ERR1620325_sub,1e-06,EX_cpd00055_e0,-0.3635581801377082,0.07309983738495837,cpd00055_e0,import
S367C239_Megamonas_funiformis,ERR1620325_sub,1e-06,EX_cpd00393_e0,-0.0016567545986178045,0.07309983738495837,cpd00393_e0,import
S367C239_Megamonas_funiformis,ERR1620325_sub,1e-06,EX_cpd00030_e0,-0.0010206837201126927,0.07309983738495837,cpd00030_e0,import
S367C239_Megamonas_funiformis,ERR1620325_sub,1e-06,EX_cpd00063_e0,-0.0010206837201126927,0.07309983738495837,cpd00063_e0,import
S367C239_Megamonas_funiformis,ERR1620325_sub,1e-06,EX_cpd00080_e0,-0.7886986325931916,0.07309983738495837,cpd00080_e0,import
S367C239_Megamonas_funiformis,ERR1620325_sub,1e-06,EX_cpd00107_e0,0.08392495929148648,0.07309983738495837,cpd00107_e0,export
S367C239_Megamonas_funiformis,ERR1620325_sub,1e-06,EX_cpd00137_e0,-0.3284429026855182,0.07309983738495837,cpd00137_e0,import
S367C239_Megamonas_funiformis,ERR1620325_sub,1e-06,EX_cpd00122_e0,-0.007723455303170235,0.07309983738495837,cpd00122_e0,import
S367C239_Megamonas_funiformis,ERR1620325_sub,1e-06,EX_cpd00156_e0,0.05668513465251486,0.07309983738495837,cpd00156_e0,export
S367C239_Megamonas_funiformis,ERR1620325_sub,1e-06,EX_cpd00051_e0,-0.039289778844437157,0.07309983738495837,cpd00051_e0,import
S367C239_Megamonas_funiformis,ERR1620325_sub,1e-06,EX_cpd00794_e0,-0.2914918196335472,0.07309983738495837,cpd00794_e0,import
S367C239_Megamonas_funiformis,ERR1620325_sub,1e-06,EX_cpd00065_e0,-0.007550348959429194,0.07309983738495837,cpd00065_e0,import
S367C239_Megamonas_funiformis,ERR1620325_sub,1e-06,EX_cpd00119_e0,-0.012583914932382033,0.07309983738495837,cpd00119_e0,import
S381C189_Prevotella_sp003447235,ERR1620325_sub,1e-06,EX_cpd00076_e0,-0.014112644039946089,0.005957720089173475,cpd00076_e0,import
S381C189_Prevotella_sp003447235,ERR1620325_sub,1e-06,EX_cpd00036_e0,0.11760270984368419,0.005957720089173475,cpd00036_e0,export
S381C189_Prevotella_sp003447235,ERR1620325_sub,1e-06,EX_cpd10515_e0,-0.00012818102309119332,0.005957720089173475,cpd10515_e0,import
S381C189_Prevotella_sp003447235,ERR1620325_sub,1e-06,EX_cpd00003_e0,-9.000773090048615e-05,0.005957720089173475,cpd00003_e0,import
S381C189_Prevotella_sp003447235,ERR1620325_sub,1e-06,EX_cpd00058_e0,-8.31771576409529e-05,0.005957720089173475,cpd00058_e0,import
S381C189_Prevotella_sp003447235,ERR1620325_sub,1e-06,EX_cpd00060_e0,-0.0014835466006250285,0.005957720089173475,cpd00060_e0,import
S381C189_Prevotella_sp003447235,ERR1620325_sub,1e-06,EX_cpd01741_e0,-0.0007867459902438191,0.005957720089173475,cpd01741_e0,import
S381C189_Prevotella_sp003447235,ERR1620325_sub,1e-06,EX_cpd03847_e0,-0.00015734919804876382,0.005957720089173475,cpd03847_e0,import
S381C189_Prevotella_sp003447235,ERR1620325_sub,1e-06,EX_cpd00039_e0,-0.003714528988704621,0.005957720089173475,cpd00039_e0,import
S381C189_Prevotella_sp003447235,ERR1620325_sub,1e-06,EX_cpd00367_e0,-0.003568107249125009,0.005957720089173475,cpd00367_e0,import
S381C189_Prevotella_sp003447235,ERR1620325_sub,1e-06,EX_cpd00099_e0,-8.31771576409529e-05,0.005957720089173475,cpd00099_e0,import
S381C189_Prevotella_sp003447235,ERR1620325_sub,1e-06,EX_cpd10516_e0,-8.31771576409529e-05,0.005957720089173475,cpd10516_e0,import
S381C189_Prevotella_sp003447235,ERR1620325_sub,1e-06,EX_cpd00105_e0,-0.04481737756962764,0.005957720089173475,cpd00105_e0,import
S381C189_Prevotella_sp003447235,ERR1620325_sub,1e-06,EX_cpd00277_e0,-0.002744668406130217,0.005957720089173475,cpd00277_e0,import
S381C189_Prevotella_sp003447235,ERR1620325_sub,1e-06,EX_cpd00009_e0,0.10880202510592767,0.005957720089173475,cpd00009_e0,export
S381C189_Prevotella_sp003447235,ERR1620325_sub,1e-06,EX_cpd00322_e0,-0.004093952376484392,0.005957720089173475,cpd00322_e0,import
S381C189_Prevotella_sp003447235,ERR1620325_sub,1e-06,EX_cpd00028_e0,-4.500386545024041e-05,0.005957720089173475,cpd00028_e0,import
S381C189_Prevotella_sp003447235,ERR1620325_sub,1e-06,EX_cpd00034_e0,-8.31771576409529e-05,0.005957720089173475,cpd00034_e0,import
S381C189_Prevotella_sp003447235,ERR1620325_sub,1e-06,EX_cpd00276_e0,-0.0006293967921950553,0.005957720089173475,cpd00276_e0,import
S381C189_Prevotella_sp003447235,ERR1620325_sub,1e-06,EX_cpd00149_e0,-8.31771576409529e-05,0.005957720089173475,cpd00149_e0,import
S381C189_Prevotella_sp003447235,ERR1620325_sub,1e-06,EX_cpd00363_e0,0.002834676137030698,0.005957720089173475,cpd00363_e0,export
S381C189_Prevotella_sp003447235,ERR1620325_sub,1e-06,EX_cpd00024_e0,-0.006394525934225591,0.005957720089173475,cpd00024_e0,import
S381C189_Prevotella_sp003447235,ERR1620325_sub,1e-06,EX_cpd00100_e0,0.00035592615857143794,0.005957720089173475,cpd00100_e0,export
S381C189_Prevotella_sp003447235,ERR1620325_sub,1e-06,EX_cpd00029_e0,0.11123818034887556,0.005957720089173475,cpd00029_e0,export
S381C189_Prevotella_sp003447235,ERR1620325_sub,1e-06,EX_cpd00048_e0,-8.31771576409529e-05,0.005957720089173475,cpd00048_e0,import
S381C189_Prevotella_sp003447235,ERR1620325_sub,1e-06,EX_cpd00205_e0,-8.31771576409529e-05,0.005957720089173475,cpd00205_e0,import
S381C189_Prevotella_sp003447235,ERR1620325_sub,1e-06,EX_cpd00204_e0,4.500386545024041e-05,0.005957720089173475,cpd00204_e0,export
S381C189_Prevotella_sp003447235,ERR1620325_sub,1e-06,EX_cpd00132_e0,-0.0026092857006544687,0.005957720089173475,cpd00132_e0,import
S381C189_Prevotella_sp003447235,ERR1620325_sub,1e-06,EX_cpd00182_e0,-0.0021233804232303755,0.005957720089173475,cpd00182_e0,import
S381C189_Prevotella_sp003447235,ERR1620325_sub,1e-06,EX_cpd00069_e0,-0.0015376520173530218,0.005957720089173475,cpd00069_e0,import
S381C189_Prevotella_sp003447235,ERR1620325_sub,1e-06,EX_cpd00047_e0,0.010279917081000957,0.005957720089173475,cpd00047_e0,export
S381C189_Prevotella_sp003447235,ERR1620325_sub,1e-06,EX_cpd00526_e0,0.18421939413289345,0.005957720089173475,cpd00526_e0,export
S381C189_Prevotella_sp003447235,ERR1620325_sub,1e-06,EX_cpd00054_e0,-0.017797400468282966,0.005957720089173475,cpd00054_e0,import
S381C189_Prevotella_sp003447235,ERR1620325_sub,1e-06,EX_cpd00084_e0,-0.0011713161428356274,0.005957720089173475,cpd00084_e0,import
S381C189_Prevotella_sp003447235,ERR1620325_sub,1e-06,EX_cpd00161_e0,-0.008735981991078367,0.005957720089173475,cpd00161_e0,import
S381C189_Prevotella_sp003447235,ERR1620325_sub,1e-06,EX_cpd00220_e0,-9.000773090048083e-05,0.005957720089173475,cpd00220_e0,import
S381C189_Prevotella_sp003447235,ERR1620325_sub,1e-06,EX_cpd23431_e0,-0.18421939413289345,0.005957720089173475,cpd23431_e0,import
S381C189_Prevotella_sp003447235,ERR1620325_sub,1e-06,EX_cpd00254_e0,-8.31771576409529e-05,0.005957720089173475,cpd00254_e0,import
S381C189_Prevotella_sp003447235,ERR1620325_sub,1e-06,EX_cpd00067_e0,0.33139276489300845,0.005957720089173475,cpd00067_e0,export
S381C189_Prevotella_sp003447235,ERR1620325_sub,1e-06,EX_cpd00066_e0,-0.0020053898834724304,0.005957720089173475,cpd00066_e0,import
S381C189_Prevotella_sp003447235,ERR1620325_sub,1e-06,EX_cpd00017_e0,-0.00022501932725120207,0.005957720089173475,cpd00017_e0,import
S381C189_Prevotella_sp003447235,ERR1620325_sub,1e-06,EX_cpd00129_e0,-0.0023927947473250596,0.005957720089173475,cpd00129_e0,import
S381C189_Prevotella_sp003447235,ERR1620325_sub,1e-06,EX_cpd00030_e0,-8.31771576409529e-05,0.005957720089173475,cpd00030_e0,import
S381C189_Prevotella_sp003447235,ERR1620325_sub,1e-06,EX_cpd00063_e0,-8.31771576409529e-05,0.005957720089173475,cpd00063_e0,import
S381C189_Prevotella_sp003447235,ERR1620325_sub,1e-06,EX_cpd00080_e0,-0.12009419295368426,0.005957720089173475,cpd00080_e0,import
S381C189_Prevotella_sp003447235,ERR1620325_sub,1e-06,EX_cpd00107_e0,-0.005825880003119666,0.005957720089173475,cpd00107_e0,import
S381C189_Prevotella_sp003447235,ERR1620325_sub,1e-06,EX_cpd00156_e0,-0.004670500532922737,0.005957720089173475,cpd00156_e0,import
S381C189_Prevotella_sp003447235,ERR1620325_sub,1e-06,EX_cpd00051_e0,-0.0032917949880354415,0.005957720089173475,cpd00051_e0,import
S381C189_Prevotella_sp003447235,ERR1620325_sub,1e-06,EX_cpd00065_e0,-0.0006152900778835859,0.005957720089173475,cpd00065_e0,import
S381C189_Prevotella_sp003447235,ERR1620325_sub,1e-06,EX_cpd00119_e0,-0.0010254834631393131,0.005957720089173475,cpd00119_e0,import
S391C405_Holdemanella_sp002299315,ERR1620325_sub,1e-06,EX_cpd00324_e0,-9.942310672577102e-05,0.005028132903930022,cpd00324_e0,import
S391C405_Holdemanella_sp002299315,ERR1620325_sub,1e-06,EX_cpd10515_e0,-0.00011991048423215118,0.005028132903930022,cpd10515_e0,import
S391C405_Holdemanella_sp002299315,ERR1620325_sub,1e-06,EX_cpd00305_e0,-4.971155336288551e-05,0.005028132903930022,cpd00305_e0,import
S391C405_Holdemanella_sp002299315,ERR1620325_sub,1e-06,EX_cpd00058_e0,-7.019893086926568e-05,0.005028132903930022,cpd00058_e0,import
S391C405_Holdemanella_sp002299315,ERR1620325_sub,1e-06,EX_cpd00060_e0,-0.001168111554140008,0.005028132903930022,cpd00060_e0,import
S391C405_Holdemanella_sp002299315,ERR1620325_sub,1e-06,EX_cpd00001_e0,-0.05467271085969827,0.005028132903930022,cpd00001_e0,import
S391C405_Holdemanella_sp002299315,ERR1620325_sub,1e-06,EX_cpd00039_e0,-0.0036149905490395744,0.005028132903930022,cpd00039_e0,import
S391C405_Holdemanella_sp002299315,ERR1620325_sub,1e-06,EX_cpd00264_e0,-4.971155336288551e-05,0.005028132903930022,cpd00264_e0,import
S391C405_Holdemanella_sp002299315,ERR1620325_sub,1e-06,EX_cpd00130_e0,-9.942310672577184e-05,0.005028132903930022,cpd00130_e0,import
S391C405_Holdemanella_sp002299315,ERR1620325_sub,1e-06,EX_cpd00367_e0,-0.0012095247435705567,0.005028132903930022,cpd00367_e0,import
S391C405_Holdemanella_sp002299315,ERR1620325_sub,1e-06,EX_cpd00099_e0,-7.019893086926568e-05,0.005028132903930022,cpd00099_e0,import
S391C405_Holdemanella_sp002299315,ERR1620325_sub,1e-06,EX_cpd10516_e0,-7.019893086926568e-05,0.005028132903930022,cpd10516_e0,import
S391C405_Holdemanella_sp002299315,ERR1620325_sub,1e-06,EX_cpd00277_e0,-0.084263185449196,0.005028132903930022,cpd00277_e0,import
S391C405_Holdemanella_sp002299315,ERR1620325_sub,1e-06,EX_cpd00009_e0,-0.012911500786686347,0.005028132903930022,cpd00009_e0,import
S391C405_Holdemanella_sp002299315,ERR1620325_sub,1e-06,EX_cpd00322_e0,-0.003834809686850889,0.005028132903930022,cpd00322_e0,import
S391C405_Holdemanella_sp002299315,ERR1620325_sub,1e-06,EX_cpd00028_e0,-4.971155336288551e-05,0.005028132903930022,cpd00028_e0,import
S391C405_Holdemanella_sp002299315,ERR1620325_sub,1e-06,EX_cpd00034_e0,-7.019893086926568e-05,0.005028132903930022,cpd00034_e0,import
S391C405_Holdemanella_sp002299315,ERR1620325_sub,1e-06,EX_cpd00149_e0,-7.019893086926568e-05,0.005028132903930022,cpd00149_e0,import
S391C405_Holdemanella_sp002299315,ERR1620325_sub,1e-06,EX_cpd00363_e0,0.08412578492678274,0.005028132903930022,cpd00363_e0,export
S391C405_Holdemanella_sp002299315,ERR1620325_sub,1e-06,EX_cpd00023_e0,-0.006195936280742692,0.005028132903930022,cpd00023_e0,import
S391C405_Holdemanella_sp002299315,ERR1620325_sub,1e-06,EX_cpd00048_e0,-7.019893086926568e-05,0.005028132903930022,cpd00048_e0,import
S391C405_Holdemanella_sp002299315,ERR1620325_sub,1e-06,EX_cpd00205_e0,-7.019893086926568e-05,0.005028132903930022,cpd00205_e0,import
S391C405_Holdemanella_sp002299315,ERR1620325_sub,1e-06,EX_cpd00309_e0,0.15226415463473653,0.005028132903930022,cpd00309_e0,export
S391C405_Holdemanella_sp002299315,ERR1620325_sub,1e-06,EX_cpd00011_e0,0.10988424603278213,0.005028132903930022,cpd00011_e0,export
S391C405_Holdemanella_sp002299315,ERR1620325_sub,1e-06,EX_cpd00132_e0,-0.0016564893401928163,0.005028132903930022,cpd00132_e0,import
S391C405_Holdemanella_sp002299315,ERR1620325_sub,1e-06,EX_cpd00182_e0,-0.0007957767119208614,0.005028132903930022,cpd00182_e0,import
S391C405_Holdemanella_sp002299315,ERR1620325_sub,1e-06,EX_cpd00069_e0,-0.0012400790364426853,0.005028132903930022,cpd00069_e0,import
S391C405_Holdemanella_sp002299315,ERR1620325_sub,1e-06,EX_cpd00054_e0,-0.0027709696543758012,0.005028132903930022,cpd00054_e0,import
S391C405_Holdemanella_sp002299315,ERR1620325_sub,1e-06,EX_cpd01217_e0,-0.06889621944852534,0.005028132903930022,cpd01217_e0,import
S391C405_Holdemanella_sp002299315,ERR1620325_sub,1e-06,EX_cpd00084_e0,-0.0006857668524976944,0.005028132903930022,cpd00084_e0,import
S391C405_Holdemanella_sp002299315,ERR1620325_sub,1e-06,EX_cpd00161_e0,-0.002086627456154489,0.005028132903930022,cpd00161_e0,import
S391C405_Holdemanella_sp002299315,ERR1620325_sub,1e-06,EX_cpd00220_e0,-9.942310672577102e-05,0.005028132903930022,cpd00220_e0,import
S391C405_Holdemanella_sp002299315,ERR1620325_sub,1e-06,EX_cpd00254_e0,-7.019893086926568e-05,0.005028132903930022,cpd00254_e0,import
S391C405_Holdemanella_sp002299315,ERR1620325_sub,1e-06,EX_cpd00139_e0,-0.005018765446709684,0.005028132903930022,cpd00139_e0,import
S391C405_Holdemanella_sp002299315,ERR1620325_sub,1e-06,EX_cpd00644_e0,-9.942310672576837e-05,0.005028132903930022,cpd00644_e0,import
S391C405_Holdemanella_sp002299315,ERR1620325_sub,1e-06,EX_cpd00067_e0,0.021141929910845222,0.005028132903930022,cpd00067_e0,export
S391C405_Holdemanella_sp002299315,ERR1620325_sub,1e-06,EX_cpd00041_e0,-0.0017741236016193017,0.005028132903930022,cpd00041_e0,import
S391C405_Holdemanella_sp002299315,ERR1620325_sub,1e-06,EX_cpd00066_e0,-0.001967653083654456,0.005028132903930022,cpd00066_e0,import
S391C405_Holdemanella_sp002299315,ERR1620325_sub,1e-06,EX_cpd00017_e0,-0.00014913466008865652,0.005028132903930022,cpd00017_e0,import
S391C405_Holdemanella_sp002299315,ERR1620325_sub,1e-06,EX_cpd00118_e0,-4.971155336288551e-05,0.005028132903930022,cpd00118_e0,import
S391C405_Holdemanella_sp002299315,ERR1620325_sub,1e-06,EX_cpd00393_e0,-0.00014913466008865654,0.005028132903930022,cpd00393_e0,import
S391C405_Holdemanella_sp002299315,ERR1620325_sub,1e-06,EX_cpd00129_e0,-0.0017983433997120894,0.005028132903930022,cpd00129_e0,import
S391C405_Holdemanella_sp002299315,ERR1620325_sub,1e-06,EX_cpd00030_e0,-7.019893086926568e-05,0.005028132903930022,cpd00030_e0,import
S391C405_Holdemanella_sp002299315,ERR1620325_sub,1e-06,EX_cpd00063_e0,-7.019893086926568e-05,0.005028132903930022,cpd00063_e0,import
S391C405_Holdemanella_sp002299315,ERR1620325_sub,1e-06,EX_cpd00027_e0,-0.0019888098009867507,0.005028132903930022,cpd00027_e0,import
S391C405_Holdemanella_sp002299315,ERR1620325_sub,1e-06,EX_cpd00107_e0,-0.0046950859187742345,0.005028132903930022,cpd00107_e0,import
S391C405_Holdemanella_sp002299315,ERR1620325_sub,1e-06,EX_cpd00211_e0,0.04501858516575109,0.005028132903930022,cpd00211_e0,export
S391C405_Holdemanella_sp002299315,ERR1620325_sub,1e-06,EX_cpd00122_e0,-0.002003227017078501,0.005028132903930022,cpd00122_e0,import
S391C405_Holdemanella_sp002299315,ERR1620325_sub,1e-06,EX_cpd00156_e0,-0.0034365289902895195,0.005028132903930022,cpd00156_e0,import
S391C405_Holdemanella_sp002299315,ERR1620325_sub,1e-06,EX_cpd00051_e0,-0.0021598424546160526,0.005028132903930022,cpd00051_e0,import
S391C405_Holdemanella_sp002299315,ERR1620325_sub,1e-06,EX_cpd00035_e0,0.0727753131179699,0.005028132903930022,cpd00035_e0,export
S391C405_Holdemanella_sp002299315,ERR1620325_sub,1e-06,EX_cpd00065_e0,-0.0006085996747117256,0.005028132903930022,cpd00065_e0,import
S391C405_Holdemanella_sp002299315,ERR1620325_sub,1e-06,EX_cpd00119_e0,-0.0009151874807695126,0.005028132903930022,cpd00119_e0,import
S3C1104_Prevotella_hominis,ERR1620325_sub,1e-06,EX_cpd00036_e0,1.7529994081766551,0.051833892943889716,cpd00036_e0,export
S3C1104_Prevotella_hominis,ERR1620325_sub,1e-06,EX_cpd10515_e0,-0.0011153283864111525,0.051833892943889716,cpd10515_e0,import
S3C1104_Prevotella_hominis,ERR1620325_sub,1e-06,EX_cpd00311_e0,-0.040508642486643834,0.051833892943889716,cpd00311_e0,import
S3C1104_Prevotella_hominis,ERR1620325_sub,1e-06,EX_cpd00058_e0,-0.0007237408688176075,0.051833892943889716,cpd00058_e0,import
S3C1104_Prevotella_hominis,ERR1620325_sub,1e-06,EX_cpd01741_e0,-0.006845632174349296,0.051833892943889716,cpd01741_e0,import
S3C1104_Prevotella_hominis,ERR1620325_sub,1e-06,EX_cpd03847_e0,-0.0013691264348698593,0.051833892943889716,cpd03847_e0,import
S3C1104_Prevotella_hominis,ERR1620325_sub,1e-06,EX_cpd00039_e0,-0.03232085002396907,0.051833892943889716,cpd00039_e0,import
S3C1104_Prevotella_hominis,ERR1620325_sub,1e-06,EX_cpd00367_e0,-0.02859773484302508,0.051833892943889716,cpd00367_e0,import
S3C1104_Prevotella_hominis,ERR1620325_sub,1e-06,EX_cpd00099_e0,-0.0007237408688176075,0.051833892943889716,cpd00099_e0,import
S3C1104_Prevotella_hominis,ERR1620325_sub,1e-06,EX_cpd10516_e0,-0.0007237408688176075,0.051833892943889716,cpd10516_e0,import
S3C1104_Prevotella_hominis,ERR1620325_sub,1e-06,EX_cpd00013_e0,1.0068197675254353,0.051833892943889716,cpd00013_e0,export
S3C1104_Prevotella_hominis,ERR1620325_sub,1e-06,EX_cpd00009_e0,-0.09982173172512718,0.051833892943889716,cpd00009_e0,import
S3C1104_Prevotella_hominis,ERR1620325_sub,1e-06,EX_cpd00322_e0,-0.03562228782383743,0.051833892943889716,cpd00322_e0,import
S3C1104_Prevotella_hominis,ERR1620325_sub,1e-06,EX_cpd00028_e0,-0.000391587517593545,0.051833892943889716,cpd00028_e0,import
S3C1104_Prevotella_hominis,ERR1620325_sub,1e-06,EX_cpd00158_e0,-0.03363386137966917,0.051833892943889716,cpd00158_e0,import
S3C1104_Prevotella_hominis,ERR1620325_sub,1e-06,EX_cpd00034_e0,-0.0007237408688176075,0.051833892943889716,cpd00034_e0,import
S3C1104_Prevotella_hominis,ERR1620325_sub,1e-06,EX_cpd00276_e0,-0.9764599659633229,0.051833892943889716,cpd00276_e0,import
S3C1104_Prevotella_hominis,ERR1620325_sub,1e-06,EX_cpd00149_e0,-0.0007237408688176075,0.051833892943889716,cpd00149_e0,import
S3C1104_Prevotella_hominis,ERR1620325_sub,1e-06,EX_cpd00363_e0,0.00078317503518709,0.051833892943889716,cpd00363_e0,export
S3C1104_Prevotella_hominis,ERR1620325_sub,1e-06,EX_cpd00023_e0,-0.027721404437735638,0.051833892943889716,cpd00023_e0,import
S3C1104_Prevotella_hominis,ERR1620325_sub,1e-06,EX_cpd00029_e0,0.8815905705070124,0.051833892943889716,cpd00029_e0,export
S3C1104_Prevotella_hominis,ERR1620325_sub,1e-06,EX_cpd00048_e0,-0.0007237408688176075,0.051833892943889716,cpd00048_e0,import
S3C1104_Prevotella_hominis,ERR1620325_sub,1e-06,EX_cpd00205_e0,-0.0007237408688176075,0.051833892943889716,cpd00205_e0,import
S3C1104_Prevotella_hominis,ERR1620325_sub,1e-06,EX_cpd00204_e0,0.000391587517593545,0.051833892943889716,cpd00204_e0,export
S3C1104_Prevotella_hominis,ERR1620325_sub,1e-06,EX_cpd00309_e0,0.01662674085394259,0.051833892943889716,cpd00309_e0,export
S3C1104_Prevotella_hominis,ERR1620325_sub,1e-06,EX_cpd00011_e0,0.10930089459183776,0.051833892943889716,cpd00011_e0,export
S3C1104_Prevotella_hominis,ERR1620325_sub,1e-06,EX_cpd00132_e0,-0.022703909986162285,0.051833892943889716,cpd00132_e0,import
S3C1104_Prevotella_hominis,ERR1620325_sub,1e-06,EX_cpd00182_e0,-0.00635049543666266,0.051833892943889716,cpd00182_e0,import
S3C1104_Prevotella_hominis,ERR1620325_sub,1e-06,EX_cpd00069_e0,-0.013379413754219189,0.051833892943889716,cpd00069_e0,import
S3C1104_Prevotella_hominis,ERR1620325_sub,1e-06,EX_cpd00054_e0,-0.025770969780091905,0.051833892943889716,cpd00054_e0,import
S3C1104_Prevotella_hominis,ERR1620325_sub,1e-06,EX_cpd00106_e0,-0.7816839635134618,0.051833892943889716,cpd00106_e0,import
S3C1104_Prevotella_hominis,ERR1620325_sub,1e-06,EX_cpd00084_e0,-0.010191852990881252,0.051833892943889716,cpd00084_e0,import
S3C1104_Prevotella_hominis,ERR1620325_sub,1e-06,EX_cpd00161_e0,-0.023893634526921913,0.051833892943889716,cpd00161_e0,import
S3C1104_Prevotella_hominis,ERR1620325_sub,1e-06,EX_cpd00220_e0,-0.00078317503518709,0.051833892943889716,cpd00220_e0,import
S3C1104_Prevotella_hominis,ERR1620325_sub,1e-06,EX_cpd00053_e0,-0.02791862807323988,0.051833892943889716,cpd00053_e0,import
S3C1104_Prevotella_hominis,ERR1620325_sub,1e-06,EX_cpd03198_e0,-0.006845632174349296,0.051833892943889716,cpd03198_e0,import
S3C1104_Prevotella_hominis,ERR1620325_sub,1e-06,EX_cpd00254_e0,-0.0007237408688176075,0.051833892943889716,cpd00254_e0,import
S3C1104_Prevotella_hominis,ERR1620325_sub,1e-06,EX_cpd00067_e0,2.6533644919495867,0.051833892943889716,cpd00067_e0,export
S3C1104_Prevotella_hominis,ERR1620325_sub,1e-06,EX_cpd00041_e0,-0.008730552201079343,0.051833892943889716,cpd00041_e0,import
S3C1104_Prevotella_hominis,ERR1620325_sub,1e-06,EX_cpd00066_e0,-0.017449293264474072,0.051833892943889716,cpd00066_e0,import
S3C1104_Prevotella_hominis,ERR1620325_sub,1e-06,EX_cpd00017_e0,-0.014866569430168598,0.051833892943889716,cpd00017_e0,import
S3C1104_Prevotella_hominis,ERR1620325_sub,1e-06,EX_cpd00064_e0,-0.00078317503518709,0.051833892943889716,cpd00064_e0,import
S3C1104_Prevotella_hominis,ERR1620325_sub,1e-06,EX_cpd00129_e0,-0.020820179463292933,0.051833892943889716,cpd00129_e0,import
S3C1104_Prevotella_hominis,ERR1620325_sub,1e-06,EX_cpd00030_e0,-0.0007237408688176075,0.051833892943889716,cpd00030_e0,import
S3C1104_Prevotella_hominis,ERR1620325_sub,1e-06,EX_cpd00063_e0,-0.0007237408688176075,0.051833892943889716,cpd00063_e0,import
S3C1104_Prevotella_hominis,ERR1620325_sub,1e-06,EX_cpd00107_e0,-0.05069213200679225,0.051833892943889716,cpd00107_e0,import
S3C1104_Prevotella_hominis,ERR1620325_sub,1e-06,EX_cpd00122_e0,-0.005476505739479437,0.051833892943889716,cpd00122_e0,import
S3C1104_Prevotella_hominis,ERR1620325_sub,1e-06,EX_cpd00184_e0,-0.0024490707194275707,0.051833892943889716,cpd00184_e0,import
S3C1104_Prevotella_hominis,ERR1620325_sub,1e-06,EX_cpd00156_e0,-0.04063894715063356,0.051833892943889716,cpd00156_e0,import
S3C1104_Prevotella_hominis,ERR1620325_sub,1e-06,EX_cpd00033_e0,-0.05496052760368567,0.051833892943889716,cpd00033_e0,import
S3C1104_Prevotella_hominis,ERR1620325_sub,1e-06,EX_cpd00051_e0,-0.027859382996120542,0.051833892943889716,cpd00051_e0,import
S3C1104_Prevotella_hominis,ERR1620325_sub,1e-06,EX_cpd00035_e0,-0.053272685664020165,0.051833892943889716,cpd00035_e0,import
S3C1104_Prevotella_hominis,ERR1620325_sub,1e-06,EX_cpd00065_e0,-0.0053537604334181746,0.051833892943889716,cpd00065_e0,import
S3C1104_Prevotella_hominis,ERR1620325_sub,1e-06,EX_cpd00119_e0,-0.008922934055696987,0.051833892943889716,cpd00119_e0,import
S40C770_Agathobacter_rectalis,ERR1620325_sub,1e-06,EX_cpd01376_e0,-8.792132309489212e-05,0.08018532651505988,cpd01376_e0,import
S40C770_Agathobacter_rectalis,ERR1620325_sub,1e-06,EX_cpd00324_e0,0.023269780640470694,0.08018532651505988,cpd00324_e0,export
S40C770_Agathobacter_rectalis,ERR1620325_sub,1e-06,EX_cpd00036_e0,-0.004756969348917354,0.08018532651505988,cpd00036_e0,import
S40C770_Agathobacter_rectalis,ERR1620325_sub,1e-06,EX_cpd10515_e0,-0.0019124008388361905,0.08018532651505988,cpd10515_e0,import
S40C770_Agathobacter_rectalis,ERR1620325_sub,1e-06,EX_cpd00305_e0,-0.0007928282248195769,0.08018532651505988,cpd00305_e0,import
S40C770_Agathobacter_rectalis,ERR1620325_sub,1e-06,EX_cpd00058_e0,-0.0011195726140166137,0.08018532651505988,cpd00058_e0,import
S40C770_Agathobacter_rectalis,ERR1620325_sub,1e-06,EX_cpd00060_e0,-0.04586363150426647,0.08018532651505988,cpd00060_e0,import
S40C770_Agathobacter_rectalis,ERR1620325_sub,1e-06,EX_cpd00367_e0,-0.019290190920413775,0.08018532651505988,cpd00367_e0,import
S40C770_Agathobacter_rectalis,ERR1620325_sub,1e-06,EX_cpd00099_e0,-0.0011195726140166137,0.08018532651505988,cpd00099_e0,import
S40C770_Agathobacter_rectalis,ERR1620325_sub,1e-06,EX_cpd10516_e0,-0.0011195726140166137,0.08018532651505988,cpd10516_e0,import
S40C770_Agathobacter_rectalis,ERR1620325_sub,1e-06,EX_cpd00013_e0,1.0205882551101173,0.08018532651505988,cpd00013_e0,export
S40C770_Agathobacter_rectalis,ERR1620325_sub,1e-06,EX_cpd00277_e0,-0.014277962138705202,0.08018532651505988,cpd00277_e0,import
S40C770_Agathobacter_rectalis,ERR1620325_sub,1e-06,EX_cpd00009_e0,-0.20116301415550675,0.08018532651505988,cpd00009_e0,import
S40C770_Agathobacter_rectalis,ERR1620325_sub,1e-06,EX_cpd00322_e0,-0.03630429643004243,0.08018532651505988,cpd00322_e0,import
S40C770_Agathobacter_rectalis,ERR1620325_sub,1e-06,EX_cpd00028_e0,-0.0007928282248195769,0.08018532651505988,cpd00028_e0,import
S40C770_Agathobacter_rectalis,ERR1620325_sub,1e-06,EX_cpd00158_e0,0.00017584264618978425,0.08018532651505988,cpd00158_e0,export
S40C770_Agathobacter_rectalis,ERR1620325_sub,1e-06,EX_cpd00034_e0,-0.0011195726140166137,0.08018532651505988,cpd00034_e0,import
S40C770_Agathobacter_rectalis,ERR1620325_sub,1e-06,EX_cpd00149_e0,-0.0011195726140166137,0.08018532651505988,cpd00149_e0,import
S40C770_Agathobacter_rectalis,ERR1620325_sub,1e-06,EX_cpd00363_e0,0.014277962138705202,0.08018532651505988,cpd00363_e0,export
S40C770_Agathobacter_rectalis,ERR1620325_sub,1e-06,EX_cpd00024_e0,-0.09405935865229059,0.08018532651505988,cpd00024_e0,import
S40C770_Agathobacter_rectalis,ERR1620325_sub,1e-06,EX_cpd00029_e0,0.8364034192074585,0.08018532651505988,cpd00029_e0,export
S40C770_Agathobacter_rectalis,ERR1620325_sub,1e-06,EX_cpd00048_e0,-0.0011195726140166137,0.08018532651505988,cpd00048_e0,import
S40C770_Agathobacter_rectalis,ERR1620325_sub,1e-06,EX_cpd00205_e0,-0.0011195726140166137,0.08018532651505988,cpd00205_e0,import
S40C770_Agathobacter_rectalis,ERR1620325_sub,1e-06,EX_cpd00010_e0,-0.0015856564496397052,0.08018532651505988,cpd00010_e0,import
S40C770_Agathobacter_rectalis,ERR1620325_sub,1e-06,EX_cpd00011_e0,1.3536111509343367,0.08018532651505988,cpd00011_e0,export
S40C770_Agathobacter_rectalis,ERR1620325_sub,1e-06,EX_cpd00132_e0,-0.025900960547023174,0.08018532651505988,cpd00132_e0,import
S40C770_Agathobacter_rectalis,ERR1620325_sub,1e-06,EX_cpd00239_e0,-0.009351344700515591,0.08018532651505988,cpd00239_e0,import
S40C770_Agathobacter_rectalis,ERR1620325_sub,1e-06,EX_cpd00182_e0,-0.013484329398788183,0.08018532651505988,cpd00182_e0,import
S40C770_Agathobacter_rectalis,ERR1620325_sub,1e-06,EX_cpd00069_e0,-0.019777488221336834,0.08018532651505988,cpd00069_e0,import
S40C770_Agathobacter_rectalis,ERR1620325_sub,1e-06,EX_cpd00047_e0,1.1108629536471235,0.08018532651505988,cpd00047_e0,export
S40C770_Agathobacter_rectalis,ERR1620325_sub,1e-06,EX_cpd00054_e0,-0.05744170710400895,0.08018532651505988,cpd00054_e0,import
S40C770_Agathobacter_rectalis,ERR1620325_sub,1e-06,EX_cpd00106_e0,0.08866006391110515,0.08018532651505988,cpd00106_e0,export
S40C770_Agathobacter_rectalis,ERR1620325_sub,1e-06,EX_cpd00220_e0,-0.0015856564496391538,0.08018532651505988,cpd00220_e0,import
S40C770_Agathobacter_rectalis,ERR1620325_sub,1e-06,EX_cpd00550_e0,0.00012035848537601059,0.08018532651505988,cpd00550_e0,export
S40C770_Agathobacter_rectalis,ERR1620325_sub,1e-06,EX_cpd00254_e0,-0.0011195726140166137,0.08018532651505988,cpd00254_e0,import
S40C770_Agathobacter_rectalis,ERR1620325_sub,1e-06,EX_cpd00067_e0,3.6254010631826485,0.08018532651505988,cpd00067_e0,export
S40C770_Agathobacter_rectalis,ERR1620325_sub,1e-06,EX_cpd00041_e0,0.7038209102384253,0.08018532651505988,cpd00041_e0,export
S40C770_Agathobacter_rectalis,ERR1620325_sub,1e-06,EX_cpd00066_e0,-0.03138125437333906,0.08018532651505988,cpd00066_e0,import
S40C770_Agathobacter_rectalis,ERR1620325_sub,1e-06,EX_cpd00064_e0,-0.09183137681038356,0.08018532651505988,cpd00064_e0,import
S40C770_Agathobacter_rectalis,ERR1620325_sub,1e-06,EX_cpd00393_e0,-0.0023784846744587303,0.08018532651505988,cpd00393_e0,import
S40C770_Agathobacter_rectalis,ERR1620325_sub,1e-06,EX_cpd00129_e0,-0.02868100690400513,0.08018532651505988,cpd00129_e0,import
S40C770_Agathobacter_rectalis,ERR1620325_sub,1e-06,EX_cpd00030_e0,-0.0011195726140166137,0.08018532651505988,cpd00030_e0,import
S40C770_Agathobacter_rectalis,ERR1620325_sub,1e-06,EX_cpd00063_e0,-0.0011195726140166137,0.08018532651505988,cpd00063_e0,import
S40C770_Agathobacter_rectalis,ERR1620325_sub,1e-06,EX_cpd00107_e0,-0.07487990985082149,0.08018532651505988,cpd00107_e0,import
S40C770_Agathobacter_rectalis,ERR1620325_sub,1e-06,EX_cpd00211_e0,2.25269385328394,0.08018532651505988,cpd00211_e0,export
S40C770_Agathobacter_rectalis,ERR1620325_sub,1e-06,EX_cpd00122_e0,-2.358077822208794,0.08018532651505988,cpd00122_e0,import
S40C770_Agathobacter_rectalis,ERR1620325_sub,1e-06,EX_cpd00033_e0,-0.0762651372959425,0.08018532651505988,cpd00033_e0,import
S40C770_Agathobacter_rectalis,ERR1620325_sub,1e-06,EX_cpd00051_e0,0.05579932021140482,0.08018532651505988,cpd00051_e0,export
S40C770_Agathobacter_rectalis,ERR1620325_sub,1e-06,EX_cpd00794_e0,-0.02483278149133887,0.08018532651505988,cpd00794_e0,import
S40C770_Agathobacter_rectalis,ERR1620325_sub,1e-06,EX_cpd00065_e0,-0.009706294957335082,0.08018532651505988,cpd00065_e0,import
S40C770_Agathobacter_rectalis,ERR1620325_sub,1e-06,EX_cpd00119_e0,-0.0145959322666693,0.08018532651505988,cpd00119_e0,import
S41C1711_Prevotella_sp900546535,ERR1620325_sub,1e-06,EX_cpd00324_e0,0.019676149713556624,0.02927488854709566,cpd00324_e0,export
S41C1711_Prevotella_sp900546535,ERR1620325_sub,1e-06,EX_cpd00036_e0,0.5071500448169833,0.02927488854709566,cpd00036_e0,export
S41C1711_Prevotella_sp900546535,ERR1620325_sub,1e-06,EX_cpd10515_e0,-0.0006299060611541919,0.02927488854709566,cpd10515_e0,import
S41C1711_Prevotella_sp900546535,ERR1620325_sub,1e-06,EX_cpd00003_e0,-0.00044231520296594135,0.02927488854709566,cpd00003_e0,import
S41C1711_Prevotella_sp900546535,ERR1620325_sub,1e-06,EX_cpd00311_e0,-0.3919566135381962,0.02927488854709566,cpd00311_e0,import
S41C1711_Prevotella_sp900546535,ERR1620325_sub,1e-06,EX_cpd00058_e0,-0.0004087484596712792,0.02927488854709566,cpd00058_e0,import
S41C1711_Prevotella_sp900546535,ERR1620325_sub,1e-06,EX_cpd00060_e0,-0.027408896629441175,0.02927488854709566,cpd00060_e0,import
S41C1711_Prevotella_sp900546535,ERR1620325_sub,1e-06,EX_cpd01741_e0,-0.003866220255480134,0.02927488854709566,cpd01741_e0,import
S41C1711_Prevotella_sp900546535,ERR1620325_sub,1e-06,EX_cpd03847_e0,-0.0007732440510960268,0.02927488854709566,cpd03847_e0,import
S41C1711_Prevotella_sp900546535,ERR1620325_sub,1e-06,EX_cpd00039_e0,-0.01825390582702213,0.02927488854709566,cpd00039_e0,import
S41C1711_Prevotella_sp900546535,ERR1620325_sub,1e-06,EX_cpd00264_e0,-0.0002211576014829127,0.02927488854709566,cpd00264_e0,import
S41C1711_Prevotella_sp900546535,ERR1620325_sub,1e-06,EX_cpd00367_e0,-0.016151195228578462,0.02927488854709566,cpd00367_e0,import
S41C1711_Prevotella_sp900546535,ERR1620325_sub,1e-06,EX_cpd00099_e0,-0.0004087484596712792,0.02927488854709566,cpd00099_e0,import
S41C1711_Prevotella_sp900546535,ERR1620325_sub,1e-06,EX_cpd10516_e0,-0.0004087484596712792,0.02927488854709566,cpd10516_e0,import
S41C1711_Prevotella_sp900546535,ERR1620325_sub,1e-06,EX_cpd00105_e0,-0.2588031911676782,0.02927488854709566,cpd00105_e0,import
S41C1711_Prevotella_sp900546535,ERR1620325_sub,1e-06,EX_cpd00013_e0,0.38643199029778147,0.02927488854709566,cpd00013_e0,export
S41C1711_Prevotella_sp900546535,ERR1620325_sub,1e-06,EX_cpd00009_e0,-0.018712610048200108,0.02927488854709566,cpd00009_e0,import
S41C1711_Prevotella_sp900546535,ERR1620325_sub,1e-06,EX_cpd00028_e0,-0.0002211576014829127,0.02927488854709566,cpd00028_e0,import
S41C1711_Prevotella_sp900546535,ERR1620325_sub,1e-06,EX_cpd00034_e0,-0.0004087484596712792,0.02927488854709566,cpd00034_e0,import
S41C1711_Prevotella_sp900546535,ERR1620325_sub,1e-06,EX_cpd00149_e0,-0.0004087484596712792,0.02927488854709566,cpd00149_e0,import
S41C1711_Prevotella_sp900546535,ERR1620325_sub,1e-06,EX_cpd02992_e0,-0.0015464881021920536,0.02927488854709566,cpd02992_e0,import
S41C1711_Prevotella_sp900546535,ERR1620325_sub,1e-06,EX_cpd00071_e0,0.0004423152029658254,0.02927488854709566,cpd00071_e0,export
S41C1711_Prevotella_sp900546535,ERR1620325_sub,1e-06,EX_cpd00029_e0,0.31310782738009163,0.02927488854709566,cpd00029_e0,export
S41C1711_Prevotella_sp900546535,ERR1620325_sub,1e-06,EX_cpd00048_e0,-0.0004087484596712792,0.02927488854709566,cpd00048_e0,import
S41C1711_Prevotella_sp900546535,ERR1620325_sub,1e-06,EX_cpd00205_e0,-0.0004087484596712792,0.02927488854709566,cpd00205_e0,import
S41C1711_Prevotella_sp900546535,ERR1620325_sub,1e-06,EX_cpd00010_e0,-0.00044231520296579866,0.02927488854709566,cpd00010_e0,import
S41C1711_Prevotella_sp900546535,ERR1620325_sub,1e-06,EX_cpd00204_e0,0.0002211576014829127,0.02927488854709566,cpd00204_e0,export
S41C1711_Prevotella_sp900546535,ERR1620325_sub,1e-06,EX_cpd00309_e0,0.3784687880926945,0.02927488854709566,cpd00309_e0,export
S41C1711_Prevotella_sp900546535,ERR1620325_sub,1e-06,EX_cpd00132_e0,-0.012822528939840677,0.02927488854709566,cpd00132_e0,import
S41C1711_Prevotella_sp900546535,ERR1620325_sub,1e-06,EX_cpd00182_e0,-0.009992382277777644,0.02927488854709566,cpd00182_e0,import
S41C1711_Prevotella_sp900546535,ERR1620325_sub,1e-06,EX_cpd00069_e0,-0.00755631607798569,0.02927488854709566,cpd00069_e0,import
S41C1711_Prevotella_sp900546535,ERR1620325_sub,1e-06,EX_cpd00054_e0,-0.014333560330996212,0.02927488854709566,cpd00054_e0,import
S41C1711_Prevotella_sp900546535,ERR1620325_sub,1e-06,EX_cpd00084_e0,-0.0048714411256163305,0.02927488854709566,cpd00084_e0,import
S41C1711_Prevotella_sp900546535,ERR1620325_sub,1e-06,EX_cpd00161_e0,-0.013494451853718809,0.02927488854709566,cpd00161_e0,import
S41C1711_Prevotella_sp900546535,ERR1620325_sub,1e-06,EX_cpd00220_e0,-0.0004423152029658254,0.02927488854709566,cpd00220_e0,import
S41C1711_Prevotella_sp900546535,ERR1620325_sub,1e-06,EX_cpd00053_e0,-0.029654662535282386,0.02927488854709566,cpd00053_e0,import
S41C1711_Prevotella_sp900546535,ERR1620325_sub,1e-06,EX_cpd00254_e0,-0.0004087484596712792,0.02927488854709566,cpd00254_e0,import
S41C1711_Prevotella_sp900546535,ERR1620325_sub,1e-06,EX_cpd00067_e0,0.8955248980110747,0.02927488854709566,cpd00067_e0,export
S41C1711_Prevotella_sp900546535,ERR1620325_sub,1e-06,EX_cpd00208_e0,-0.0019331101277400662,0.02927488854709566,cpd00208_e0,import
S41C1711_Prevotella_sp900546535,ERR1620325_sub,1e-06,EX_cpd00017_e0,-0.0011057880074145634,0.02927488854709566,cpd00017_e0,import
S41C1711_Prevotella_sp900546535,ERR1620325_sub,1e-06,EX_cpd00118_e0,-0.0002211576014829127,0.02927488854709566,cpd00118_e0,import
S41C1711_Prevotella_sp900546535,ERR1620325_sub,1e-06,EX_cpd11606_e0,-0.18041220015864762,0.02927488854709566,cpd11606_e0,import
S41C1711_Prevotella_sp900546535,ERR1620325_sub,1e-06,EX_cpd00129_e0,-0.011758650992867001,0.02927488854709566,cpd00129_e0,import
S41C1711_Prevotella_sp900546535,ERR1620325_sub,1e-06,EX_cpd00030_e0,-0.0004087484596712792,0.02927488854709566,cpd00030_e0,import
S41C1711_Prevotella_sp900546535,ERR1620325_sub,1e-06,EX_cpd00063_e0,-0.0004087484596712792,0.02927488854709566,cpd00063_e0,import
S41C1711_Prevotella_sp900546535,ERR1620325_sub,1e-06,EX_cpd11451_e0,0.18041220015864762,0.02927488854709566,cpd11451_e0,export
S41C1711_Prevotella_sp900546535,ERR1620325_sub,1e-06,EX_cpd00184_e0,-0.0013831661680616383,0.02927488854709566,cpd00184_e0,import
S41C1711_Prevotella_sp900546535,ERR1620325_sub,1e-06,EX_cpd21520_e0,0.0015464881021920536,0.02927488854709566,cpd21520_e0,export
S41C1711_Prevotella_sp900546535,ERR1620325_sub,1e-06,EX_cpd00156_e0,-0.051138906107228696,0.02927488854709566,cpd00156_e0,import
S41C1711_Prevotella_sp900546535,ERR1620325_sub,1e-06,EX_cpd00033_e0,-0.03347289172902024,0.02927488854709566,cpd00033_e0,import
S41C1711_Prevotella_sp900546535,ERR1620325_sub,1e-06,EX_cpd00051_e0,-0.015734194899979174,0.02927488854709566,cpd00051_e0,import
S41C1711_Prevotella_sp900546535,ERR1620325_sub,1e-06,EX_cpd00035_e0,-0.030086912520630504,0.02927488854709566,cpd00035_e0,import
S41C1711_Prevotella_sp900546535,ERR1620325_sub,1e-06,EX_cpd00065_e0,-0.0030236531124515098,0.02927488854709566,cpd00065_e0,import
S41C1711_Prevotella_sp900546535,ERR1620325_sub,1e-06,EX_cpd00119_e0,-0.005039421854085866,0.02927488854709566,cpd00119_e0,import
S41C1711_Prevotella_sp900546535,ERR1620325_sub,1e-06,EX_cpd00012_e0,-0.017726158345682825,0.02927488854709566,cpd00012_e0,import
S431C386_Prevotella_stercorea,ERR1620325_sub,1e-06,EX_cpd00036_e0,0.0038573512792992957,0.0032665164089559252,cpd00036_e0,export
S431C386_Prevotella_stercorea,ERR1620325_sub,1e-06,EX_cpd10515_e0,-7.02745665275566e-05,0.0032665164089559252,cpd10515_e0,import
S431C386_Prevotella_stercorea,ERR1620325_sub,1e-06,EX_cpd00003_e0,-4.934626140921938e-05,0.0032665164089559252,cpd00003_e0,import
S431C386_Prevotella_stercorea,ERR1620325_sub,1e-06,EX_cpd00311_e0,-0.02670443808713235,0.0032665164089559252,cpd00311_e0,import
S431C386_Prevotella_stercorea,ERR1620325_sub,1e-06,EX_cpd00058_e0,-4.5601435822942845e-05,0.0032665164089559252,cpd00058_e0,import
S431C386_Prevotella_stercorea,ERR1620325_sub,1e-06,EX_cpd00060_e0,-0.0009367122142552469,0.0032665164089559252,cpd00060_e0,import
S431C386_Prevotella_stercorea,ERR1620325_sub,1e-06,EX_cpd01741_e0,-0.0004313293192576822,0.0032665164089559252,cpd01741_e0,import
S431C386_Prevotella_stercorea,ERR1620325_sub,1e-06,EX_cpd00001_e0,0.002854693381791479,0.0032665164089559252,cpd00001_e0,export
S431C386_Prevotella_stercorea,ERR1620325_sub,1e-06,EX_cpd03847_e0,-8.626586385153643e-05,0.0032665164089559252,cpd03847_e0,import
S431C386_Prevotella_stercorea,ERR1620325_sub,1e-06,EX_cpd00039_e0,-0.0020364708303938868,0.0032665164089559252,cpd00039_e0,import
S431C386_Prevotella_stercorea,ERR1620325_sub,1e-06,EX_cpd00367_e0,-0.0018018849374311,0.0032665164089559252,cpd00367_e0,import
S431C386_Prevotella_stercorea,ERR1620325_sub,1e-06,EX_cpd00099_e0,-4.5601435822942845e-05,0.0032665164089559252,cpd00099_e0,import
S431C386_Prevotella_stercorea,ERR1620325_sub,1e-06,EX_cpd10516_e0,-4.5601435822942845e-05,0.0032665164089559252,cpd10516_e0,import
S431C386_Prevotella_stercorea,ERR1620325_sub,1e-06,EX_cpd00013_e0,0.04762552420344401,0.0032665164089559252,cpd00013_e0,export
S431C386_Prevotella_stercorea,ERR1620325_sub,1e-06,EX_cpd00277_e0,-0.02170822229064428,0.0032665164089559252,cpd00277_e0,import
S431C386_Prevotella_stercorea,ERR1620325_sub,1e-06,EX_cpd00322_e0,-0.0022444876917327968,0.0032665164089559252,cpd00322_e0,import
S431C386_Prevotella_stercorea,ERR1620325_sub,1e-06,EX_cpd00028_e0,-2.4673130704613747e-05,0.0032665164089559252,cpd00028_e0,import
S431C386_Prevotella_stercorea,ERR1620325_sub,1e-06,EX_cpd00034_e0,-4.5601435822942845e-05,0.0032665164089559252,cpd00034_e0,import
S431C386_Prevotella_stercorea,ERR1620325_sub,1e-06,EX_cpd00149_e0,-4.5601435822942845e-05,0.0032665164089559252,cpd00149_e0,import
S431C386_Prevotella_stercorea,ERR1620325_sub,1e-06,EX_cpd00023_e0,-0.005604020425473797,0.0032665164089559252,cpd00023_e0,import
S431C386_Prevotella_stercorea,ERR1620325_sub,1e-06,EX_cpd00071_e0,0.021732895421348892,0.0032665164089559252,cpd00071_e0,export
S431C386_Prevotella_stercorea,ERR1620325_sub,1e-06,EX_cpd00029_e0,0.04273879414656309,0.0032665164089559252,cpd00029_e0,export
S431C386_Prevotella_stercorea,ERR1620325_sub,1e-06,EX_cpd00048_e0,-4.5601435822942845e-05,0.0032665164089559252,cpd00048_e0,import
S431C386_Prevotella_stercorea,ERR1620325_sub,1e-06,EX_cpd00205_e0,-4.5601435822942845e-05,0.0032665164089559252,cpd00205_e0,import
S431C386_Prevotella_stercorea,ERR1620325_sub,1e-06,EX_cpd00010_e0,-4.934626140922632e-05,0.0032665164089559252,cpd00010_e0,import
S431C386_Prevotella_stercorea,ERR1620325_sub,1e-06,EX_cpd00309_e0,0.04690791047134581,0.0032665164089559252,cpd00309_e0,export
S431C386_Prevotella_stercorea,ERR1620325_sub,1e-06,EX_cpd00011_e0,0.05185701384770704,0.0032665164089559252,cpd00011_e0,export
S431C386_Prevotella_stercorea,ERR1620325_sub,1e-06,EX_cpd00132_e0,-0.0014305270557061329,0.0032665164089559252,cpd00132_e0,import
S431C386_Prevotella_stercorea,ERR1620325_sub,1e-06,EX_cpd00182_e0,-0.0012381514548566175,0.0032665164089559252,cpd00182_e0,import
S431C386_Prevotella_stercorea,ERR1620325_sub,1e-06,EX_cpd00069_e0,-0.0008430095686849815,0.0032665164089559252,cpd00069_e0,import
S431C386_Prevotella_stercorea,ERR1620325_sub,1e-06,EX_cpd00047_e0,0.007123654716305202,0.0032665164089559252,cpd00047_e0,export
S431C386_Prevotella_stercorea,ERR1620325_sub,1e-06,EX_cpd00054_e0,-0.0015497568448724732,0.0032665164089559252,cpd00054_e0,import
S431C386_Prevotella_stercorea,ERR1620325_sub,1e-06,EX_cpd00007_e0,-0.043046279849315215,0.0032665164089559252,cpd00007_e0,import
S431C386_Prevotella_stercorea,ERR1620325_sub,1e-06,EX_cpd00084_e0,-0.0005928216057167979,0.0032665164089559252,cpd00084_e0,import
S431C386_Prevotella_stercorea,ERR1620325_sub,1e-06,EX_cpd00161_e0,-0.0015054891721623513,0.0032665164089559252,cpd00161_e0,import
S431C386_Prevotella_stercorea,ERR1620325_sub,1e-06,EX_cpd00216_e0,-7.401939211384124e-05,0.0032665164089559252,cpd00216_e0,import
S431C386_Prevotella_stercorea,ERR1620325_sub,1e-06,EX_cpd00220_e0,-4.9346261409227494e-05,0.0032665164089559252,cpd00220_e0,import
S431C386_Prevotella_stercorea,ERR1620325_sub,1e-06,EX_cpd00053_e0,-0.0017097495437321932,0.0032665164089559252,cpd00053_e0,import
S431C386_Prevotella_stercorea,ERR1620325_sub,1e-06,EX_cpd00254_e0,-4.5601435822942845e-05,0.0032665164089559252,cpd00254_e0,import
S431C386_Prevotella_stercorea,ERR1620325_sub,1e-06,EX_cpd00208_e0,-0.00034506345540614574,0.0032665164089559252,cpd00208_e0,import
S431C386_Prevotella_stercorea,ERR1620325_sub,1e-06,EX_cpd00066_e0,-0.0010994443746911765,0.0032665164089559252,cpd00066_e0,import
S431C386_Prevotella_stercorea,ERR1620325_sub,1e-06,EX_cpd00185_e0,-0.0002094513301453818,0.0032665164089559252,cpd00185_e0,import
S431C386_Prevotella_stercorea,ERR1620325_sub,1e-06,EX_cpd00129_e0,-0.0013118370379837903,0.0032665164089559252,cpd00129_e0,import
S431C386_Prevotella_stercorea,ERR1620325_sub,1e-06,EX_cpd00030_e0,-4.5601435822942845e-05,0.0032665164089559252,cpd00030_e0,import
S431C386_Prevotella_stercorea,ERR1620325_sub,1e-06,EX_cpd00063_e0,-4.5601435822942845e-05,0.0032665164089559252,cpd00063_e0,import
S431C386_Prevotella_stercorea,ERR1620325_sub,1e-06,EX_cpd00107_e0,-0.0031940078335115363,0.0032665164089559252,cpd00107_e0,import
S431C386_Prevotella_stercorea,ERR1620325_sub,1e-06,EX_cpd00184_e0,-0.00015431095029949177,0.0032665164089559252,cpd00184_e0,import
S431C386_Prevotella_stercorea,ERR1620325_sub,1e-06,EX_cpd00156_e0,-0.002511230901283256,0.0032665164089559252,cpd00156_e0,import
S431C386_Prevotella_stercorea,ERR1620325_sub,1e-06,EX_cpd00033_e0,-0.003536970125308054,0.0032665164089559252,cpd00033_e0,import
S431C386_Prevotella_stercorea,ERR1620325_sub,1e-06,EX_cpd00051_e0,-0.001804709155092299,0.0032665164089559252,cpd00051_e0,import
S431C386_Prevotella_stercorea,ERR1620325_sub,1e-06,EX_cpd00065_e0,-0.0003373295240529741,0.0032665164089559252,cpd00065_e0,import
S431C386_Prevotella_stercorea,ERR1620325_sub,1e-06,EX_cpd00119_e0,-0.0006115621348308529,0.0032665164089559252,cpd00119_e0,import
S431C386_Prevotella_stercorea,ERR1620325_sub,1e-06,EX_cpd00012_e0,-0.0030214161939048348,0.0032665164089559252,cpd00012_e0,import
S449C65_Bifidobacterium_pseudocatenulatum,ERR1620325_sub,1e-06,EX_cpd00082_e0,-0.1276384015132887,0.01022295040659335,cpd00082_e0,import
S449C65_Bifidobacterium_pseudocatenulatum,ERR1620325_sub,1e-06,EX_cpd00076_e0,-0.20846881521161212,0.01022295040659335,cpd00076_e0,import
S449C65_Bifidobacterium_pseudocatenulatum,ERR1620325_sub,1e-06,EX_cpd00036_e0,0.0016645760936398865,0.01022295040659335,cpd00036_e0,export
S449C65_Bifidobacterium_pseudocatenulatum,ERR1620325_sub,1e-06,EX_cpd10515_e0,-0.00024516283859816687,0.01022295040659335,cpd10515_e0,import
S449C65_Bifidobacterium_pseudocatenulatum,ERR1620325_sub,1e-06,EX_cpd00311_e0,-0.002135295958225859,0.01022295040659335,cpd00311_e0,import
S449C65_Bifidobacterium_pseudocatenulatum,ERR1620325_sub,1e-06,EX_cpd00058_e0,-0.00014352514101390938,0.01022295040659335,cpd00058_e0,import
S449C65_Bifidobacterium_pseudocatenulatum,ERR1620325_sub,1e-06,EX_cpd00060_e0,-0.002693174188069868,0.01022295040659335,cpd00060_e0,import
S449C65_Bifidobacterium_pseudocatenulatum,ERR1620325_sub,1e-06,EX_cpd00039_e0,-0.007391024647955326,0.01022295040659335,cpd00039_e0,import
S449C65_Bifidobacterium_pseudocatenulatum,ERR1620325_sub,1e-06,EX_cpd00264_e0,-0.0001016376975842575,0.01022295040659335,cpd00264_e0,import
S449C65_Bifidobacterium_pseudocatenulatum,ERR1620325_sub,1e-06,EX_cpd00099_e0,-0.00014352514101390938,0.01022295040659335,cpd00099_e0,import
S449C65_Bifidobacterium_pseudocatenulatum,ERR1620325_sub,1e-06,EX_cpd10516_e0,-0.00014352514101390938,0.01022295040659335,cpd10516_e0,import
S449C65_Bifidobacterium_pseudocatenulatum,ERR1620325_sub,1e-06,EX_cpd00013_e0,-0.0046947838486757765,0.01022295040659335,cpd00013_e0,import
S449C65_Bifidobacterium_pseudocatenulatum,ERR1620325_sub,1e-06,EX_cpd00009_e0,-0.025178541278996075,0.01022295040659335,cpd00009_e0,import
S449C65_Bifidobacterium_pseudocatenulatum,ERR1620325_sub,1e-06,EX_cpd00322_e0,-0.007840455605966367,0.01022295040659335,cpd00322_e0,import
S449C65_Bifidobacterium_pseudocatenulatum,ERR1620325_sub,1e-06,EX_cpd00028_e0,-0.0001016376975842575,0.01022295040659335,cpd00028_e0,import
S449C65_Bifidobacterium_pseudocatenulatum,ERR1620325_sub,1e-06,EX_cpd00006_e0,-0.00020327539516851179,0.01022295040659335,cpd00006_e0,import
S449C65_Bifidobacterium_pseudocatenulatum,ERR1620325_sub,1e-06,EX_cpd00034_e0,-0.00014352514101390938,0.01022295040659335,cpd00034_e0,import
S449C65_Bifidobacterium_pseudocatenulatum,ERR1620325_sub,1e-06,EX_cpd00149_e0,-0.00014352514101390938,0.01022295040659335,cpd00149_e0,import
S449C65_Bifidobacterium_pseudocatenulatum,ERR1620325_sub,1e-06,EX_cpd00029_e0,0.4940514006878485,0.01022295040659335,cpd00029_e0,export
S449C65_Bifidobacterium_pseudocatenulatum,ERR1620325_sub,1e-06,EX_cpd00232_e0,-0.004095695426537377,0.01022295040659335,cpd00232_e0,import
S449C65_Bifidobacterium_pseudocatenulatum,ERR1620325_sub,1e-06,EX_cpd00249_e0,-0.002472932382746309,0.01022295040659335,cpd00249_e0,import
S449C65_Bifidobacterium_pseudocatenulatum,ERR1620325_sub,1e-06,EX_cpd00048_e0,-0.00014352514101390938,0.01022295040659335,cpd00048_e0,import
S449C65_Bifidobacterium_pseudocatenulatum,ERR1620325_sub,1e-06,EX_cpd00205_e0,-0.00014352514101390938,0.01022295040659335,cpd00205_e0,import
S449C65_Bifidobacterium_pseudocatenulatum,ERR1620325_sub,1e-06,EX_cpd00010_e0,-0.00020327539516851742,0.01022295040659335,cpd00010_e0,import
S449C65_Bifidobacterium_pseudocatenulatum,ERR1620325_sub,1e-06,EX_cpd00011_e0,0.016531144620112417,0.01022295040659335,cpd00011_e0,export
S449C65_Bifidobacterium_pseudocatenulatum,ERR1620325_sub,1e-06,EX_cpd00132_e0,-0.003386773319695982,0.01022295040659335,cpd00132_e0,import
S449C65_Bifidobacterium_pseudocatenulatum,ERR1620325_sub,1e-06,EX_cpd00588_e0,0.20846881521161212,0.01022295040659335,cpd00588_e0,export
S449C65_Bifidobacterium_pseudocatenulatum,ERR1620325_sub,1e-06,EX_cpd00182_e0,-0.0015253666368083233,0.01022295040659335,cpd00182_e0,import
S449C65_Bifidobacterium_pseudocatenulatum,ERR1620325_sub,1e-06,EX_cpd00069_e0,-0.002637039823655,0.01022295040659335,cpd00069_e0,import
S449C65_Bifidobacterium_pseudocatenulatum,ERR1620325_sub,1e-06,EX_cpd00047_e0,0.033730283843297224,0.01022295040659335,cpd00047_e0,export
S449C65_Bifidobacterium_pseudocatenulatum,ERR1620325_sub,1e-06,EX_cpd00054_e0,-0.006251217895053619,0.01022295040659335,cpd00054_e0,import
S449C65_Bifidobacterium_pseudocatenulatum,ERR1620325_sub,1e-06,EX_cpd00084_e0,-0.0015037215041125537,0.01022295040659335,cpd00084_e0,import
S449C65_Bifidobacterium_pseudocatenulatum,ERR1620325_sub,1e-06,EX_cpd00161_e0,-0.004266211695528645,0.01022295040659335,cpd00161_e0,import
S449C65_Bifidobacterium_pseudocatenulatum,ERR1620325_sub,1e-06,EX_cpd00220_e0,-0.000203275395168515,0.01022295040659335,cpd00220_e0,import
S449C65_Bifidobacterium_pseudocatenulatum,ERR1620325_sub,1e-06,EX_cpd00053_e0,-0.014840658770190952,0.01022295040659335,cpd00053_e0,import
S449C65_Bifidobacterium_pseudocatenulatum,ERR1620325_sub,1e-06,EX_cpd00254_e0,-0.00014352514101390938,0.01022295040659335,cpd00254_e0,import
S449C65_Bifidobacterium_pseudocatenulatum,ERR1620325_sub,1e-06,EX_cpd00067_e0,0.7607960546897897,0.01022295040659335,cpd00067_e0,export
S449C65_Bifidobacterium_pseudocatenulatum,ERR1620325_sub,1e-06,EX_cpd00041_e0,-0.0034240069144826856,0.01022295040659335,cpd00041_e0,import
S449C65_Bifidobacterium_pseudocatenulatum,ERR1620325_sub,1e-06,EX_cpd00066_e0,-0.0040229627830643,0.01022295040659335,cpd00066_e0,import
S449C65_Bifidobacterium_pseudocatenulatum,ERR1620325_sub,1e-06,EX_cpd00064_e0,-0.0001016376975842575,0.01022295040659335,cpd00064_e0,import
S449C65_Bifidobacterium_pseudocatenulatum,ERR1620325_sub,1e-06,EX_cpd00020_e0,0.2530429953916571,0.01022295040659335,cpd00020_e0,export
S449C65_Bifidobacterium_pseudocatenulatum,ERR1620325_sub,1e-06,EX_cpd00129_e0,-0.0036768008691727074,0.01022295040659335,cpd00129_e0,import
S449C65_Bifidobacterium_pseudocatenulatum,ERR1620325_sub,1e-06,EX_cpd00030_e0,-0.00014352514101390938,0.01022295040659335,cpd00030_e0,import
S449C65_Bifidobacterium_pseudocatenulatum,ERR1620325_sub,1e-06,EX_cpd00063_e0,-0.00014352514101390938,0.01022295040659335,cpd00063_e0,import
S449C65_Bifidobacterium_pseudocatenulatum,ERR1620325_sub,1e-06,EX_cpd00107_e0,-0.009599332357631692,0.01022295040659335,cpd00107_e0,import
S449C65_Bifidobacterium_pseudocatenulatum,ERR1620325_sub,1e-06,EX_cpd00033_e0,-0.009268724994782818,0.01022295040659335,cpd00033_e0,import
S449C65_Bifidobacterium_pseudocatenulatum,ERR1620325_sub,1e-06,EX_cpd00051_e0,-0.004415903333968251,0.01022295040659335,cpd00051_e0,import
S449C65_Bifidobacterium_pseudocatenulatum,ERR1620325_sub,1e-06,EX_cpd00065_e0,-0.0012443117445291875,0.01022295040659335,cpd00065_e0,import
S449C65_Bifidobacterium_pseudocatenulatum,ERR1620325_sub,1e-06,EX_cpd00119_e0,-0.0018711454804950193,0.01022295040659335,cpd00119_e0,import
S478C49_Prevotella_sp900313215,ERR1620325_sub,1e-06,EX_cpd00025_e0,0.00035010914608126636,0.04634584434111364,cpd00025_e0,export
S478C49_Prevotella_sp900313215,ERR1620325_sub,1e-06,EX_cpd00324_e0,0.031148827479541605,0.04634584434111364,cpd00324_e0,export
S478C49_Prevotella_sp900313215,ERR1620325_sub,1e-06,EX_cpd00036_e0,1.0118050356205408,0.04634584434111364,cpd00036_e0,export
S478C49_Prevotella_sp900313215,ERR1620325_sub,1e-06,EX_cpd10515_e0,-0.000997188754550439,0.04634584434111364,cpd10515_e0,import
S478C49_Prevotella_sp900313215,ERR1620325_sub,1e-06,EX_cpd00058_e0,-0.0006470796084691728,0.04634584434111364,cpd00058_e0,import
S478C49_Prevotella_sp900313215,ERR1620325_sub,1e-06,EX_cpd00060_e0,-0.04374045761079262,0.04634584434111364,cpd00060_e0,import
S478C49_Prevotella_sp900313215,ERR1620325_sub,1e-06,EX_cpd01741_e0,-0.006120517961544398,0.04634584434111364,cpd01741_e0,import
S478C49_Prevotella_sp900313215,ERR1620325_sub,1e-06,EX_cpd03847_e0,-0.0012241035923088795,0.04634584434111364,cpd03847_e0,import
S478C49_Prevotella_sp900313215,ERR1620325_sub,1e-06,EX_cpd00039_e0,-0.028897308249385883,0.04634584434111364,cpd00039_e0,import
S478C49_Prevotella_sp900313215,ERR1620325_sub,1e-06,EX_cpd00130_e0,-0.03162971650769908,0.04634584434111364,cpd00130_e0,import
S478C49_Prevotella_sp900313215,ERR1620325_sub,1e-06,EX_cpd00367_e0,-0.025568558945084807,0.04634584434111364,cpd00367_e0,import
S478C49_Prevotella_sp900313215,ERR1620325_sub,1e-06,EX_cpd00099_e0,-0.0006470796084691728,0.04634584434111364,cpd00099_e0,import
S478C49_Prevotella_sp900313215,ERR1620325_sub,1e-06,EX_cpd10516_e0,-0.0006470796084691728,0.04634584434111364,cpd10516_e0,import
S478C49_Prevotella_sp900313215,ERR1620325_sub,1e-06,EX_cpd00013_e0,0.6513478309874198,0.04634584434111364,cpd00013_e0,export
S478C49_Prevotella_sp900313215,ERR1620325_sub,1e-06,EX_cpd00277_e0,-0.7259105129005273,0.04634584434111364,cpd00277_e0,import
S478C49_Prevotella_sp900313215,ERR1620325_sub,1e-06,EX_cpd00009_e0,-0.08924825150047794,0.04634584434111364,cpd00009_e0,import
S478C49_Prevotella_sp900313215,ERR1620325_sub,1e-06,EX_cpd00028_e0,-0.00035010914608126636,0.04634584434111364,cpd00028_e0,import
S478C49_Prevotella_sp900313215,ERR1620325_sub,1e-06,EX_cpd00158_e0,-0.1854654804382032,0.04634584434111364,cpd00158_e0,import
S478C49_Prevotella_sp900313215,ERR1620325_sub,1e-06,EX_cpd00034_e0,-0.0006470796084691728,0.04634584434111364,cpd00034_e0,import
S478C49_Prevotella_sp900313215,ERR1620325_sub,1e-06,EX_cpd00276_e0,-0.029157581706908558,0.04634584434111364,cpd00276_e0,import
S478C49_Prevotella_sp900313215,ERR1620325_sub,1e-06,EX_cpd00149_e0,-0.0006470796084691728,0.04634584434111364,cpd00149_e0,import
S478C49_Prevotella_sp900313215,ERR1620325_sub,1e-06,EX_cpd00023_e0,-0.049746438267654944,0.04634584434111364,cpd00023_e0,import
S478C49_Prevotella_sp900313215,ERR1620325_sub,1e-06,EX_cpd00071_e0,0.7262606220466086,0.04634584434111364,cpd00071_e0,export
S478C49_Prevotella_sp900313215,ERR1620325_sub,1e-06,EX_cpd00222_e0,-0.2194759450523986,0.04634584434111364,cpd00222_e0,import
S478C49_Prevotella_sp900313215,ERR1620325_sub,1e-06,EX_cpd00029_e0,0.5623609933310793,0.04634584434111364,cpd00029_e0,export
S478C49_Prevotella_sp900313215,ERR1620325_sub,1e-06,EX_cpd00048_e0,-0.0006470796084691728,0.04634584434111364,cpd00048_e0,import
S478C49_Prevotella_sp900313215,ERR1620325_sub,1e-06,EX_cpd00205_e0,-0.0006470796084691728,0.04634584434111364,cpd00205_e0,import
S478C49_Prevotella_sp900313215,ERR1620325_sub,1e-06,EX_cpd00204_e0,0.00035010914608126636,0.04634584434111364,cpd00204_e0,export
S478C49_Prevotella_sp900313215,ERR1620325_sub,1e-06,EX_cpd00309_e0,0.7404259798541688,0.04634584434111364,cpd00309_e0,export
S478C49_Prevotella_sp900313215,ERR1620325_sub,1e-06,EX_cpd00132_e0,-0.02029902941444588,0.04634584434111364,cpd00132_e0,import
S478C49_Prevotella_sp900313215,ERR1620325_sub,1e-06,EX_cpd00239_e0,0.0216407785157929,0.04634584434111364,cpd00239_e0,export
S478C49_Prevotella_sp900313215,ERR1620325_sub,1e-06,EX_cpd00182_e0,-0.017569239743782307,0.04634584434111364,cpd00182_e0,import
S478C49_Prevotella_sp900313215,ERR1620325_sub,1e-06,EX_cpd00069_e0,-0.011612108529661231,0.04634584434111364,cpd00069_e0,import
S478C49_Prevotella_sp900313215,ERR1620325_sub,1e-06,EX_cpd01217_e0,-0.035867710862755406,0.04634584434111364,cpd01217_e0,import
S478C49_Prevotella_sp900313215,ERR1620325_sub,1e-06,EX_cpd00007_e0,-0.00035010914608126636,0.04634584434111364,cpd00007_e0,import
S478C49_Prevotella_sp900313215,ERR1620325_sub,1e-06,EX_cpd00106_e0,-0.014654277889212253,0.04634584434111364,cpd00106_e0,import
S478C49_Prevotella_sp900313215,ERR1620325_sub,1e-06,EX_cpd00084_e0,-0.03005285514444799,0.04634584434111364,cpd00084_e0,import
S478C49_Prevotella_sp900313215,ERR1620325_sub,1e-06,EX_cpd00448_e0,-0.012604645088078856,0.04634584434111364,cpd00448_e0,import
S478C49_Prevotella_sp900313215,ERR1620325_sub,1e-06,EX_cpd00161_e0,-0.02136273401258281,0.04634584434111364,cpd00161_e0,import
S478C49_Prevotella_sp900313215,ERR1620325_sub,1e-06,EX_cpd00220_e0,-0.0007002182921625327,0.04634584434111364,cpd00220_e0,import
S478C49_Prevotella_sp900313215,ERR1620325_sub,1e-06,EX_cpd03198_e0,-0.006120517961544398,0.04634584434111364,cpd03198_e0,import
S478C49_Prevotella_sp900313215,ERR1620325_sub,1e-06,EX_cpd00254_e0,-0.0006470796084691728,0.04634584434111364,cpd00254_e0,import
S478C49_Prevotella_sp900313215,ERR1620325_sub,1e-06,EX_cpd00067_e0,1.495441767777601,0.04634584434111364,cpd00067_e0,export
S478C49_Prevotella_sp900313215,ERR1620325_sub,1e-06,EX_cpd00041_e0,-0.023273678737161064,0.04634584434111364,cpd00041_e0,import
S478C49_Prevotella_sp900313215,ERR1620325_sub,1e-06,EX_cpd00066_e0,-0.015601000772674565,0.04634584434111364,cpd00066_e0,import
S478C49_Prevotella_sp900313215,ERR1620325_sub,1e-06,EX_cpd00017_e0,-0.0014004365843250655,0.04634584434111364,cpd00017_e0,import
S478C49_Prevotella_sp900313215,ERR1620325_sub,1e-06,EX_cpd00055_e0,-0.0014004365843250793,0.04634584434111364,cpd00055_e0,import
S478C49_Prevotella_sp900313215,ERR1620325_sub,1e-06,EX_cpd00129_e0,-0.018614830467395795,0.04634584434111364,cpd00129_e0,import
S478C49_Prevotella_sp900313215,ERR1620325_sub,1e-06,EX_cpd00030_e0,-0.0006470796084691728,0.04634584434111364,cpd00030_e0,import
S478C49_Prevotella_sp900313215,ERR1620325_sub,1e-06,EX_cpd00063_e0,-0.0006470796084691728,0.04634584434111364,cpd00063_e0,import
S478C49_Prevotella_sp900313215,ERR1620325_sub,1e-06,EX_cpd00184_e0,-0.0021896562575352977,0.04634584434111364,cpd00184_e0,import
S478C49_Prevotella_sp900313215,ERR1620325_sub,1e-06,EX_cpd00033_e0,-0.05158967300963983,0.04634584434111364,cpd00033_e0,import
S478C49_Prevotella_sp900313215,ERR1620325_sub,1e-06,EX_cpd00051_e0,-0.025608634298534997,0.04634584434111364,cpd00051_e0,import
S478C49_Prevotella_sp900313215,ERR1620325_sub,1e-06,EX_cpd00035_e0,-0.047629849393323126,0.04634584434111364,cpd00035_e0,import
S478C49_Prevotella_sp900313215,ERR1620325_sub,1e-06,EX_cpd00065_e0,-0.004786670691616053,0.04634584434111364,cpd00065_e0,import
S478C49_Prevotella_sp900313215,ERR1620325_sub,1e-06,EX_cpd00119_e0,-0.007977784486026783,0.04634584434111364,cpd00119_e0,import
S50C25_CAG_127_sp900319515,ERR1620325_sub,1e-06,EX_cpd10515_e0,-4.957904310423323e-05,0.002069341908020205,cpd10515_e0,import
S50C25_CAG_127_sp900319515,ERR1620325_sub,1e-06,EX_cpd00003_e0,-4.110818603960954e-05,0.002069341908020205,cpd00003_e0,import
S50C25_CAG_127_sp900319515,ERR1620325_sub,1e-06,EX_cpd00311_e0,-0.00041126473791931295,0.002069341908020205,cpd00311_e0,import
S50C25_CAG_127_sp900319515,ERR1620325_sub,1e-06,EX_cpd00305_e0,-2.0554093019799952e-05,0.002069341908020205,cpd00305_e0,import
S50C25_CAG_127_sp900319515,ERR1620325_sub,1e-06,EX_cpd00058_e0,-2.9024950084433275e-05,0.002069341908020205,cpd00058_e0,import
S50C25_CAG_127_sp900319515,ERR1620325_sub,1e-06,EX_cpd00060_e0,-0.0004829757253013584,0.002069341908020205,cpd00060_e0,import
S50C25_CAG_127_sp900319515,ERR1620325_sub,1e-06,EX_cpd00367_e0,-0.05523967244398329,0.002069341908020205,cpd00367_e0,import
S50C25_CAG_127_sp900319515,ERR1620325_sub,1e-06,EX_cpd00099_e0,-2.9024950084433275e-05,0.002069341908020205,cpd00099_e0,import
S50C25_CAG_127_sp900319515,ERR1620325_sub,1e-06,EX_cpd10516_e0,-2.9024950084433275e-05,0.002069341908020205,cpd10516_e0,import
S50C25_CAG_127_sp900319515,ERR1620325_sub,1e-06,EX_cpd00009_e0,-0.0052562647302412035,0.002069341908020205,cpd00009_e0,import
S50C25_CAG_127_sp900319515,ERR1620325_sub,1e-06,EX_cpd00028_e0,-2.0554093019799952e-05,0.002069341908020205,cpd00028_e0,import
S50C25_CAG_127_sp900319515,ERR1620325_sub,1e-06,EX_cpd01080_e0,-0.00033684794519614405,0.002069341908020205,cpd01080_e0,import
S50C25_CAG_127_sp900319515,ERR1620325_sub,1e-06,EX_cpd00034_e0,-2.9024950084433275e-05,0.002069341908020205,cpd00034_e0,import
S50C25_CAG_127_sp900319515,ERR1620325_sub,1e-06,EX_cpd00276_e0,-8.033766604314749e-05,0.002069341908020205,cpd00276_e0,import
S50C25_CAG_127_sp900319515,ERR1620325_sub,1e-06,EX_cpd00149_e0,-2.9024950084433275e-05,0.002069341908020205,cpd00149_e0,import
S50C25_CAG_127_sp900319515,ERR1620325_sub,1e-06,EX_cpd00092_e0,0.054739573726334693,0.002069341908020205,cpd00092_e0,export
S50C25_CAG_127_sp900319515,ERR1620325_sub,1e-06,EX_cpd00023_e0,-0.002602924143177235,0.002069341908020205,cpd00023_e0,import
S50C25_CAG_127_sp900319515,ERR1620325_sub,1e-06,EX_cpd00048_e0,-2.9024950084433275e-05,0.002069341908020205,cpd00048_e0,import
S50C25_CAG_127_sp900319515,ERR1620325_sub,1e-06,EX_cpd00205_e0,-2.9024950084433275e-05,0.002069341908020205,cpd00205_e0,import
S50C25_CAG_127_sp900319515,ERR1620325_sub,1e-06,EX_cpd00309_e0,0.003313628703822678,0.002069341908020205,cpd00309_e0,export
S50C25_CAG_127_sp900319515,ERR1620325_sub,1e-06,EX_cpd00011_e0,0.03490643387534553,0.002069341908020205,cpd00011_e0,export
S50C25_CAG_127_sp900319515,ERR1620325_sub,1e-06,EX_cpd00132_e0,-0.0006849038841351124,0.002069341908020205,cpd00132_e0,import
S50C25_CAG_127_sp900319515,ERR1620325_sub,1e-06,EX_cpd00239_e0,-0.0003246502345698442,0.002069341908020205,cpd00239_e0,import
S50C25_CAG_127_sp900319515,ERR1620325_sub,1e-06,EX_cpd00182_e0,-0.0002879193227249401,0.002069341908020205,cpd00182_e0,import
S50C25_CAG_127_sp900319515,ERR1620325_sub,1e-06,EX_cpd00069_e0,-0.0005127319132613673,0.002069341908020205,cpd00069_e0,import
S50C25_CAG_127_sp900319515,ERR1620325_sub,1e-06,EX_cpd00526_e0,0.008193619645041172,0.002069341908020205,cpd00526_e0,export
S50C25_CAG_127_sp900319515,ERR1620325_sub,1e-06,EX_cpd01217_e0,-0.003313628703822678,0.002069341908020205,cpd01217_e0,import
S50C25_CAG_127_sp900319515,ERR1620325_sub,1e-06,EX_cpd00007_e0,-0.006046292592320479,0.002069341908020205,cpd00007_e0,import
S50C25_CAG_127_sp900319515,ERR1620325_sub,1e-06,EX_cpd00161_e0,-0.002448319587999419,0.002069341908020205,cpd00161_e0,import
S50C25_CAG_127_sp900319515,ERR1620325_sub,1e-06,EX_cpd23431_e0,-0.008193619645041172,0.002069341908020205,cpd23431_e0,import
S50C25_CAG_127_sp900319515,ERR1620325_sub,1e-06,EX_cpd00254_e0,-2.9024950084433275e-05,0.002069341908020205,cpd00254_e0,import
S50C25_CAG_127_sp900319515,ERR1620325_sub,1e-06,EX_cpd00067_e0,0.004363379648374452,0.002069341908020205,cpd00067_e0,export
S50C25_CAG_127_sp900319515,ERR1620325_sub,1e-06,EX_cpd00066_e0,-0.0008135598623704398,0.002069341908020205,cpd00066_e0,import
S50C25_CAG_127_sp900319515,ERR1620325_sub,1e-06,EX_cpd00017_e0,-6.166227905939986e-05,0.002069341908020205,cpd00017_e0,import
S50C25_CAG_127_sp900319515,ERR1620325_sub,1e-06,EX_cpd00064_e0,-4.1108186039599904e-05,0.002069341908020205,cpd00064_e0,import
S50C25_CAG_127_sp900319515,ERR1620325_sub,1e-06,EX_cpd00055_e0,-0.001588827967398293,0.002069341908020205,cpd00055_e0,import
S50C25_CAG_127_sp900319515,ERR1620325_sub,1e-06,EX_cpd00393_e0,-6.166227905939989e-05,0.002069341908020205,cpd00393_e0,import
S50C25_CAG_127_sp900319515,ERR1620325_sub,1e-06,EX_cpd00129_e0,-0.0007435558742129806,0.002069341908020205,cpd00129_e0,import
S50C25_CAG_127_sp900319515,ERR1620325_sub,1e-06,EX_cpd00030_e0,-2.9024950084433275e-05,0.002069341908020205,cpd00030_e0,import
S50C25_CAG_127_sp900319515,ERR1620325_sub,1e-06,EX_cpd00063_e0,-2.9024950084433275e-05,0.002069341908020205,cpd00063_e0,import
S50C25_CAG_127_sp900319515,ERR1620325_sub,1e-06,EX_cpd00107_e0,-0.0019412636737778455,0.002069341908020205,cpd00107_e0,import
S50C25_CAG_127_sp900319515,ERR1620325_sub,1e-06,EX_cpd00211_e0,0.013317808759897479,0.002069341908020205,cpd00211_e0,export
S50C25_CAG_127_sp900319515,ERR1620325_sub,1e-06,EX_cpd00033_e0,-0.003339908676673298,0.002069341908020205,cpd00033_e0,import
S50C25_CAG_127_sp900319515,ERR1620325_sub,1e-06,EX_cpd00051_e0,-0.0008930238489275518,0.002069341908020205,cpd00051_e0,import
S50C25_CAG_127_sp900319515,ERR1620325_sub,1e-06,EX_cpd00035_e0,0.04648158109185101,0.002069341908020205,cpd00035_e0,export
S50C25_CAG_127_sp900319515,ERR1620325_sub,1e-06,EX_cpd00065_e0,-0.00025163595743085633,0.002069341908020205,cpd00065_e0,import
S50C25_CAG_127_sp900319515,ERR1620325_sub,1e-06,EX_cpd00119_e0,-0.0003783999359862502,0.002069341908020205,cpd00119_e0,import
S541C3158_Prevotella_sp900557255,ERR1620325_sub,1e-06,EX_cpd01376_e0,6.665334628135326e-05,0.10577113368383557,cpd01376_e0,export
S541C3158_Prevotella_sp900557255,ERR1620325_sub,1e-06,EX_cpd00082_e0,0.1408569567244496,0.10577113368383557,cpd00082_e0,export
S541C3158_Prevotella_sp900557255,ERR1620325_sub,1e-06,EX_cpd00324_e0,0.09632200890636561,0.10577113368383557,cpd00324_e0,export
S541C3158_Prevotella_sp900557255,ERR1620325_sub,1e-06,EX_cpd00036_e0,4.165396856343196,0.10577113368383557,cpd00036_e0,export
S541C3158_Prevotella_sp900557255,ERR1620325_sub,1e-06,EX_cpd10515_e0,-0.002275901325991091,0.10577113368383557,cpd10515_e0,import
S541C3158_Prevotella_sp900557255,ERR1620325_sub,1e-06,EX_cpd00058_e0,-0.0014768411017638445,0.10577113368383557,cpd00058_e0,import
S541C3158_Prevotella_sp900557255,ERR1620325_sub,1e-06,EX_cpd01741_e0,-0.013968965134099497,0.10577113368383557,cpd01741_e0,import
S541C3158_Prevotella_sp900557255,ERR1620325_sub,1e-06,EX_cpd00001_e0,0.6407530901244388,0.10577113368383557,cpd00001_e0,export
S541C3158_Prevotella_sp900557255,ERR1620325_sub,1e-06,EX_cpd03847_e0,-0.0027937930268198993,0.10577113368383557,cpd03847_e0,import
S541C3158_Prevotella_sp900557255,ERR1620325_sub,1e-06,EX_cpd00039_e0,-0.06595283176052305,0.10577113368383557,cpd00039_e0,import
S541C3158_Prevotella_sp900557255,ERR1620325_sub,1e-06,EX_cpd00264_e0,-0.0007990602242272467,0.10577113368383557,cpd00264_e0,import
S541C3158_Prevotella_sp900557255,ERR1620325_sub,1e-06,EX_cpd00130_e0,0.06358268537548169,0.10577113368383557,cpd00130_e0,export
S541C3158_Prevotella_sp900557255,ERR1620325_sub,1e-06,EX_cpd00367_e0,-0.058355569034705276,0.10577113368383557,cpd00367_e0,import
S541C3158_Prevotella_sp900557255,ERR1620325_sub,1e-06,EX_cpd00099_e0,-0.0014768411017638445,0.10577113368383557,cpd00099_e0,import
S541C3158_Prevotella_sp900557255,ERR1620325_sub,1e-06,EX_cpd00141_e0,0.023632375000444933,0.10577113368383557,cpd00141_e0,export
S541C3158_Prevotella_sp900557255,ERR1620325_sub,1e-06,EX_cpd10516_e0,-0.0014768411017638445,0.10577113368383557,cpd10516_e0,import
S541C3158_Prevotella_sp900557255,ERR1620325_sub,1e-06,EX_cpd00013_e0,1.8412982794554353,0.10577113368383557,cpd00013_e0,export
S541C3158_Prevotella_sp900557255,ERR1620325_sub,1e-06,EX_cpd00009_e0,-0.19889848316923764,0.10577113368383557,cpd00009_e0,import
S541C3158_Prevotella_sp900557255,ERR1620325_sub,1e-06,EX_cpd00028_e0,-0.0007990602242272467,0.10577113368383557,cpd00028_e0,import
S541C3158_Prevotella_sp900557255,ERR1620325_sub,1e-06,EX_cpd00158_e0,-0.5746628319269258,0.10577113368383557,cpd00158_e0,import
S541C3158_Prevotella_sp900557255,ERR1620325_sub,1e-06,EX_cpd00034_e0,-0.0014768411017638445,0.10577113368383557,cpd00034_e0,import
S541C3158_Prevotella_sp900557255,ERR1620325_sub,1e-06,EX_cpd00149_e0,-0.0014768411017638445,0.10577113368383557,cpd00149_e0,import
S541C3158_Prevotella_sp900557255,ERR1620325_sub,1e-06,EX_cpd00363_e0,0.0007990602242272467,0.10577113368383557,cpd00363_e0,export
S541C3158_Prevotella_sp900557255,ERR1620325_sub,1e-06,EX_cpd00024_e0,0.07577061237876115,0.10577113368383557,cpd00024_e0,export
S541C3158_Prevotella_sp900557255,ERR1620325_sub,1e-06,EX_cpd00029_e0,1.9435086675633748,0.10577113368383557,cpd00029_e0,export
S541C3158_Prevotella_sp900557255,ERR1620325_sub,1e-06,EX_cpd00232_e0,0.004996801436987217,0.10577113368383557,cpd00232_e0,export
S541C3158_Prevotella_sp900557255,ERR1620325_sub,1e-06,EX_cpd00048_e0,-0.001476841101763826,0.10577113368383557,cpd00048_e0,import
S541C3158_Prevotella_sp900557255,ERR1620325_sub,1e-06,EX_cpd00205_e0,-0.0014768411017638445,0.10577113368383557,cpd00205_e0,import
S541C3158_Prevotella_sp900557255,ERR1620325_sub,1e-06,EX_cpd00010_e0,-0.0015981204484545597,0.10577113368383557,cpd00010_e0,import
S541C3158_Prevotella_sp900557255,ERR1620325_sub,1e-06,EX_cpd00132_e0,-0.046328829672269194,0.10577113368383557,cpd00132_e0,import
S541C3158_Prevotella_sp900557255,ERR1620325_sub,1e-06,EX_cpd00314_e0,-0.1408569567244496,0.10577113368383557,cpd00314_e0,import
S541C3158_Prevotella_sp900557255,ERR1620325_sub,1e-06,EX_cpd00069_e0,-0.027301578508363886,0.10577113368383557,cpd00069_e0,import
S541C3158_Prevotella_sp900557255,ERR1620325_sub,1e-06,EX_cpd00154_e0,-0.1679302013877263,0.10577113368383557,cpd00154_e0,import
S541C3158_Prevotella_sp900557255,ERR1620325_sub,1e-06,EX_cpd00047_e0,0.012310163813212555,0.10577113368383557,cpd00047_e0,export
S541C3158_Prevotella_sp900557255,ERR1620325_sub,1e-06,EX_cpd00526_e0,-0.14917774686174592,0.10577113368383557,cpd00526_e0,import
S541C3158_Prevotella_sp900557255,ERR1620325_sub,1e-06,EX_cpd00054_e0,-0.45383230357403576,0.10577113368383557,cpd00054_e0,import
S541C3158_Prevotella_sp900557255,ERR1620325_sub,1e-06,EX_cpd01217_e0,0.0355890646583369,0.10577113368383557,cpd01217_e0,export
S541C3158_Prevotella_sp900557255,ERR1620325_sub,1e-06,EX_cpd00106_e0,-1.3367697155207572,0.10577113368383557,cpd00106_e0,import
S541C3158_Prevotella_sp900557255,ERR1620325_sub,1e-06,EX_cpd00084_e0,-0.019199029537919216,0.10577113368383557,cpd00084_e0,import
S541C3158_Prevotella_sp900557255,ERR1620325_sub,1e-06,EX_cpd00161_e0,-0.04452068790222212,0.10577113368383557,cpd00161_e0,import
S541C3158_Prevotella_sp900557255,ERR1620325_sub,1e-06,EX_cpd00220_e0,-0.0015981204484544933,0.10577113368383557,cpd00220_e0,import
S541C3158_Prevotella_sp900557255,ERR1620325_sub,1e-06,EX_cpd00053_e0,-0.18291529624194236,0.10577113368383557,cpd00053_e0,import
S541C3158_Prevotella_sp900557255,ERR1620325_sub,1e-06,EX_cpd03198_e0,-0.054086820620992335,0.10577113368383557,cpd03198_e0,import
S541C3158_Prevotella_sp900557255,ERR1620325_sub,1e-06,EX_cpd23431_e0,0.14917774686174592,0.10577113368383557,cpd23431_e0,export
S541C3158_Prevotella_sp900557255,ERR1620325_sub,1e-06,EX_cpd00254_e0,-0.0014768411017638445,0.10577113368383557,cpd00254_e0,import
S541C3158_Prevotella_sp900557255,ERR1620325_sub,1e-06,EX_cpd00139_e0,0.00023858134824515496,0.10577113368383557,cpd00139_e0,export
S541C3158_Prevotella_sp900557255,ERR1620325_sub,1e-06,EX_cpd00067_e0,5.857947037204183,0.10577113368383557,cpd00067_e0,export
S541C3158_Prevotella_sp900557255,ERR1620325_sub,1e-06,EX_cpd00041_e0,-0.11180550978210976,0.10577113368383557,cpd00041_e0,import
S541C3158_Prevotella_sp900557255,ERR1620325_sub,1e-06,EX_cpd00017_e0,-0.1266582269129129,0.10577113368383557,cpd00017_e0,import
S541C3158_Prevotella_sp900557255,ERR1620325_sub,1e-06,EX_cpd11746_e0,-0.000266613385125413,0.10577113368383557,cpd11746_e0,import
S541C3158_Prevotella_sp900557255,ERR1620325_sub,1e-06,EX_cpd00118_e0,-0.0007990602242272467,0.10577113368383557,cpd00118_e0,import
S541C3158_Prevotella_sp900557255,ERR1620325_sub,1e-06,EX_cpd00064_e0,-0.05684891326597225,0.10577113368383557,cpd00064_e0,import
S541C3158_Prevotella_sp900557255,ERR1620325_sub,1e-06,EX_cpd00055_e0,-0.2739137088747651,0.10577113368383557,cpd00055_e0,import
S541C3158_Prevotella_sp900557255,ERR1620325_sub,1e-06,EX_cpd00129_e0,-0.042484952974570014,0.10577113368383557,cpd00129_e0,import
S541C3158_Prevotella_sp900557255,ERR1620325_sub,1e-06,EX_cpd00030_e0,-0.0014768411017638445,0.10577113368383557,cpd00030_e0,import
S541C3158_Prevotella_sp900557255,ERR1620325_sub,1e-06,EX_cpd00063_e0,-0.0014768411017638445,0.10577113368383557,cpd00063_e0,import
S541C3158_Prevotella_sp900557255,ERR1620325_sub,1e-06,EX_cpd00246_e0,0.0006398592933290076,0.10577113368383557,cpd00246_e0,export
S541C3158_Prevotella_sp900557255,ERR1620325_sub,1e-06,EX_cpd00122_e0,-0.01617197354426681,0.10577113368383557,cpd00122_e0,import
S541C3158_Prevotella_sp900557255,ERR1620325_sub,1e-06,EX_cpd00184_e0,-0.0049974907531282284,0.10577113368383557,cpd00184_e0,import
S541C3158_Prevotella_sp900557255,ERR1620325_sub,1e-06,EX_cpd00224_e0,-0.10350597467605219,0.10577113368383557,cpd00224_e0,import
S541C3158_Prevotella_sp900557255,ERR1620325_sub,1e-06,EX_cpd00033_e0,-0.11958071432622241,0.10577113368383557,cpd00033_e0,import
S541C3158_Prevotella_sp900557255,ERR1620325_sub,1e-06,EX_cpd00794_e0,-0.28903503559842136,0.10577113368383557,cpd00794_e0,import
S541C3158_Prevotella_sp900557255,ERR1620325_sub,1e-06,EX_cpd00035_e0,-1.5016413226685008,0.10577113368383557,cpd00035_e0,import
S541C3158_Prevotella_sp900557255,ERR1620325_sub,1e-06,EX_cpd00065_e0,-0.010924702193460844,0.10577113368383557,cpd00065_e0,import
S541C3158_Prevotella_sp900557255,ERR1620325_sub,1e-06,EX_cpd00119_e0,-0.01820783698910147,0.10577113368383557,cpd00119_e0,import
S543C2979_Phascolarctobacterium_A_sp900552005,ERR1620325_sub,1e-06,EX_cpd00036_e0,0.07463932781499188,0.005534318909447896,cpd00036_e0,export
S543C2979_Phascolarctobacterium_A_sp900552005,ERR1620325_sub,1e-06,EX_cpd10515_e0,-0.00011907533263754099,0.005534318909447896,cpd10515_e0,import
S543C2979_Phascolarctobacterium_A_sp900552005,ERR1620325_sub,1e-06,EX_cpd00003_e0,-8.361378493054045e-05,0.005534318909447896,cpd00003_e0,import
S543C2979_Phascolarctobacterium_A_sp900552005,ERR1620325_sub,1e-06,EX_cpd00058_e0,-7.726844017226548e-05,0.005534318909447896,cpd00058_e0,import
S543C2979_Phascolarctobacterium_A_sp900552005,ERR1620325_sub,1e-06,EX_cpd00060_e0,-0.0014199656923606356,0.005534318909447896,cpd00060_e0,import
S543C2979_Phascolarctobacterium_A_sp900552005,ERR1620325_sub,1e-06,EX_cpd00039_e0,-0.00345065723657951,0.005534318909447896,cpd00039_e0,import
S543C2979_Phascolarctobacterium_A_sp900552005,ERR1620325_sub,1e-06,EX_cpd00264_e0,-4.180689246527551e-05,0.005534318909447896,cpd00264_e0,import
S543C2979_Phascolarctobacterium_A_sp900552005,ERR1620325_sub,1e-06,EX_cpd00099_e0,-7.726844017226548e-05,0.005534318909447896,cpd00099_e0,import
S543C2979_Phascolarctobacterium_A_sp900552005,ERR1620325_sub,1e-06,EX_cpd10516_e0,-7.726844017226548e-05,0.005534318909447896,cpd10516_e0,import
S543C2979_Phascolarctobacterium_A_sp900552005,ERR1620325_sub,1e-06,EX_cpd00277_e0,-0.0049327321027101394,0.005534318909447896,cpd00277_e0,import
S543C2979_Phascolarctobacterium_A_sp900552005,ERR1620325_sub,1e-06,EX_cpd00180_e0,5.243463872203432e-05,0.005534318909447896,cpd00180_e0,export
S543C2979_Phascolarctobacterium_A_sp900552005,ERR1620325_sub,1e-06,EX_cpd00322_e0,-0.0038031272436116433,0.005534318909447896,cpd00322_e0,import
S543C2979_Phascolarctobacterium_A_sp900552005,ERR1620325_sub,1e-06,EX_cpd00028_e0,-4.180689246527551e-05,0.005534318909447896,cpd00028_e0,import
S543C2979_Phascolarctobacterium_A_sp900552005,ERR1620325_sub,1e-06,EX_cpd00034_e0,-7.726844017226548e-05,0.005534318909447896,cpd00034_e0,import
S543C2979_Phascolarctobacterium_A_sp900552005,ERR1620325_sub,1e-06,EX_cpd00149_e0,-7.726844017226548e-05,0.005534318909447896,cpd00149_e0,import
S543C2979_Phascolarctobacterium_A_sp900552005,ERR1620325_sub,1e-06,EX_cpd00092_e0,0.10654699783288352,0.005534318909447896,cpd00092_e0,export
S543C2979_Phascolarctobacterium_A_sp900552005,ERR1620325_sub,1e-06,EX_cpd00023_e0,-0.002458536493126377,0.005534318909447896,cpd00023_e0,import
S543C2979_Phascolarctobacterium_A_sp900552005,ERR1620325_sub,1e-06,EX_cpd00071_e0,0.004713069894127003,0.005534318909447896,cpd00071_e0,export
S543C2979_Phascolarctobacterium_A_sp900552005,ERR1620325_sub,1e-06,EX_cpd00029_e0,0.06742796213744018,0.005534318909447896,cpd00029_e0,export
S543C2979_Phascolarctobacterium_A_sp900552005,ERR1620325_sub,1e-06,EX_cpd00249_e0,-0.10986163479964972,0.005534318909447896,cpd00249_e0,import
S543C2979_Phascolarctobacterium_A_sp900552005,ERR1620325_sub,1e-06,EX_cpd00048_e0,-7.726844017226548e-05,0.005534318909447896,cpd00048_e0,import
S543C2979_Phascolarctobacterium_A_sp900552005,ERR1620325_sub,1e-06,EX_cpd00205_e0,-7.726844017226548e-05,0.005534318909447896,cpd00205_e0,import
S543C2979_Phascolarctobacterium_A_sp900552005,ERR1620325_sub,1e-06,EX_cpd00010_e0,-8.361378493055086e-05,0.005534318909447896,cpd00010_e0,import
S543C2979_Phascolarctobacterium_A_sp900552005,ERR1620325_sub,1e-06,EX_cpd00309_e0,0.0023830387428187133,0.005534318909447896,cpd00309_e0,export
S543C2979_Phascolarctobacterium_A_sp900552005,ERR1620325_sub,1e-06,EX_cpd00011_e0,0.019150506772517006,0.005534318909447896,cpd00011_e0,export
S543C2979_Phascolarctobacterium_A_sp900552005,ERR1620325_sub,1e-06,EX_cpd00132_e0,-0.0024239279361248666,0.005534318909447896,cpd00132_e0,import
S543C2979_Phascolarctobacterium_A_sp900552005,ERR1620325_sub,1e-06,EX_cpd00182_e0,-0.0019307333799924169,0.005534318909447896,cpd00182_e0,import
S543C2979_Phascolarctobacterium_A_sp900552005,ERR1620325_sub,1e-06,EX_cpd00069_e0,-0.0014284206899864934,0.005534318909447896,cpd00069_e0,import
S543C2979_Phascolarctobacterium_A_sp900552005,ERR1620325_sub,1e-06,EX_cpd00047_e0,-5.243463872203432e-05,0.005534318909447896,cpd00047_e0,import
S543C2979_Phascolarctobacterium_A_sp900552005,ERR1620325_sub,1e-06,EX_cpd00054_e0,-0.002971037351854372,0.005534318909447896,cpd00054_e0,import
S543C2979_Phascolarctobacterium_A_sp900552005,ERR1620325_sub,1e-06,EX_cpd00084_e0,-0.0010044947038950207,0.005534318909447896,cpd00084_e0,import
S543C2979_Phascolarctobacterium_A_sp900552005,ERR1620325_sub,1e-06,EX_cpd00161_e0,-0.0025509459939130727,0.005534318909447896,cpd00161_e0,import
S543C2979_Phascolarctobacterium_A_sp900552005,ERR1620325_sub,1e-06,EX_cpd00220_e0,-8.361378493055102e-05,0.005534318909447896,cpd00220_e0,import
S543C2979_Phascolarctobacterium_A_sp900552005,ERR1620325_sub,1e-06,EX_cpd00053_e0,-0.003481736757271866,0.005534318909447896,cpd00053_e0,import
S543C2979_Phascolarctobacterium_A_sp900552005,ERR1620325_sub,1e-06,EX_cpd00254_e0,-7.726844017226548e-05,0.005534318909447896,cpd00254_e0,import
S543C2979_Phascolarctobacterium_A_sp900552005,ERR1620325_sub,1e-06,EX_cpd00067_e0,0.20715526522470556,0.005534318909447896,cpd00067_e0,export
S543C2979_Phascolarctobacterium_A_sp900552005,ERR1620325_sub,1e-06,EX_cpd00066_e0,-0.001862931514226972,0.005534318909447896,cpd00066_e0,import
S543C2979_Phascolarctobacterium_A_sp900552005,ERR1620325_sub,1e-06,EX_cpd00017_e0,-0.00016722756986110204,0.005534318909447896,cpd00017_e0,import
S543C2979_Phascolarctobacterium_A_sp900552005,ERR1620325_sub,1e-06,EX_cpd11606_e0,-0.0645141676962877,0.005534318909447896,cpd11606_e0,import
S543C2979_Phascolarctobacterium_A_sp900552005,ERR1620325_sub,1e-06,EX_cpd00129_e0,-0.0022228160112935467,0.005534318909447896,cpd00129_e0,import
S543C2979_Phascolarctobacterium_A_sp900552005,ERR1620325_sub,1e-06,EX_cpd00030_e0,-7.726844017226548e-05,0.005534318909447896,cpd00030_e0,import
S543C2979_Phascolarctobacterium_A_sp900552005,ERR1620325_sub,1e-06,EX_cpd00063_e0,-7.726844017226548e-05,0.005534318909447896,cpd00063_e0,import
S543C2979_Phascolarctobacterium_A_sp900552005,ERR1620325_sub,1e-06,EX_cpd11451_e0,0.0645141676962877,0.005534318909447896,cpd11451_e0,export
S543C2979_Phascolarctobacterium_A_sp900552005,ERR1620325_sub,1e-06,EX_cpd00080_e0,-0.0023144937755178205,0.005534318909447896,cpd00080_e0,import
S543C2979_Phascolarctobacterium_A_sp900552005,ERR1620325_sub,1e-06,EX_cpd00107_e0,-0.005412022642262203,0.005534318909447896,cpd00107_e0,import
S543C2979_Phascolarctobacterium_A_sp900552005,ERR1620325_sub,1e-06,EX_cpd00156_e0,-0.00425510493590479,0.005534318909447896,cpd00156_e0,import
S543C2979_Phascolarctobacterium_A_sp900552005,ERR1620325_sub,1e-06,EX_cpd00033_e0,-0.005700499985609807,0.005534318909447896,cpd00033_e0,import
S543C2979_Phascolarctobacterium_A_sp900552005,ERR1620325_sub,1e-06,EX_cpd00051_e0,-0.003016146412339021,0.005534318909447896,cpd00051_e0,import
S543C2979_Phascolarctobacterium_A_sp900552005,ERR1620325_sub,1e-06,EX_cpd00035_e0,-0.005562108523174452,0.005534318909447896,cpd00035_e0,import
S543C2979_Phascolarctobacterium_A_sp900552005,ERR1620325_sub,1e-06,EX_cpd00065_e0,-0.0005715812600469111,0.005534318909447896,cpd00065_e0,import
S543C2979_Phascolarctobacterium_A_sp900552005,ERR1620325_sub,1e-06,EX_cpd00119_e0,-0.0009526354334115217,0.005534318909447896,cpd00119_e0,import
S543C2979_Phascolarctobacterium_A_sp900552005,ERR1620325_sub,1e-06,EX_cpd00012_e0,-0.003962331305364266,0.005534318909447896,cpd00012_e0,import
S554C278_CAG_177_sp003514385,ERR1620325_sub,1e-06,EX_cpd00082_e0,-0.04275856711675513,0.002244667347156077,cpd00082_e0,import
S554C278_CAG_177_sp003514385,ERR1620325_sub,1e-06,EX_cpd00324_e0,-4.437889341870918e-05,0.002244667347156077,cpd00324_e0,import
S554C278_CAG_177_sp003514385,ERR1620325_sub,1e-06,EX_cpd10515_e0,-5.352372074031241e-05,0.002244667347156077,cpd10515_e0,import
S554C278_CAG_177_sp003514385,ERR1620325_sub,1e-06,EX_cpd00311_e0,0.004064789902424335,0.002244667347156077,cpd00311_e0,export
S554C278_CAG_177_sp003514385,ERR1620325_sub,1e-06,EX_cpd00305_e0,-2.218944670935459e-05,0.002244667347156077,cpd00305_e0,import
S554C278_CAG_177_sp003514385,ERR1620325_sub,1e-06,EX_cpd00058_e0,-3.1334274030957826e-05,0.002244667347156077,cpd00058_e0,import
S554C278_CAG_177_sp003514385,ERR1620325_sub,1e-06,EX_cpd00060_e0,-0.000521402920000538,0.002244667347156077,cpd00060_e0,import
S554C278_CAG_177_sp003514385,ERR1620325_sub,1e-06,EX_cpd00001_e0,-0.03342860014824013,0.002244667347156077,cpd00001_e0,import
S554C278_CAG_177_sp003514385,ERR1620325_sub,1e-06,EX_cpd00367_e0,-0.005159611774015057,0.002244667347156077,cpd00367_e0,import
S554C278_CAG_177_sp003514385,ERR1620325_sub,1e-06,EX_cpd00099_e0,-3.1334274030957826e-05,0.002244667347156077,cpd00099_e0,import
S554C278_CAG_177_sp003514385,ERR1620325_sub,1e-06,EX_cpd10516_e0,-3.1334274030957826e-05,0.002244667347156077,cpd10516_e0,import
S554C278_CAG_177_sp003514385,ERR1620325_sub,1e-06,EX_cpd00277_e0,-0.004530965711203102,0.002244667347156077,cpd00277_e0,import
S554C278_CAG_177_sp003514385,ERR1620325_sub,1e-06,EX_cpd00009_e0,-0.001310189663014591,0.002244667347156077,cpd00009_e0,import
S554C278_CAG_177_sp003514385,ERR1620325_sub,1e-06,EX_cpd00322_e0,-0.0013480721908184176,0.002244667347156077,cpd00322_e0,import
S554C278_CAG_177_sp003514385,ERR1620325_sub,1e-06,EX_cpd00028_e0,-2.218944670935459e-05,0.002244667347156077,cpd00028_e0,import
S554C278_CAG_177_sp003514385,ERR1620325_sub,1e-06,EX_cpd00034_e0,-3.1334274030957826e-05,0.002244667347156077,cpd00034_e0,import
S554C278_CAG_177_sp003514385,ERR1620325_sub,1e-06,EX_cpd00149_e0,-3.1334274030957826e-05,0.002244667347156077,cpd00149_e0,import
S554C278_CAG_177_sp003514385,ERR1620325_sub,1e-06,EX_cpd11640_e0,0.13872142826266903,0.002244667347156077,cpd11640_e0,export
S554C278_CAG_177_sp003514385,ERR1620325_sub,1e-06,EX_cpd00363_e0,0.004530965711203102,0.002244667347156077,cpd00363_e0,export
S554C278_CAG_177_sp003514385,ERR1620325_sub,1e-06,EX_cpd00092_e0,0.004619723498040516,0.002244667347156077,cpd00092_e0,export
S554C278_CAG_177_sp003514385,ERR1620325_sub,1e-06,EX_cpd00029_e0,0.07283413968412562,0.002244667347156077,cpd00029_e0,export
S554C278_CAG_177_sp003514385,ERR1620325_sub,1e-06,EX_cpd00048_e0,-3.1334274030957826e-05,0.002244667347156077,cpd00048_e0,import
S554C278_CAG_177_sp003514385,ERR1620325_sub,1e-06,EX_cpd00205_e0,-3.1334274030957826e-05,0.002244667347156077,cpd00205_e0,import
S554C278_CAG_177_sp003514385,ERR1620325_sub,1e-06,EX_cpd00010_e0,-4.437889341871171e-05,0.002244667347156077,cpd00010_e0,import
S554C278_CAG_177_sp003514385,ERR1620325_sub,1e-06,EX_cpd00011_e0,0.08235984942079123,0.002244667347156077,cpd00011_e0,export
S554C278_CAG_177_sp003514385,ERR1620325_sub,1e-06,EX_cpd00132_e0,-0.0007393971713276776,0.002244667347156077,cpd00132_e0,import
S554C278_CAG_177_sp003514385,ERR1620325_sub,1e-06,EX_cpd00239_e0,-0.0002617227268114944,0.002244667347156077,cpd00239_e0,import
S554C278_CAG_177_sp003514385,ERR1620325_sub,1e-06,EX_cpd00182_e0,-0.0003108271652777184,0.002244667347156077,cpd00182_e0,import
S554C278_CAG_177_sp003514385,ERR1620325_sub,1e-06,EX_cpd00069_e0,-0.0005535266116845306,0.002244667347156077,cpd00069_e0,import
S554C278_CAG_177_sp003514385,ERR1620325_sub,1e-06,EX_cpd00054_e0,-0.0016042933017059817,0.002244667347156077,cpd00054_e0,import
S554C278_CAG_177_sp003514385,ERR1620325_sub,1e-06,EX_cpd00161_e0,-0.0012950440475409462,0.002244667347156077,cpd00161_e0,import
S554C278_CAG_177_sp003514385,ERR1620325_sub,1e-06,EX_cpd00216_e0,-0.0009448577977824899,0.002244667347156077,cpd00216_e0,import
S554C278_CAG_177_sp003514385,ERR1620325_sub,1e-06,EX_cpd00220_e0,-4.437889341870918e-05,0.002244667347156077,cpd00220_e0,import
S554C278_CAG_177_sp003514385,ERR1620325_sub,1e-06,EX_cpd00053_e0,-0.002876589998971648,0.002244667347156077,cpd00053_e0,import
S554C278_CAG_177_sp003514385,ERR1620325_sub,1e-06,EX_cpd00254_e0,-3.1334274030957826e-05,0.002244667347156077,cpd00254_e0,import
S554C278_CAG_177_sp003514385,ERR1620325_sub,1e-06,EX_cpd00067_e0,0.06449762753024654,0.002244667347156077,cpd00067_e0,export
S554C278_CAG_177_sp003514385,ERR1620325_sub,1e-06,EX_cpd00017_e0,-6.656834012806377e-05,0.002244667347156077,cpd00017_e0,import
S554C278_CAG_177_sp003514385,ERR1620325_sub,1e-06,EX_cpd00064_e0,-4.437889341870918e-05,0.002244667347156077,cpd00064_e0,import
S554C278_CAG_177_sp003514385,ERR1620325_sub,1e-06,EX_cpd00129_e0,-0.0008027157136236936,0.002244667347156077,cpd00129_e0,import
S554C278_CAG_177_sp003514385,ERR1620325_sub,1e-06,EX_cpd00030_e0,-3.1334274030957826e-05,0.002244667347156077,cpd00030_e0,import
S554C278_CAG_177_sp003514385,ERR1620325_sub,1e-06,EX_cpd00063_e0,-3.1334274030957826e-05,0.002244667347156077,cpd00063_e0,import
S554C278_CAG_177_sp003514385,ERR1620325_sub,1e-06,EX_cpd00080_e0,-0.0043199025092368094,0.002244667347156077,cpd00080_e0,import
S554C278_CAG_177_sp003514385,ERR1620325_sub,1e-06,EX_cpd00107_e0,-0.002095717227542189,0.002244667347156077,cpd00107_e0,import
S554C278_CAG_177_sp003514385,ERR1620325_sub,1e-06,EX_cpd00122_e0,-0.0008941683800890712,0.002244667347156077,cpd00122_e0,import
S554C278_CAG_177_sp003514385,ERR1620325_sub,1e-06,EX_cpd00156_e0,-0.0015339427504615644,0.002244667347156077,cpd00156_e0,import
S554C278_CAG_177_sp003514385,ERR1620325_sub,1e-06,EX_cpd00033_e0,-0.0020679182319097043,0.002244667347156077,cpd00033_e0,import
S554C278_CAG_177_sp003514385,ERR1620325_sub,1e-06,EX_cpd00051_e0,-0.000964075869797416,0.002244667347156077,cpd00051_e0,import
S554C278_CAG_177_sp003514385,ERR1620325_sub,1e-06,EX_cpd00065_e0,-0.00027165697178613583,0.002244667347156077,cpd00065_e0,import
S554C278_CAG_177_sp003514385,ERR1620325_sub,1e-06,EX_cpd00119_e0,-0.00040850672449042994,0.002244667347156077,cpd00119_e0,import
S57C3106_Prevotella_copri_A,ERR1620325_sub,1e-06,EX_cpd00082_e0,0.11886445377217195,0.06632235240469016,cpd00082_e0,export
S57C3106_Prevotella_copri_A,ERR1620325_sub,1e-06,EX_cpd00324_e0,0.044576482364653586,0.06632235240469016,cpd00324_e0,export
S57C3106_Prevotella_copri_A,ERR1620325_sub,1e-06,EX_cpd00036_e0,3.7552347692274903,0.06632235240469016,cpd00036_e0,export
S57C3106_Prevotella_copri_A,ERR1620325_sub,1e-06,EX_cpd10515_e0,-0.0014270574698403596,0.06632235240469016,cpd10515_e0,import
S57C3106_Prevotella_copri_A,ERR1620325_sub,1e-06,EX_cpd00003_e0,-0.00021556344599149568,0.06632235240469016,cpd00003_e0,import
S57C3106_Prevotella_copri_A,ERR1620325_sub,1e-06,EX_cpd00058_e0,-0.0009260230669805458,0.06632235240469016,cpd00058_e0,import
S57C3106_Prevotella_copri_A,ERR1620325_sub,1e-06,EX_cpd00060_e0,-0.03766868531635464,0.06632235240469016,cpd00060_e0,import
S57C3106_Prevotella_copri_A,ERR1620325_sub,1e-06,EX_cpd01741_e0,-0.008758954447146475,0.06632235240469016,cpd01741_e0,import
S57C3106_Prevotella_copri_A,ERR1620325_sub,1e-06,EX_cpd03847_e0,-0.0017517908894292952,0.06632235240469016,cpd03847_e0,import
S57C3106_Prevotella_copri_A,ERR1620325_sub,1e-06,EX_cpd00039_e0,-0.04135437689944356,0.06632235240469016,cpd00039_e0,import
S57C3106_Prevotella_copri_A,ERR1620325_sub,1e-06,EX_cpd00264_e0,-0.0005010344028598139,0.06632235240469016,cpd00264_e0,import
S57C3106_Prevotella_copri_A,ERR1620325_sub,1e-06,EX_cpd00367_e0,-0.036590668385632324,0.06632235240469016,cpd00367_e0,import
S57C3106_Prevotella_copri_A,ERR1620325_sub,1e-06,EX_cpd00099_e0,-0.0009260230669805458,0.06632235240469016,cpd00099_e0,import
S57C3106_Prevotella_copri_A,ERR1620325_sub,1e-06,EX_cpd10516_e0,-0.0009260230669805458,0.06632235240469016,cpd10516_e0,import
S57C3106_Prevotella_copri_A,ERR1620325_sub,1e-06,EX_cpd00105_e0,-0.050378586567543224,0.06632235240469016,cpd00105_e0,import
S57C3106_Prevotella_copri_A,ERR1620325_sub,1e-06,EX_cpd00013_e0,0.6806359974565552,0.06632235240469016,cpd00013_e0,export
S57C3106_Prevotella_copri_A,ERR1620325_sub,1e-06,EX_cpd00277_e0,-0.03055678178209255,0.06632235240469016,cpd00277_e0,import
S57C3106_Prevotella_copri_A,ERR1620325_sub,1e-06,EX_cpd00009_e0,-0.12729031339980634,0.06632235240469016,cpd00009_e0,import
S57C3106_Prevotella_copri_A,ERR1620325_sub,1e-06,EX_cpd00028_e0,-0.0005010344028598139,0.06632235240469016,cpd00028_e0,import
S57C3106_Prevotella_copri_A,ERR1620325_sub,1e-06,EX_cpd00158_e0,-0.05102963467412043,0.06632235240469016,cpd00158_e0,import
S57C3106_Prevotella_copri_A,ERR1620325_sub,1e-06,EX_cpd00034_e0,-0.0009260230669805458,0.06632235240469016,cpd00034_e0,import
S57C3106_Prevotella_copri_A,ERR1620325_sub,1e-06,EX_cpd00149_e0,-0.0009260230669805458,0.06632235240469016,cpd00149_e0,import
S57C3106_Prevotella_copri_A,ERR1620325_sub,1e-06,EX_cpd02992_e0,-0.6953566204794062,0.06632235240469016,cpd02992_e0,import
S57C3106_Prevotella_copri_A,ERR1620325_sub,1e-06,EX_cpd00363_e0,0.03155885058781217,0.06632235240469016,cpd00363_e0,export
S57C3106_Prevotella_copri_A,ERR1620325_sub,1e-06,EX_cpd00023_e0,-0.7489091420511417,0.06632235240469016,cpd00023_e0,import
S57C3106_Prevotella_copri_A,ERR1620325_sub,1e-06,EX_cpd00029_e0,0.0035035817788585904,0.06632235240469016,cpd00029_e0,export
S57C3106_Prevotella_copri_A,ERR1620325_sub,1e-06,EX_cpd00232_e0,-0.007007163557717181,0.06632235240469016,cpd00232_e0,import
S57C3106_Prevotella_copri_A,ERR1620325_sub,1e-06,EX_cpd00048_e0,-0.0009260230669805458,0.06632235240469016,cpd00048_e0,import
S57C3106_Prevotella_copri_A,ERR1620325_sub,1e-06,EX_cpd00205_e0,-0.0009260230669805458,0.06632235240469016,cpd00205_e0,import
S57C3106_Prevotella_copri_A,ERR1620325_sub,1e-06,EX_cpd00204_e0,0.0005010344028598139,0.06632235240469016,cpd00204_e0,export
S57C3106_Prevotella_copri_A,ERR1620325_sub,1e-06,EX_cpd00132_e0,-0.029049546963106014,0.06632235240469016,cpd00132_e0,import
S57C3106_Prevotella_copri_A,ERR1620325_sub,1e-06,EX_cpd00588_e0,-0.0486588144684591,0.06632235240469016,cpd00588_e0,import
S57C3106_Prevotella_copri_A,ERR1620325_sub,1e-06,EX_cpd00069_e0,-0.017118897512758958,0.06632235240469016,cpd00069_e0,import
S57C3106_Prevotella_copri_A,ERR1620325_sub,1e-06,EX_cpd00047_e0,0.28567035227760273,0.06632235240469016,cpd00047_e0,export
S57C3106_Prevotella_copri_A,ERR1620325_sub,1e-06,EX_cpd00054_e0,-0.031971766862579284,0.06632235240469016,cpd00054_e0,import
S57C3106_Prevotella_copri_A,ERR1620325_sub,1e-06,EX_cpd00106_e0,-0.3772759197815141,0.06632235240469016,cpd00106_e0,import
S57C3106_Prevotella_copri_A,ERR1620325_sub,1e-06,EX_cpd00084_e0,-0.012038359573362472,0.06632235240469016,cpd00084_e0,import
S57C3106_Prevotella_copri_A,ERR1620325_sub,1e-06,EX_cpd00448_e0,0.003962576292900973,0.06632235240469016,cpd00448_e0,export
S57C3106_Prevotella_copri_A,ERR1620325_sub,1e-06,EX_cpd00161_e0,-0.030571793965539558,0.06632235240469016,cpd00161_e0,import
S57C3106_Prevotella_copri_A,ERR1620325_sub,1e-06,EX_cpd00220_e0,-0.0010020688057196278,0.06632235240469016,cpd00220_e0,import
S57C3106_Prevotella_copri_A,ERR1620325_sub,1e-06,EX_cpd00053_e0,-0.0347196856345235,0.06632235240469016,cpd00053_e0,import
S57C3106_Prevotella_copri_A,ERR1620325_sub,1e-06,EX_cpd00254_e0,-0.0009260230669805458,0.06632235240469016,cpd00254_e0,import
S57C3106_Prevotella_copri_A,ERR1620325_sub,1e-06,EX_cpd00644_e0,-0.0010020688057195692,0.06632235240469016,cpd00644_e0,import
S57C3106_Prevotella_copri_A,ERR1620325_sub,1e-06,EX_cpd00067_e0,3.657714263005212,0.06632235240469016,cpd00067_e0,export
S57C3106_Prevotella_copri_A,ERR1620325_sub,1e-06,EX_cpd00017_e0,-0.026931572119819305,0.06632235240469016,cpd00017_e0,import
S57C3106_Prevotella_copri_A,ERR1620325_sub,1e-06,EX_cpd00118_e0,-0.0005010344028598139,0.06632235240469016,cpd00118_e0,import
S57C3106_Prevotella_copri_A,ERR1620325_sub,1e-06,EX_cpd00185_e0,-1.5059405659304268,0.06632235240469016,cpd00185_e0,import
S57C3106_Prevotella_copri_A,ERR1620325_sub,1e-06,EX_cpd00129_e0,-0.010833165042815488,0.06632235240469016,cpd00129_e0,import
S57C3106_Prevotella_copri_A,ERR1620325_sub,1e-06,EX_cpd00030_e0,-0.0009260230669805458,0.06632235240469016,cpd00030_e0,import
S57C3106_Prevotella_copri_A,ERR1620325_sub,1e-06,EX_cpd00063_e0,-0.0009260230669805458,0.06632235240469016,cpd00063_e0,import
S57C3106_Prevotella_copri_A,ERR1620325_sub,1e-06,EX_cpd00137_e0,-0.6089190989423999,0.06632235240469016,cpd00137_e0,import
S57C3106_Prevotella_copri_A,ERR1620325_sub,1e-06,EX_cpd00122_e0,1.3907132409588123,0.06632235240469016,cpd00122_e0,export
S57C3106_Prevotella_copri_A,ERR1620325_sub,1e-06,EX_cpd00184_e0,-0.0031335745659377854,0.06632235240469016,cpd00184_e0,import
S57C3106_Prevotella_copri_A,ERR1620325_sub,1e-06,EX_cpd21520_e0,0.6953566204794062,0.06632235240469016,cpd21520_e0,export
S57C3106_Prevotella_copri_A,ERR1620325_sub,1e-06,EX_cpd00156_e0,-0.11585562111605321,0.06632235240469016,cpd00156_e0,import
S57C3106_Prevotella_copri_A,ERR1620325_sub,1e-06,EX_cpd00033_e0,-0.07232587640944557,0.06632235240469016,cpd00033_e0,import
S57C3106_Prevotella_copri_A,ERR1620325_sub,1e-06,EX_cpd00051_e0,-0.03564595064031787,0.06632235240469016,cpd00051_e0,import
S57C3106_Prevotella_copri_A,ERR1620325_sub,1e-06,EX_cpd00035_e0,-0.0681621529063032,0.06632235240469016,cpd00035_e0,import
S57C3106_Prevotella_copri_A,ERR1620325_sub,1e-06,EX_cpd00065_e0,-0.006850111510950755,0.06632235240469016,cpd00065_e0,import
S57C3106_Prevotella_copri_A,ERR1620325_sub,1e-06,EX_cpd00119_e0,-0.011416852518251296,0.06632235240469016,cpd00119_e0,import
S637C94_CAG_103_sp000432375,ERR1620325_sub,1e-06,EX_cpd00082_e0,-0.06071379156989017,0.008931284134803803,cpd00082_e0,import
S637C94_CAG_103_sp000432375,ERR1620325_sub,1e-06,EX_cpd00036_e0,-0.0007486782975548723,0.008931284134803803,cpd00036_e0,import
S637C94_CAG_103_sp000432375,ERR1620325_sub,1e-06,EX_cpd10515_e0,-0.00022573821154453345,0.008931284134803803,cpd10515_e0,import
S637C94_CAG_103_sp000432375,ERR1620325_sub,1e-06,EX_cpd00311_e0,-0.001707449000935036,0.008931284134803803,cpd00311_e0,import
S637C94_CAG_103_sp000432375,ERR1620325_sub,1e-06,EX_cpd00058_e0,-0.00013215342435017442,0.008931284134803803,cpd00058_e0,import
S637C94_CAG_103_sp000432375,ERR1620325_sub,1e-06,EX_cpd00060_e0,-0.0021054507250429376,0.008931284134803803,cpd00060_e0,import
S637C94_CAG_103_sp000432375,ERR1620325_sub,1e-06,EX_cpd00264_e0,-9.358478719435903e-05,0.008931284134803803,cpd00264_e0,import
S637C94_CAG_103_sp000432375,ERR1620325_sub,1e-06,EX_cpd00367_e0,-0.2536790639047382,0.008931284134803803,cpd00367_e0,import
S637C94_CAG_103_sp000432375,ERR1620325_sub,1e-06,EX_cpd00099_e0,-0.00013215342435017442,0.008931284134803803,cpd00099_e0,import
S637C94_CAG_103_sp000432375,ERR1620325_sub,1e-06,EX_cpd10516_e0,-0.00013215342435017442,0.008931284134803803,cpd10516_e0,import
S637C94_CAG_103_sp000432375,ERR1620325_sub,1e-06,EX_cpd00277_e0,-0.0002586641893198118,0.008931284134803803,cpd00277_e0,import
S637C94_CAG_103_sp000432375,ERR1620325_sub,1e-06,EX_cpd00009_e0,-0.023745115627541197,0.008931284134803803,cpd00009_e0,import
S637C94_CAG_103_sp000432375,ERR1620325_sub,1e-06,EX_cpd00322_e0,-0.007219244304338025,0.008931284134803803,cpd00322_e0,import
S637C94_CAG_103_sp000432375,ERR1620325_sub,1e-06,EX_cpd00028_e0,-9.358478719435903e-05,0.008931284134803803,cpd00028_e0,import
S637C94_CAG_103_sp000432375,ERR1620325_sub,1e-06,EX_cpd00034_e0,-0.00013215342435017442,0.008931284134803803,cpd00034_e0,import
S637C94_CAG_103_sp000432375,ERR1620325_sub,1e-06,EX_cpd00149_e0,-0.00013215342435017442,0.008931284134803803,cpd00149_e0,import
S637C94_CAG_103_sp000432375,ERR1620325_sub,1e-06,EX_cpd00363_e0,9.358478719435903e-05,0.008931284134803803,cpd00363_e0,export
S637C94_CAG_103_sp000432375,ERR1620325_sub,1e-06,EX_cpd00092_e0,0.08025229356496133,0.008931284134803803,cpd00092_e0,export
S637C94_CAG_103_sp000432375,ERR1620325_sub,1e-06,EX_cpd00023_e0,-0.001656921778968909,0.008931284134803803,cpd00023_e0,import
S637C94_CAG_103_sp000432375,ERR1620325_sub,1e-06,EX_cpd00029_e0,0.27395601434070177,0.008931284134803803,cpd00029_e0,export
S637C94_CAG_103_sp000432375,ERR1620325_sub,1e-06,EX_cpd00048_e0,-0.00013215342435017442,0.008931284134803803,cpd00048_e0,import
S637C94_CAG_103_sp000432375,ERR1620325_sub,1e-06,EX_cpd00205_e0,-0.00013215342435017442,0.008931284134803803,cpd00205_e0,import
S637C94_CAG_103_sp000432375,ERR1620325_sub,1e-06,EX_cpd00010_e0,-0.00018716957438871806,0.008931284134803803,cpd00010_e0,import
S637C94_CAG_103_sp000432375,ERR1620325_sub,1e-06,EX_cpd00132_e0,-0.0031184340843271254,0.008931284134803803,cpd00132_e0,import
S637C94_CAG_103_sp000432375,ERR1620325_sub,1e-06,EX_cpd00182_e0,-0.0012173399284040433,0.008931284134803803,cpd00182_e0,import
S637C94_CAG_103_sp000432375,ERR1620325_sub,1e-06,EX_cpd00069_e0,-0.002428103121041455,0.008931284134803803,cpd00069_e0,import
S637C94_CAG_103_sp000432375,ERR1620325_sub,1e-06,EX_cpd00047_e0,-0.000797700682980948,0.008931284134803803,cpd00047_e0,import
S637C94_CAG_103_sp000432375,ERR1620325_sub,1e-06,EX_cpd00054_e0,-0.0057559243304304685,0.008931284134803803,cpd00054_e0,import
S637C94_CAG_103_sp000432375,ERR1620325_sub,1e-06,EX_cpd00106_e0,0.05861065741422504,0.008931284134803803,cpd00106_e0,export
S637C94_CAG_103_sp000432375,ERR1620325_sub,1e-06,EX_cpd00084_e0,-0.001384579347099964,0.008931284134803803,cpd00084_e0,import
S637C94_CAG_103_sp000432375,ERR1620325_sub,1e-06,EX_cpd00448_e0,-0.017747056239515266,0.008931284134803803,cpd00448_e0,import
S637C94_CAG_103_sp000432375,ERR1620325_sub,1e-06,EX_cpd00161_e0,-0.0039281932111966044,0.008931284134803803,cpd00161_e0,import
S637C94_CAG_103_sp000432375,ERR1620325_sub,1e-06,EX_cpd00216_e0,-0.007879187618393194,0.008931284134803803,cpd00216_e0,import
S637C94_CAG_103_sp000432375,ERR1620325_sub,1e-06,EX_cpd00220_e0,-0.00018716957438871806,0.008931284134803803,cpd00220_e0,import
S637C94_CAG_103_sp000432375,ERR1620325_sub,1e-06,EX_cpd00053_e0,-0.00972652139659489,0.008931284134803803,cpd00053_e0,import
S637C94_CAG_103_sp000432375,ERR1620325_sub,1e-06,EX_cpd00254_e0,-0.00013215342435017442,0.008931284134803803,cpd00254_e0,import
S637C94_CAG_103_sp000432375,ERR1620325_sub,1e-06,EX_cpd00067_e0,0.5066796170856303,0.008931284134803803,cpd00067_e0,export
S637C94_CAG_103_sp000432375,ERR1620325_sub,1e-06,EX_cpd00066_e0,0.003894215974322084,0.008931284134803803,cpd00066_e0,export
S637C94_CAG_103_sp000432375,ERR1620325_sub,1e-06,EX_cpd00017_e0,-0.0003743391487774361,0.008931284134803803,cpd00017_e0,import
S637C94_CAG_103_sp000432375,ERR1620325_sub,1e-06,EX_cpd00307_e0,0.1711497721758476,0.008931284134803803,cpd00307_e0,export
S637C94_CAG_103_sp000432375,ERR1620325_sub,1e-06,EX_cpd00229_e0,0.0002807543615830771,0.008931284134803803,cpd00229_e0,export
S637C94_CAG_103_sp000432375,ERR1620325_sub,1e-06,EX_cpd00129_e0,-0.00338548230701812,0.008931284134803803,cpd00129_e0,import
S637C94_CAG_103_sp000432375,ERR1620325_sub,1e-06,EX_cpd00030_e0,-0.00013215342435017442,0.008931284134803803,cpd00030_e0,import
S637C94_CAG_103_sp000432375,ERR1620325_sub,1e-06,EX_cpd00063_e0,-0.00013215342435017442,0.008931284134803803,cpd00063_e0,import
S637C94_CAG_103_sp000432375,ERR1620325_sub,1e-06,EX_cpd00107_e0,-0.008838762558076984,0.008931284134803803,cpd00107_e0,import
S637C94_CAG_103_sp000432375,ERR1620325_sub,1e-06,EX_cpd00221_e0,0.161111243312613,0.008931284134803803,cpd00221_e0,export
S637C94_CAG_103_sp000432375,ERR1620325_sub,1e-06,EX_cpd00156_e0,-0.006469458556159318,0.008931284134803803,cpd00156_e0,import
S637C94_CAG_103_sp000432375,ERR1620325_sub,1e-06,EX_cpd00033_e0,-0.008815104084339276,0.008931284134803803,cpd00033_e0,import
S637C94_CAG_103_sp000432375,ERR1620325_sub,1e-06,EX_cpd00051_e0,-0.004159609339134708,0.008931284134803803,cpd00051_e0,import
S637C94_CAG_103_sp000432375,ERR1620325_sub,1e-06,EX_cpd00035_e0,0.050416686432309794,0.008931284134803803,cpd00035_e0,export
S637C94_CAG_103_sp000432375,ERR1620325_sub,1e-06,EX_cpd00065_e0,-0.0011457230199323424,0.008931284134803803,cpd00065_e0,import
S637C94_CAG_103_sp000432375,ERR1620325_sub,1e-06,EX_cpd00119_e0,-0.001722891759296756,0.008931284134803803,cpd00119_e0,import
S638C388_ER4_sp000765235,ERR1620325_sub,1e-06,EX_cpd00036_e0,-0.0014643086334249847,0.017599719479297386,cpd00036_e0,import
S638C388_ER4_sp000765235,ERR1620325_sub,1e-06,EX_cpd10515_e0,-0.00044151194596948916,0.017599719479297386,cpd10515_e0,import
S638C388_ER4_sp000765235,ERR1620325_sub,1e-06,EX_cpd00311_e0,0.0005059104916168814,0.017599719479297386,cpd00311_e0,export
S638C388_ER4_sp000765235,ERR1620325_sub,1e-06,EX_cpd00305_e0,-0.00018303857917812308,0.017599719479297386,cpd00305_e0,import
S638C388_ER4_sp000765235,ERR1620325_sub,1e-06,EX_cpd00058_e0,-0.0002584733667913661,0.017599719479297386,cpd00058_e0,import
S638C388_ER4_sp000765235,ERR1620325_sub,1e-06,EX_cpd00060_e0,-0.004301001773784155,0.017599719479297386,cpd00060_e0,import
S638C388_ER4_sp000765235,ERR1620325_sub,1e-06,EX_cpd00039_e0,-0.013310441719822761,0.017599719479297386,cpd00039_e0,import
S638C388_ER4_sp000765235,ERR1620325_sub,1e-06,EX_cpd00130_e0,-6.705370595199078e-05,0.017599719479297386,cpd00130_e0,import
S638C388_ER4_sp000765235,ERR1620325_sub,1e-06,EX_cpd00367_e0,-0.042106800464154104,0.017599719479297386,cpd00367_e0,import
S638C388_ER4_sp000765235,ERR1620325_sub,1e-06,EX_cpd00099_e0,-0.0002584733667913661,0.017599719479297386,cpd00099_e0,import
S638C388_ER4_sp000765235,ERR1620325_sub,1e-06,EX_cpd10516_e0,-0.0002584733667913661,0.017599719479297386,cpd10516_e0,import
S638C388_ER4_sp000765235,ERR1620325_sub,1e-06,EX_cpd00277_e0,-0.0005059104916168814,0.017599719479297386,cpd00277_e0,import
S638C388_ER4_sp000765235,ERR1620325_sub,1e-06,EX_cpd00009_e0,-0.04644208056870247,0.017599719479297386,cpd00009_e0,import
S638C388_ER4_sp000765235,ERR1620325_sub,1e-06,EX_cpd00322_e0,-0.01112011586719369,0.017599719479297386,cpd00322_e0,import
S638C388_ER4_sp000765235,ERR1620325_sub,1e-06,EX_cpd00028_e0,-0.00018303857917812308,0.017599719479297386,cpd00028_e0,import
S638C388_ER4_sp000765235,ERR1620325_sub,1e-06,EX_cpd01080_e0,-0.00299970274671709,0.017599719479297386,cpd01080_e0,import
S638C388_ER4_sp000765235,ERR1620325_sub,1e-06,EX_cpd00034_e0,-0.0002584733667913661,0.017599719479297386,cpd00034_e0,import
S638C388_ER4_sp000765235,ERR1620325_sub,1e-06,EX_cpd00149_e0,-0.0002584733667913661,0.017599719479297386,cpd00149_e0,import
S638C388_ER4_sp000765235,ERR1620325_sub,1e-06,EX_cpd11640_e0,0.12372999931616846,0.017599719479297386,cpd11640_e0,export
S638C388_ER4_sp000765235,ERR1620325_sub,1e-06,EX_cpd00092_e0,0.037653314793975316,0.017599719479297386,cpd00092_e0,export
S638C388_ER4_sp000765235,ERR1620325_sub,1e-06,EX_cpd00023_e0,-0.00342374272911541,0.017599719479297386,cpd00023_e0,import
S638C388_ER4_sp000765235,ERR1620325_sub,1e-06,EX_cpd00029_e0,0.8142299014287857,0.017599719479297386,cpd00029_e0,export
S638C388_ER4_sp000765235,ERR1620325_sub,1e-06,EX_cpd00048_e0,-0.0002584733667913661,0.017599719479297386,cpd00048_e0,import
S638C388_ER4_sp000765235,ERR1620325_sub,1e-06,EX_cpd00205_e0,-0.0002584733667913661,0.017599719479297386,cpd00205_e0,import
S638C388_ER4_sp000765235,ERR1620325_sub,1e-06,EX_cpd00010_e0,-0.0003660771583562372,0.017599719479297386,cpd00010_e0,import
S638C388_ER4_sp000765235,ERR1620325_sub,1e-06,EX_cpd00179_e0,-0.10186363317289747,0.017599719479297386,cpd00179_e0,import
S638C388_ER4_sp000765235,ERR1620325_sub,1e-06,EX_cpd00011_e0,1.1500477023745932,0.017599719479297386,cpd00011_e0,export
S638C388_ER4_sp000765235,ERR1620325_sub,1e-06,EX_cpd00132_e0,-0.006099215066551691,0.017599719479297386,cpd00132_e0,import
S638C388_ER4_sp000765235,ERR1620325_sub,1e-06,EX_cpd00182_e0,-0.002563982935113831,0.017599719479297386,cpd00182_e0,import
S638C388_ER4_sp000765235,ERR1620325_sub,1e-06,EX_cpd00069_e0,-0.004565986969711337,0.017599719479297386,cpd00069_e0,import
S638C388_ER4_sp000765235,ERR1620325_sub,1e-06,EX_cpd00047_e0,-0.0019262666293117573,0.017599719479297386,cpd00047_e0,import
S638C388_ER4_sp000765235,ERR1620325_sub,1e-06,EX_cpd00054_e0,-0.0110747335746521,0.017599719479297386,cpd00054_e0,import
S638C388_ER4_sp000765235,ERR1620325_sub,1e-06,EX_cpd00084_e0,-0.0025250023754507366,0.017599719479297386,cpd00084_e0,import
S638C388_ER4_sp000765235,ERR1620325_sub,1e-06,EX_cpd00448_e0,0.0009237274121629364,0.017599719479297386,cpd00448_e0,export
S638C388_ER4_sp000765235,ERR1620325_sub,1e-06,EX_cpd00161_e0,-0.010682691891323648,0.017599719479297386,cpd00161_e0,import
S638C388_ER4_sp000765235,ERR1620325_sub,1e-06,EX_cpd00216_e0,-0.02383442236088507,0.017599719479297386,cpd00216_e0,import
S638C388_ER4_sp000765235,ERR1620325_sub,1e-06,EX_cpd00220_e0,-0.00036607715835624616,0.017599719479297386,cpd00220_e0,import
S638C388_ER4_sp000765235,ERR1620325_sub,1e-06,EX_cpd00053_e0,-0.018840658649313884,0.017599719479297386,cpd00053_e0,import
S638C388_ER4_sp000765235,ERR1620325_sub,1e-06,EX_cpd00254_e0,-0.0002584733667913661,0.017599719479297386,cpd00254_e0,import
S638C388_ER4_sp000765235,ERR1620325_sub,1e-06,EX_cpd00041_e0,-0.006715384510038056,0.017599719479297386,cpd00041_e0,import
S638C388_ER4_sp000765235,ERR1620325_sub,1e-06,EX_cpd00066_e0,0.016040382649269942,0.017599719479297386,cpd00066_e0,export
S638C388_ER4_sp000765235,ERR1620325_sub,1e-06,EX_cpd00017_e0,-0.0005491157375343693,0.017599719479297386,cpd00017_e0,import
S638C388_ER4_sp000765235,ERR1620325_sub,1e-06,EX_cpd00020_e0,-1.1331178060121918,0.017599719479297386,cpd00020_e0,import
S638C388_ER4_sp000765235,ERR1620325_sub,1e-06,EX_cpd00129_e0,-0.006621523539101693,0.017599719479297386,cpd00129_e0,import
S638C388_ER4_sp000765235,ERR1620325_sub,1e-06,EX_cpd00030_e0,-0.0002584733667913661,0.017599719479297386,cpd00030_e0,import
S638C388_ER4_sp000765235,ERR1620325_sub,1e-06,EX_cpd00063_e0,-0.0002584733667913661,0.017599719479297386,cpd00063_e0,import
S638C388_ER4_sp000765235,ERR1620325_sub,1e-06,EX_cpd00107_e0,-0.017287366770020515,0.017599719479297386,cpd00107_e0,import
S638C388_ER4_sp000765235,ERR1620325_sub,1e-06,EX_cpd00211_e0,0.422394198962998,0.017599719479297386,cpd00211_e0,export
S638C388_ER4_sp000765235,ERR1620325_sub,1e-06,EX_cpd00246_e0,-0.003845438726063654,0.017599719479297386,cpd00246_e0,import
S638C388_ER4_sp000765235,ERR1620325_sub,1e-06,EX_cpd00156_e0,-0.012653343964034043,0.017599719479297386,cpd00156_e0,import
S638C388_ER4_sp000765235,ERR1620325_sub,1e-06,EX_cpd00033_e0,-0.01669197841117346,0.017599719479297386,cpd00033_e0,import
S638C388_ER4_sp000765235,ERR1620325_sub,1e-06,EX_cpd00051_e0,-0.008318644869440235,0.017599719479297386,cpd00051_e0,import
S638C388_ER4_sp000765235,ERR1620325_sub,1e-06,EX_cpd00065_e0,-0.002240871833843578,0.017599719479297386,cpd00065_e0,import
S638C388_ER4_sp000765235,ERR1620325_sub,1e-06,EX_cpd00119_e0,-0.003369732080967788,0.017599719479297386,cpd00119_e0,import
S681C191_Prevotella_sp002251385,ERR1620325_sub,1e-06,EX_cpd00036_e0,0.7273098836157171,0.037408149260204686,cpd00036_e0,export
S681C191_Prevotella_sp002251385,ERR1620325_sub,1e-06,EX_cpd10515_e0,-0.0008049052867806138,0.037408149260204686,cpd10515_e0,import
S681C191_Prevotella_sp002251385,ERR1620325_sub,1e-06,EX_cpd00003_e0,-0.0005651983164571638,0.037408149260204686,cpd00003_e0,import
S681C191_Prevotella_sp002251385,ERR1620325_sub,1e-06,EX_cpd00311_e0,-0.017234985782429095,0.037408149260204686,cpd00311_e0,import
S681C191_Prevotella_sp002251385,ERR1620325_sub,1e-06,EX_cpd00305_e0,-0.0002825991582286776,0.037408149260204686,cpd00305_e0,import
S681C191_Prevotella_sp002251385,ERR1620325_sub,1e-06,EX_cpd00058_e0,-0.0005223061285519362,0.037408149260204686,cpd00058_e0,import
S681C191_Prevotella_sp002251385,ERR1620325_sub,1e-06,EX_cpd00060_e0,-0.00988104299635939,0.037408149260204686,cpd00060_e0,import
S681C191_Prevotella_sp002251385,ERR1620325_sub,1e-06,EX_cpd01741_e0,-0.004940325733319935,0.037408149260204686,cpd01741_e0,import
S681C191_Prevotella_sp002251385,ERR1620325_sub,1e-06,EX_cpd03847_e0,-0.0009880651466639872,0.037408149260204686,cpd03847_e0,import
S681C191_Prevotella_sp002251385,ERR1620325_sub,1e-06,EX_cpd00039_e0,-0.023325168958755284,0.037408149260204686,cpd00039_e0,import
S681C191_Prevotella_sp002251385,ERR1620325_sub,1e-06,EX_cpd00130_e0,-0.17174360465653776,0.037408149260204686,cpd00130_e0,import
S681C191_Prevotella_sp002251385,ERR1620325_sub,1e-06,EX_cpd00367_e0,-0.02487314730714127,0.037408149260204686,cpd00367_e0,import
S681C191_Prevotella_sp002251385,ERR1620325_sub,1e-06,EX_cpd00099_e0,-0.0005223061285519362,0.037408149260204686,cpd00099_e0,import
S681C191_Prevotella_sp002251385,ERR1620325_sub,1e-06,EX_cpd10516_e0,-0.0005223061285519362,0.037408149260204686,cpd10516_e0,import
S681C191_Prevotella_sp002251385,ERR1620325_sub,1e-06,EX_cpd00013_e0,0.15708542542965365,0.037408149260204686,cpd00013_e0,export
S681C191_Prevotella_sp002251385,ERR1620325_sub,1e-06,EX_cpd00009_e0,0.7884549023472398,0.037408149260204686,cpd00009_e0,export
S681C191_Prevotella_sp002251385,ERR1620325_sub,1e-06,EX_cpd00322_e0,-0.025707736076626346,0.037408149260204686,cpd00322_e0,import
S681C191_Prevotella_sp002251385,ERR1620325_sub,1e-06,EX_cpd00028_e0,-0.0002825991582286776,0.037408149260204686,cpd00028_e0,import
S681C191_Prevotella_sp002251385,ERR1620325_sub,1e-06,EX_cpd00034_e0,-0.0005223061285519362,0.037408149260204686,cpd00034_e0,import
S681C191_Prevotella_sp002251385,ERR1620325_sub,1e-06,EX_cpd00276_e0,-0.14689201139182395,0.037408149260204686,cpd00276_e0,import
S681C191_Prevotella_sp002251385,ERR1620325_sub,1e-06,EX_cpd00149_e0,-0.0005223061285519362,0.037408149260204686,cpd00149_e0,import
S681C191_Prevotella_sp002251385,ERR1620325_sub,1e-06,EX_cpd00092_e0,0.004234859744884628,0.037408149260204686,cpd00092_e0,export
S681C191_Prevotella_sp002251385,ERR1620325_sub,1e-06,EX_cpd00023_e0,-0.01887546465491186,0.037408149260204686,cpd00023_e0,import
S681C191_Prevotella_sp002251385,ERR1620325_sub,1e-06,EX_cpd00029_e0,0.40967757147426537,0.037408149260204686,cpd00029_e0,export
S681C191_Prevotella_sp002251385,ERR1620325_sub,1e-06,EX_cpd00048_e0,-0.0005223061285519362,0.037408149260204686,cpd00048_e0,import
S681C191_Prevotella_sp002251385,ERR1620325_sub,1e-06,EX_cpd00205_e0,-0.0005223061285519362,0.037408149260204686,cpd00205_e0,import
S681C191_Prevotella_sp002251385,ERR1620325_sub,1e-06,EX_cpd00010_e0,-0.0005651983164574048,0.037408149260204686,cpd00010_e0,import
S681C191_Prevotella_sp002251385,ERR1620325_sub,1e-06,EX_cpd00132_e0,-0.016384857949555066,0.037408149260204686,cpd00132_e0,import
S681C191_Prevotella_sp002251385,ERR1620325_sub,1e-06,EX_cpd00182_e0,-0.013333643992594674,0.037408149260204686,cpd00182_e0,import
S681C191_Prevotella_sp002251385,ERR1620325_sub,1e-06,EX_cpd00069_e0,-0.009372997342321934,0.037408149260204686,cpd00069_e0,import
S681C191_Prevotella_sp002251385,ERR1620325_sub,1e-06,EX_cpd00154_e0,-0.003104463111969916,0.037408149260204686,cpd00154_e0,import
S681C191_Prevotella_sp002251385,ERR1620325_sub,1e-06,EX_cpd00054_e0,-0.01803308186199825,0.037408149260204686,cpd00054_e0,import
S681C191_Prevotella_sp002251385,ERR1620325_sub,1e-06,EX_cpd00084_e0,-0.006507414187098946,0.037408149260204686,cpd00084_e0,import
S681C191_Prevotella_sp002251385,ERR1620325_sub,1e-06,EX_cpd00161_e0,-0.017243453125950988,0.037408149260204686,cpd00161_e0,import
S681C191_Prevotella_sp002251385,ERR1620325_sub,1e-06,EX_cpd00220_e0,-0.0005651983164573552,0.037408149260204686,cpd00220_e0,import
S681C191_Prevotella_sp002251385,ERR1620325_sub,1e-06,EX_cpd00053_e0,-0.019017796141162585,0.037408149260204686,cpd00053_e0,import
S681C191_Prevotella_sp002251385,ERR1620325_sub,1e-06,EX_cpd00254_e0,-0.0005223061285519362,0.037408149260204686,cpd00254_e0,import
S681C191_Prevotella_sp002251385,ERR1620325_sub,1e-06,EX_cpd00067_e0,1.404429079858812,0.037408149260204686,cpd00067_e0,export
S681C191_Prevotella_sp002251385,ERR1620325_sub,1e-06,EX_cpd00208_e0,-0.003952260586655949,0.037408149260204686,cpd00208_e0,import
S681C191_Prevotella_sp002251385,ERR1620325_sub,1e-06,EX_cpd00041_e0,-0.005735428215406424,0.037408149260204686,cpd00041_e0,import
S681C191_Prevotella_sp002251385,ERR1620325_sub,1e-06,EX_cpd00066_e0,-0.012592729253806514,0.037408149260204686,cpd00066_e0,import
S681C191_Prevotella_sp002251385,ERR1620325_sub,1e-06,EX_cpd00017_e0,-0.0008477974746860327,0.037408149260204686,cpd00017_e0,import
S681C191_Prevotella_sp002251385,ERR1620325_sub,1e-06,EX_cpd00064_e0,-0.0005651983164573552,0.037408149260204686,cpd00064_e0,import
S681C191_Prevotella_sp002251385,ERR1620325_sub,1e-06,EX_cpd00185_e0,-0.003246794598220639,0.037408149260204686,cpd00185_e0,import
S681C191_Prevotella_sp002251385,ERR1620325_sub,1e-06,EX_cpd11606_e0,-0.950552290757859,0.037408149260204686,cpd11606_e0,import
S681C191_Prevotella_sp002251385,ERR1620325_sub,1e-06,EX_cpd00129_e0,-0.01502541558692823,0.037408149260204686,cpd00129_e0,import
S681C191_Prevotella_sp002251385,ERR1620325_sub,1e-06,EX_cpd00030_e0,-0.0005223061285519362,0.037408149260204686,cpd00030_e0,import
S681C191_Prevotella_sp002251385,ERR1620325_sub,1e-06,EX_cpd00063_e0,-0.0005223061285519362,0.037408149260204686,cpd00063_e0,import
S681C191_Prevotella_sp002251385,ERR1620325_sub,1e-06,EX_cpd11451_e0,0.950552290757859,0.037408149260204686,cpd11451_e0,export
S681C191_Prevotella_sp002251385,ERR1620325_sub,1e-06,EX_cpd00080_e0,-0.8576678192873928,0.037408149260204686,cpd00080_e0,import
S681C191_Prevotella_sp002251385,ERR1620325_sub,1e-06,EX_cpd00107_e0,-0.036583274977641016,0.037408149260204686,cpd00107_e0,import
S681C191_Prevotella_sp002251385,ERR1620325_sub,1e-06,EX_cpd00184_e0,-0.0017674345903719944,0.037408149260204686,cpd00184_e0,import
S681C191_Prevotella_sp002251385,ERR1620325_sub,1e-06,EX_cpd00156_e0,-0.02876293840926262,0.037408149260204686,cpd00156_e0,import
S681C191_Prevotella_sp002251385,ERR1620325_sub,1e-06,EX_cpd00033_e0,-0.042207064371658505,0.037408149260204686,cpd00033_e0,import
S681C191_Prevotella_sp002251385,ERR1620325_sub,1e-06,EX_cpd00051_e0,-0.020105437047270632,0.037408149260204686,cpd00051_e0,import
S681C191_Prevotella_sp002251385,ERR1620325_sub,1e-06,EX_cpd00035_e0,-0.038728196754777816,0.037408149260204686,cpd00035_e0,import
S681C191_Prevotella_sp002251385,ERR1620325_sub,1e-06,EX_cpd00065_e0,-0.003863678293781539,0.037408149260204686,cpd00065_e0,import
S681C191_Prevotella_sp002251385,ERR1620325_sub,1e-06,EX_cpd00119_e0,-0.006439463822969253,0.037408149260204686,cpd00119_e0,import
S686C124_PeH17_sp000435055,ERR1620325_sub,1e-06,EX_cpd00324_e0,-8.966193924719511e-05,0.004534490053835225,cpd00324_e0,import
S686C124_PeH17_sp000435055,ERR1620325_sub,1e-06,EX_cpd10515_e0,-0.00010813790582886768,0.004534490053835225,cpd10515_e0,import
S686C124_PeH17_sp000435055,ERR1620325_sub,1e-06,EX_cpd00311_e0,-0.013175637353235905,0.004534490053835225,cpd00311_e0,import
S686C124_PeH17_sp000435055,ERR1620325_sub,1e-06,EX_cpd00305_e0,-4.4830969623597555e-05,0.004534490053835225,cpd00305_e0,import
S686C124_PeH17_sp000435055,ERR1620325_sub,1e-06,EX_cpd00058_e0,-6.330693620527012e-05,0.004534490053835225,cpd00058_e0,import
S686C124_PeH17_sp000435055,ERR1620325_sub,1e-06,EX_cpd00060_e0,-0.0011879215398039288,0.004534490053835225,cpd00060_e0,import
S686C124_PeH17_sp000435055,ERR1620325_sub,1e-06,EX_cpd00001_e0,-0.37086846804204066,0.004534490053835225,cpd00001_e0,import
S686C124_PeH17_sp000435055,ERR1620325_sub,1e-06,EX_cpd00039_e0,-0.0032600777994312596,0.004534490053835225,cpd00039_e0,import
S686C124_PeH17_sp000435055,ERR1620325_sub,1e-06,EX_cpd00264_e0,-4.4830969623597555e-05,0.004534490053835225,cpd00264_e0,import
S686C124_PeH17_sp000435055,ERR1620325_sub,1e-06,EX_cpd00130_e0,-0.0016163668117418189,0.004534490053835225,cpd00130_e0,import
S686C124_PeH17_sp000435055,ERR1620325_sub,1e-06,EX_cpd00099_e0,-6.330693620527012e-05,0.004534490053835225,cpd00099_e0,import
S686C124_PeH17_sp000435055,ERR1620325_sub,1e-06,EX_cpd10516_e0,-6.330693620527012e-05,0.004534490053835225,cpd10516_e0,import
S686C124_PeH17_sp000435055,ERR1620325_sub,1e-06,EX_cpd00013_e0,0.22367505171493707,0.004534490053835225,cpd00013_e0,export
S686C124_PeH17_sp000435055,ERR1620325_sub,1e-06,EX_cpd00009_e0,-0.011374888903644633,0.004534490053835225,cpd00009_e0,import
S686C124_PeH17_sp000435055,ERR1620325_sub,1e-06,EX_cpd00322_e0,-0.003458315521313874,0.004534490053835225,cpd00322_e0,import
S686C124_PeH17_sp000435055,ERR1620325_sub,1e-06,EX_cpd00028_e0,-4.4830969623597555e-05,0.004534490053835225,cpd00028_e0,import
S686C124_PeH17_sp000435055,ERR1620325_sub,1e-06,EX_cpd01080_e0,-0.0007347062205232039,0.004534490053835225,cpd01080_e0,import
S686C124_PeH17_sp000435055,ERR1620325_sub,1e-06,EX_cpd00034_e0,-6.330693620527012e-05,0.004534490053835225,cpd00034_e0,import
S686C124_PeH17_sp000435055,ERR1620325_sub,1e-06,EX_cpd00149_e0,-6.330693620527012e-05,0.004534490053835225,cpd00149_e0,import
S686C124_PeH17_sp000435055,ERR1620325_sub,1e-06,EX_cpd11640_e0,0.41574859329473085,0.004534490053835225,cpd11640_e0,export
S686C124_PeH17_sp000435055,ERR1620325_sub,1e-06,EX_cpd00092_e0,-0.001090775953874835,0.004534490053835225,cpd00092_e0,import
S686C124_PeH17_sp000435055,ERR1620325_sub,1e-06,EX_cpd00023_e0,-0.00581178614107019,0.004534490053835225,cpd00023_e0,import
S686C124_PeH17_sp000435055,ERR1620325_sub,1e-06,EX_cpd00100_e0,0.00022624517596840334,0.004534490053835225,cpd00100_e0,export
S686C124_PeH17_sp000435055,ERR1620325_sub,1e-06,EX_cpd00029_e0,0.43929992686070285,0.004534490053835225,cpd00029_e0,export
S686C124_PeH17_sp000435055,ERR1620325_sub,1e-06,EX_cpd00048_e0,-6.330693620527012e-05,0.004534490053835225,cpd00048_e0,import
S686C124_PeH17_sp000435055,ERR1620325_sub,1e-06,EX_cpd00205_e0,-6.330693620527012e-05,0.004534490053835225,cpd00205_e0,import
S686C124_PeH17_sp000435055,ERR1620325_sub,1e-06,EX_cpd00010_e0,-8.966193924717092e-05,0.004534490053835225,cpd00010_e0,import
S686C124_PeH17_sp000435055,ERR1620325_sub,1e-06,EX_cpd00309_e0,0.012233788113083094,0.004534490053835225,cpd00309_e0,export
S686C124_PeH17_sp000435055,ERR1620325_sub,1e-06,EX_cpd00011_e0,0.21911608648782194,0.004534490053835225,cpd00011_e0,export
S686C124_PeH17_sp000435055,ERR1620325_sub,1e-06,EX_cpd00132_e0,-0.0014938584346760948,0.004534490053835225,cpd00132_e0,import
S686C124_PeH17_sp000435055,ERR1620325_sub,1e-06,EX_cpd00239_e0,8.966193924719511e-05,0.004534490053835225,cpd00239_e0,export
S686C124_PeH17_sp000435055,ERR1620325_sub,1e-06,EX_cpd00182_e0,-0.0007624798698471475,0.004534490053835225,cpd00182_e0,import
S686C124_PeH17_sp000435055,ERR1620325_sub,1e-06,EX_cpd00069_e0,-0.0011183304856276814,0.004534490053835225,cpd00069_e0,import
S686C124_PeH17_sp000435055,ERR1620325_sub,1e-06,EX_cpd00526_e0,0.005493357202043636,0.004534490053835225,cpd00526_e0,export
S686C124_PeH17_sp000435055,ERR1620325_sub,1e-06,EX_cpd00054_e0,-0.2235431645078293,0.004534490053835225,cpd00054_e0,import
S686C124_PeH17_sp000435055,ERR1620325_sub,1e-06,EX_cpd00084_e0,-0.0006184395950931486,0.004534490053835225,cpd00084_e0,import
S686C124_PeH17_sp000435055,ERR1620325_sub,1e-06,EX_cpd00161_e0,-0.23561248407044816,0.004534490053835225,cpd00161_e0,import
S686C124_PeH17_sp000435055,ERR1620325_sub,1e-06,EX_cpd00216_e0,-0.00013449290887079264,0.004534490053835225,cpd00216_e0,import
S686C124_PeH17_sp000435055,ERR1620325_sub,1e-06,EX_cpd00220_e0,-8.96619392471951e-05,0.004534490053835225,cpd00220_e0,import
S686C124_PeH17_sp000435055,ERR1620325_sub,1e-06,EX_cpd23431_e0,-0.005493357202043636,0.004534490053835225,cpd23431_e0,import
S686C124_PeH17_sp000435055,ERR1620325_sub,1e-06,EX_cpd00254_e0,-6.330693620527012e-05,0.004534490053835225,cpd00254_e0,import
S686C124_PeH17_sp000435055,ERR1620325_sub,1e-06,EX_cpd00067_e0,0.19638541298321713,0.004534490053835225,cpd00067_e0,export
S686C124_PeH17_sp000435055,ERR1620325_sub,1e-06,EX_cpd00066_e0,-0.0017744727262727145,0.004534490053835225,cpd00066_e0,import
S686C124_PeH17_sp000435055,ERR1620325_sub,1e-06,EX_cpd00229_e0,0.00013449290887079264,0.004534490053835225,cpd00229_e0,export
S686C124_PeH17_sp000435055,ERR1620325_sub,1e-06,EX_cpd00129_e0,-0.0016217855381980798,0.004534490053835225,cpd00129_e0,import
S686C124_PeH17_sp000435055,ERR1620325_sub,1e-06,EX_cpd00030_e0,-6.330693620527012e-05,0.004534490053835225,cpd00030_e0,import
S686C124_PeH17_sp000435055,ERR1620325_sub,1e-06,EX_cpd00063_e0,-6.330693620527012e-05,0.004534490053835225,cpd00063_e0,import
S686C124_PeH17_sp000435055,ERR1620325_sub,1e-06,EX_cpd00107_e0,-0.004234131503963342,0.004534490053835225,cpd00107_e0,import
S686C124_PeH17_sp000435055,ERR1620325_sub,1e-06,EX_cpd00156_e0,-0.0030991372498390835,0.004534490053835225,cpd00156_e0,import
S686C124_PeH17_sp000435055,ERR1620325_sub,1e-06,EX_cpd00033_e0,0.22941825758510476,0.004534490053835225,cpd00033_e0,export
S686C124_PeH17_sp000435055,ERR1620325_sub,1e-06,EX_cpd00051_e0,-0.001992624287764808,0.004534490053835225,cpd00051_e0,import
S686C124_PeH17_sp000435055,ERR1620325_sub,1e-06,EX_cpd00065_e0,-0.0005488485409169082,0.004534490053835225,cpd00065_e0,import
S686C124_PeH17_sp000435055,ERR1620325_sub,1e-06,EX_cpd00119_e0,-0.0008253361517547493,0.004534490053835225,cpd00119_e0,import
S744C50_Roseburia_sp900552665,ERR1620325_sub,1e-06,EX_cpd00082_e0,0.0019177781751365788,0.0030967657055636427,cpd00082_e0,export
S744C50_Roseburia_sp900552665,ERR1620325_sub,1e-06,EX_cpd00076_e0,-0.0019177781751365788,0.0030967657055636427,cpd00076_e0,import
S744C50_Roseburia_sp900552665,ERR1620325_sub,1e-06,EX_cpd10515_e0,-7.384514280271218e-05,0.0030967657055636427,cpd10515_e0,import
S744C50_Roseburia_sp900552665,ERR1620325_sub,1e-06,EX_cpd00305_e0,-3.061414337982189e-05,0.0030967657055636427,cpd00305_e0,import
S744C50_Roseburia_sp900552665,ERR1620325_sub,1e-06,EX_cpd00058_e0,-4.323099942289047e-05,0.0030967657055636427,cpd00058_e0,import
S744C50_Roseburia_sp900552665,ERR1620325_sub,1e-06,EX_cpd00060_e0,-0.0007805929451323475,0.0030967657055636427,cpd00060_e0,import
S744C50_Roseburia_sp900552665,ERR1620325_sub,1e-06,EX_cpd00039_e0,-0.002226239807417157,0.0030967657055636427,cpd00039_e0,import
S744C50_Roseburia_sp900552665,ERR1620325_sub,1e-06,EX_cpd00130_e0,-6.122828675964725e-05,0.0030967657055636427,cpd00130_e0,import
S744C50_Roseburia_sp900552665,ERR1620325_sub,1e-06,EX_cpd00099_e0,-4.323099942289047e-05,0.0030967657055636427,cpd00099_e0,import
S744C50_Roseburia_sp900552665,ERR1620325_sub,1e-06,EX_cpd10516_e0,-4.323099942289047e-05,0.0030967657055636427,cpd10516_e0,import
S744C50_Roseburia_sp900552665,ERR1620325_sub,1e-06,EX_cpd00277_e0,-0.02664094583971562,0.0030967657055636427,cpd00277_e0,import
S744C50_Roseburia_sp900552665,ERR1620325_sub,1e-06,EX_cpd00009_e0,-0.007951361596907314,0.0030967657055636427,cpd00009_e0,import
S744C50_Roseburia_sp900552665,ERR1620325_sub,1e-06,EX_cpd00028_e0,-3.0614143379821716e-05,0.0030967657055636427,cpd00028_e0,import
S744C50_Roseburia_sp900552665,ERR1620325_sub,1e-06,EX_cpd00034_e0,-4.323099942289047e-05,0.0030967657055636427,cpd00034_e0,import
S744C50_Roseburia_sp900552665,ERR1620325_sub,1e-06,EX_cpd00149_e0,-4.323099942289047e-05,0.0030967657055636427,cpd00149_e0,import
S744C50_Roseburia_sp900552665,ERR1620325_sub,1e-06,EX_cpd00363_e0,0.02166128105008497,0.0030967657055636427,cpd00363_e0,export
S744C50_Roseburia_sp900552665,ERR1620325_sub,1e-06,EX_cpd00092_e0,-0.0007448683739735341,0.0030967657055636427,cpd00092_e0,import
S744C50_Roseburia_sp900552665,ERR1620325_sub,1e-06,EX_cpd00023_e0,-0.0038156780233005866,0.0030967657055636427,cpd00023_e0,import
S744C50_Roseburia_sp900552665,ERR1620325_sub,1e-06,EX_cpd00029_e0,0.015496004013631517,0.0030967657055636427,cpd00029_e0,export
S744C50_Roseburia_sp900552665,ERR1620325_sub,1e-06,EX_cpd00048_e0,-4.323099942289047e-05,0.0030967657055636427,cpd00048_e0,import
S744C50_Roseburia_sp900552665,ERR1620325_sub,1e-06,EX_cpd00205_e0,-4.323099942289047e-05,0.0030967657055636427,cpd00205_e0,import
S744C50_Roseburia_sp900552665,ERR1620325_sub,1e-06,EX_cpd00309_e0,0.026296520005956066,0.0030967657055636427,cpd00309_e0,export
S744C50_Roseburia_sp900552665,ERR1620325_sub,1e-06,EX_cpd00011_e0,0.07183448376043157,0.0030967657055636427,cpd00011_e0,export
S744C50_Roseburia_sp900552665,ERR1620325_sub,1e-06,EX_cpd00132_e0,-0.0010201250763101394,0.0030967657055636427,cpd00132_e0,import
S744C50_Roseburia_sp900552665,ERR1620325_sub,1e-06,EX_cpd00239_e0,-0.00042231962848233247,0.0030967657055636427,cpd00239_e0,import
S744C50_Roseburia_sp900552665,ERR1620325_sub,1e-06,EX_cpd00182_e0,-0.0004900676142469109,0.0030967657055636427,cpd00182_e0,import
S744C50_Roseburia_sp900552665,ERR1620325_sub,1e-06,EX_cpd00069_e0,-0.0007636847946962626,0.0030967657055636427,cpd00069_e0,import
S744C50_Roseburia_sp900552665,ERR1620325_sub,1e-06,EX_cpd00054_e0,-0.0022746257547104354,0.0030967657055636427,cpd00054_e0,import
S744C50_Roseburia_sp900552665,ERR1620325_sub,1e-06,EX_cpd01217_e0,-0.00020690113266556127,0.0030967657055636427,cpd01217_e0,import
S744C50_Roseburia_sp900552665,ERR1620325_sub,1e-06,EX_cpd00161_e0,-0.0035854034003908004,0.0030967657055636427,cpd00161_e0,import
S744C50_Roseburia_sp900552665,ERR1620325_sub,1e-06,EX_cpd00220_e0,-6.122828675964343e-05,0.0030967657055636427,cpd00220_e0,import
S744C50_Roseburia_sp900552665,ERR1620325_sub,1e-06,EX_cpd00254_e0,-4.323099942289047e-05,0.0030967657055636427,cpd00254_e0,import
S744C50_Roseburia_sp900552665,ERR1620325_sub,1e-06,EX_cpd00644_e0,-6.122828675964205e-05,0.0030967657055636427,cpd00644_e0,import
S744C50_Roseburia_sp900552665,ERR1620325_sub,1e-06,EX_cpd00067_e0,0.004461050856458377,0.0030967657055636427,cpd00067_e0,export
S744C50_Roseburia_sp900552665,ERR1620325_sub,1e-06,EX_cpd00017_e0,-9.184243013946515e-05,0.0030967657055636427,cpd00017_e0,import
S744C50_Roseburia_sp900552665,ERR1620325_sub,1e-06,EX_cpd00064_e0,0.042725029594172806,0.0030967657055636427,cpd00064_e0,export
S744C50_Roseburia_sp900552665,ERR1620325_sub,1e-06,EX_cpd00393_e0,-9.184243013946516e-05,0.0030967657055636427,cpd00393_e0,import
S744C50_Roseburia_sp900552665,ERR1620325_sub,1e-06,EX_cpd00129_e0,-0.0011074838535632169,0.0030967657055636427,cpd00129_e0,import
S744C50_Roseburia_sp900552665,ERR1620325_sub,1e-06,EX_cpd00030_e0,-4.323099942289047e-05,0.0030967657055636427,cpd00030_e0,import
S744C50_Roseburia_sp900552665,ERR1620325_sub,1e-06,EX_cpd00063_e0,-4.323099942289047e-05,0.0030967657055636427,cpd00063_e0,import
S744C50_Roseburia_sp900552665,ERR1620325_sub,1e-06,EX_cpd00107_e0,-0.0023896852616325944,0.0030967657055636427,cpd00107_e0,import
S744C50_Roseburia_sp900552665,ERR1620325_sub,1e-06,EX_cpd00122_e0,-0.0012336584752340569,0.0030967657055636427,cpd00122_e0,import
S744C50_Roseburia_sp900552665,ERR1620325_sub,1e-06,EX_cpd00033_e0,-0.0029448899206270048,0.0030967657055636427,cpd00033_e0,import
S744C50_Roseburia_sp900552665,ERR1620325_sub,1e-06,EX_cpd00051_e0,-0.04411636571523738,0.0030967657055636427,cpd00051_e0,import
S744C50_Roseburia_sp900552665,ERR1620325_sub,1e-06,EX_cpd00794_e0,-0.03039425630583065,0.0030967657055636427,cpd00794_e0,import
S744C50_Roseburia_sp900552665,ERR1620325_sub,1e-06,EX_cpd00035_e0,0.10253170112627123,0.0030967657055636427,cpd00035_e0,export
S744C50_Roseburia_sp900552665,ERR1620325_sub,1e-06,EX_cpd00065_e0,-0.00037479733466643265,0.0030967657055636427,cpd00065_e0,import
S744C50_Roseburia_sp900552665,ERR1620325_sub,1e-06,EX_cpd00119_e0,-0.0005636050145359892,0.0030967657055636427,cpd00119_e0,import
S74C75_Phascolarctobacterium_faecium,ERR1620325_sub,1e-06,EX_cpd00082_e0,-0.026651886585319806,0.00472793338413776,cpd00082_e0,import
S74C75_Phascolarctobacterium_faecium,ERR1620325_sub,1e-06,EX_cpd10515_e0,-0.00010172283873500549,0.00472793338413776,cpd10515_e0,import
S74C75_Phascolarctobacterium_faecium,ERR1620325_sub,1e-06,EX_cpd00003_e0,-7.142899685530502e-05,0.00472793338413776,cpd00003_e0,import
S74C75_Phascolarctobacterium_faecium,ERR1620325_sub,1e-06,EX_cpd00058_e0,-6.600834030734224e-05,0.00472793338413776,cpd00058_e0,import
S74C75_Phascolarctobacterium_faecium,ERR1620325_sub,1e-06,EX_cpd00060_e0,-0.0011773238188610906,0.00472793338413776,cpd00060_e0,import
S74C75_Phascolarctobacterium_faecium,ERR1620325_sub,1e-06,EX_cpd01741_e0,-0.0007492220008328172,0.00472793338413776,cpd01741_e0,import
S74C75_Phascolarctobacterium_faecium,ERR1620325_sub,1e-06,EX_cpd00001_e0,-0.09950146191229574,0.00472793338413776,cpd00001_e0,import
S74C75_Phascolarctobacterium_faecium,ERR1620325_sub,1e-06,EX_cpd00264_e0,-3.5714498427663255e-05,0.00472793338413776,cpd00264_e0,import
S74C75_Phascolarctobacterium_faecium,ERR1620325_sub,1e-06,EX_cpd00367_e0,-0.0028316047846936275,0.00472793338413776,cpd00367_e0,import
S74C75_Phascolarctobacterium_faecium,ERR1620325_sub,1e-06,EX_cpd00099_e0,-6.600834030734224e-05,0.00472793338413776,cpd00099_e0,import
S74C75_Phascolarctobacterium_faecium,ERR1620325_sub,1e-06,EX_cpd10516_e0,-6.600834030734224e-05,0.00472793338413776,cpd10516_e0,import
S74C75_Phascolarctobacterium_faecium,ERR1620325_sub,1e-06,EX_cpd00277_e0,-0.09119350393265659,0.00472793338413776,cpd00277_e0,import
S74C75_Phascolarctobacterium_faecium,ERR1620325_sub,1e-06,EX_cpd00322_e0,-0.0024956861662315238,0.00472793338413776,cpd00322_e0,import
S74C75_Phascolarctobacterium_faecium,ERR1620325_sub,1e-06,EX_cpd00028_e0,-3.5714498427663255e-05,0.00472793338413776,cpd00028_e0,import
S74C75_Phascolarctobacterium_faecium,ERR1620325_sub,1e-06,EX_cpd00034_e0,-6.600834030734224e-05,0.00472793338413776,cpd00034_e0,import
S74C75_Phascolarctobacterium_faecium,ERR1620325_sub,1e-06,EX_cpd00149_e0,-6.600834030734224e-05,0.00472793338413776,cpd00149_e0,import
S74C75_Phascolarctobacterium_faecium,ERR1620325_sub,1e-06,EX_cpd11640_e0,0.07563821370404371,0.00472793338413776,cpd11640_e0,export
S74C75_Phascolarctobacterium_faecium,ERR1620325_sub,1e-06,EX_cpd00363_e0,0.09104156694252706,0.00472793338413776,cpd00363_e0,export
S74C75_Phascolarctobacterium_faecium,ERR1620325_sub,1e-06,EX_cpd00024_e0,-0.037194229134688075,0.00472793338413776,cpd00024_e0,import
S74C75_Phascolarctobacterium_faecium,ERR1620325_sub,1e-06,EX_cpd00029_e0,0.10606879137361105,0.00472793338413776,cpd00029_e0,export
S74C75_Phascolarctobacterium_faecium,ERR1620325_sub,1e-06,EX_cpd00048_e0,-6.600834030734224e-05,0.00472793338413776,cpd00048_e0,import
S74C75_Phascolarctobacterium_faecium,ERR1620325_sub,1e-06,EX_cpd00205_e0,-6.600834030734224e-05,0.00472793338413776,cpd00205_e0,import
S74C75_Phascolarctobacterium_faecium,ERR1620325_sub,1e-06,EX_cpd00010_e0,-7.142899685532583e-05,0.00472793338413776,cpd00010_e0,import
S74C75_Phascolarctobacterium_faecium,ERR1620325_sub,1e-06,EX_cpd00204_e0,3.5714498427663255e-05,0.00472793338413776,cpd00204_e0,export
S74C75_Phascolarctobacterium_faecium,ERR1620325_sub,1e-06,EX_cpd00309_e0,0.10049675631701381,0.00472793338413776,cpd00309_e0,export
S74C75_Phascolarctobacterium_faecium,ERR1620325_sub,1e-06,EX_cpd00011_e0,0.12842401710377005,0.00472793338413776,cpd00011_e0,export
S74C75_Phascolarctobacterium_faecium,ERR1620325_sub,1e-06,EX_cpd00132_e0,-0.0020706961306776023,0.00472793338413776,cpd00132_e0,import
S74C75_Phascolarctobacterium_faecium,ERR1620325_sub,1e-06,EX_cpd00182_e0,-8.050799327420362e-05,0.00472793338413776,cpd00182_e0,import
S74C75_Phascolarctobacterium_faecium,ERR1620325_sub,1e-06,EX_cpd00069_e0,-0.0012202611932694409,0.00472793338413776,cpd00069_e0,import
S74C75_Phascolarctobacterium_faecium,ERR1620325_sub,1e-06,EX_cpd00054_e0,-0.002538076919241611,0.00472793338413776,cpd00054_e0,import
S74C75_Phascolarctobacterium_faecium,ERR1620325_sub,1e-06,EX_cpd01217_e0,-0.013014537375775471,0.00472793338413776,cpd01217_e0,import
S74C75_Phascolarctobacterium_faecium,ERR1620325_sub,1e-06,EX_cpd00106_e0,0.0015331508579496944,0.00472793338413776,cpd00106_e0,export
S74C75_Phascolarctobacterium_faecium,ERR1620325_sub,1e-06,EX_cpd00084_e0,-0.0008581126796891758,0.00472793338413776,cpd00084_e0,import
S74C75_Phascolarctobacterium_faecium,ERR1620325_sub,1e-06,EX_cpd00161_e0,-0.0029324268856850263,0.00472793338413776,cpd00161_e0,import
S74C75_Phascolarctobacterium_faecium,ERR1620325_sub,1e-06,EX_cpd00220_e0,-7.14289968553265e-05,0.00472793338413776,cpd00220_e0,import
S74C75_Phascolarctobacterium_faecium,ERR1620325_sub,1e-06,EX_cpd00053_e0,0.03208389973065719,0.00472793338413776,cpd00053_e0,export
S74C75_Phascolarctobacterium_faecium,ERR1620325_sub,1e-06,EX_cpd00254_e0,-6.600834030734224e-05,0.00472793338413776,cpd00254_e0,import
S74C75_Phascolarctobacterium_faecium,ERR1620325_sub,1e-06,EX_cpd00067_e0,0.025898505270828282,0.00472793338413776,cpd00067_e0,export
S74C75_Phascolarctobacterium_faecium,ERR1620325_sub,1e-06,EX_cpd00017_e0,-0.00017857249213831626,0.00472793338413776,cpd00017_e0,import
S74C75_Phascolarctobacterium_faecium,ERR1620325_sub,1e-06,EX_cpd00129_e0,-0.001898891648219636,0.00472793338413776,cpd00129_e0,import
S74C75_Phascolarctobacterium_faecium,ERR1620325_sub,1e-06,EX_cpd00030_e0,-6.600834030734224e-05,0.00472793338413776,cpd00030_e0,import
S74C75_Phascolarctobacterium_faecium,ERR1620325_sub,1e-06,EX_cpd00063_e0,-6.600834030734224e-05,0.00472793338413776,cpd00063_e0,import
S74C75_Phascolarctobacterium_faecium,ERR1620325_sub,1e-06,EX_cpd00107_e0,-0.0046233446867186955,0.00472793338413776,cpd00107_e0,import
S74C75_Phascolarctobacterium_faecium,ERR1620325_sub,1e-06,EX_cpd00033_e0,-0.004824989590372161,0.00472793338413776,cpd00033_e0,import
S74C75_Phascolarctobacterium_faecium,ERR1620325_sub,1e-06,EX_cpd00051_e0,-0.0025408978721415125,0.00472793338413776,cpd00051_e0,import
S74C75_Phascolarctobacterium_faecium,ERR1620325_sub,1e-06,EX_cpd00065_e0,-0.0004882864238279056,0.00472793338413776,cpd00065_e0,import
S74C75_Phascolarctobacterium_faecium,ERR1620325_sub,1e-06,EX_cpd00119_e0,-0.0008138107063798453,0.00472793338413776,cpd00119_e0,import
S74C75_Phascolarctobacterium_faecium,ERR1620325_sub,1e-06,EX_cpd00012_e0,-0.00437351729694969,0.00472793338413776,cpd00012_e0,import
S790C42_Prevotellamassilia_sp900540885,ERR1620325_sub,1e-06,EX_cpd00036_e0,0.018093621468163637,0.004474561644591643,cpd00036_e0,export
S790C42_Prevotellamassilia_sp900540885,ERR1620325_sub,1e-06,EX_cpd10515_e0,-9.62711026251287e-05,0.004474561644591643,cpd10515_e0,import
S790C42_Prevotellamassilia_sp900540885,ERR1620325_sub,1e-06,EX_cpd00003_e0,-6.760082958933746e-05,0.004474561644591643,cpd00003_e0,import
S790C42_Prevotellamassilia_sp900540885,ERR1620325_sub,1e-06,EX_cpd00305_e0,-3.380041479467056e-05,0.004474561644591643,cpd00305_e0,import
S790C42_Prevotellamassilia_sp900540885,ERR1620325_sub,1e-06,EX_cpd00058_e0,-6.247068783045815e-05,0.004474561644591643,cpd00058_e0,import
S790C42_Prevotellamassilia_sp900540885,ERR1620325_sub,1e-06,EX_cpd00060_e0,-0.0011818271291900468,0.004474561644591643,cpd00060_e0,import
S790C42_Prevotellamassilia_sp900540885,ERR1620325_sub,1e-06,EX_cpd01741_e0,-0.0005908901500402754,0.004474561644591643,cpd01741_e0,import
S790C42_Prevotellamassilia_sp900540885,ERR1620325_sub,1e-06,EX_cpd03847_e0,-0.00011817803000805507,0.004474561644591643,cpd03847_e0,import
S790C42_Prevotellamassilia_sp900540885,ERR1620325_sub,1e-06,EX_cpd00039_e0,-0.002789818592890972,0.004474561644591643,cpd00039_e0,import
S790C42_Prevotellamassilia_sp900540885,ERR1620325_sub,1e-06,EX_cpd00367_e0,-0.00246845278884902,0.004474561644591643,cpd00367_e0,import
S790C42_Prevotellamassilia_sp900540885,ERR1620325_sub,1e-06,EX_cpd00099_e0,-6.247068783045815e-05,0.004474561644591643,cpd00099_e0,import
S790C42_Prevotellamassilia_sp900540885,ERR1620325_sub,1e-06,EX_cpd10516_e0,-6.247068783045815e-05,0.004474561644591643,cpd10516_e0,import
S790C42_Prevotellamassilia_sp900540885,ERR1620325_sub,1e-06,EX_cpd00013_e0,0.034278839403927466,0.004474561644591643,cpd00013_e0,export
S790C42_Prevotellamassilia_sp900540885,ERR1620325_sub,1e-06,EX_cpd00277_e0,-0.0020613991636696857,0.004474561644591643,cpd00277_e0,import
S790C42_Prevotellamassilia_sp900540885,ERR1620325_sub,1e-06,EX_cpd00009_e0,-0.008481048313665935,0.004474561644591643,cpd00009_e0,import
S790C42_Prevotellamassilia_sp900540885,ERR1620325_sub,1e-06,EX_cpd00322_e0,-0.003074786734215083,0.004474561644591643,cpd00322_e0,import
S790C42_Prevotellamassilia_sp900540885,ERR1620325_sub,1e-06,EX_cpd00028_e0,-3.380041479467056e-05,0.004474561644591643,cpd00028_e0,import
S790C42_Prevotellamassilia_sp900540885,ERR1620325_sub,1e-06,EX_cpd00034_e0,-6.247068783045815e-05,0.004474561644591643,cpd00034_e0,import
S790C42_Prevotellamassilia_sp900540885,ERR1620325_sub,1e-06,EX_cpd00149_e0,-6.247068783045815e-05,0.004474561644591643,cpd00149_e0,import
S790C42_Prevotellamassilia_sp900540885,ERR1620325_sub,1e-06,EX_cpd00071_e0,0.0020613991636696857,0.004474561644591643,cpd00071_e0,export
S790C42_Prevotellamassilia_sp900540885,ERR1620325_sub,1e-06,EX_cpd00029_e0,0.0706401123654094,0.004474561644591643,cpd00029_e0,export
S790C42_Prevotellamassilia_sp900540885,ERR1620325_sub,1e-06,EX_cpd00048_e0,-6.247068783045815e-05,0.004474561644591643,cpd00048_e0,import
S790C42_Prevotellamassilia_sp900540885,ERR1620325_sub,1e-06,EX_cpd00205_e0,-6.247068783045815e-05,0.004474561644591643,cpd00205_e0,import
S790C42_Prevotellamassilia_sp900540885,ERR1620325_sub,1e-06,EX_cpd00309_e0,0.06073109834945356,0.004474561644591643,cpd00309_e0,export
S790C42_Prevotellamassilia_sp900540885,ERR1620325_sub,1e-06,EX_cpd00011_e0,0.028327460490873285,0.004474561644591643,cpd00011_e0,export
S790C42_Prevotellamassilia_sp900540885,ERR1620325_sub,1e-06,EX_cpd00132_e0,-0.0019597191956197287,0.004474561644591643,cpd00132_e0,import
S790C42_Prevotellamassilia_sp900540885,ERR1620325_sub,1e-06,EX_cpd00182_e0,-0.001628577626797074,0.004474561644591643,cpd00182_e0,import
S790C42_Prevotellamassilia_sp900540885,ERR1620325_sub,1e-06,EX_cpd00069_e0,-0.0011210620726034306,0.004474561644591643,cpd00069_e0,import
S790C42_Prevotellamassilia_sp900540885,ERR1620325_sub,1e-06,EX_cpd00047_e0,0.07740597987274002,0.004474561644591643,cpd00047_e0,export
S790C42_Prevotellamassilia_sp900540885,ERR1620325_sub,1e-06,EX_cpd01217_e0,-0.06073109834945356,0.004474561644591643,cpd01217_e0,import
S790C42_Prevotellamassilia_sp900540885,ERR1620325_sub,1e-06,EX_cpd00007_e0,-0.05013163171480491,0.004474561644591643,cpd00007_e0,import
S790C42_Prevotellamassilia_sp900540885,ERR1620325_sub,1e-06,EX_cpd00084_e0,-0.0008459233842046059,0.004474561644591643,cpd00084_e0,import
S790C42_Prevotellamassilia_sp900540885,ERR1620325_sub,1e-06,EX_cpd00161_e0,-0.0020624119045605034,0.004474561644591643,cpd00161_e0,import
S790C42_Prevotellamassilia_sp900540885,ERR1620325_sub,1e-06,EX_cpd00216_e0,-0.00010140124438401167,0.004474561644591643,cpd00216_e0,import
S790C42_Prevotellamassilia_sp900540885,ERR1620325_sub,1e-06,EX_cpd00220_e0,-6.760082958934111e-05,0.004474561644591643,cpd00220_e0,import
S790C42_Prevotellamassilia_sp900540885,ERR1620325_sub,1e-06,EX_cpd00053_e0,-0.022896267348239897,0.004474561644591643,cpd00053_e0,import
S790C42_Prevotellamassilia_sp900540885,ERR1620325_sub,1e-06,EX_cpd00550_e0,-0.0021568558476333685,0.004474561644591643,cpd00550_e0,import
S790C42_Prevotellamassilia_sp900540885,ERR1620325_sub,1e-06,EX_cpd00254_e0,-6.247068783045815e-05,0.004474561644591643,cpd00254_e0,import
S790C42_Prevotellamassilia_sp900540885,ERR1620325_sub,1e-06,EX_cpd00067_e0,0.1398932646080576,0.004474561644591643,cpd00067_e0,export
S790C42_Prevotellamassilia_sp900540885,ERR1620325_sub,1e-06,EX_cpd00208_e0,-0.0004727121200322203,0.004474561644591643,cpd00208_e0,import
S790C42_Prevotellamassilia_sp900540885,ERR1620325_sub,1e-06,EX_cpd00066_e0,-0.0015061597311313202,0.004474561644591643,cpd00066_e0,import
S790C42_Prevotellamassilia_sp900540885,ERR1620325_sub,1e-06,EX_cpd00017_e0,-0.00013520165917868223,0.004474561644591643,cpd00017_e0,import
S790C42_Prevotellamassilia_sp900540885,ERR1620325_sub,1e-06,EX_cpd00055_e0,-6.760082958933919e-05,0.004474561644591643,cpd00055_e0,import
S790C42_Prevotellamassilia_sp900540885,ERR1620325_sub,1e-06,EX_cpd01981_e0,3.380041479467056e-05,0.004474561644591643,cpd01981_e0,export
S790C42_Prevotellamassilia_sp900540885,ERR1620325_sub,1e-06,EX_cpd00129_e0,-0.0017971224064635073,0.004474561644591643,cpd00129_e0,import
S790C42_Prevotellamassilia_sp900540885,ERR1620325_sub,1e-06,EX_cpd00030_e0,-6.247068783045815e-05,0.004474561644591643,cpd00030_e0,import
S790C42_Prevotellamassilia_sp900540885,ERR1620325_sub,1e-06,EX_cpd00063_e0,-6.247068783045815e-05,0.004474561644591643,cpd00063_e0,import
S790C42_Prevotellamassilia_sp900540885,ERR1620325_sub,1e-06,EX_cpd00107_e0,-0.004375561047464854,0.004474561644591643,cpd00107_e0,import
S790C42_Prevotellamassilia_sp900540885,ERR1620325_sub,1e-06,EX_cpd00184_e0,-0.0002113949052483758,0.004474561644591643,cpd00184_e0,import
S790C42_Prevotellamassilia_sp900540885,ERR1620325_sub,1e-06,EX_cpd00156_e0,-0.0035078065791051966,0.004474561644591643,cpd00156_e0,import
S790C42_Prevotellamassilia_sp900540885,ERR1620325_sub,1e-06,EX_cpd00033_e0,-0.004777793894859418,0.004474561644591643,cpd00033_e0,import
S790C42_Prevotellamassilia_sp900540885,ERR1620325_sub,1e-06,EX_cpd00051_e0,-0.0024723217639524148,0.004474561644591643,cpd00051_e0,import
S790C42_Prevotellamassilia_sp900540885,ERR1620325_sub,1e-06,EX_cpd00065_e0,-0.0004621171902334726,0.004474561644591643,cpd00065_e0,import
S790C42_Prevotellamassilia_sp900540885,ERR1620325_sub,1e-06,EX_cpd00119_e0,-0.0007701953170557903,0.004474561644591643,cpd00119_e0,import
S846C669_CAG_83_sp003539495,ERR1620325_sub,1e-06,EX_cpd10515_e0,-0.00011496615175648627,0.004820752734268515,cpd10515_e0,import
S846C669_CAG_83_sp003539495,ERR1620325_sub,1e-06,EX_cpd00003_e0,-4.766177056633736e-05,0.004820752734268515,cpd00003_e0,import
S846C669_CAG_83_sp003539495,ERR1620325_sub,1e-06,EX_cpd00311_e0,-0.0006186114746893339,0.004820752734268515,cpd00311_e0,import
S846C669_CAG_83_sp003539495,ERR1620325_sub,1e-06,EX_cpd00305_e0,-4.766177056631198e-05,0.004820752734268515,cpd00305_e0,import
S846C669_CAG_83_sp003539495,ERR1620325_sub,1e-06,EX_cpd00058_e0,-6.730438119017428e-05,0.004820752734268515,cpd00058_e0,import
S846C669_CAG_83_sp003539495,ERR1620325_sub,1e-06,EX_cpd00060_e0,-0.001215269733175084,0.004820752734268515,cpd00060_e0,import
S846C669_CAG_83_sp003539495,ERR1620325_sub,1e-06,EX_cpd00039_e0,-0.0034659317299939106,0.004820752734268515,cpd00039_e0,import
S846C669_CAG_83_sp003539495,ERR1620325_sub,1e-06,EX_cpd00264_e0,-4.766177056631198e-05,0.004820752734268515,cpd00264_e0,import
S846C669_CAG_83_sp003539495,ERR1620325_sub,1e-06,EX_cpd00367_e0,-0.006401028480508171,0.004820752734268515,cpd00367_e0,import
S846C669_CAG_83_sp003539495,ERR1620325_sub,1e-06,EX_cpd00099_e0,-6.730438119017428e-05,0.004820752734268515,cpd00099_e0,import
S846C669_CAG_83_sp003539495,ERR1620325_sub,1e-06,EX_cpd10516_e0,-6.730438119017428e-05,0.004820752734268515,cpd10516_e0,import
S846C669_CAG_83_sp003539495,ERR1620325_sub,1e-06,EX_cpd00277_e0,-0.00023972446026595864,0.004820752734268515,cpd00277_e0,import
S846C669_CAG_83_sp003539495,ERR1620325_sub,1e-06,EX_cpd00009_e0,-0.05657790605413849,0.004820752734268515,cpd00009_e0,import
S846C669_CAG_83_sp003539495,ERR1620325_sub,1e-06,EX_cpd00322_e0,-0.002895588533918961,0.004820752734268515,cpd00322_e0,import
S846C669_CAG_83_sp003539495,ERR1620325_sub,1e-06,EX_cpd00028_e0,-4.766177056631198e-05,0.004820752734268515,cpd00028_e0,import
S846C669_CAG_83_sp003539495,ERR1620325_sub,1e-06,EX_cpd01080_e0,-0.0007810984150070032,0.004820752734268515,cpd01080_e0,import
S846C669_CAG_83_sp003539495,ERR1620325_sub,1e-06,EX_cpd00006_e0,-4.76617705663096e-05,0.004820752734268515,cpd00006_e0,import
S846C669_CAG_83_sp003539495,ERR1620325_sub,1e-06,EX_cpd00034_e0,-6.730438119017428e-05,0.004820752734268515,cpd00034_e0,import
S846C669_CAG_83_sp003539495,ERR1620325_sub,1e-06,EX_cpd00149_e0,-6.730438119017428e-05,0.004820752734268515,cpd00149_e0,import
S846C669_CAG_83_sp003539495,ERR1620325_sub,1e-06,EX_cpd00023_e0,-0.0012728091728194217,0.004820752734268515,cpd00023_e0,import
S846C669_CAG_83_sp003539495,ERR1620325_sub,1e-06,EX_cpd00071_e0,-0.1680531035139993,0.004820752734268515,cpd00071_e0,import
S846C669_CAG_83_sp003539495,ERR1620325_sub,1e-06,EX_cpd00029_e0,0.3420993575381111,0.004820752734268515,cpd00029_e0,export
S846C669_CAG_83_sp003539495,ERR1620325_sub,1e-06,EX_cpd00048_e0,-6.730438119017385e-05,0.004820752734268515,cpd00048_e0,import
S846C669_CAG_83_sp003539495,ERR1620325_sub,1e-06,EX_cpd00205_e0,-6.730438119017428e-05,0.004820752734268515,cpd00205_e0,import
S846C669_CAG_83_sp003539495,ERR1620325_sub,1e-06,EX_cpd00010_e0,-9.532354113273023e-05,0.004820752734268515,cpd00010_e0,import
S846C669_CAG_83_sp003539495,ERR1620325_sub,1e-06,EX_cpd00011_e0,0.30572112793742534,0.004820752734268515,cpd00011_e0,export
S846C669_CAG_83_sp003539495,ERR1620325_sub,1e-06,EX_cpd00132_e0,-0.0015881864383010058,0.004820752734268515,cpd00132_e0,import
S846C669_CAG_83_sp003539495,ERR1620325_sub,1e-06,EX_cpd00239_e0,-0.0005621667236984397,0.004820752734268515,cpd00239_e0,import
S846C669_CAG_83_sp003539495,ERR1620325_sub,1e-06,EX_cpd00182_e0,-0.0005723169472173772,0.004820752734268515,cpd00182_e0,import
S846C669_CAG_83_sp003539495,ERR1620325_sub,1e-06,EX_cpd00069_e0,-0.00118894620104854,0.004820752734268515,cpd00069_e0,import
S846C669_CAG_83_sp003539495,ERR1620325_sub,1e-06,EX_cpd00526_e0,0.2041809797841641,0.004820752734268515,cpd00526_e0,export
S846C669_CAG_83_sp003539495,ERR1620325_sub,1e-06,EX_cpd00054_e0,-0.12275670520261965,0.004820752734268515,cpd00054_e0,import
S846C669_CAG_83_sp003539495,ERR1620325_sub,1e-06,EX_cpd00448_e0,-0.00903839339783418,0.004820752734268515,cpd00448_e0,import
S846C669_CAG_83_sp003539495,ERR1620325_sub,1e-06,EX_cpd00161_e0,-0.0026863633154911182,0.004820752734268515,cpd00161_e0,import
S846C669_CAG_83_sp003539495,ERR1620325_sub,1e-06,EX_cpd00216_e0,-0.11701719104555966,0.004820752734268515,cpd00216_e0,import
S846C669_CAG_83_sp003539495,ERR1620325_sub,1e-06,EX_cpd00220_e0,-9.532354113262396e-05,0.004820752734268515,cpd00220_e0,import
S846C669_CAG_83_sp003539495,ERR1620325_sub,1e-06,EX_cpd00053_e0,-0.00476297032833002,0.004820752734268515,cpd00053_e0,import
S846C669_CAG_83_sp003539495,ERR1620325_sub,1e-06,EX_cpd23431_e0,-0.2041809797841641,0.004820752734268515,cpd23431_e0,import
S846C669_CAG_83_sp003539495,ERR1620325_sub,1e-06,EX_cpd00254_e0,-6.730438119017428e-05,0.004820752734268515,cpd00254_e0,import
S846C669_CAG_83_sp003539495,ERR1620325_sub,1e-06,EX_cpd00041_e0,-0.001623106927337305,0.004820752734268515,cpd00041_e0,import
S846C669_CAG_83_sp003539495,ERR1620325_sub,1e-06,EX_cpd00066_e0,0.1151306712431579,0.004820752734268515,cpd00066_e0,export
S846C669_CAG_83_sp003539495,ERR1620325_sub,1e-06,EX_cpd00017_e0,-0.00014298531169893594,0.004820752734268515,cpd00017_e0,import
S846C669_CAG_83_sp003539495,ERR1620325_sub,1e-06,EX_cpd00307_e0,0.005241376710998648,0.004820752734268515,cpd00307_e0,export
S846C669_CAG_83_sp003539495,ERR1620325_sub,1e-06,EX_cpd00064_e0,-4.766177056631198e-05,0.004820752734268515,cpd00064_e0,import
S846C669_CAG_83_sp003539495,ERR1620325_sub,1e-06,EX_cpd00055_e0,-0.004906328709600065,0.004820752734268515,cpd00055_e0,import
S846C669_CAG_83_sp003539495,ERR1620325_sub,1e-06,EX_cpd00020_e0,-0.07174029875060826,0.004820752734268515,cpd00020_e0,import
S846C669_CAG_83_sp003539495,ERR1620325_sub,1e-06,EX_cpd00393_e0,-0.00014298531169893596,0.004820752734268515,cpd00393_e0,import
S846C669_CAG_83_sp003539495,ERR1620325_sub,1e-06,EX_cpd00129_e0,-0.0017241913542881075,0.004820752734268515,cpd00129_e0,import
S846C669_CAG_83_sp003539495,ERR1620325_sub,1e-06,EX_cpd00030_e0,-6.730438119017428e-05,0.004820752734268515,cpd00030_e0,import
S846C669_CAG_83_sp003539495,ERR1620325_sub,1e-06,EX_cpd00063_e0,-6.730438119017428e-05,0.004820752734268515,cpd00063_e0,import
S846C669_CAG_83_sp003539495,ERR1620325_sub,1e-06,EX_cpd00107_e0,-0.00450149095555743,0.004820752734268515,cpd00107_e0,import
S846C669_CAG_83_sp003539495,ERR1620325_sub,1e-06,EX_cpd00156_e0,-0.0032948287711714267,0.004820752734268515,cpd00156_e0,import
S846C669_CAG_83_sp003539495,ERR1620325_sub,1e-06,EX_cpd00033_e0,-0.00458476547909819,0.004820752734268515,cpd00033_e0,import
S846C669_CAG_83_sp003539495,ERR1620325_sub,1e-06,EX_cpd00051_e0,-0.002070784527287504,0.004820752734268515,cpd00051_e0,import
S846C669_CAG_83_sp003539495,ERR1620325_sub,1e-06,EX_cpd00065_e0,-0.0005835049621382152,0.004820752734268515,cpd00065_e0,import
S846C669_CAG_83_sp003539495,ERR1620325_sub,1e-06,EX_cpd00119_e0,-0.0008774510708845344,0.004820752734268515,cpd00119_e0,import
S846C669_CAG_83_sp003539495,ERR1620325_sub,1e-06,EX_cpd00012_e0,0.022361535745414423,0.004820752734268515,cpd00012_e0,export
S871C120_Prevotella_sp002265625,ERR1620325_sub,1e-06,EX_cpd00082_e0,-0.06401451698714414,0.04856152306240304,cpd00082_e0,import
S871C120_Prevotella_sp002265625,ERR1620325_sub,1e-06,EX_cpd00025_e0,0.0003668382717097726,0.04856152306240304,cpd00025_e0,export
S871C120_Prevotella_sp002265625,ERR1620325_sub,1e-06,EX_cpd00076_e0,-0.09443297886025309,0.04856152306240304,cpd00076_e0,import
S871C120_Prevotella_sp002265625,ERR1620325_sub,1e-06,EX_cpd00324_e0,0.03337087601757613,0.04856152306240304,cpd00324_e0,export
S871C120_Prevotella_sp002265625,ERR1620325_sub,1e-06,EX_cpd00036_e0,1.7080490101985828,0.04856152306240304,cpd00036_e0,export
S871C120_Prevotella_sp002265625,ERR1620325_sub,1e-06,EX_cpd10515_e0,-0.0010448370269161538,0.04856152306240304,cpd10515_e0,import
S871C120_Prevotella_sp002265625,ERR1620325_sub,1e-06,EX_cpd00003_e0,-0.0007336765434196122,0.04856152306240304,cpd00003_e0,import
S871C120_Prevotella_sp002265625,ERR1620325_sub,1e-06,EX_cpd00311_e0,-0.039782593009425354,0.04856152306240304,cpd00311_e0,import
S871C120_Prevotella_sp002265625,ERR1620325_sub,1e-06,EX_cpd00058_e0,-0.0006779987552063812,0.04856152306240304,cpd00058_e0,import
S871C120_Prevotella_sp002265625,ERR1620325_sub,1e-06,EX_cpd00060_e0,-0.047297843530562766,0.04856152306240304,cpd00060_e0,import
S871C120_Prevotella_sp002265625,ERR1620325_sub,1e-06,EX_cpd01741_e0,-0.006412972229124253,0.04856152306240304,cpd01741_e0,import
S871C120_Prevotella_sp002265625,ERR1620325_sub,1e-06,EX_cpd03847_e0,-0.0012825944458248505,0.04856152306240304,cpd03847_e0,import
S871C120_Prevotella_sp002265625,ERR1620325_sub,1e-06,EX_cpd00039_e0,-0.03027809679901559,0.04856152306240304,cpd00039_e0,import
S871C120_Prevotella_sp002265625,ERR1620325_sub,1e-06,EX_cpd00367_e0,-0.02679029119492699,0.04856152306240304,cpd00367_e0,import
S871C120_Prevotella_sp002265625,ERR1620325_sub,1e-06,EX_cpd00099_e0,-0.0006779987552063812,0.04856152306240304,cpd00099_e0,import
S871C120_Prevotella_sp002265625,ERR1620325_sub,1e-06,EX_cpd10516_e0,-0.0006779987552063812,0.04856152306240304,cpd10516_e0,import
S871C120_Prevotella_sp002265625,ERR1620325_sub,1e-06,EX_cpd00013_e0,0.9624082155408584,0.04856152306240304,cpd00013_e0,export
S871C120_Prevotella_sp002265625,ERR1620325_sub,1e-06,EX_cpd00009_e0,-0.0898443823734737,0.04856152306240304,cpd00009_e0,import
S871C120_Prevotella_sp002265625,ERR1620325_sub,1e-06,EX_cpd00028_e0,-0.0003668382717097726,0.04856152306240304,cpd00028_e0,import
S871C120_Prevotella_sp002265625,ERR1620325_sub,1e-06,EX_cpd00034_e0,-0.0006779987552063812,0.04856152306240304,cpd00034_e0,import
S871C120_Prevotella_sp002265625,ERR1620325_sub,1e-06,EX_cpd00276_e0,-0.8705710178445086,0.04856152306240304,cpd00276_e0,import
S871C120_Prevotella_sp002265625,ERR1620325_sub,1e-06,EX_cpd00149_e0,-0.0006779987552063812,0.04856152306240304,cpd00149_e0,import
S871C120_Prevotella_sp002265625,ERR1620325_sub,1e-06,EX_cpd00023_e0,-0.0032945157177876813,0.04856152306240304,cpd00023_e0,import
S871C120_Prevotella_sp002265625,ERR1620325_sub,1e-06,EX_cpd00029_e0,0.9212033301762539,0.04856152306240304,cpd00029_e0,export
S871C120_Prevotella_sp002265625,ERR1620325_sub,1e-06,EX_cpd00048_e0,-0.0006779987552063812,0.04856152306240304,cpd00048_e0,import
S871C120_Prevotella_sp002265625,ERR1620325_sub,1e-06,EX_cpd00205_e0,-0.0006779987552063812,0.04856152306240304,cpd00205_e0,import
S871C120_Prevotella_sp002265625,ERR1620325_sub,1e-06,EX_cpd00010_e0,-0.0007336765434196035,0.04856152306240304,cpd00010_e0,import
S871C120_Prevotella_sp002265625,ERR1620325_sub,1e-06,EX_cpd00309_e0,0.01741008334946132,0.04856152306240304,cpd00309_e0,export
S871C120_Prevotella_sp002265625,ERR1620325_sub,1e-06,EX_cpd00132_e0,-0.021268969837345275,0.04856152306240304,cpd00132_e0,import
S871C120_Prevotella_sp002265625,ERR1620325_sub,1e-06,EX_cpd00182_e0,-0.018408743716077428,0.04856152306240304,cpd00182_e0,import
S871C120_Prevotella_sp002265625,ERR1620325_sub,1e-06,EX_cpd00069_e0,-0.012166965278132066,0.04856152306240304,cpd00069_e0,import
S871C120_Prevotella_sp002265625,ERR1620325_sub,1e-06,EX_cpd00047_e0,0.08820543175815732,0.04856152306240304,cpd00047_e0,export
S871C120_Prevotella_sp002265625,ERR1620325_sub,1e-06,EX_cpd00007_e0,-0.0003668382717097726,0.04856152306240304,cpd00007_e0,import
S871C120_Prevotella_sp002265625,ERR1620325_sub,1e-06,EX_cpd00106_e0,-0.6291270904854984,0.04856152306240304,cpd00106_e0,import
S871C120_Prevotella_sp002265625,ERR1620325_sub,1e-06,EX_cpd00084_e0,-0.008814027529659894,0.04856152306240304,cpd00084_e0,import
S871C120_Prevotella_sp002265625,ERR1620325_sub,1e-06,EX_cpd00161_e0,-0.022383501007861212,0.04856152306240304,cpd00161_e0,import
S871C120_Prevotella_sp002265625,ERR1620325_sub,1e-06,EX_cpd00220_e0,-0.0007336765434195452,0.04856152306240304,cpd00220_e0,import
S871C120_Prevotella_sp002265625,ERR1620325_sub,1e-06,EX_cpd00053_e0,-0.025420429016006742,0.04856152306240304,cpd00053_e0,import
S871C120_Prevotella_sp002265625,ERR1620325_sub,1e-06,EX_cpd03198_e0,-0.006412972229124253,0.04856152306240304,cpd03198_e0,import
S871C120_Prevotella_sp002265625,ERR1620325_sub,1e-06,EX_cpd00254_e0,-0.0006779987552063812,0.04856152306240304,cpd00254_e0,import
S871C120_Prevotella_sp002265625,ERR1620325_sub,1e-06,EX_cpd00067_e0,2.941841429492283,0.04856152306240304,cpd00067_e0,export
S871C120_Prevotella_sp002265625,ERR1620325_sub,1e-06,EX_cpd00041_e0,-0.022918402554879896,0.04856152306240304,cpd00041_e0,import
S871C120_Prevotella_sp002265625,ERR1620325_sub,1e-06,EX_cpd00066_e0,-0.016346457167566674,0.04856152306240304,cpd00066_e0,import
S871C120_Prevotella_sp002265625,ERR1620325_sub,1e-06,EX_cpd00129_e0,-0.019504295484028423,0.04856152306240304,cpd00129_e0,import
S871C120_Prevotella_sp002265625,ERR1620325_sub,1e-06,EX_cpd00030_e0,-0.0006779987552063812,0.04856152306240304,cpd00030_e0,import
S871C120_Prevotella_sp002265625,ERR1620325_sub,1e-06,EX_cpd00063_e0,-0.0006779987552063812,0.04856152306240304,cpd00063_e0,import
S871C120_Prevotella_sp002265625,ERR1620325_sub,1e-06,EX_cpd00107_e0,-0.047488270844110926,0.04856152306240304,cpd00107_e0,import
S871C120_Prevotella_sp002265625,ERR1620325_sub,1e-06,EX_cpd00184_e0,-0.0022942837287840785,0.04856152306240304,cpd00184_e0,import
S871C120_Prevotella_sp002265625,ERR1620325_sub,1e-06,EX_cpd00156_e0,-0.03733679421228299,0.04856152306240304,cpd00156_e0,import
S871C120_Prevotella_sp002265625,ERR1620325_sub,1e-06,EX_cpd00033_e0,-0.07893062260090468,0.04856152306240304,cpd00033_e0,import
S871C120_Prevotella_sp002265625,ERR1620325_sub,1e-06,EX_cpd00051_e0,-0.026832281453000432,0.04856152306240304,cpd00051_e0,import
S871C120_Prevotella_sp002265625,ERR1620325_sub,1e-06,EX_cpd00035_e0,-0.04990572748187435,0.04856152306240304,cpd00035_e0,import
S871C120_Prevotella_sp002265625,ERR1620325_sub,1e-06,EX_cpd00065_e0,-0.0050153902673215865,0.04856152306240304,cpd00065_e0,import
S871C120_Prevotella_sp002265625,ERR1620325_sub,1e-06,EX_cpd00119_e0,-0.031767491522913235,0.04856152306240304,cpd00119_e0,import
S880C852_Phocaeicola_plebeius_A,ERR1620325_sub,1e-06,EX_cpd00036_e0,0.012915352423566687,0.002072129275892,cpd00036_e0,export
S880C852_Phocaeicola_plebeius_A,ERR1620325_sub,1e-06,EX_cpd10515_e0,-6.023635490629971e-05,0.002072129275892,cpd10515_e0,import
S880C852_Phocaeicola_plebeius_A,ERR1620325_sub,1e-06,EX_cpd00311_e0,-0.01726639732106193,0.002072129275892,cpd00311_e0,import
S880C852_Phocaeicola_plebeius_A,ERR1620325_sub,1e-06,EX_cpd00058_e0,-2.893028849084017e-05,0.002072129275892,cpd00058_e0,import
S880C852_Phocaeicola_plebeius_A,ERR1620325_sub,1e-06,EX_cpd00060_e0,-0.000531653247244325,0.002072129275892,cpd00060_e0,import
S880C852_Phocaeicola_plebeius_A,ERR1620325_sub,1e-06,EX_cpd01741_e0,-0.00027364229690338647,0.002072129275892,cpd01741_e0,import
S880C852_Phocaeicola_plebeius_A,ERR1620325_sub,1e-06,EX_cpd00001_e0,0.019863818910098748,0.002072129275892,cpd00001_e0,export
S880C852_Phocaeicola_plebeius_A,ERR1620325_sub,1e-06,EX_cpd03847_e0,-5.472845938067729e-05,0.002072129275892,cpd03847_e0,import
S880C852_Phocaeicola_plebeius_A,ERR1620325_sub,1e-06,EX_cpd00039_e0,-0.0012919700347863723,0.002072129275892,cpd00039_e0,import
S880C852_Phocaeicola_plebeius_A,ERR1620325_sub,1e-06,EX_cpd00264_e0,-1.5653033207729773e-05,0.002072129275892,cpd00264_e0,import
S880C852_Phocaeicola_plebeius_A,ERR1620325_sub,1e-06,EX_cpd00367_e0,-0.0011431449498560352,0.002072129275892,cpd00367_e0,import
S880C852_Phocaeicola_plebeius_A,ERR1620325_sub,1e-06,EX_cpd00099_e0,-2.893028849084017e-05,0.002072129275892,cpd00099_e0,import
S880C852_Phocaeicola_plebeius_A,ERR1620325_sub,1e-06,EX_cpd00141_e0,3.1306066415459546e-05,0.002072129275892,cpd00141_e0,export
S880C852_Phocaeicola_plebeius_A,ERR1620325_sub,1e-06,EX_cpd10516_e0,-2.893028849084017e-05,0.002072129275892,cpd10516_e0,import
S880C852_Phocaeicola_plebeius_A,ERR1620325_sub,1e-06,EX_cpd00013_e0,0.02840334486184346,0.002072129275892,cpd00013_e0,export
S880C852_Phocaeicola_plebeius_A,ERR1620325_sub,1e-06,EX_cpd00277_e0,-0.0007613828465249555,0.002072129275892,cpd00277_e0,import
S880C852_Phocaeicola_plebeius_A,ERR1620325_sub,1e-06,EX_cpd00322_e0,-0.0014239392962995374,0.002072129275892,cpd00322_e0,import
S880C852_Phocaeicola_plebeius_A,ERR1620325_sub,1e-06,EX_cpd01080_e0,-0.0001650620874119795,0.002072129275892,cpd01080_e0,import
S880C852_Phocaeicola_plebeius_A,ERR1620325_sub,1e-06,EX_cpd00034_e0,-2.893028849084017e-05,0.002072129275892,cpd00034_e0,import
S880C852_Phocaeicola_plebeius_A,ERR1620325_sub,1e-06,EX_cpd00149_e0,-2.893028849084017e-05,0.002072129275892,cpd00149_e0,import
S880C852_Phocaeicola_plebeius_A,ERR1620325_sub,1e-06,EX_cpd02992_e0,-0.00010945691876135458,0.002072129275892,cpd02992_e0,import
S880C852_Phocaeicola_plebeius_A,ERR1620325_sub,1e-06,EX_cpd00023_e0,-0.014164344881201817,0.002072129275892,cpd00023_e0,import
S880C852_Phocaeicola_plebeius_A,ERR1620325_sub,1e-06,EX_cpd00029_e0,0.019587771906323173,0.002072129275892,cpd00029_e0,export
S880C852_Phocaeicola_plebeius_A,ERR1620325_sub,1e-06,EX_cpd00048_e0,-2.893028849084017e-05,0.002072129275892,cpd00048_e0,import
S880C852_Phocaeicola_plebeius_A,ERR1620325_sub,1e-06,EX_cpd00205_e0,-2.893028849084017e-05,0.002072129275892,cpd00205_e0,import
S880C852_Phocaeicola_plebeius_A,ERR1620325_sub,1e-06,EX_cpd00010_e0,-3.130606641545971e-05,0.002072129275892,cpd00010_e0,import
S880C852_Phocaeicola_plebeius_A,ERR1620325_sub,1e-06,EX_cpd00309_e0,0.01707314248756659,0.002072129275892,cpd00309_e0,export
S880C852_Phocaeicola_plebeius_A,ERR1620325_sub,1e-06,EX_cpd00011_e0,0.03570805366709158,0.002072129275892,cpd00011_e0,export
S880C852_Phocaeicola_plebeius_A,ERR1620325_sub,1e-06,EX_cpd00132_e0,-0.0009075495029634318,0.002072129275892,cpd00132_e0,import
S880C852_Phocaeicola_plebeius_A,ERR1620325_sub,1e-06,EX_cpd00239_e0,3.1306066415459546e-05,0.002072129275892,cpd00239_e0,export
S880C852_Phocaeicola_plebeius_A,ERR1620325_sub,1e-06,EX_cpd00182_e0,-0.0007228911772716242,0.002072129275892,cpd00182_e0,import
S880C852_Phocaeicola_plebeius_A,ERR1620325_sub,1e-06,EX_cpd00069_e0,-0.0005348189060820096,0.002072129275892,cpd00069_e0,import
S880C852_Phocaeicola_plebeius_A,ERR1620325_sub,1e-06,EX_cpd00047_e0,0.00022400053059770013,0.002072129275892,cpd00047_e0,export
S880C852_Phocaeicola_plebeius_A,ERR1620325_sub,1e-06,EX_cpd00054_e0,-0.0009675377765486968,0.002072129275892,cpd00054_e0,import
S880C852_Phocaeicola_plebeius_A,ERR1620325_sub,1e-06,EX_cpd00007_e0,-0.031203652962457175,0.002072129275892,cpd00007_e0,import
S880C852_Phocaeicola_plebeius_A,ERR1620325_sub,1e-06,EX_cpd00084_e0,-0.0003760956155762395,0.002072129275892,cpd00084_e0,import
S880C852_Phocaeicola_plebeius_A,ERR1620325_sub,1e-06,EX_cpd00161_e0,-0.003465119304796145,0.002072129275892,cpd00161_e0,import
S880C852_Phocaeicola_plebeius_A,ERR1620325_sub,1e-06,EX_cpd00220_e0,-3.1306066415459546e-05,0.002072129275892,cpd00220_e0,import
S880C852_Phocaeicola_plebeius_A,ERR1620325_sub,1e-06,EX_cpd00053_e0,-0.001100345799008071,0.002072129275892,cpd00053_e0,import
S880C852_Phocaeicola_plebeius_A,ERR1620325_sub,1e-06,EX_cpd00254_e0,-2.893028849084017e-05,0.002072129275892,cpd00254_e0,import
S880C852_Phocaeicola_plebeius_A,ERR1620325_sub,1e-06,EX_cpd00066_e0,-0.0006975052948539913,0.002072129275892,cpd00066_e0,import
S880C852_Phocaeicola_plebeius_A,ERR1620325_sub,1e-06,EX_cpd00017_e0,-9.391819924637864e-05,0.002072129275892,cpd00017_e0,import
S880C852_Phocaeicola_plebeius_A,ERR1620325_sub,1e-06,EX_cpd00064_e0,-1.5653033207729773e-05,0.002072129275892,cpd00064_e0,import
S880C852_Phocaeicola_plebeius_A,ERR1620325_sub,1e-06,EX_cpd11606_e0,-7.826516603864756e-05,0.002072129275892,cpd11606_e0,import
S880C852_Phocaeicola_plebeius_A,ERR1620325_sub,1e-06,EX_cpd00129_e0,-0.0008322506359053308,0.002072129275892,cpd00129_e0,import
S880C852_Phocaeicola_plebeius_A,ERR1620325_sub,1e-06,EX_cpd00030_e0,-2.893028849084017e-05,0.002072129275892,cpd00030_e0,import
S880C852_Phocaeicola_plebeius_A,ERR1620325_sub,1e-06,EX_cpd00063_e0,-2.893028849084017e-05,0.002072129275892,cpd00063_e0,import
S880C852_Phocaeicola_plebeius_A,ERR1620325_sub,1e-06,EX_cpd11451_e0,7.826516603864756e-05,0.002072129275892,cpd11451_e0,export
S880C852_Phocaeicola_plebeius_A,ERR1620325_sub,1e-06,EX_cpd00080_e0,-0.0008665759589128925,0.002072129275892,cpd00080_e0,import
S880C852_Phocaeicola_plebeius_A,ERR1620325_sub,1e-06,EX_cpd00107_e0,-0.002026330232764346,0.002072129275892,cpd00107_e0,import
S880C852_Phocaeicola_plebeius_A,ERR1620325_sub,1e-06,EX_cpd00184_e0,-9.789736285483257e-05,0.002072129275892,cpd00184_e0,import
S880C852_Phocaeicola_plebeius_A,ERR1620325_sub,1e-06,EX_cpd21520_e0,0.00010945691876135458,0.002072129275892,cpd21520_e0,export
S880C852_Phocaeicola_plebeius_A,ERR1620325_sub,1e-06,EX_cpd00156_e0,-0.0015931655030187763,0.002072129275892,cpd00156_e0,import
S880C852_Phocaeicola_plebeius_A,ERR1620325_sub,1e-06,EX_cpd00051_e0,-0.0011136306128066568,0.002072129275892,cpd00051_e0,import
S880C852_Phocaeicola_plebeius_A,ERR1620325_sub,1e-06,EX_cpd00065_e0,-0.00021400730637565615,0.002072129275892,cpd00065_e0,import
S880C852_Phocaeicola_plebeius_A,ERR1620325_sub,1e-06,EX_cpd00119_e0,-0.0003566788439594281,0.002072129275892,cpd00119_e0,import
S880C852_Phocaeicola_plebeius_A,ERR1620325_sub,1e-06,EX_cpd00012_e0,-0.0015148533918811994,0.002072129275892,cpd00012_e0,import
S908C121_CAG_279_sp000437795,ERR1620325_sub,1e-06,EX_cpd00025_e0,2.9788605071487075e-05,0.003944683012163516,cpd00025_e0,export
S908C121_CAG_279_sp000437795,ERR1620325_sub,1e-06,EX_cpd00324_e0,0.0026502595850854244,0.003944683012163516,cpd00324_e0,export
S908C121_CAG_279_sp000437795,ERR1620325_sub,1e-06,EX_cpd10515_e0,-0.00011463318089452508,0.003944683012163516,cpd10515_e0,import
S908C121_CAG_279_sp000437795,ERR1620325_sub,1e-06,EX_cpd00003_e0,-5.957721014297209e-05,0.003944683012163516,cpd00003_e0,import
S908C121_CAG_279_sp000437795,ERR1620325_sub,1e-06,EX_cpd00311_e0,-0.0018167293494555621,0.003944683012163516,cpd00311_e0,import
S908C121_CAG_279_sp000437795,ERR1620325_sub,1e-06,EX_cpd00058_e0,-5.505597075155092e-05,0.003944683012163516,cpd00058_e0,import
S908C121_CAG_279_sp000437795,ERR1620325_sub,1e-06,EX_cpd00060_e0,-0.0037513915166149108,0.003944683012163516,cpd00060_e0,import
S908C121_CAG_279_sp000437795,ERR1620325_sub,1e-06,EX_cpd00001_e0,0.07031859651270458,0.003944683012163516,cpd00001_e0,export
S908C121_CAG_279_sp000437795,ERR1620325_sub,1e-06,EX_cpd00039_e0,-0.0024586918471137934,0.003944683012163516,cpd00039_e0,import
S908C121_CAG_279_sp000437795,ERR1620325_sub,1e-06,EX_cpd00367_e0,-0.0023617735195305815,0.003944683012163516,cpd00367_e0,import
S908C121_CAG_279_sp000437795,ERR1620325_sub,1e-06,EX_cpd00099_e0,-5.505597075155092e-05,0.003944683012163516,cpd00099_e0,import
S908C121_CAG_279_sp000437795,ERR1620325_sub,1e-06,EX_cpd10516_e0,-5.505597075155092e-05,0.003944683012163516,cpd10516_e0,import
S908C121_CAG_279_sp000437795,ERR1620325_sub,1e-06,EX_cpd00105_e0,-0.00012654718520258517,0.003944683012163516,cpd00105_e0,import
S908C121_CAG_279_sp000437795,ERR1620325_sub,1e-06,EX_cpd00013_e0,0.01364840462642328,0.003944683012163516,cpd00013_e0,export
S908C121_CAG_279_sp000437795,ERR1620325_sub,1e-06,EX_cpd00009_e0,0.04909167085680617,0.003944683012163516,cpd00009_e0,export
S908C121_CAG_279_sp000437795,ERR1620325_sub,1e-06,EX_cpd00158_e0,-0.00026037836261933757,0.003944683012163516,cpd00158_e0,import
S908C121_CAG_279_sp000437795,ERR1620325_sub,1e-06,EX_cpd00034_e0,-5.505597075155092e-05,0.003944683012163516,cpd00034_e0,import
S908C121_CAG_279_sp000437795,ERR1620325_sub,1e-06,EX_cpd00276_e0,-0.01645116567035778,0.003944683012163516,cpd00276_e0,import
S908C121_CAG_279_sp000437795,ERR1620325_sub,1e-06,EX_cpd00149_e0,-5.505597075155092e-05,0.003944683012163516,cpd00149_e0,import
S908C121_CAG_279_sp000437795,ERR1620325_sub,1e-06,EX_cpd00029_e0,0.044825778740554156,0.003944683012163516,cpd00029_e0,export
S908C121_CAG_279_sp000437795,ERR1620325_sub,1e-06,EX_cpd00048_e0,-5.505597075155092e-05,0.003944683012163516,cpd00048_e0,import
S908C121_CAG_279_sp000437795,ERR1620325_sub,1e-06,EX_cpd00205_e0,-5.505597075155092e-05,0.003944683012163516,cpd00205_e0,import
S908C121_CAG_279_sp000437795,ERR1620325_sub,1e-06,EX_cpd00011_e0,0.08510172308829442,0.003944683012163516,cpd00011_e0,export
S908C121_CAG_279_sp000437795,ERR1620325_sub,1e-06,EX_cpd00132_e0,-0.0017271178926044717,0.003944683012163516,cpd00132_e0,import
S908C121_CAG_279_sp000437795,ERR1620325_sub,1e-06,EX_cpd00239_e0,5.957721014297415e-05,0.003944683012163516,cpd00239_e0,export
S908C121_CAG_279_sp000437795,ERR1620325_sub,1e-06,EX_cpd00182_e0,-0.0014650684987540328,0.003944683012163516,cpd00182_e0,import
S908C121_CAG_279_sp000437795,ERR1620325_sub,1e-06,EX_cpd00054_e0,-0.002116948979179366,0.003944683012163516,cpd00054_e0,import
S908C121_CAG_279_sp000437795,ERR1620325_sub,1e-06,EX_cpd00007_e0,-0.05127752370130415,0.003944683012163516,cpd00007_e0,import
S908C121_CAG_279_sp000437795,ERR1620325_sub,1e-06,EX_cpd00084_e0,-0.000775308379485024,0.003944683012163516,cpd00084_e0,import
S908C121_CAG_279_sp000437795,ERR1620325_sub,1e-06,EX_cpd00161_e0,-0.0018176218869767609,0.003944683012163516,cpd00161_e0,import
S908C121_CAG_279_sp000437795,ERR1620325_sub,1e-06,EX_cpd00216_e0,-0.0010773677537785956,0.003944683012163516,cpd00216_e0,import
S908C121_CAG_279_sp000437795,ERR1620325_sub,1e-06,EX_cpd00220_e0,-5.957721014297415e-05,0.003944683012163516,cpd00220_e0,import
S908C121_CAG_279_sp000437795,ERR1620325_sub,1e-06,EX_cpd00053_e0,-0.00447092321198942,0.003944683012163516,cpd00053_e0,import
S908C121_CAG_279_sp000437795,ERR1620325_sub,1e-06,EX_cpd00254_e0,-5.505597075155092e-05,0.003944683012163516,cpd00254_e0,import
S908C121_CAG_279_sp000437795,ERR1620325_sub,1e-06,EX_cpd00067_e0,0.03560891116676958,0.003944683012163516,cpd00067_e0,export
S908C121_CAG_279_sp000437795,ERR1620325_sub,1e-06,EX_cpd00041_e0,-0.0019206350528666644,0.003944683012163516,cpd00041_e0,import
S908C121_CAG_279_sp000437795,ERR1620325_sub,1e-06,EX_cpd00066_e0,-0.0013273919174602055,0.003944683012163516,cpd00066_e0,import
S908C121_CAG_279_sp000437795,ERR1620325_sub,1e-06,EX_cpd00017_e0,-8.936581521446123e-05,0.003944683012163516,cpd00017_e0,import
S908C121_CAG_279_sp000437795,ERR1620325_sub,1e-06,EX_cpd00064_e0,-5.957721014297415e-05,0.003944683012163516,cpd00064_e0,import
S908C121_CAG_279_sp000437795,ERR1620325_sub,1e-06,EX_cpd00229_e0,8.93658152144612e-05,0.003944683012163516,cpd00229_e0,export
S908C121_CAG_279_sp000437795,ERR1620325_sub,1e-06,EX_cpd11606_e0,-0.055006316776049814,0.003944683012163516,cpd11606_e0,import
S908C121_CAG_279_sp000437795,ERR1620325_sub,1e-06,EX_cpd00129_e0,-0.0015838199015150182,0.003944683012163516,cpd00129_e0,import
S908C121_CAG_279_sp000437795,ERR1620325_sub,1e-06,EX_cpd00030_e0,-5.505597075155092e-05,0.003944683012163516,cpd00030_e0,import
S908C121_CAG_279_sp000437795,ERR1620325_sub,1e-06,EX_cpd00063_e0,-5.505597075155092e-05,0.003944683012163516,cpd00063_e0,import
S908C121_CAG_279_sp000437795,ERR1620325_sub,1e-06,EX_cpd11451_e0,0.055006316776049814,0.003944683012163516,cpd11451_e0,export
S908C121_CAG_279_sp000437795,ERR1620325_sub,1e-06,EX_cpd00080_e0,-0.056566093888083084,0.003944683012163516,cpd00080_e0,import
S908C121_CAG_279_sp000437795,ERR1620325_sub,1e-06,EX_cpd00033_e0,-0.004620179994844377,0.003944683012163516,cpd00033_e0,import
S908C121_CAG_279_sp000437795,ERR1620325_sub,1e-06,EX_cpd00051_e0,-0.002119301868217715,0.003944683012163516,cpd00051_e0,import
S908C121_CAG_279_sp000437795,ERR1620325_sub,1e-06,EX_cpd00035_e0,-0.003963161201211373,0.003944683012163516,cpd00035_e0,import
S908C121_CAG_279_sp000437795,ERR1620325_sub,1e-06,EX_cpd00065_e0,-0.0004072679746752898,0.003944683012163516,cpd00065_e0,import
S908C121_CAG_279_sp000437795,ERR1620325_sub,1e-06,EX_cpd00119_e0,-0.0006787799577921519,0.003944683012163516,cpd00119_e0,import
S951C743_Blautia_A_sp003480185,ERR1620325_sub,1e-06,EX_cpd00025_e0,-0.0030710930300386495,0.03621013854890746,cpd00025_e0,import
S951C743_Blautia_A_sp003480185,ERR1620325_sub,1e-06,EX_cpd10515_e0,-0.0008635042639881262,0.03621013854890746,cpd10515_e0,import
S951C743_Blautia_A_sp003480185,ERR1620325_sub,1e-06,EX_cpd00003_e0,-0.0007159697264705195,0.03621013854890746,cpd00003_e0,import
S951C743_Blautia_A_sp003480185,ERR1620325_sub,1e-06,EX_cpd00311_e0,-0.007162882391148124,0.03621013854890746,cpd00311_e0,import
S951C743_Blautia_A_sp003480185,ERR1620325_sub,1e-06,EX_cpd00305_e0,-0.00035798486323529726,0.03621013854890746,cpd00305_e0,import
S951C743_Blautia_A_sp003480185,ERR1620325_sub,1e-06,EX_cpd00058_e0,-0.000505519400752829,0.03621013854890746,cpd00058_e0,import
S951C743_Blautia_A_sp003480185,ERR1620325_sub,1e-06,EX_cpd00060_e0,-0.009127822236888886,0.03621013854890746,cpd00060_e0,import
S951C743_Blautia_A_sp003480185,ERR1620325_sub,1e-06,EX_cpd00039_e0,-0.026032417209899624,0.03621013854890746,cpd00039_e0,import
S951C743_Blautia_A_sp003480185,ERR1620325_sub,1e-06,EX_cpd00264_e0,-0.00035798486323529726,0.03621013854890746,cpd00264_e0,import
S951C743_Blautia_A_sp003480185,ERR1620325_sub,1e-06,EX_cpd00099_e0,-0.000505519400752829,0.03621013854890746,cpd00099_e0,import
S951C743_Blautia_A_sp003480185,ERR1620325_sub,1e-06,EX_cpd10516_e0,-0.000505519400752829,0.03621013854890746,cpd10516_e0,import
S951C743_Blautia_A_sp003480185,ERR1620325_sub,1e-06,EX_cpd00013_e0,0.43193558094911333,0.03621013854890746,cpd00013_e0,export
S951C743_Blautia_A_sp003480185,ERR1620325_sub,1e-06,EX_cpd00009_e0,-0.08939897682384093,0.03621013854890746,cpd00009_e0,import
S951C743_Blautia_A_sp003480185,ERR1620325_sub,1e-06,EX_cpd00322_e0,-0.026899418013668696,0.03621013854890746,cpd00322_e0,import
S951C743_Blautia_A_sp003480185,ERR1620325_sub,1e-06,EX_cpd00028_e0,-0.00035798486323529726,0.03621013854890746,cpd00028_e0,import
S951C743_Blautia_A_sp003480185,ERR1620325_sub,1e-06,EX_cpd00034_e0,-0.000505519400752829,0.03621013854890746,cpd00034_e0,import
S951C743_Blautia_A_sp003480185,ERR1620325_sub,1e-06,EX_cpd00149_e0,-0.000505519400752829,0.03621013854890746,cpd00149_e0,import
S951C743_Blautia_A_sp003480185,ERR1620325_sub,1e-06,EX_cpd11640_e0,0.5508541970581067,0.03621013854890746,cpd11640_e0,export
S951C743_Blautia_A_sp003480185,ERR1620325_sub,1e-06,EX_cpd00023_e0,-0.023985717717162125,0.03621013854890746,cpd00023_e0,import
S951C743_Blautia_A_sp003480185,ERR1620325_sub,1e-06,EX_cpd00222_e0,-0.13053808141602213,0.03621013854890746,cpd00222_e0,import
S951C743_Blautia_A_sp003480185,ERR1620325_sub,1e-06,EX_cpd00029_e0,2.093060029405665,0.03621013854890746,cpd00029_e0,export
S951C743_Blautia_A_sp003480185,ERR1620325_sub,1e-06,EX_cpd00048_e0,-0.000505519400752829,0.03621013854890746,cpd00048_e0,import
S951C743_Blautia_A_sp003480185,ERR1620325_sub,1e-06,EX_cpd00205_e0,-0.000505519400752829,0.03621013854890746,cpd00205_e0,import
S951C743_Blautia_A_sp003480185,ERR1620325_sub,1e-06,EX_cpd00010_e0,-0.0007159697264704779,0.03621013854890746,cpd00010_e0,import
S951C743_Blautia_A_sp003480185,ERR1620325_sub,1e-06,EX_cpd00309_e0,0.010857988036655539,0.03621013854890746,cpd00309_e0,export
S951C743_Blautia_A_sp003480185,ERR1620325_sub,1e-06,EX_cpd00011_e0,0.7142319190187753,0.03621013854890746,cpd00011_e0,export
S951C743_Blautia_A_sp003480185,ERR1620325_sub,1e-06,EX_cpd00132_e0,-0.011928778518966654,0.03621013854890746,cpd00132_e0,import
S951C743_Blautia_A_sp003480185,ERR1620325_sub,1e-06,EX_cpd00239_e0,-0.00422240246863312,0.03621013854890746,cpd00239_e0,import
S951C743_Blautia_A_sp003480185,ERR1620325_sub,1e-06,EX_cpd00182_e0,-0.015156628260096349,0.03621013854890746,cpd00182_e0,import
S951C743_Blautia_A_sp003480185,ERR1620325_sub,1e-06,EX_cpd00069_e0,-0.00893010767580098,0.03621013854890746,cpd00069_e0,import
S951C743_Blautia_A_sp003480185,ERR1620325_sub,1e-06,EX_cpd00054_e0,-0.5362280045574921,0.03621013854890746,cpd00054_e0,import
S951C743_Blautia_A_sp003480185,ERR1620325_sub,1e-06,EX_cpd00007_e0,0.0015355465150193248,0.03621013854890746,cpd00007_e0,export
S951C743_Blautia_A_sp003480185,ERR1620325_sub,1e-06,EX_cpd00161_e0,-0.015026306642676244,0.03621013854890746,cpd00161_e0,import
S951C743_Blautia_A_sp003480185,ERR1620325_sub,1e-06,EX_cpd00053_e0,-0.02134868076539487,0.03621013854890746,cpd00053_e0,import
S951C743_Blautia_A_sp003480185,ERR1620325_sub,1e-06,EX_cpd00254_e0,-0.000505519400752829,0.03621013854890746,cpd00254_e0,import
S951C743_Blautia_A_sp003480185,ERR1620325_sub,1e-06,EX_cpd00067_e0,1.4300581051173915,0.03621013854890746,cpd00067_e0,export
S951C743_Blautia_A_sp003480185,ERR1620325_sub,1e-06,EX_cpd00066_e0,-0.014169543544628939,0.03621013854890746,cpd00066_e0,import
S951C743_Blautia_A_sp003480185,ERR1620325_sub,1e-06,EX_cpd00017_e0,-0.0010739545897058918,0.03621013854890746,cpd00017_e0,import
S951C743_Blautia_A_sp003480185,ERR1620325_sub,1e-06,EX_cpd00064_e0,-0.00035798486323529726,0.03621013854890746,cpd00064_e0,import
S951C743_Blautia_A_sp003480185,ERR1620325_sub,1e-06,EX_cpd00393_e0,-0.0010739545897058903,0.03621013854890746,cpd00393_e0,import
S951C743_Blautia_A_sp003480185,ERR1620325_sub,1e-06,EX_cpd00129_e0,-0.012950303751253845,0.03621013854890746,cpd00129_e0,import
S951C743_Blautia_A_sp003480185,ERR1620325_sub,1e-06,EX_cpd00030_e0,-0.000505519400752829,0.03621013854890746,cpd00030_e0,import
S951C743_Blautia_A_sp003480185,ERR1620325_sub,1e-06,EX_cpd00063_e0,-0.000505519400752829,0.03621013854890746,cpd00063_e0,import
S951C743_Blautia_A_sp003480185,ERR1620325_sub,1e-06,EX_cpd00107_e0,-0.03381044398755847,0.03621013854890746,cpd00107_e0,import
S951C743_Blautia_A_sp003480185,ERR1620325_sub,1e-06,EX_cpd00122_e0,-0.014425720003219672,0.03621013854890746,cpd00122_e0,import
S951C743_Blautia_A_sp003480185,ERR1620325_sub,1e-06,EX_cpd00156_e0,-0.02474727256282863,0.03621013854890746,cpd00156_e0,import
S951C743_Blautia_A_sp003480185,ERR1620325_sub,1e-06,EX_cpd00051_e0,-0.015553545472243848,0.03621013854890746,cpd00051_e0,import
S951C743_Blautia_A_sp003480185,ERR1620325_sub,1e-06,EX_cpd00794_e0,-0.28526277407081985,0.03621013854890746,cpd00794_e0,import
S951C743_Blautia_A_sp003480185,ERR1620325_sub,1e-06,EX_cpd00065_e0,-0.0043826727707805685,0.03621013854890746,cpd00065_e0,import
S951C743_Blautia_A_sp003480185,ERR1620325_sub,1e-06,EX_cpd00119_e0,-0.006590485369594842,0.03621013854890746,cpd00119_e0,import
medium,ERR1620325_sub,1e-06,EX_cpd00211_m,0.20159986959834436,,cpd00211_m,export
medium,ERR1620325_sub,1e-06,EX_cpd00055_m,-0.061964522128216334,,cpd00055_m,import
medium,ERR1620325_sub,1e-06,EX_cpd00041_m,-0.0225,,cpd00041_m,import
medium,ERR1620325_sub,1e-06,EX_cpd00141_m,0.0025076156250233308,,cpd00141_m,export
medium,ERR1620325_sub,1e-06,EX_cpd11606_m,-0.1,,cpd11606_m,import
medium,ERR1620325_sub,1e-06,EX_cpd00028_m,-0.00039638567821493665,,cpd00028_m,import
medium,ERR1620325_sub,1e-06,EX_cpd00023_m,-0.018,,cpd00023_m,import
medium,ERR1620325_sub,1e-06,EX_cpd00363_m,0.07542002276220401,,cpd00363_m,export
medium,ERR1620325_sub,1e-06,EX_cpd00276_m,-0.1,,cpd00276_m,import
medium,ERR1620325_sub,1e-06,EX_cpd00311_m,-0.1,,cpd00311_m,import
medium,ERR1620325_sub,1e-06,EX_cpd00239_m,-0.011379641121527999,,cpd00239_m,import
medium,ERR1620325_sub,1e-06,EX_cpd00067_m,2.3283190895761825,,cpd00067_m,export
medium,ERR1620325_sub,1e-06,EX_cpd00034_m,-0.0007505552167187919,,cpd00034_m,import
medium,ERR1620325_sub,1e-06,EX_cpd00229_m,1.0206708940963641e-05,,cpd00229_m,export
medium,ERR1620325_sub,1e-06,EX_cpd00794_m,-0.074493,,cpd00794_m,import
medium,ERR1620325_sub,1e-06,EX_cpd11746_m,-2.82e-05,,cpd11746_m,import
medium,ERR1620325_sub,1e-06,EX_cpd00053_m,-0.018,,cpd00053_m,import
medium,ERR1620325_sub,1e-06,EX_cpd00154_m,-0.0178783,,cpd00154_m,import
medium,ERR1620325_sub,1e-06,EX_cpd01741_m,-0.004176157189747533,,cpd01741_m,import
medium,ERR1620325_sub,1e-06,EX_cpd00100_m,8.942021705903159e-05,,cpd00100_m,export
medium,ERR1620325_sub,1e-06,EX_cpd10515_m,-0.001208469540731276,,cpd10515_m,import
medium,ERR1620325_sub,1e-06,EX_cpd00314_m,-0.0148986,,cpd00314_m,import
medium,ERR1620325_sub,1e-06,EX_cpd00048_m,-0.0007505552167187892,,cpd00048_m,import
medium,ERR1620325_sub,1e-06,EX_cpd11451_m,0.1,,cpd11451_m,export
medium,ERR1620325_sub,1e-06,EX_cpd00054_m,-0.1,,cpd00054_m,import
medium,ERR1620325_sub,1e-06,EX_cpd00149_m,-0.0007505552167187919,,cpd00149_m,import
medium,ERR1620325_sub,1e-06,EX_cpd00307_m,0.0047848953926136325,,cpd00307_m,export
medium,ERR1620325_sub,1e-06,EX_cpd00116_m,0.006318388594696735,,cpd00116_m,export
medium,ERR1620325_sub,1e-06,EX_cpd00039_m,-0.015,,cpd00039_m,import
medium,ERR1620325_sub,1e-06,EX_cpd00084_m,-0.010699577627404954,,cpd00084_m,import
medium,ERR1620325_sub,1e-06,EX_cpd00305_m,-0.00010749033634696626,,cpd00305_m,import
medium,ERR1620325_sub,1e-06,EX_cpd11640_m,0.1813990593920282,,cpd11640_m,export
medium,ERR1620325_sub,1e-06,EX_cpd00309_m,0.2802184976783661,,cpd00309_m,export
medium,ERR1620325_sub,1e-06,EX_cpd00393_m,-0.0005121346618222002,,cpd00393_m,import
medium,ERR1620325_sub,1e-06,EX_cpd00249_m,-0.0006332899880022347,,cpd00249_m,import
medium,ERR1620325_sub,1e-06,EX_cpd00064_m,-0.013460067994936407,,cpd00064_m,import
medium,ERR1620325_sub,1e-06,EX_cpd00001_m,-0.060414246577768733,,cpd00001_m,import
medium,ERR1620325_sub,1e-06,EX_cpd03198_m,-0.0074493,,cpd03198_m,import
medium,ERR1620325_sub,1e-06,EX_cpd00058_m,-0.0007505552167187921,,cpd00058_m,import
medium,ERR1620325_sub,1e-06,EX_cpd10516_m,-0.0007505552167187919,,cpd10516_m,import
medium,ERR1620325_sub,1e-06,EX_cpd00221_m,0.004530030132808337,,cpd00221_m,export
medium,ERR1620325_sub,1e-06,EX_cpd00105_m,-0.0179,,cpd00105_m,import
medium,ERR1620325_sub,1e-06,EX_cpd00106_m,-0.1,,cpd00106_m,import
medium,ERR1620325_sub,1e-06,EX_cpd00216_m,-0.0011149148835881012,,cpd00216_m,import
medium,ERR1620325_sub,1e-06,EX_cpd00179_m,-0.0074493,,cpd00179_m,import
medium,ERR1620325_sub,1e-06,EX_cpd00065_m,-0.005712430270015903,,cpd00065_m,import
medium,ERR1620325_sub,1e-06,EX_cpd00161_m,-0.0225,,cpd00161_m,import
medium,ERR1620325_sub,1e-06,EX_cpd00099_m,-0.000750555216718792,,cpd00099_m,import
medium,ERR1620325_sub,1e-06,EX_cpd00367_m,-0.1,,cpd00367_m,import
medium,ERR1620325_sub,1e-06,EX_cpd00033_m,-0.045,,cpd00033_m,import
medium,ERR1620325_sub,1e-06,EX_cpd00324_m,0.036879936586031954,,cpd00324_m,export
medium,ERR1620325_sub,1e-06,EX_cpd00158_m,-0.074493,,cpd00158_m,import
medium,ERR1620325_sub,1e-06,EX_cpd00035_m,0.0669555299814084,,cpd00035_m,export
medium,ERR1620325_sub,1e-06,EX_cpd03847_m,-0.0008292489804628117,,cpd03847_m,import
medium,ERR1620325_sub,1e-06,EX_cpd00069_m,-0.013633956124275825,,cpd00069_m,import
medium,ERR1620325_sub,1e-06,EX_cpd00066_m,-0.011221442321357715,,cpd00066_m,import
medium,ERR1620325_sub,1e-06,EX_cpd00011_m,0.26777652431211113,,cpd00011_m,export
medium,ERR1620325_sub,1e-06,EX_cpd00205_m,-0.000750555216718792,,cpd00205_m,import
medium,ERR1620325_sub,1e-06,EX_cpd00080_m,-0.1,,cpd00080_m,import
medium,ERR1620325_sub,1e-06,EX_cpd00122_m,-0.1,,cpd00122_m,import
medium,ERR1620325_sub,1e-06,EX_cpd00027_m,-1e-05,,cpd00027_m,import
medium,ERR1620325_sub,1e-06,EX_cpd01981_m,4.07921318827344e-05,,cpd01981_m,export
medium,ERR1620325_sub,1e-06,EX_cpd00029_m,0.803185422085496,,cpd00029_m,export
medium,ERR1620325_sub,1e-06,EX_cpd00047_m,0.1406636801803243,,cpd00047_m,export
medium,ERR1620325_sub,1e-06,EX_cpd02992_m,-0.09396822430692284,,cpd02992_m,import
medium,ERR1620325_sub,1e-06,EX_cpd00030_m,-0.0007505552167187918,,cpd00030_m,import
medium,ERR1620325_sub,1e-06,EX_cpd00204_m,0.000131093159569089,,cpd00204_m,export
medium,ERR1620325_sub,1e-06,EX_cpd00063_m,-0.0007505552167187918,,cpd00063_m,import
medium,ERR1620325_sub,1e-06,EX_cpd00185_m,-0.1,,cpd00185_m,import
medium,ERR1620325_sub,1e-06,EX_cpd00129_m,-0.018,,cpd00129_m,import
medium,ERR1620325_sub,1e-06,EX_cpd00222_m,-0.0148986,,cpd00222_m,import
medium,ERR1620325_sub,1e-06,EX_cpd00007_m,-0.001,,cpd00007_m,import
medium,ERR1620325_sub,1e-06,EX_cpd00013_m,0.5332590050809707,,cpd00013_m,export
medium,ERR1620325_sub,1e-06,EX_cpd00051_m,-0.015,,cpd00051_m,import
medium,ERR1620325_sub,1e-06,EX_cpd00060_m,-0.018,,cpd00060_m,import
medium,ERR1620325_sub,1e-06,EX_cpd00118_m,-0.0001250154604648456,,cpd00118_m,import
medium,ERR1620325_sub,1e-06,EX_cpd00254_m,-0.000750555216718792,,cpd00254_m,import
medium,ERR1620325_sub,1e-06,EX_cpd21520_m,0.09396822430692284,,cpd21520_m,export
medium,ERR1620325_sub,1e-06,EX_cpd00644_m,-0.0007800939782772378,,cpd00644_m,import
medium,ERR1620325_sub,1e-06,EX_cpd00220_m,-0.0008282895723429628,,cpd00220_m,import
medium,ERR1620325_sub,1e-06,EX_cpd00184_m,-0.0013919955188240567,,cpd00184_m,import
medium,ERR1620325_sub,1e-06,EX_cpd00137_m,-0.1,,cpd00137_m,import
medium,ERR1620325_sub,1e-06,EX_cpd00156_m,-0.018,,cpd00156_m,import
medium,ERR1620325_sub,1e-06,EX_cpd00076_m,-0.0074493,,cpd00076_m,import
medium,ERR1620325_sub,1e-06,EX_cpd00009_m,-0.009316612619918195,,cpd00009_m,import
medium,ERR1620325_sub,1e-06,EX_cpd00138_m,-0.0148986,,cpd00138_m,import
medium,ERR1620325_sub,1e-06,EX_cpd01080_m,-0.0001522562716948541,,cpd01080_m,import
medium,ERR1620325_sub,1e-06,EX_cpd00382_m,-0.0047,,cpd00382_m,import
medium,ERR1620325_sub,1e-06,EX_cpd00092_m,0.06859294293742854,,cpd00092_m,export
medium,ERR1620325_sub,1e-06,EX_cpd00224_m,-0.010947944284536415,,cpd00224_m,import
medium,ERR1620325_sub,1e-06,EX_cpd00036_m,1.1479407982639247,,cpd00036_m,export
medium,ERR1620325_sub,1e-06,EX_cpd00119_m,-0.011453146409666303,,cpd00119_m,import
medium,ERR1620325_sub,1e-06,EX_cpd00322_m,-0.015,,cpd00322_m,import
medium,ERR1620325_sub,1e-06,EX_cpd00107_m,-0.015,,cpd00107_m,import
medium,ERR1620325_sub,1e-06,EX_cpd00264_m,-0.00018664899082811542,,cpd00264_m,import
medium,ERR1620325_sub,1e-06,EX_cpd00277_m,-0.1,,cpd00277_m,import
medium,ERR1620325_sub,1e-06,EX_cpd00182_m,-0.1,,cpd00182_m,import
medium,ERR1620325_sub,1e-06,EX_cpd00017_m,-0.02222116207939678,,cpd00017_m,import
medium,ERR1620325_sub,1e-06,EX_cpd00132_m,-0.0225,,cpd00132_m,import
medium,ERR1620325_sub,1e-06,EX_cpd00588_m,-0.007549065,,cpd00588_m,import
