taxon,sample_id,tolerance,reaction,flux,abundance,metabolite,direction
S1058C1330_Selenomonas_A_sp900769615,ERR1620290_sub,1e-06,EX_cpd00076_e0,-1.2684532412798631e-05,0.0019664113893562703,cpd00076_e0,import
S1058C1330_Selenomonas_A_sp900769615,ERR1620290_sub,1e-06,EX_cpd00099_e0,-6.46351214612217e-06,0.0019664113893562703,cpd00099_e0,import
S1058C1330_Selenomonas_A_sp900769615,ERR1620290_sub,1e-06,EX_cpd00156_e0,-0.00035593992029512753,0.0019664113893562703,cpd00156_e0,import
S1058C1330_Selenomonas_A_sp900769615,ERR1620290_sub,1e-06,EX_cpd00034_e0,-6.46351214612217e-06,0.0019664113893562703,cpd00034_e0,import
S1058C1330_Selenomonas_A_sp900769615,ERR1620290_sub,1e-06,EX_cpd00129_e0,-0.00018593876433327557,0.0019664113893562703,cpd00129_e0,import
S1058C1330_Selenomonas_A_sp900769615,ERR1620290_sub,1e-06,EX_cpd00130_e0,-0.012119994085164816,0.0019664113893562703,cpd00130_e0,import
S1058C1330_Selenomonas_A_sp900769615,ERR1620290_sub,1e-06,EX_cpd00305_e0,-3.4971504101609062e-06,0.0019664113893562703,cpd00305_e0,import
S1058C1330_Selenomonas_A_sp900769615,ERR1620290_sub,1e-06,EX_cpd11606_e0,-0.00633344905555417,0.0019664113893562703,cpd11606_e0,import
S1058C1330_Selenomonas_A_sp900769615,ERR1620290_sub,1e-06,EX_cpd00035_e0,-0.0005269612845236057,0.0019664113893562703,cpd00035_e0,import
S1058C1330_Selenomonas_A_sp900769615,ERR1620290_sub,1e-06,EX_cpd00205_e0,-6.46351214612217e-06,0.0019664113893562703,cpd00205_e0,import
S1058C1330_Selenomonas_A_sp900769615,ERR1620290_sub,1e-06,EX_cpd00132_e0,-0.00020276179539200042,0.0019664113893562703,cpd00132_e0,import
S1058C1330_Selenomonas_A_sp900769615,ERR1620290_sub,1e-06,EX_cpd00122_e0,-4.890902654601057e-05,0.0019664113893562703,cpd00122_e0,import
S1058C1330_Selenomonas_A_sp900769615,ERR1620290_sub,1e-06,EX_cpd00309_e0,0.00013710796145721904,0.0019664113893562703,cpd00309_e0,export
S1058C1330_Selenomonas_A_sp900769615,ERR1620290_sub,1e-06,EX_cpd00013_e0,0.00010303601124001938,0.0019664113893562703,cpd00013_e0,export
S1058C1330_Selenomonas_A_sp900769615,ERR1620290_sub,1e-06,EX_cpd00306_e0,-8.264775648406344e-05,0.0019664113893562703,cpd00306_e0,import
S1058C1330_Selenomonas_A_sp900769615,ERR1620290_sub,1e-06,EX_cpd00033_e0,-0.0003854272682842671,0.0019664113893562703,cpd00033_e0,import
S1058C1330_Selenomonas_A_sp900769615,ERR1620290_sub,1e-06,EX_cpd00039_e0,-0.0002886477960602281,0.0019664113893562703,cpd00039_e0,import
S1058C1330_Selenomonas_A_sp900769615,ERR1620290_sub,1e-06,EX_cpd00141_e0,6.9943008203218125e-06,0.0019664113893562703,cpd00141_e0,export
S1058C1330_Selenomonas_A_sp900769615,ERR1620290_sub,1e-06,EX_cpd00069_e0,-0.00011599037203647237,0.0019664113893562703,cpd00069_e0,import
S1058C1330_Selenomonas_A_sp900769615,ERR1620290_sub,1e-06,EX_cpd00117_e0,-4.6326427688441645e-05,0.0019664113893562703,cpd00117_e0,import
S1058C1330_Selenomonas_A_sp900769615,ERR1620290_sub,1e-06,EX_cpd10515_e0,-9.960662556283076e-06,0.0019664113893562703,cpd10515_e0,import
S1058C1330_Selenomonas_A_sp900769615,ERR1620290_sub,1e-06,EX_cpd01981_e0,3.4971504101609062e-06,0.0019664113893562703,cpd01981_e0,export
S1058C1330_Selenomonas_A_sp900769615,ERR1620290_sub,1e-06,EX_cpd00066_e0,-0.00015583439296503092,0.0019664113893562703,cpd00066_e0,import
S1058C1330_Selenomonas_A_sp900769615,ERR1620290_sub,1e-06,EX_cpd00054_e0,-0.0002450303980621605,0.0019664113893562703,cpd00054_e0,import
S1058C1330_Selenomonas_A_sp900769615,ERR1620290_sub,1e-06,EX_cpd00084_e0,-7.353462338505327e-05,0.0019664113893562703,cpd00084_e0,import
S1058C1330_Selenomonas_A_sp900769615,ERR1620290_sub,1e-06,EX_cpd00036_e0,0.012071085058618808,0.0019664113893562703,cpd00036_e0,export
S1058C1330_Selenomonas_A_sp900769615,ERR1620290_sub,1e-06,EX_cpd00020_e0,-0.022124396915637966,0.0019664113893562703,cpd00020_e0,import
S1058C1330_Selenomonas_A_sp900769615,ERR1620290_sub,1e-06,EX_cpd00063_e0,-6.46351214612217e-06,0.0019664113893562703,cpd00063_e0,import
S1058C1330_Selenomonas_A_sp900769615,ERR1620290_sub,1e-06,EX_cpd00322_e0,-0.0003181319446533259,0.0019664113893562703,cpd00322_e0,import
S1058C1330_Selenomonas_A_sp900769615,ERR1620290_sub,1e-06,EX_cpd00029_e0,0.020056465555954393,0.0019664113893562703,cpd00029_e0,export
S1058C1330_Selenomonas_A_sp900769615,ERR1620290_sub,1e-06,EX_cpd00048_e0,-6.46351214612217e-06,0.0019664113893562703,cpd00048_e0,import
S1058C1330_Selenomonas_A_sp900769615,ERR1620290_sub,1e-06,EX_cpd00118_e0,-6.9943008203218125e-06,0.0019664113893562703,cpd00118_e0,import
S1058C1330_Selenomonas_A_sp900769615,ERR1620290_sub,1e-06,EX_cpd00161_e0,-0.0002352587820550528,0.0019664113893562703,cpd00161_e0,import
S1058C1330_Selenomonas_A_sp900769615,ERR1620290_sub,1e-06,EX_cpd00149_e0,-6.46351214612217e-06,0.0019664113893562703,cpd00149_e0,import
S1058C1330_Selenomonas_A_sp900769615,ERR1620290_sub,1e-06,EX_cpd00028_e0,-3.4971504101609062e-06,0.0019664113893562703,cpd00028_e0,import
S1058C1330_Selenomonas_A_sp900769615,ERR1620290_sub,1e-06,EX_cpd00030_e0,-6.46351214612217e-06,0.0019664113893562703,cpd00030_e0,import
S1058C1330_Selenomonas_A_sp900769615,ERR1620290_sub,1e-06,EX_cpd00367_e0,-0.00027726968794652664,0.0019664113893562703,cpd00367_e0,import
S1058C1330_Selenomonas_A_sp900769615,ERR1620290_sub,1e-06,EX_cpd00058_e0,-6.46351214612217e-06,0.0019664113893562703,cpd00058_e0,import
S1058C1330_Selenomonas_A_sp900769615,ERR1620290_sub,1e-06,EX_cpd00060_e0,0.00024201924722105548,0.0019664113893562703,cpd00060_e0,export
S1058C1330_Selenomonas_A_sp900769615,ERR1620290_sub,1e-06,EX_cpd00051_e0,-0.00024880377513166867,0.0019664113893562703,cpd00051_e0,import
S1058C1330_Selenomonas_A_sp900769615,ERR1620290_sub,1e-06,EX_cpd00017_e0,-0.00038527956120769044,0.0019664113893562703,cpd00017_e0,import
S1058C1330_Selenomonas_A_sp900769615,ERR1620290_sub,1e-06,EX_cpd00010_e0,-6.994300820322612e-06,0.0019664113893562703,cpd00010_e0,import
S1058C1330_Selenomonas_A_sp900769615,ERR1620290_sub,1e-06,EX_cpd00041_e0,-0.00021498905202850307,0.0019664113893562703,cpd00041_e0,import
S1058C1330_Selenomonas_A_sp900769615,ERR1620290_sub,1e-06,EX_cpd00448_e0,2.7658231109311313e-05,0.0019664113893562703,cpd00448_e0,export
S1058C1330_Selenomonas_A_sp900769615,ERR1620290_sub,1e-06,EX_cpd00382_e0,-4.890902654601057e-05,0.0019664113893562703,cpd00382_e0,import
S1058C1330_Selenomonas_A_sp900769615,ERR1620290_sub,1e-06,EX_cpd01217_e0,-0.00013710796145721904,0.0019664113893562703,cpd01217_e0,import
S1058C1330_Selenomonas_A_sp900769615,ERR1620290_sub,1e-06,EX_cpd00003_e0,-6.994300820322775e-06,0.0019664113893562703,cpd00003_e0,import
S1058C1330_Selenomonas_A_sp900769615,ERR1620290_sub,1e-06,EX_cpd00009_e0,-0.0008565063759667299,0.0019664113893562703,cpd00009_e0,import
S1058C1330_Selenomonas_A_sp900769615,ERR1620290_sub,1e-06,EX_cpd00254_e0,-6.46351214612217e-06,0.0019664113893562703,cpd00254_e0,import
S1058C1330_Selenomonas_A_sp900769615,ERR1620290_sub,1e-06,EX_cpd11451_e0,0.00633344905555417,0.0019664113893562703,cpd11451_e0,export
S1058C1330_Selenomonas_A_sp900769615,ERR1620290_sub,1e-06,EX_cpd00067_e0,-0.003531543878980578,0.0019664113893562703,cpd00067_e0,import
S1058C1330_Selenomonas_A_sp900769615,ERR1620290_sub,1e-06,EX_cpd10516_e0,-6.46351214612217e-06,0.0019664113893562703,cpd10516_e0,import
S1058C1330_Selenomonas_A_sp900769615,ERR1620290_sub,1e-06,EX_cpd00393_e0,-1.0491451230482719e-05,0.0019664113893562703,cpd00393_e0,import
S1058C1330_Selenomonas_A_sp900769615,ERR1620290_sub,1e-06,EX_cpd00023_e0,-0.0004864129539786063,0.0019664113893562703,cpd00023_e0,import
S1058C1330_Selenomonas_A_sp900769615,ERR1620290_sub,1e-06,EX_cpd00011_e0,0.022472241507164047,0.0019664113893562703,cpd00011_e0,export
S1058C1330_Selenomonas_A_sp900769615,ERR1620290_sub,1e-06,EX_cpd00065_e0,-4.781282511427078e-05,0.0019664113893562703,cpd00065_e0,import
S1058C1330_Selenomonas_A_sp900769615,ERR1620290_sub,1e-06,EX_cpd00119_e0,-7.968804185711824e-05,0.0019664113893562703,cpd00119_e0,import
S1058C1330_Selenomonas_A_sp900769615,ERR1620290_sub,1e-06,EX_cpd00107_e0,-0.00045271619312312473,0.0019664113893562703,cpd00107_e0,import
S127C7720_Cetobacterium_A_somerae,ERR1620290_sub,1e-06,EX_cpd00371_e0,0.030078511650417444,0.09291887431742285,cpd00371_e0,export
S127C7720_Cetobacterium_A_somerae,ERR1620290_sub,1e-06,EX_cpd00099_e0,-0.00030573641371972653,0.09291887431742285,cpd00099_e0,import
S127C7720_Cetobacterium_A_somerae,ERR1620290_sub,1e-06,EX_cpd00034_e0,-0.00030573641371972653,0.09291887431742285,cpd00034_e0,import
S127C7720_Cetobacterium_A_somerae,ERR1620290_sub,1e-06,EX_cpd00794_e0,-0.0014459312171007034,0.09291887431742285,cpd00794_e0,import
S127C7720_Cetobacterium_A_somerae,ERR1620290_sub,1e-06,EX_cpd00324_e0,-0.00033084372720875756,0.09291887431742285,cpd00324_e0,import
S127C7720_Cetobacterium_A_somerae,ERR1620290_sub,1e-06,EX_cpd03847_e0,-0.0005783724868402814,0.09291887431742285,cpd03847_e0,import
S127C7720_Cetobacterium_A_somerae,ERR1620290_sub,1e-06,EX_cpd01080_e0,-0.0034887651163526337,0.09291887431742285,cpd01080_e0,import
S127C7720_Cetobacterium_A_somerae,ERR1620290_sub,1e-06,EX_cpd00129_e0,-0.008795257082148377,0.09291887431742285,cpd00129_e0,import
S127C7720_Cetobacterium_A_somerae,ERR1620290_sub,1e-06,EX_cpd00053_e0,-0.023504523140922277,0.09291887431742285,cpd00053_e0,import
S127C7720_Cetobacterium_A_somerae,ERR1620290_sub,1e-06,EX_cpd00305_e0,-0.00016542186360437862,0.09291887431742285,cpd00305_e0,import
S127C7720_Cetobacterium_A_somerae,ERR1620290_sub,1e-06,EX_cpd00205_e0,-0.00030573641371972653,0.09291887431742285,cpd00205_e0,import
S127C7720_Cetobacterium_A_somerae,ERR1620290_sub,1e-06,EX_cpd00132_e0,-0.009591018437199894,0.09291887431742285,cpd00132_e0,import
S127C7720_Cetobacterium_A_somerae,ERR1620290_sub,1e-06,EX_cpd00122_e0,-0.0023134899473611255,0.09291887431742285,cpd00122_e0,import
S127C7720_Cetobacterium_A_somerae,ERR1620290_sub,1e-06,EX_cpd00309_e0,0.2618412169911007,0.09291887431742285,cpd00309_e0,export
S127C7720_Cetobacterium_A_somerae,ERR1620290_sub,1e-06,EX_cpd00013_e0,0.18955386265871565,0.09291887431742285,cpd00013_e0,export
S127C7720_Cetobacterium_A_somerae,ERR1620290_sub,1e-06,EX_cpd00064_e0,-0.00016542186360437862,0.09291887431742285,cpd00064_e0,import
S127C7720_Cetobacterium_A_somerae,ERR1620290_sub,1e-06,EX_cpd00306_e0,1.7490471214687595e-06,0.09291887431742285,cpd00306_e0,export
S127C7720_Cetobacterium_A_somerae,ERR1620290_sub,1e-06,EX_cpd00239_e0,0.00033084372720875756,0.09291887431742285,cpd00239_e0,export
S127C7720_Cetobacterium_A_somerae,ERR1620290_sub,1e-06,EX_cpd00311_e0,-0.010088648123351248,0.09291887431742285,cpd00311_e0,import
S127C7720_Cetobacterium_A_somerae,ERR1620290_sub,1e-06,EX_cpd00033_e0,-0.022679156178738613,0.09291887431742285,cpd00033_e0,import
S127C7720_Cetobacterium_A_somerae,ERR1620290_sub,1e-06,EX_cpd00069_e0,-0.005486565132197343,0.09291887431742285,cpd00069_e0,import
S127C7720_Cetobacterium_A_somerae,ERR1620290_sub,1e-06,EX_cpd10515_e0,-0.00047115827732410514,0.09291887431742285,cpd10515_e0,import
S127C7720_Cetobacterium_A_somerae,ERR1620290_sub,1e-06,EX_cpd00066_e0,-0.0073712630783719715,0.09291887431742285,cpd00066_e0,import
S127C7720_Cetobacterium_A_somerae,ERR1620290_sub,1e-06,EX_cpd00054_e0,-0.011755825573263622,0.09291887431742285,cpd00054_e0,import
S127C7720_Cetobacterium_A_somerae,ERR1620290_sub,1e-06,EX_cpd00264_e0,-0.00016542186360437862,0.09291887431742285,cpd00264_e0,import
S127C7720_Cetobacterium_A_somerae,ERR1620290_sub,1e-06,EX_cpd00084_e0,-0.0038091712262087077,0.09291887431742285,cpd00084_e0,import
S127C7720_Cetobacterium_A_somerae,ERR1620290_sub,1e-06,EX_cpd00063_e0,-0.00030573641371972653,0.09291887431742285,cpd00063_e0,import
S127C7720_Cetobacterium_A_somerae,ERR1620290_sub,1e-06,EX_cpd00322_e0,-0.011559480736537878,0.09291887431742285,cpd00322_e0,import
S127C7720_Cetobacterium_A_somerae,ERR1620290_sub,1e-06,EX_cpd00048_e0,-0.00030573641371972653,0.09291887431742285,cpd00048_e0,import
S127C7720_Cetobacterium_A_somerae,ERR1620290_sub,1e-06,EX_cpd00161_e0,-0.010093604556179815,0.09291887431742285,cpd00161_e0,import
S127C7720_Cetobacterium_A_somerae,ERR1620290_sub,1e-06,EX_cpd00149_e0,-0.00030573641371972653,0.09291887431742285,cpd00149_e0,import
S127C7720_Cetobacterium_A_somerae,ERR1620290_sub,1e-06,EX_cpd00028_e0,-0.00016542186360437862,0.09291887431742285,cpd00028_e0,import
S127C7720_Cetobacterium_A_somerae,ERR1620290_sub,1e-06,EX_cpd00030_e0,-0.00030573641371972653,0.09291887431742285,cpd00030_e0,import
S127C7720_Cetobacterium_A_somerae,ERR1620290_sub,1e-06,EX_cpd00367_e0,-0.25712073712692185,0.09291887431742285,cpd00367_e0,import
S127C7720_Cetobacterium_A_somerae,ERR1620290_sub,1e-06,EX_cpd00220_e0,-0.0003308437272087572,0.09291887431742285,cpd00220_e0,import
S127C7720_Cetobacterium_A_somerae,ERR1620290_sub,1e-06,EX_cpd00058_e0,-0.00030573641371972653,0.09291887431742285,cpd00058_e0,import
S127C7720_Cetobacterium_A_somerae,ERR1620290_sub,1e-06,EX_cpd00051_e0,-0.011768891619446161,0.09291887431742285,cpd00051_e0,import
S127C7720_Cetobacterium_A_somerae,ERR1620290_sub,1e-06,EX_cpd00017_e0,-0.006280219644526569,0.09291887431742285,cpd00017_e0,import
S127C7720_Cetobacterium_A_somerae,ERR1620290_sub,1e-06,EX_cpd00001_e0,-0.18496264203976964,0.09291887431742285,cpd00001_e0,import
S127C7720_Cetobacterium_A_somerae,ERR1620290_sub,1e-06,EX_cpd00100_e0,-0.03225898984813784,0.09291887431742285,cpd00100_e0,import
S127C7720_Cetobacterium_A_somerae,ERR1620290_sub,1e-06,EX_cpd00010_e0,-0.00033084372720883215,0.09291887431742285,cpd00010_e0,import
S127C7720_Cetobacterium_A_somerae,ERR1620290_sub,1e-06,EX_cpd01217_e0,-0.2618412169911007,0.09291887431742285,cpd01217_e0,import
S127C7720_Cetobacterium_A_somerae,ERR1620290_sub,1e-06,EX_cpd00009_e0,-0.04117606753077658,0.09291887431742285,cpd00009_e0,import
S127C7720_Cetobacterium_A_somerae,ERR1620290_sub,1e-06,EX_cpd00254_e0,-0.00030573641371972653,0.09291887431742285,cpd00254_e0,import
S127C7720_Cetobacterium_A_somerae,ERR1620290_sub,1e-06,EX_cpd00182_e0,-0.0023518536079875944,0.09291887431742285,cpd00182_e0,import
S127C7720_Cetobacterium_A_somerae,ERR1620290_sub,1e-06,EX_cpd00067_e0,0.6566763176153121,0.09291887431742285,cpd00067_e0,export
S127C7720_Cetobacterium_A_somerae,ERR1620290_sub,1e-06,EX_cpd00154_e0,-1.7490471214687595e-06,0.09291887431742285,cpd00154_e0,import
S127C7720_Cetobacterium_A_somerae,ERR1620290_sub,1e-06,EX_cpd10516_e0,-0.00030573641371972653,0.09291887431742285,cpd10516_e0,import
S127C7720_Cetobacterium_A_somerae,ERR1620290_sub,1e-06,EX_cpd00092_e0,0.24400535370850934,0.09291887431742285,cpd00092_e0,export
S127C7720_Cetobacterium_A_somerae,ERR1620290_sub,1e-06,EX_cpd00011_e0,0.15492564983151283,0.09291887431742285,cpd00011_e0,export
S127C7720_Cetobacterium_A_somerae,ERR1620290_sub,1e-06,EX_cpd00065_e0,-0.002261637535409579,0.09291887431742285,cpd00065_e0,import
S127C7720_Cetobacterium_A_somerae,ERR1620290_sub,1e-06,EX_cpd00211_e0,0.3251183058328056,0.09291887431742285,cpd00211_e0,export
S127C7720_Cetobacterium_A_somerae,ERR1620290_sub,1e-06,EX_cpd00119_e0,-0.0037693958923493112,0.09291887431742285,cpd00119_e0,import
S127C7720_Cetobacterium_A_somerae,ERR1620290_sub,1e-06,EX_cpd00107_e0,-0.02141433669330264,0.09291887431742285,cpd00107_e0,import
S127C7720_Cetobacterium_A_somerae,ERR1620290_sub,1e-06,EX_cpd00047_e0,0.5776609088320038,0.09291887431742285,cpd00047_e0,export
S130C78_Erysipelatoclostridium_ramosum,ERR1620290_sub,1e-06,EX_cpd00204_e0,1.742489329229344e-05,0.0074699008681539175,cpd00204_e0,export
S130C78_Erysipelatoclostridium_ramosum,ERR1620290_sub,1e-06,EX_cpd00099_e0,-2.4606128694085073e-05,0.0074699008681539175,cpd00099_e0,import
S130C78_Erysipelatoclostridium_ramosum,ERR1620290_sub,1e-06,EX_cpd00034_e0,-2.4606128694085073e-05,0.0074699008681539175,cpd00034_e0,import
S130C78_Erysipelatoclostridium_ramosum,ERR1620290_sub,1e-06,EX_cpd00105_e0,-0.00017987674337206305,0.0074699008681539175,cpd00105_e0,import
S130C78_Erysipelatoclostridium_ramosum,ERR1620290_sub,1e-06,EX_cpd00129_e0,-0.0006303553142694327,0.0074699008681539175,cpd00129_e0,import
S130C78_Erysipelatoclostridium_ramosum,ERR1620290_sub,1e-06,EX_cpd00644_e0,-3.4849786584587386e-05,0.0074699008681539175,cpd00644_e0,import
S130C78_Erysipelatoclostridium_ramosum,ERR1620290_sub,1e-06,EX_cpd00053_e0,-0.002206649322794541,0.0074699008681539175,cpd00053_e0,import
S130C78_Erysipelatoclostridium_ramosum,ERR1620290_sub,1e-06,EX_cpd00205_e0,-2.4606128694085073e-05,0.0074699008681539175,cpd00205_e0,import
S130C78_Erysipelatoclostridium_ramosum,ERR1620290_sub,1e-06,EX_cpd00132_e0,-0.0005806326304466534,0.0074699008681539175,cpd00132_e0,import
S130C78_Erysipelatoclostridium_ramosum,ERR1620290_sub,1e-06,EX_cpd00122_e0,-0.0007021711182111822,0.0074699008681539175,cpd00122_e0,import
S130C78_Erysipelatoclostridium_ramosum,ERR1620290_sub,1e-06,EX_cpd00013_e0,-0.0036954955241845005,0.0074699008681539175,cpd00013_e0,import
S130C78_Erysipelatoclostridium_ramosum,ERR1620290_sub,1e-06,EX_cpd00064_e0,-1.742489329229344e-05,0.0074699008681539175,cpd00064_e0,import
S130C78_Erysipelatoclostridium_ramosum,ERR1620290_sub,1e-06,EX_cpd00239_e0,-0.0002926496716003481,0.0074699008681539175,cpd00239_e0,import
S130C78_Erysipelatoclostridium_ramosum,ERR1620290_sub,1e-06,EX_cpd00311_e0,-0.0003138031151135686,0.0074699008681539175,cpd00311_e0,import
S130C78_Erysipelatoclostridium_ramosum,ERR1620290_sub,1e-06,EX_cpd00033_e0,-0.0015019172752192215,0.0074699008681539175,cpd00033_e0,import
S130C78_Erysipelatoclostridium_ramosum,ERR1620290_sub,1e-06,EX_cpd00039_e0,-0.0012671264587095486,0.0074699008681539175,cpd00039_e0,import
S130C78_Erysipelatoclostridium_ramosum,ERR1620290_sub,1e-06,EX_cpd00069_e0,-0.0004520973873559472,0.0074699008681539175,cpd00069_e0,import
S130C78_Erysipelatoclostridium_ramosum,ERR1620290_sub,1e-06,EX_cpd10515_e0,-4.2031021986378516e-05,0.0074699008681539175,cpd10515_e0,import
S130C78_Erysipelatoclostridium_ramosum,ERR1620290_sub,1e-06,EX_cpd00066_e0,-0.0006897017433482367,0.0074699008681539175,cpd00066_e0,import
S130C78_Erysipelatoclostridium_ramosum,ERR1620290_sub,1e-06,EX_cpd23431_e0,-0.11885028568760816,0.0074699008681539175,cpd23431_e0,import
S130C78_Erysipelatoclostridium_ramosum,ERR1620290_sub,1e-06,EX_cpd00054_e0,-0.0013643662428841905,0.0074699008681539175,cpd00054_e0,import
S130C78_Erysipelatoclostridium_ramosum,ERR1620290_sub,1e-06,EX_cpd00264_e0,-1.742489329229344e-05,0.0074699008681539175,cpd00264_e0,import
S130C78_Erysipelatoclostridium_ramosum,ERR1620290_sub,1e-06,EX_cpd00063_e0,-2.4606128694085073e-05,0.0074699008681539175,cpd00063_e0,import
S130C78_Erysipelatoclostridium_ramosum,ERR1620290_sub,1e-06,EX_cpd00029_e0,0.05880613440956872,0.0074699008681539175,cpd00029_e0,export
S130C78_Erysipelatoclostridium_ramosum,ERR1620290_sub,1e-06,EX_cpd00048_e0,-2.460612869408657e-05,0.0074699008681539175,cpd00048_e0,import
S130C78_Erysipelatoclostridium_ramosum,ERR1620290_sub,1e-06,EX_cpd00161_e0,-0.0020755821006173954,0.0074699008681539175,cpd00161_e0,import
S130C78_Erysipelatoclostridium_ramosum,ERR1620290_sub,1e-06,EX_cpd00149_e0,-2.4606128694085073e-05,0.0074699008681539175,cpd00149_e0,import
S130C78_Erysipelatoclostridium_ramosum,ERR1620290_sub,1e-06,EX_cpd00028_e0,-1.742489329229344e-05,0.0074699008681539175,cpd00028_e0,import
S130C78_Erysipelatoclostridium_ramosum,ERR1620290_sub,1e-06,EX_cpd00030_e0,-2.4606128694085073e-05,0.0074699008681539175,cpd00030_e0,import
S130C78_Erysipelatoclostridium_ramosum,ERR1620290_sub,1e-06,EX_cpd00220_e0,-3.484978658458688e-05,0.0074699008681539175,cpd00220_e0,import
S130C78_Erysipelatoclostridium_ramosum,ERR1620290_sub,1e-06,EX_cpd00058_e0,-2.4606128694085073e-05,0.0074699008681539175,cpd00058_e0,import
S130C78_Erysipelatoclostridium_ramosum,ERR1620290_sub,1e-06,EX_cpd00060_e0,-0.00016536059253981878,0.0074699008681539175,cpd00060_e0,import
S130C78_Erysipelatoclostridium_ramosum,ERR1620290_sub,1e-06,EX_cpd00006_e0,-1.7424893292292826e-05,0.0074699008681539175,cpd00006_e0,import
S130C78_Erysipelatoclostridium_ramosum,ERR1620290_sub,1e-06,EX_cpd00051_e0,-0.0007570679601403896,0.0074699008681539175,cpd00051_e0,import
S130C78_Erysipelatoclostridium_ramosum,ERR1620290_sub,1e-06,EX_cpd00082_e0,-0.03995175410531811,0.0074699008681539175,cpd00082_e0,import
S130C78_Erysipelatoclostridium_ramosum,ERR1620290_sub,1e-06,EX_cpd00027_e0,-0.0010915569201282928,0.0074699008681539175,cpd00027_e0,import
S130C78_Erysipelatoclostridium_ramosum,ERR1620290_sub,1e-06,EX_cpd23430_e0,0.11885028568760816,0.0074699008681539175,cpd23430_e0,export
S130C78_Erysipelatoclostridium_ramosum,ERR1620290_sub,1e-06,EX_cpd00017_e0,-0.0002963605400721533,0.0074699008681539175,cpd00017_e0,import
S130C78_Erysipelatoclostridium_ramosum,ERR1620290_sub,1e-06,EX_cpd00001_e0,-0.016624557798451733,0.0074699008681539175,cpd00001_e0,import
S130C78_Erysipelatoclostridium_ramosum,ERR1620290_sub,1e-06,EX_cpd00003_e0,-1.742489329230497e-05,0.0074699008681539175,cpd00003_e0,import
S130C78_Erysipelatoclostridium_ramosum,ERR1620290_sub,1e-06,EX_cpd00009_e0,-0.004438614687353126,0.0074699008681539175,cpd00009_e0,import
S130C78_Erysipelatoclostridium_ramosum,ERR1620290_sub,1e-06,EX_cpd00254_e0,-2.4606128694085073e-05,0.0074699008681539175,cpd00254_e0,import
S130C78_Erysipelatoclostridium_ramosum,ERR1620290_sub,1e-06,EX_cpd00067_e0,0.05875863831574883,0.0074699008681539175,cpd00067_e0,export
S130C78_Erysipelatoclostridium_ramosum,ERR1620290_sub,1e-06,EX_cpd00363_e0,3.484978658458688e-05,0.0074699008681539175,cpd00363_e0,export
S130C78_Erysipelatoclostridium_ramosum,ERR1620290_sub,1e-06,EX_cpd10516_e0,-2.4606128694085073e-05,0.0074699008681539175,cpd10516_e0,import
S130C78_Erysipelatoclostridium_ramosum,ERR1620290_sub,1e-06,EX_cpd00393_e0,-5.227467987688031e-05,0.0074699008681539175,cpd00393_e0,import
S130C78_Erysipelatoclostridium_ramosum,ERR1620290_sub,1e-06,EX_cpd00092_e0,-0.00042396260356733603,0.0074699008681539175,cpd00092_e0,import
S130C78_Erysipelatoclostridium_ramosum,ERR1620290_sub,1e-06,EX_cpd00011_e0,0.07253574193380212,0.0074699008681539175,cpd00011_e0,export
S130C78_Erysipelatoclostridium_ramosum,ERR1620290_sub,1e-06,EX_cpd00065_e0,-0.00021332635317515179,0.0074699008681539175,cpd00065_e0,import
S130C78_Erysipelatoclostridium_ramosum,ERR1620290_sub,1e-06,EX_cpd00119_e0,-0.0003207915085340629,0.0074699008681539175,cpd00119_e0,import
S143C104_Enterocloster_aldenensis,ERR1620290_sub,1e-06,EX_cpd00204_e0,0.00674369603338293,0.001623212800493889,cpd00204_e0,export
S143C104_Enterocloster_aldenensis,ERR1620290_sub,1e-06,EX_cpd00099_e0,-5.333937929908844e-06,0.001623212800493889,cpd00099_e0,import
S143C104_Enterocloster_aldenensis,ERR1620290_sub,1e-06,EX_cpd00156_e0,-0.00026111839741083445,0.001623212800493889,cpd00156_e0,import
S143C104_Enterocloster_aldenensis,ERR1620290_sub,1e-06,EX_cpd00034_e0,-5.333937929908844e-06,0.001623212800493889,cpd00034_e0,import
S143C104_Enterocloster_aldenensis,ERR1620290_sub,1e-06,EX_cpd00129_e0,-0.0001366438484453499,0.001623212800493889,cpd00129_e0,import
S143C104_Enterocloster_aldenensis,ERR1620290_sub,1e-06,EX_cpd00644_e0,-7.554483715166801e-06,0.001623212800493889,cpd00644_e0,import
S143C104_Enterocloster_aldenensis,ERR1620290_sub,1e-06,EX_cpd00053_e0,-0.00022525849239114057,0.001623212800493889,cpd00053_e0,import
S143C104_Enterocloster_aldenensis,ERR1620290_sub,1e-06,EX_cpd00305_e0,-3.7772418575832403e-06,0.001623212800493889,cpd00305_e0,import
S143C104_Enterocloster_aldenensis,ERR1620290_sub,1e-06,EX_cpd11606_e0,-0.012265156712384827,0.001623212800493889,cpd11606_e0,import
S143C104_Enterocloster_aldenensis,ERR1620290_sub,1e-06,EX_cpd00205_e0,-5.333937929908844e-06,0.001623212800493889,cpd00205_e0,import
S143C104_Enterocloster_aldenensis,ERR1620290_sub,1e-06,EX_cpd00132_e0,-0.00012586532604889745,0.001623212800493889,cpd00132_e0,import
S143C104_Enterocloster_aldenensis,ERR1620290_sub,1e-06,EX_cpd00122_e0,-0.00015221155701804695,0.001623212800493889,cpd00122_e0,import
S143C104_Enterocloster_aldenensis,ERR1620290_sub,1e-06,EX_cpd00012_e0,-0.00048297395400714177,0.001623212800493889,cpd00012_e0,import
S143C104_Enterocloster_aldenensis,ERR1620290_sub,1e-06,EX_cpd00064_e0,9.243327856273976e-06,0.001623212800493889,cpd00064_e0,export
S143C104_Enterocloster_aldenensis,ERR1620290_sub,1e-06,EX_cpd00311_e0,-6.802396098294697e-05,0.001623212800493889,cpd00311_e0,import
S143C104_Enterocloster_aldenensis,ERR1620290_sub,1e-06,EX_cpd00033_e0,-0.0003557926573810312,0.001623212800493889,cpd00033_e0,import
S143C104_Enterocloster_aldenensis,ERR1620290_sub,1e-06,EX_cpd00039_e0,-0.00027467847397411347,0.001623212800493889,cpd00039_e0,import
S143C104_Enterocloster_aldenensis,ERR1620290_sub,1e-06,EX_cpd00069_e0,-9.42251474012462e-05,0.001623212800493889,cpd00069_e0,import
S143C104_Enterocloster_aldenensis,ERR1620290_sub,1e-06,EX_cpd00117_e0,-0.00016466522986497805,0.001623212800493889,cpd00117_e0,import
S143C104_Enterocloster_aldenensis,ERR1620290_sub,1e-06,EX_cpd10515_e0,-9.111179787492085e-06,0.001623212800493889,cpd10515_e0,import
S143C104_Enterocloster_aldenensis,ERR1620290_sub,1e-06,EX_cpd00066_e0,-0.00014950853646692282,0.001623212800493889,cpd00066_e0,import
S143C104_Enterocloster_aldenensis,ERR1620290_sub,1e-06,EX_cpd00054_e0,-0.00022854169545891107,0.001623212800493889,cpd00054_e0,import
S143C104_Enterocloster_aldenensis,ERR1620290_sub,1e-06,EX_cpd00264_e0,-3.7772418575832403e-06,0.001623212800493889,cpd00264_e0,import
S143C104_Enterocloster_aldenensis,ERR1620290_sub,1e-06,EX_cpd00084_e0,-5.96612292213599e-05,0.001623212800493889,cpd00084_e0,import
S143C104_Enterocloster_aldenensis,ERR1620290_sub,1e-06,EX_cpd00063_e0,-5.333937929908844e-06,0.001623212800493889,cpd00063_e0,import
S143C104_Enterocloster_aldenensis,ERR1620290_sub,1e-06,EX_cpd00322_e0,-0.00029138103087024663,0.001623212800493889,cpd00322_e0,import
S143C104_Enterocloster_aldenensis,ERR1620290_sub,1e-06,EX_cpd00029_e0,0.009712457510741412,0.001623212800493889,cpd00029_e0,export
S143C104_Enterocloster_aldenensis,ERR1620290_sub,1e-06,EX_cpd00048_e0,-5.333937929908844e-06,0.001623212800493889,cpd00048_e0,import
S143C104_Enterocloster_aldenensis,ERR1620290_sub,1e-06,EX_cpd00118_e0,-3.7772418575832403e-06,0.001623212800493889,cpd00118_e0,import
S143C104_Enterocloster_aldenensis,ERR1620290_sub,1e-06,EX_cpd00161_e0,-0.00015854858750910858,0.001623212800493889,cpd00161_e0,import
S143C104_Enterocloster_aldenensis,ERR1620290_sub,1e-06,EX_cpd00149_e0,-5.333937929908844e-06,0.001623212800493889,cpd00149_e0,import
S143C104_Enterocloster_aldenensis,ERR1620290_sub,1e-06,EX_cpd00028_e0,-3.7772418575832403e-06,0.001623212800493889,cpd00028_e0,import
S143C104_Enterocloster_aldenensis,ERR1620290_sub,1e-06,EX_cpd00030_e0,-5.333937929908844e-06,0.001623212800493889,cpd00030_e0,import
S143C104_Enterocloster_aldenensis,ERR1620290_sub,1e-06,EX_cpd00367_e0,-0.003979931407891162,0.001623212800493889,cpd00367_e0,import
S143C104_Enterocloster_aldenensis,ERR1620290_sub,1e-06,EX_cpd00220_e0,-7.554483715166481e-06,0.001623212800493889,cpd00220_e0,import
S143C104_Enterocloster_aldenensis,ERR1620290_sub,1e-06,EX_cpd00058_e0,-5.333937929908844e-06,0.001623212800493889,cpd00058_e0,import
S143C104_Enterocloster_aldenensis,ERR1620290_sub,1e-06,EX_cpd00060_e0,-8.875682931120021e-05,0.001623212800493889,cpd00060_e0,import
S143C104_Enterocloster_aldenensis,ERR1620290_sub,1e-06,EX_cpd00051_e0,-0.0001733550236990357,0.001623212800493889,cpd00051_e0,import
S143C104_Enterocloster_aldenensis,ERR1620290_sub,1e-06,EX_cpd00082_e0,-0.002763338777708497,0.001623212800493889,cpd00082_e0,import
S143C104_Enterocloster_aldenensis,ERR1620290_sub,1e-06,EX_cpd00027_e0,-0.00023661978409169113,0.001623212800493889,cpd00027_e0,import
S143C104_Enterocloster_aldenensis,ERR1620290_sub,1e-06,EX_cpd00017_e0,-1.133172557274972e-05,0.001623212800493889,cpd00017_e0,import
S143C104_Enterocloster_aldenensis,ERR1620290_sub,1e-06,EX_cpd00041_e0,-0.00012724906747633424,0.001623212800493889,cpd00041_e0,import
S143C104_Enterocloster_aldenensis,ERR1620290_sub,1e-06,EX_cpd00307_e0,0.003888027872794463,0.001623212800493889,cpd00307_e0,export
S143C104_Enterocloster_aldenensis,ERR1620290_sub,1e-06,EX_cpd00003_e0,-7.5544837151661774e-06,0.001623212800493889,cpd00003_e0,import
S143C104_Enterocloster_aldenensis,ERR1620290_sub,1e-06,EX_cpd00254_e0,-5.333937929908844e-06,0.001623212800493889,cpd00254_e0,import
S143C104_Enterocloster_aldenensis,ERR1620290_sub,1e-06,EX_cpd11451_e0,0.012265156712384827,0.001623212800493889,cpd11451_e0,export
S143C104_Enterocloster_aldenensis,ERR1620290_sub,1e-06,EX_cpd00182_e0,-5.2911160631449076e-05,0.001623212800493889,cpd00182_e0,import
S143C104_Enterocloster_aldenensis,ERR1620290_sub,1e-06,EX_cpd00067_e0,0.0022818839254578243,0.001623212800493889,cpd00067_e0,export
S143C104_Enterocloster_aldenensis,ERR1620290_sub,1e-06,EX_cpd10516_e0,-5.333937929908844e-06,0.001623212800493889,cpd10516_e0,import
S143C104_Enterocloster_aldenensis,ERR1620290_sub,1e-06,EX_cpd00393_e0,-1.133172557274972e-05,0.001623212800493889,cpd00393_e0,import
S143C104_Enterocloster_aldenensis,ERR1620290_sub,1e-06,EX_cpd00023_e0,-0.00025308292682166,0.001623212800493889,cpd00023_e0,import
S143C104_Enterocloster_aldenensis,ERR1620290_sub,1e-06,EX_cpd00011_e0,0.004504043323073358,0.001623212800493889,cpd00011_e0,export
S143C104_Enterocloster_aldenensis,ERR1620290_sub,1e-06,EX_cpd00065_e0,-4.624333802348998e-05,0.001623212800493889,cpd00065_e0,import
S143C104_Enterocloster_aldenensis,ERR1620290_sub,1e-06,EX_cpd00119_e0,-6.953885417066163e-05,0.001623212800493889,cpd00119_e0,import
S143C104_Enterocloster_aldenensis,ERR1620290_sub,1e-06,EX_cpd00107_e0,-0.00035674755379066884,0.001623212800493889,cpd00107_e0,import
S166C416_Fusobacterium_A_mortiferum,ERR1620290_sub,1e-06,EX_cpd00076_e0,-0.018547119902930714,0.40160984542432304,cpd00076_e0,import
S166C416_Fusobacterium_A_mortiferum,ERR1620290_sub,1e-06,EX_cpd00099_e0,-0.0013214344758338777,0.40160984542432304,cpd00099_e0,import
S166C416_Fusobacterium_A_mortiferum,ERR1620290_sub,1e-06,EX_cpd00156_e0,-0.020000371272497104,0.40160984542432304,cpd00156_e0,import
S166C416_Fusobacterium_A_mortiferum,ERR1620290_sub,1e-06,EX_cpd00034_e0,-0.0013214344758338777,0.40160984542432304,cpd00034_e0,import
S166C416_Fusobacterium_A_mortiferum,ERR1620290_sub,1e-06,EX_cpd00324_e0,0.14181154202909058,0.40160984542432304,cpd00324_e0,export
S166C416_Fusobacterium_A_mortiferum,ERR1620290_sub,1e-06,EX_cpd00129_e0,-0.031282946390210974,0.40160984542432304,cpd00129_e0,import
S166C416_Fusobacterium_A_mortiferum,ERR1620290_sub,1e-06,EX_cpd00644_e0,-0.0014299517088199876,0.40160984542432304,cpd00644_e0,import
S166C416_Fusobacterium_A_mortiferum,ERR1620290_sub,1e-06,EX_cpd00130_e0,0.0011897230368917988,0.40160984542432304,cpd00130_e0,export
S166C416_Fusobacterium_A_mortiferum,ERR1620290_sub,1e-06,EX_cpd00053_e0,-0.03681793128062194,0.40160984542432304,cpd00053_e0,import
S166C416_Fusobacterium_A_mortiferum,ERR1620290_sub,1e-06,EX_cpd00305_e0,-0.0007149758544100149,0.40160984542432304,cpd00305_e0,import
S166C416_Fusobacterium_A_mortiferum,ERR1620290_sub,1e-06,EX_cpd00035_e0,-0.09583740804620612,0.40160984542432304,cpd00035_e0,import
S166C416_Fusobacterium_A_mortiferum,ERR1620290_sub,1e-06,EX_cpd00205_e0,-0.0013214344758338777,0.40160984542432304,cpd00205_e0,import
S166C416_Fusobacterium_A_mortiferum,ERR1620290_sub,1e-06,EX_cpd00277_e0,-0.1925405199875667,0.40160984542432304,cpd00277_e0,import
S166C416_Fusobacterium_A_mortiferum,ERR1620290_sub,1e-06,EX_cpd00132_e0,-0.04145368969001078,0.40160984542432304,cpd00132_e0,import
S166C416_Fusobacterium_A_mortiferum,ERR1620290_sub,1e-06,EX_cpd00137_e0,-0.015741508833998382,0.40160984542432304,cpd00137_e0,import
S166C416_Fusobacterium_A_mortiferum,ERR1620290_sub,1e-06,EX_cpd00122_e0,-0.7048307207357282,0.40160984542432304,cpd00122_e0,import
S166C416_Fusobacterium_A_mortiferum,ERR1620290_sub,1e-06,EX_cpd00309_e0,0.19665032578792585,0.40160984542432304,cpd00309_e0,export
S166C416_Fusobacterium_A_mortiferum,ERR1620290_sub,1e-06,EX_cpd00013_e0,1.507552341310545,0.40160984542432304,cpd00013_e0,export
S166C416_Fusobacterium_A_mortiferum,ERR1620290_sub,1e-06,EX_cpd00832_e0,-0.23222007917602214,0.40160984542432304,cpd00832_e0,import
S166C416_Fusobacterium_A_mortiferum,ERR1620290_sub,1e-06,EX_cpd00064_e0,-0.0007149758544100149,0.40160984542432304,cpd00064_e0,import
S166C416_Fusobacterium_A_mortiferum,ERR1620290_sub,1e-06,EX_cpd00276_e0,-0.24899313832525888,0.40160984542432304,cpd00276_e0,import
S166C416_Fusobacterium_A_mortiferum,ERR1620290_sub,1e-06,EX_cpd00311_e0,-0.0536044734177135,0.40160984542432304,cpd00311_e0,import
S166C416_Fusobacterium_A_mortiferum,ERR1620290_sub,1e-06,EX_cpd00039_e0,-0.016432216922925253,0.40160984542432304,cpd00039_e0,import
S166C416_Fusobacterium_A_mortiferum,ERR1620290_sub,1e-06,EX_cpd00141_e0,-0.015078918623874423,0.40160984542432304,cpd00141_e0,import
S166C416_Fusobacterium_A_mortiferum,ERR1620290_sub,1e-06,EX_cpd00069_e0,-0.02371368274843422,0.40160984542432304,cpd00069_e0,import
S166C416_Fusobacterium_A_mortiferum,ERR1620290_sub,1e-06,EX_cpd10515_e0,-0.0020364103302438928,0.40160984542432304,cpd10515_e0,import
S166C416_Fusobacterium_A_mortiferum,ERR1620290_sub,1e-06,EX_cpd00066_e0,-0.03185960430323973,0.40160984542432304,cpd00066_e0,import
S166C416_Fusobacterium_A_mortiferum,ERR1620290_sub,1e-06,EX_cpd23431_e0,0.002217258163975234,0.40160984542432304,cpd23431_e0,export
S166C416_Fusobacterium_A_mortiferum,ERR1620290_sub,1e-06,EX_cpd00054_e0,-0.22863027261405133,0.40160984542432304,cpd00054_e0,import
S166C416_Fusobacterium_A_mortiferum,ERR1620290_sub,1e-06,EX_cpd00264_e0,-0.0007149758544100149,0.40160984542432304,cpd00264_e0,import
S166C416_Fusobacterium_A_mortiferum,ERR1620290_sub,1e-06,EX_cpd00084_e0,-0.12235089786924455,0.40160984542432304,cpd00084_e0,import
S166C416_Fusobacterium_A_mortiferum,ERR1620290_sub,1e-06,EX_cpd00036_e0,-0.027647187087065886,0.40160984542432304,cpd00036_e0,import
S166C416_Fusobacterium_A_mortiferum,ERR1620290_sub,1e-06,EX_cpd00020_e0,0.00010832818610704897,0.40160984542432304,cpd00020_e0,export
S166C416_Fusobacterium_A_mortiferum,ERR1620290_sub,1e-06,EX_cpd00751_e0,-0.037097198113404825,0.40160984542432304,cpd00751_e0,import
S166C416_Fusobacterium_A_mortiferum,ERR1620290_sub,1e-06,EX_cpd00063_e0,-0.0013214344758338777,0.40160984542432304,cpd00063_e0,import
S166C416_Fusobacterium_A_mortiferum,ERR1620290_sub,1e-06,EX_cpd00106_e0,-0.002385156235158567,0.40160984542432304,cpd00106_e0,import
S166C416_Fusobacterium_A_mortiferum,ERR1620290_sub,1e-06,EX_cpd00322_e0,-0.012607298807107606,0.40160984542432304,cpd00322_e0,import
S166C416_Fusobacterium_A_mortiferum,ERR1620290_sub,1e-06,EX_cpd00029_e0,0.3658264212040958,0.40160984542432304,cpd00029_e0,export
S166C416_Fusobacterium_A_mortiferum,ERR1620290_sub,1e-06,EX_cpd00048_e0,-0.0013214344758338777,0.40160984542432304,cpd00048_e0,import
S166C416_Fusobacterium_A_mortiferum,ERR1620290_sub,1e-06,EX_cpd00161_e0,-0.04362593543795901,0.40160984542432304,cpd00161_e0,import
S166C416_Fusobacterium_A_mortiferum,ERR1620290_sub,1e-06,EX_cpd00149_e0,-0.0013214344758338777,0.40160984542432304,cpd00149_e0,import
S166C416_Fusobacterium_A_mortiferum,ERR1620290_sub,1e-06,EX_cpd00028_e0,-0.0007149758544100149,0.40160984542432304,cpd00028_e0,import
S166C416_Fusobacterium_A_mortiferum,ERR1620290_sub,1e-06,EX_cpd00030_e0,-0.0013214344758338777,0.40160984542432304,cpd00030_e0,import
S166C416_Fusobacterium_A_mortiferum,ERR1620290_sub,1e-06,EX_cpd00367_e0,-0.05668647578485046,0.40160984542432304,cpd00367_e0,import
S166C416_Fusobacterium_A_mortiferum,ERR1620290_sub,1e-06,EX_cpd00220_e0,-0.0014299517088200298,0.40160984542432304,cpd00220_e0,import
S166C416_Fusobacterium_A_mortiferum,ERR1620290_sub,1e-06,EX_cpd00058_e0,-0.0013214344758338777,0.40160984542432304,cpd00058_e0,import
S166C416_Fusobacterium_A_mortiferum,ERR1620290_sub,1e-06,EX_cpd00060_e0,-0.0644983191834795,0.40160984542432304,cpd00060_e0,import
S166C416_Fusobacterium_A_mortiferum,ERR1620290_sub,1e-06,EX_cpd00051_e0,-0.05086675459778617,0.40160984542432304,cpd00051_e0,import
S166C416_Fusobacterium_A_mortiferum,ERR1620290_sub,1e-06,EX_cpd00082_e0,-0.38301748116368717,0.40160984542432304,cpd00082_e0,import
S166C416_Fusobacterium_A_mortiferum,ERR1620290_sub,1e-06,EX_cpd23430_e0,-0.002217258163975234,0.40160984542432304,cpd23430_e0,import
S166C416_Fusobacterium_A_mortiferum,ERR1620290_sub,1e-06,EX_cpd00041_e0,-0.07126719203359888,0.40160984542432304,cpd00041_e0,import
S166C416_Fusobacterium_A_mortiferum,ERR1620290_sub,1e-06,EX_cpd00138_e0,-0.037097198113404825,0.40160984542432304,cpd00138_e0,import
S166C416_Fusobacterium_A_mortiferum,ERR1620290_sub,1e-06,EX_cpd01217_e0,0.06078405407314158,0.40160984542432304,cpd01217_e0,export
S166C416_Fusobacterium_A_mortiferum,ERR1620290_sub,1e-06,EX_cpd00009_e0,-0.1822584345064513,0.40160984542432304,cpd00009_e0,import
S166C416_Fusobacterium_A_mortiferum,ERR1620290_sub,1e-06,EX_cpd00254_e0,-0.0013214344758338777,0.40160984542432304,cpd00254_e0,import
S166C416_Fusobacterium_A_mortiferum,ERR1620290_sub,1e-06,EX_cpd00182_e0,-0.093632849046653,0.40160984542432304,cpd00182_e0,import
S166C416_Fusobacterium_A_mortiferum,ERR1620290_sub,1e-06,EX_cpd00067_e0,0.7811438604990893,0.40160984542432304,cpd00067_e0,export
S166C416_Fusobacterium_A_mortiferum,ERR1620290_sub,1e-06,EX_cpd10516_e0,-0.0013214344758338777,0.40160984542432304,cpd10516_e0,import
S166C416_Fusobacterium_A_mortiferum,ERR1620290_sub,1e-06,EX_cpd03198_e0,-0.03024808981717335,0.40160984542432304,cpd03198_e0,import
S166C416_Fusobacterium_A_mortiferum,ERR1620290_sub,1e-06,EX_cpd00453_e0,0.037097198113404825,0.40160984542432304,cpd00453_e0,export
S166C416_Fusobacterium_A_mortiferum,ERR1620290_sub,1e-06,EX_cpd00023_e0,-0.04147083411223402,0.40160984542432304,cpd00023_e0,import
S166C416_Fusobacterium_A_mortiferum,ERR1620290_sub,1e-06,EX_cpd11640_e0,2.475483387189472,0.40160984542432304,cpd11640_e0,export
S166C416_Fusobacterium_A_mortiferum,ERR1620290_sub,1e-06,EX_cpd00011_e0,4.129450419122621,0.40160984542432304,cpd00011_e0,export
S166C416_Fusobacterium_A_mortiferum,ERR1620290_sub,1e-06,EX_cpd00065_e0,-0.009775105865766723,0.40160984542432304,cpd00065_e0,import
S166C416_Fusobacterium_A_mortiferum,ERR1620290_sub,1e-06,EX_cpd00211_e0,2.149760496931605,0.40160984542432304,cpd00211_e0,export
S166C416_Fusobacterium_A_mortiferum,ERR1620290_sub,1e-06,EX_cpd00119_e0,-0.016291843109611258,0.40160984542432304,cpd00119_e0,import
S166C416_Fusobacterium_A_mortiferum,ERR1620290_sub,1e-06,EX_cpd00107_e0,-0.09255568363402553,0.40160984542432304,cpd00107_e0,import
S166C416_Fusobacterium_A_mortiferum,ERR1620290_sub,1e-06,EX_cpd00179_e0,-0.12965382774834752,0.40160984542432304,cpd00179_e0,import
S189C697_Escherichia_coli,ERR1620290_sub,1e-06,EX_cpd00371_e0,-0.04054227631245797,0.0935586615650779,cpd00371_e0,import
S189C697_Escherichia_coli,ERR1620290_sub,1e-06,EX_cpd00099_e0,-0.00030785525312440376,0.0935586615650779,cpd00099_e0,import
S189C697_Escherichia_coli,ERR1620290_sub,1e-06,EX_cpd00156_e0,-0.038516061679613516,0.0935586615650779,cpd00156_e0,import
S189C697_Escherichia_coli,ERR1620290_sub,1e-06,EX_cpd00034_e0,-0.00030785525312440376,0.0935586615650779,cpd00034_e0,import
S189C697_Escherichia_coli,ERR1620290_sub,1e-06,EX_cpd00794_e0,-0.7197411134323614,0.0935586615650779,cpd00794_e0,import
S189C697_Escherichia_coli,ERR1620290_sub,1e-06,EX_cpd03847_e0,-0.0005823807709723173,0.0935586615650779,cpd03847_e0,import
S189C697_Escherichia_coli,ERR1620290_sub,1e-06,EX_cpd01080_e0,-0.0035129432406141676,0.0935586615650779,cpd01080_e0,import
S189C697_Escherichia_coli,ERR1620290_sub,1e-06,EX_cpd00129_e0,-0.008856210689385382,0.0935586615650779,cpd00129_e0,import
S189C697_Escherichia_coli,ERR1620290_sub,1e-06,EX_cpd00644_e0,-0.0010191510007397898,0.0935586615650779,cpd00644_e0,import
S189C697_Escherichia_coli,ERR1620290_sub,1e-06,EX_cpd00053_e0,-0.010543107963554012,0.0935586615650779,cpd00053_e0,import
S189C697_Escherichia_coli,ERR1620290_sub,1e-06,EX_cpd00305_e0,-0.0001429943832264526,0.0935586615650779,cpd00305_e0,import
S189C697_Escherichia_coli,ERR1620290_sub,1e-06,EX_cpd00080_e0,-0.06034737170486943,0.0935586615650779,cpd00080_e0,import
S189C697_Escherichia_coli,ERR1620290_sub,1e-06,EX_cpd00205_e0,-0.00030785525312440376,0.0935586615650779,cpd00205_e0,import
S189C697_Escherichia_coli,ERR1620290_sub,1e-06,EX_cpd00132_e0,-0.009657486894615484,0.0935586615650779,cpd00132_e0,import
S189C697_Escherichia_coli,ERR1620290_sub,1e-06,EX_cpd00122_e0,-0.0023295230838892692,0.0935586615650779,cpd00122_e0,import
S189C697_Escherichia_coli,ERR1620290_sub,1e-06,EX_cpd00013_e0,0.24146362406767924,0.0935586615650779,cpd00013_e0,export
S189C697_Escherichia_coli,ERR1620290_sub,1e-06,EX_cpd00311_e0,-0.00965886044351836,0.0935586615650779,cpd00311_e0,import
S189C697_Escherichia_coli,ERR1620290_sub,1e-06,EX_cpd00033_e0,-0.023972377806247988,0.0935586615650779,cpd00033_e0,import
S189C697_Escherichia_coli,ERR1620290_sub,1e-06,EX_cpd00039_e0,-0.013748212784474466,0.0935586615650779,cpd00039_e0,import
S189C697_Escherichia_coli,ERR1620290_sub,1e-06,EX_cpd00141_e0,0.05404238181969471,0.0935586615650779,cpd00141_e0,export
S189C697_Escherichia_coli,ERR1620290_sub,1e-06,EX_cpd00069_e0,-0.005524588572902331,0.0935586615650779,cpd00069_e0,import
S189C697_Escherichia_coli,ERR1620290_sub,1e-06,EX_cpd10515_e0,-0.00045084963635085636,0.0935586615650779,cpd10515_e0,import
S189C697_Escherichia_coli,ERR1620290_sub,1e-06,EX_cpd00066_e0,-0.0074223480063420316,0.0935586615650779,cpd00066_e0,import
S189C697_Escherichia_coli,ERR1620290_sub,1e-06,EX_cpd00054_e0,-0.010677674161476889,0.0935586615650779,cpd00054_e0,import
S189C697_Escherichia_coli,ERR1620290_sub,1e-06,EX_cpd00264_e0,-0.0001429943832264526,0.0935586615650779,cpd00264_e0,import
S189C697_Escherichia_coli,ERR1620290_sub,1e-06,EX_cpd01741_e0,-0.0029119038548615864,0.0935586615650779,cpd01741_e0,import
S189C697_Escherichia_coli,ERR1620290_sub,1e-06,EX_cpd00084_e0,-0.004831146955283044,0.0935586615650779,cpd00084_e0,import
S189C697_Escherichia_coli,ERR1620290_sub,1e-06,EX_cpd00133_e0,-0.0022999611364702527,0.0935586615650779,cpd00133_e0,import
S189C697_Escherichia_coli,ERR1620290_sub,1e-06,EX_cpd00063_e0,-0.00030785525312440376,0.0935586615650779,cpd00063_e0,import
S189C697_Escherichia_coli,ERR1620290_sub,1e-06,EX_cpd00322_e0,-0.015152534432377823,0.0935586615650779,cpd00322_e0,import
S189C697_Escherichia_coli,ERR1620290_sub,1e-06,EX_cpd00184_e0,-0.014541858596958888,0.0935586615650779,cpd00184_e0,import
S189C697_Escherichia_coli,ERR1620290_sub,1e-06,EX_cpd00029_e0,0.5054410625381263,0.0935586615650779,cpd00029_e0,export
S189C697_Escherichia_coli,ERR1620290_sub,1e-06,EX_cpd00048_e0,-0.00030785525312440376,0.0935586615650779,cpd00048_e0,import
S189C697_Escherichia_coli,ERR1620290_sub,1e-06,EX_cpd00118_e0,-0.0001429943832264526,0.0935586615650779,cpd00118_e0,import
S189C697_Escherichia_coli,ERR1620290_sub,1e-06,EX_cpd00161_e0,-0.01016355607686609,0.0935586615650779,cpd00161_e0,import
S189C697_Escherichia_coli,ERR1620290_sub,1e-06,EX_cpd00149_e0,-0.00030785525312440376,0.0935586615650779,cpd00149_e0,import
S189C697_Escherichia_coli,ERR1620290_sub,1e-06,EX_cpd00028_e0,-0.0001429943832264526,0.0935586615650779,cpd00028_e0,import
S189C697_Escherichia_coli,ERR1620290_sub,1e-06,EX_cpd00030_e0,-0.00030785525312440376,0.0935586615650779,cpd00030_e0,import
S189C697_Escherichia_coli,ERR1620290_sub,1e-06,EX_cpd00367_e0,-0.012164523627451507,0.0935586615650779,cpd00367_e0,import
S189C697_Escherichia_coli,ERR1620290_sub,1e-06,EX_cpd00220_e0,-0.00028598876645290536,0.0935586615650779,cpd00220_e0,import
S189C697_Escherichia_coli,ERR1620290_sub,1e-06,EX_cpd00058_e0,-0.00030785525312440376,0.0935586615650779,cpd00058_e0,import
S189C697_Escherichia_coli,ERR1620290_sub,1e-06,EX_cpd00060_e0,-0.0057281919010361785,0.0935586615650779,cpd00060_e0,import
S189C697_Escherichia_coli,ERR1620290_sub,1e-06,EX_cpd00006_e0,0.00042372690781393966,0.0935586615650779,cpd00006_e0,export
S189C697_Escherichia_coli,ERR1620290_sub,1e-06,EX_cpd00051_e0,-0.011850453351034722,0.0935586615650779,cpd00051_e0,import
S189C697_Escherichia_coli,ERR1620290_sub,1e-06,EX_cpd00082_e0,0.5854818332603213,0.0935586615650779,cpd00082_e0,export
S189C697_Escherichia_coli,ERR1620290_sub,1e-06,EX_cpd00017_e0,-0.0005719775329058104,0.0935586615650779,cpd00017_e0,import
S189C697_Escherichia_coli,ERR1620290_sub,1e-06,EX_cpd00139_e0,-4.3309642578720915e-06,0.0935586615650779,cpd00139_e0,import
S189C697_Escherichia_coli,ERR1620290_sub,1e-06,EX_cpd00010_e0,0.0007331622342868563,0.0935586615650779,cpd00010_e0,export
S189C697_Escherichia_coli,ERR1620290_sub,1e-06,EX_cpd00448_e0,0.0013173537152303127,0.0935586615650779,cpd00448_e0,export
S189C697_Escherichia_coli,ERR1620290_sub,1e-06,EX_cpd00382_e0,-0.05023483391181243,0.0935586615650779,cpd00382_e0,import
S189C697_Escherichia_coli,ERR1620290_sub,1e-06,EX_cpd00003_e0,0.0015902454622033092,0.0935586615650779,cpd00003_e0,export
S189C697_Escherichia_coli,ERR1620290_sub,1e-06,EX_cpd00009_e0,0.0115889828900409,0.0935586615650779,cpd00009_e0,export
S189C697_Escherichia_coli,ERR1620290_sub,1e-06,EX_cpd00254_e0,-0.00030785525312440376,0.0935586615650779,cpd00254_e0,import
S189C697_Escherichia_coli,ERR1620290_sub,1e-06,EX_cpd00182_e0,-0.011058746185909228,0.0935586615650779,cpd00182_e0,import
S189C697_Escherichia_coli,ERR1620290_sub,1e-06,EX_cpd00067_e0,0.009104498164674074,0.0935586615650779,cpd00067_e0,export
S189C697_Escherichia_coli,ERR1620290_sub,1e-06,EX_cpd00075_e0,-0.23411656350752608,0.0935586615650779,cpd00075_e0,import
S189C697_Escherichia_coli,ERR1620290_sub,1e-06,EX_cpd00412_e0,0.013500105507236732,0.0935586615650779,cpd00412_e0,export
S189C697_Escherichia_coli,ERR1620290_sub,1e-06,EX_cpd10516_e0,-0.00030785525312440376,0.0935586615650779,cpd10516_e0,import
S189C697_Escherichia_coli,ERR1620290_sub,1e-06,EX_cpd00393_e0,-0.00042898314967935774,0.0935586615650779,cpd00393_e0,import
S189C697_Escherichia_coli,ERR1620290_sub,1e-06,EX_cpd03198_e0,0.05023483391181243,0.0935586615650779,cpd03198_e0,export
S189C697_Escherichia_coli,ERR1620290_sub,1e-06,EX_cpd00249_e0,-0.013500105507236732,0.0935586615650779,cpd00249_e0,import
S189C697_Escherichia_coli,ERR1620290_sub,1e-06,EX_cpd00023_e0,-0.01269626146788837,0.0935586615650779,cpd00023_e0,import
S189C697_Escherichia_coli,ERR1620290_sub,1e-06,EX_cpd00011_e0,0.39154606175778683,0.0935586615650779,cpd00011_e0,export
S189C697_Escherichia_coli,ERR1620290_sub,1e-06,EX_cpd00065_e0,-0.002277311320127666,0.0935586615650779,cpd00065_e0,import
S189C697_Escherichia_coli,ERR1620290_sub,1e-06,EX_cpd00119_e0,-0.0037955188668794557,0.0935586615650779,cpd00119_e0,import
S189C697_Escherichia_coli,ERR1620290_sub,1e-06,EX_cpd00179_e0,0.47693022724195383,0.0935586615650779,cpd00179_e0,export
S189C697_Escherichia_coli,ERR1620290_sub,1e-06,EX_cpd00158_e0,-0.14738281812099538,0.0935586615650779,cpd00158_e0,import
S285C141_Phocaeicola_sp900554435,ERR1620290_sub,1e-06,EX_cpd00204_e0,1.5504878276876047e-05,0.008711220043501134,cpd00204_e0,export
S285C141_Phocaeicola_sp900554435,ERR1620290_sub,1e-06,EX_cpd00099_e0,-2.865646521109257e-05,0.008711220043501134,cpd00099_e0,import
S285C141_Phocaeicola_sp900554435,ERR1620290_sub,1e-06,EX_cpd00156_e0,-0.0015780862962090875,0.008711220043501134,cpd00156_e0,import
S285C141_Phocaeicola_sp900554435,ERR1620290_sub,1e-06,EX_cpd00034_e0,-2.865646521109257e-05,0.008711220043501134,cpd00034_e0,import
S285C141_Phocaeicola_sp900554435,ERR1620290_sub,1e-06,EX_cpd00105_e0,3.1009756553752094e-05,0.008711220043501134,cpd00105_e0,export
S285C141_Phocaeicola_sp900554435,ERR1620290_sub,1e-06,EX_cpd03847_e0,-5.421045810848482e-05,0.008711220043501134,cpd03847_e0,import
S285C141_Phocaeicola_sp900554435,ERR1620290_sub,1e-06,EX_cpd01080_e0,-0.00032699957119952964,0.008711220043501134,cpd01080_e0,import
S285C141_Phocaeicola_sp900554435,ERR1620290_sub,1e-06,EX_cpd00129_e0,-0.0008243734383181799,0.008711220043501134,cpd00129_e0,import
S285C141_Phocaeicola_sp900554435,ERR1620290_sub,1e-06,EX_cpd00053_e0,-0.0010589213417631646,0.008711220043501134,cpd00053_e0,import
S285C141_Phocaeicola_sp900554435,ERR1620290_sub,1e-06,EX_cpd00035_e0,-0.0019543924269709947,0.008711220043501134,cpd00035_e0,import
S285C141_Phocaeicola_sp900554435,ERR1620290_sub,1e-06,EX_cpd00205_e0,-2.865646521109257e-05,0.008711220043501134,cpd00205_e0,import
S285C141_Phocaeicola_sp900554435,ERR1620290_sub,1e-06,EX_cpd00277_e0,-0.009815921377263585,0.008711220043501134,cpd00277_e0,import
S285C141_Phocaeicola_sp900554435,ERR1620290_sub,1e-06,EX_cpd00132_e0,-0.0008989596065469672,0.008711220043501134,cpd00132_e0,import
S285C141_Phocaeicola_sp900554435,ERR1620290_sub,1e-06,EX_cpd00007_e0,-0.023993670183378696,0.008711220043501134,cpd00007_e0,import
S285C141_Phocaeicola_sp900554435,ERR1620290_sub,1e-06,EX_cpd00309_e0,0.024498045624218482,0.008711220043501134,cpd00309_e0,export
S285C141_Phocaeicola_sp900554435,ERR1620290_sub,1e-06,EX_cpd00013_e0,0.024886982809683354,0.008711220043501134,cpd00013_e0,export
S285C141_Phocaeicola_sp900554435,ERR1620290_sub,1e-06,EX_cpd00064_e0,-1.5504878276876047e-05,0.008711220043501134,cpd00064_e0,import
S285C141_Phocaeicola_sp900554435,ERR1620290_sub,1e-06,EX_cpd00311_e0,-0.015627726344056736,0.008711220043501134,cpd00311_e0,import
S285C141_Phocaeicola_sp900554435,ERR1620290_sub,1e-06,EX_cpd00033_e0,-0.002393226248419948,0.008711220043501134,cpd00033_e0,import
S285C141_Phocaeicola_sp900554435,ERR1620290_sub,1e-06,EX_cpd00039_e0,-0.001279741623293938,0.008711220043501134,cpd00039_e0,import
S285C141_Phocaeicola_sp900554435,ERR1620290_sub,1e-06,EX_cpd00069_e0,-0.0005297568802753618,0.008711220043501134,cpd00069_e0,import
S285C141_Phocaeicola_sp900554435,ERR1620290_sub,1e-06,EX_cpd00117_e0,-0.00010842091621696964,0.008711220043501134,cpd00117_e0,import
S285C141_Phocaeicola_sp900554435,ERR1620290_sub,1e-06,EX_cpd10515_e0,-4.416134348796862e-05,0.008711220043501134,cpd10515_e0,import
S285C141_Phocaeicola_sp900554435,ERR1620290_sub,1e-06,EX_cpd00066_e0,-0.0006909034530666649,0.008711220043501134,cpd00066_e0,import
S285C141_Phocaeicola_sp900554435,ERR1620290_sub,1e-06,EX_cpd00054_e0,-0.000973884973341057,0.008711220043501134,cpd00054_e0,import
S285C141_Phocaeicola_sp900554435,ERR1620290_sub,1e-06,EX_cpd00264_e0,-1.5504878276876047e-05,0.008711220043501134,cpd00264_e0,import
S285C141_Phocaeicola_sp900554435,ERR1620290_sub,1e-06,EX_cpd01741_e0,-0.0002710522905424241,0.008711220043501134,cpd01741_e0,import
S285C141_Phocaeicola_sp900554435,ERR1620290_sub,1e-06,EX_cpd00084_e0,-0.00037253589528556954,0.008711220043501134,cpd00084_e0,import
S285C141_Phocaeicola_sp900554435,ERR1620290_sub,1e-06,EX_cpd00036_e0,0.00019063677431826326,0.008711220043501134,cpd00036_e0,export
S285C141_Phocaeicola_sp900554435,ERR1620290_sub,1e-06,EX_cpd00063_e0,-2.865646521109257e-05,0.008711220043501134,cpd00063_e0,import
S285C141_Phocaeicola_sp900554435,ERR1620290_sub,1e-06,EX_cpd00322_e0,-0.00141046180441771,0.008711220043501134,cpd00322_e0,import
S285C141_Phocaeicola_sp900554435,ERR1620290_sub,1e-06,EX_cpd00184_e0,-9.697077074760078e-05,0.008711220043501134,cpd00184_e0,import
S285C141_Phocaeicola_sp900554435,ERR1620290_sub,1e-06,EX_cpd00029_e0,0.034540505007839686,0.008711220043501134,cpd00029_e0,export
S285C141_Phocaeicola_sp900554435,ERR1620290_sub,1e-06,EX_cpd00048_e0,-2.865646521109257e-05,0.008711220043501134,cpd00048_e0,import
S285C141_Phocaeicola_sp900554435,ERR1620290_sub,1e-06,EX_cpd00161_e0,-0.0009460666601651502,0.008711220043501134,cpd00161_e0,import
S285C141_Phocaeicola_sp900554435,ERR1620290_sub,1e-06,EX_cpd00149_e0,-2.865646521109257e-05,0.008711220043501134,cpd00149_e0,import
S285C141_Phocaeicola_sp900554435,ERR1620290_sub,1e-06,EX_cpd00028_e0,-1.5504878276876047e-05,0.008711220043501134,cpd00028_e0,import
S285C141_Phocaeicola_sp900554435,ERR1620290_sub,1e-06,EX_cpd00030_e0,-2.865646521109257e-05,0.008711220043501134,cpd00030_e0,import
S285C141_Phocaeicola_sp900554435,ERR1620290_sub,1e-06,EX_cpd00367_e0,-0.0011323251580141534,0.008711220043501134,cpd00367_e0,import
S285C141_Phocaeicola_sp900554435,ERR1620290_sub,1e-06,EX_cpd00220_e0,-3.1009756553752094e-05,0.008711220043501134,cpd00220_e0,import
S285C141_Phocaeicola_sp900554435,ERR1620290_sub,1e-06,EX_cpd00058_e0,-2.865646521109257e-05,0.008711220043501134,cpd00058_e0,import
S285C141_Phocaeicola_sp900554435,ERR1620290_sub,1e-06,EX_cpd00060_e0,-0.0005111163059137052,0.008711220043501134,cpd00060_e0,import
S285C141_Phocaeicola_sp900554435,ERR1620290_sub,1e-06,EX_cpd00006_e0,-3.100975655375218e-05,0.008711220043501134,cpd00006_e0,import
S285C141_Phocaeicola_sp900554435,ERR1620290_sub,1e-06,EX_cpd00051_e0,-0.0011030901722257549,0.008711220043501134,cpd00051_e0,import
S285C141_Phocaeicola_sp900554435,ERR1620290_sub,1e-06,EX_cpd00017_e0,-7.752439138438024e-05,0.008711220043501134,cpd00017_e0,import
S285C141_Phocaeicola_sp900554435,ERR1620290_sub,1e-06,EX_cpd00139_e0,4.651463483062814e-05,0.008711220043501134,cpd00139_e0,export
S285C141_Phocaeicola_sp900554435,ERR1620290_sub,1e-06,EX_cpd00100_e0,0.00012262483919982362,0.008711220043501134,cpd00100_e0,export
S285C141_Phocaeicola_sp900554435,ERR1620290_sub,1e-06,EX_cpd00010_e0,-3.1009756553747764e-05,0.008711220043501134,cpd00010_e0,import
S285C141_Phocaeicola_sp900554435,ERR1620290_sub,1e-06,EX_cpd00009_e0,-0.0037663754128536278,0.008711220043501134,cpd00009_e0,import
S285C141_Phocaeicola_sp900554435,ERR1620290_sub,1e-06,EX_cpd00254_e0,-2.865646521109257e-05,0.008711220043501134,cpd00254_e0,import
S285C141_Phocaeicola_sp900554435,ERR1620290_sub,1e-06,EX_cpd00182_e0,-0.0007005441814982715,0.008711220043501134,cpd00182_e0,import
S285C141_Phocaeicola_sp900554435,ERR1620290_sub,1e-06,EX_cpd00067_e0,0.004005822225710933,0.008711220043501134,cpd00067_e0,export
S285C141_Phocaeicola_sp900554435,ERR1620290_sub,1e-06,EX_cpd10516_e0,-2.865646521109257e-05,0.008711220043501134,cpd10516_e0,import
S285C141_Phocaeicola_sp900554435,ERR1620290_sub,1e-06,EX_cpd00023_e0,-0.0013037685741899099,0.008711220043501134,cpd00023_e0,import
S285C141_Phocaeicola_sp900554435,ERR1620290_sub,1e-06,EX_cpd11640_e0,0.011347073150193489,0.008711220043501134,cpd11640_e0,export
S285C141_Phocaeicola_sp900554435,ERR1620290_sub,1e-06,EX_cpd00011_e0,0.029940859164444535,0.008711220043501134,cpd00011_e0,export
S285C141_Phocaeicola_sp900554435,ERR1620290_sub,1e-06,EX_cpd00065_e0,-0.00021198174128181734,0.008711220043501134,cpd00065_e0,import
S285C141_Phocaeicola_sp900554435,ERR1620290_sub,1e-06,EX_cpd00119_e0,-0.0003843126586901155,0.008711220043501134,cpd00119_e0,import
S285C141_Phocaeicola_sp900554435,ERR1620290_sub,1e-06,EX_cpd00107_e0,-0.002007151150248009,0.008711220043501134,cpd00107_e0,import
S287C140_Eisenbergiella_sp900066775,ERR1620290_sub,1e-06,EX_cpd00076_e0,-0.00018843499753182322,0.00128221279323857,cpd00076_e0,import
S287C140_Eisenbergiella_sp900066775,ERR1620290_sub,1e-06,EX_cpd00099_e0,-4.247745320686249e-06,0.00128221279323857,cpd00099_e0,import
S287C140_Eisenbergiella_sp900066775,ERR1620290_sub,1e-06,EX_cpd00034_e0,-4.247745320686249e-06,0.00128221279323857,cpd00034_e0,import
S287C140_Eisenbergiella_sp900066775,ERR1620290_sub,1e-06,EX_cpd00129_e0,-0.00010881796441231096,0.00128221279323857,cpd00129_e0,import
S287C140_Eisenbergiella_sp900066775,ERR1620290_sub,1e-06,EX_cpd00644_e0,-6.016103537944241e-06,0.00128221279323857,cpd00644_e0,import
S287C140_Eisenbergiella_sp900066775,ERR1620290_sub,1e-06,EX_cpd00053_e0,-0.0003006027923734173,0.00128221279323857,cpd00053_e0,import
S287C140_Eisenbergiella_sp900066775,ERR1620290_sub,1e-06,EX_cpd00305_e0,-3.0080517689720563e-06,0.00128221279323857,cpd00305_e0,import
S287C140_Eisenbergiella_sp900066775,ERR1620290_sub,1e-06,EX_cpd00080_e0,-0.0005856157909164276,0.00128221279323857,cpd00080_e0,import
S287C140_Eisenbergiella_sp900066775,ERR1620290_sub,1e-06,EX_cpd00035_e0,0.006737626483586532,0.00128221279323857,cpd00035_e0,export
S287C140_Eisenbergiella_sp900066775,ERR1620290_sub,1e-06,EX_cpd00205_e0,-4.247745320686249e-06,0.00128221279323857,cpd00205_e0,import
S287C140_Eisenbergiella_sp900066775,ERR1620290_sub,1e-06,EX_cpd00132_e0,-0.00010023435907698878,0.00128221279323857,cpd00132_e0,import
S287C140_Eisenbergiella_sp900066775,ERR1620290_sub,1e-06,EX_cpd00007_e0,-0.0026487697568259865,0.00128221279323857,cpd00007_e0,import
S287C140_Eisenbergiella_sp900066775,ERR1620290_sub,1e-06,EX_cpd00309_e0,0.007424118825756628,0.00128221279323857,cpd00309_e0,export
S287C140_Eisenbergiella_sp900066775,ERR1620290_sub,1e-06,EX_cpd00064_e0,-6.0161035379441126e-06,0.00128221279323857,cpd00064_e0,import
S287C140_Eisenbergiella_sp900066775,ERR1620290_sub,1e-06,EX_cpd00239_e0,-4.149583053057843e-05,0.00128221279323857,cpd00239_e0,import
S287C140_Eisenbergiella_sp900066775,ERR1620290_sub,1e-06,EX_cpd00311_e0,-0.007478290521370041,0.00128221279323857,cpd00311_e0,import
S287C140_Eisenbergiella_sp900066775,ERR1620290_sub,1e-06,EX_cpd00033_e0,-0.0002682994828964969,0.00128221279323857,cpd00033_e0,import
S287C140_Eisenbergiella_sp900066775,ERR1620290_sub,1e-06,EX_cpd00039_e0,-0.00021874349080337348,0.00128221279323857,cpd00039_e0,import
S287C140_Eisenbergiella_sp900066775,ERR1620290_sub,1e-06,EX_cpd00069_e0,-7.503732406039749e-05,0.00128221279323857,cpd00069_e0,import
S287C140_Eisenbergiella_sp900066775,ERR1620290_sub,1e-06,EX_cpd00216_e0,-0.0001190629127157605,0.00128221279323857,cpd00216_e0,import
S287C140_Eisenbergiella_sp900066775,ERR1620290_sub,1e-06,EX_cpd10515_e0,-7.2557970896583055e-06,0.00128221279323857,cpd10515_e0,import
S287C140_Eisenbergiella_sp900066775,ERR1620290_sub,1e-06,EX_cpd23431_e0,-0.0020845652732538753,0.00128221279323857,cpd23431_e0,import
S287C140_Eisenbergiella_sp900066775,ERR1620290_sub,1e-06,EX_cpd00054_e0,-0.00022048969371150188,0.00128221279323857,cpd00054_e0,import
S287C140_Eisenbergiella_sp900066775,ERR1620290_sub,1e-06,EX_cpd00063_e0,-4.247745320686249e-06,0.00128221279323857,cpd00063_e0,import
S287C140_Eisenbergiella_sp900066775,ERR1620290_sub,1e-06,EX_cpd00322_e0,-0.00018274772649395742,0.00128221279323857,cpd00322_e0,import
S287C140_Eisenbergiella_sp900066775,ERR1620290_sub,1e-06,EX_cpd00029_e0,0.003562973689689479,0.00128221279323857,cpd00029_e0,export
S287C140_Eisenbergiella_sp900066775,ERR1620290_sub,1e-06,EX_cpd00048_e0,-4.2477453206864364e-06,0.00128221279323857,cpd00048_e0,import
S287C140_Eisenbergiella_sp900066775,ERR1620290_sub,1e-06,EX_cpd00161_e0,-0.00016954300747224578,0.00128221279323857,cpd00161_e0,import
S287C140_Eisenbergiella_sp900066775,ERR1620290_sub,1e-06,EX_cpd00149_e0,-4.247745320686249e-06,0.00128221279323857,cpd00149_e0,import
S287C140_Eisenbergiella_sp900066775,ERR1620290_sub,1e-06,EX_cpd00028_e0,-3.0080517689720563e-06,0.00128221279323857,cpd00028_e0,import
S287C140_Eisenbergiella_sp900066775,ERR1620290_sub,1e-06,EX_cpd00030_e0,-4.247745320686249e-06,0.00128221279323857,cpd00030_e0,import
S287C140_Eisenbergiella_sp900066775,ERR1620290_sub,1e-06,EX_cpd00220_e0,-6.0161035379440685e-06,0.00128221279323857,cpd00220_e0,import
S287C140_Eisenbergiella_sp900066775,ERR1620290_sub,1e-06,EX_cpd00058_e0,-4.247745320686249e-06,0.00128221279323857,cpd00058_e0,import
S287C140_Eisenbergiella_sp900066775,ERR1620290_sub,1e-06,EX_cpd00060_e0,-8.572282233544105e-05,0.00128221279323857,cpd00060_e0,import
S287C140_Eisenbergiella_sp900066775,ERR1620290_sub,1e-06,EX_cpd00051_e0,-0.00013069231349264863,0.00128221279323857,cpd00051_e0,import
S287C140_Eisenbergiella_sp900066775,ERR1620290_sub,1e-06,EX_cpd23430_e0,0.0020845652732538753,0.00128221279323857,cpd23430_e0,export
S287C140_Eisenbergiella_sp900066775,ERR1620290_sub,1e-06,EX_cpd00009_e0,-0.000195660595640293,0.00128221279323857,cpd00009_e0,import
S287C140_Eisenbergiella_sp900066775,ERR1620290_sub,1e-06,EX_cpd00254_e0,-4.247745320686249e-06,0.00128221279323857,cpd00254_e0,import
S287C140_Eisenbergiella_sp900066775,ERR1620290_sub,1e-06,EX_cpd00182_e0,-5.717669498973314e-05,0.00128221279323857,cpd00182_e0,import
S287C140_Eisenbergiella_sp900066775,ERR1620290_sub,1e-06,EX_cpd00067_e0,0.002538181975612114,0.00128221279323857,cpd00067_e0,export
S287C140_Eisenbergiella_sp900066775,ERR1620290_sub,1e-06,EX_cpd10516_e0,-4.247745320686249e-06,0.00128221279323857,cpd10516_e0,import
S287C140_Eisenbergiella_sp900066775,ERR1620290_sub,1e-06,EX_cpd00393_e0,-9.024155306916169e-06,0.00128221279323857,cpd00393_e0,import
S287C140_Eisenbergiella_sp900066775,ERR1620290_sub,1e-06,EX_cpd00023_e0,-8.033012282950069e-05,0.00128221279323857,cpd00023_e0,import
S287C140_Eisenbergiella_sp900066775,ERR1620290_sub,1e-06,EX_cpd00092_e0,-7.318848031068038e-05,0.00128221279323857,cpd00092_e0,import
S287C140_Eisenbergiella_sp900066775,ERR1620290_sub,1e-06,EX_cpd00011_e0,0.0051293158514015965,0.00128221279323857,cpd00011_e0,export
S287C140_Eisenbergiella_sp900066775,ERR1620290_sub,1e-06,EX_cpd00065_e0,-3.682643579347932e-05,0.00128221279323857,cpd00065_e0,import
S287C140_Eisenbergiella_sp900066775,ERR1620290_sub,1e-06,EX_cpd00119_e0,-5.5378098937562906e-05,0.00128221279323857,cpd00119_e0,import
S287C140_Eisenbergiella_sp900066775,ERR1620290_sub,1e-06,EX_cpd00107_e0,-0.0002841001849278132,0.00128221279323857,cpd00107_e0,import
S287C754_Enterocloster_bolteae,ERR1620290_sub,1e-06,EX_cpd00204_e0,0.06548157553217915,0.009721908008267544,cpd00204_e0,export
S287C754_Enterocloster_bolteae,ERR1620290_sub,1e-06,EX_cpd00099_e0,-3.901264822672117e-05,0.009721908008267544,cpd00099_e0,import
S287C754_Enterocloster_bolteae,ERR1620290_sub,1e-06,EX_cpd00156_e0,-0.0019098310324522577,0.009721908008267544,cpd00156_e0,import
S287C754_Enterocloster_bolteae,ERR1620290_sub,1e-06,EX_cpd00034_e0,-3.901264822672117e-05,0.009721908008267544,cpd00034_e0,import
S287C754_Enterocloster_bolteae,ERR1620290_sub,1e-06,EX_cpd00794_e0,-0.000790127744595444,0.009721908008267544,cpd00794_e0,import
S287C754_Enterocloster_bolteae,ERR1620290_sub,1e-06,EX_cpd00129_e0,-0.0009994189024683572,0.009721908008267544,cpd00129_e0,import
S287C754_Enterocloster_bolteae,ERR1620290_sub,1e-06,EX_cpd00644_e0,-5.525381427138633e-05,0.009721908008267544,cpd00644_e0,import
S287C754_Enterocloster_bolteae,ERR1620290_sub,1e-06,EX_cpd00305_e0,-2.7626907135692927e-05,0.009721908008267544,cpd00305_e0,import
S287C754_Enterocloster_bolteae,ERR1620290_sub,1e-06,EX_cpd11606_e0,-0.08640760795400249,0.009721908008267544,cpd11606_e0,import
S287C754_Enterocloster_bolteae,ERR1620290_sub,1e-06,EX_cpd00205_e0,-3.901264822672117e-05,0.009721908008267544,cpd00205_e0,import
S287C754_Enterocloster_bolteae,ERR1620290_sub,1e-06,EX_cpd00277_e0,-0.017641002020374295,0.009721908008267544,cpd00277_e0,import
S287C754_Enterocloster_bolteae,ERR1620290_sub,1e-06,EX_cpd00024_e0,-0.003498609426139023,0.009721908008267544,cpd00024_e0,import
S287C754_Enterocloster_bolteae,ERR1620290_sub,1e-06,EX_cpd00132_e0,-0.0009205843325535509,0.009721908008267544,cpd00132_e0,import
S287C754_Enterocloster_bolteae,ERR1620290_sub,1e-06,EX_cpd00122_e0,-0.0011132817831811664,0.009721908008267544,cpd00122_e0,import
S287C754_Enterocloster_bolteae,ERR1620290_sub,1e-06,EX_cpd00012_e0,-0.0035324919820862236,0.009721908008267544,cpd00012_e0,import
S287C754_Enterocloster_bolteae,ERR1620290_sub,1e-06,EX_cpd00309_e0,0.018368442187886747,0.009721908008267544,cpd00309_e0,export
S287C754_Enterocloster_bolteae,ERR1620290_sub,1e-06,EX_cpd00013_e0,0.009110094018997377,0.009721908008267544,cpd00013_e0,export
S287C754_Enterocloster_bolteae,ERR1620290_sub,1e-06,EX_cpd00033_e0,-0.002602282584921965,0.009721908008267544,cpd00033_e0,import
S287C754_Enterocloster_bolteae,ERR1620290_sub,1e-06,EX_cpd00039_e0,-0.0020090100075063695,0.009721908008267544,cpd00039_e0,import
S287C754_Enterocloster_bolteae,ERR1620290_sub,1e-06,EX_cpd00069_e0,-0.0006891667240939548,0.009721908008267544,cpd00069_e0,import
S287C754_Enterocloster_bolteae,ERR1620290_sub,1e-06,EX_cpd10515_e0,-6.663955536241411e-05,0.009721908008267544,cpd10515_e0,import
S287C754_Enterocloster_bolteae,ERR1620290_sub,1e-06,EX_cpd00066_e0,-0.0010935117762376466,0.009721908008267544,cpd00066_e0,import
S287C754_Enterocloster_bolteae,ERR1620290_sub,1e-06,EX_cpd00054_e0,-0.0016715636528281295,0.009721908008267544,cpd00054_e0,import
S287C754_Enterocloster_bolteae,ERR1620290_sub,1e-06,EX_cpd00264_e0,-2.7626907135692927e-05,0.009721908008267544,cpd00264_e0,import
S287C754_Enterocloster_bolteae,ERR1620290_sub,1e-06,EX_cpd00084_e0,-0.000436364760702504,0.009721908008267544,cpd00084_e0,import
S287C754_Enterocloster_bolteae,ERR1620290_sub,1e-06,EX_cpd00063_e0,-3.901264822672117e-05,0.009721908008267544,cpd00063_e0,import
S287C754_Enterocloster_bolteae,ERR1620290_sub,1e-06,EX_cpd00322_e0,-0.0021311732169846573,0.009721908008267544,cpd00322_e0,import
S287C754_Enterocloster_bolteae,ERR1620290_sub,1e-06,EX_cpd00029_e0,0.08803594603104536,0.009721908008267544,cpd00029_e0,export
S287C754_Enterocloster_bolteae,ERR1620290_sub,1e-06,EX_cpd00048_e0,-3.901264822672117e-05,0.009721908008267544,cpd00048_e0,import
S287C754_Enterocloster_bolteae,ERR1620290_sub,1e-06,EX_cpd00161_e0,-0.0011596310929403858,0.009721908008267544,cpd00161_e0,import
S287C754_Enterocloster_bolteae,ERR1620290_sub,1e-06,EX_cpd00149_e0,-3.901264822672117e-05,0.009721908008267544,cpd00149_e0,import
S287C754_Enterocloster_bolteae,ERR1620290_sub,1e-06,EX_cpd00028_e0,-2.7626907135692927e-05,0.009721908008267544,cpd00028_e0,import
S287C754_Enterocloster_bolteae,ERR1620290_sub,1e-06,EX_cpd00030_e0,-3.901264822672117e-05,0.009721908008267544,cpd00030_e0,import
S287C754_Enterocloster_bolteae,ERR1620290_sub,1e-06,EX_cpd00220_e0,-5.5253814271385854e-05,0.009721908008267544,cpd00220_e0,import
S287C754_Enterocloster_bolteae,ERR1620290_sub,1e-06,EX_cpd00058_e0,-3.901264822672117e-05,0.009721908008267544,cpd00058_e0,import
S287C754_Enterocloster_bolteae,ERR1620290_sub,1e-06,EX_cpd00060_e0,-0.0006491712136770523,0.009721908008267544,cpd00060_e0,import
S287C754_Enterocloster_bolteae,ERR1620290_sub,1e-06,EX_cpd00051_e0,-0.0012279468103546902,0.009721908008267544,cpd00051_e0,import
S287C754_Enterocloster_bolteae,ERR1620290_sub,1e-06,EX_cpd00082_e0,-0.03578864416212653,0.009721908008267544,cpd00082_e0,import
S287C754_Enterocloster_bolteae,ERR1620290_sub,1e-06,EX_cpd00027_e0,-0.00015039164648165233,0.009721908008267544,cpd00027_e0,import
S287C754_Enterocloster_bolteae,ERR1620290_sub,1e-06,EX_cpd00017_e0,-8.288072140707879e-05,0.009721908008267544,cpd00017_e0,import
S287C754_Enterocloster_bolteae,ERR1620290_sub,1e-06,EX_cpd01217_e0,-0.001224970302974914,0.009721908008267544,cpd01217_e0,import
S287C754_Enterocloster_bolteae,ERR1620290_sub,1e-06,EX_cpd00003_e0,-5.525381427137852e-05,0.009721908008267544,cpd00003_e0,import
S287C754_Enterocloster_bolteae,ERR1620290_sub,1e-06,EX_cpd00254_e0,-3.901264822672117e-05,0.009721908008267544,cpd00254_e0,import
S287C754_Enterocloster_bolteae,ERR1620290_sub,1e-06,EX_cpd11451_e0,0.08640760795400249,0.009721908008267544,cpd11451_e0,export
S287C754_Enterocloster_bolteae,ERR1620290_sub,1e-06,EX_cpd00182_e0,-0.0003869944727716104,0.009721908008267544,cpd00182_e0,import
S287C754_Enterocloster_bolteae,ERR1620290_sub,1e-06,EX_cpd00067_e0,0.004177343511836314,0.009721908008267544,cpd00067_e0,export
S287C754_Enterocloster_bolteae,ERR1620290_sub,1e-06,EX_cpd10516_e0,-3.901264822672117e-05,0.009721908008267544,cpd10516_e0,import
S287C754_Enterocloster_bolteae,ERR1620290_sub,1e-06,EX_cpd00393_e0,-8.288072140707879e-05,0.009721908008267544,cpd00393_e0,import
S287C754_Enterocloster_bolteae,ERR1620290_sub,1e-06,EX_cpd00092_e0,-0.000672186353241065,0.009721908008267544,cpd00092_e0,import
S287C754_Enterocloster_bolteae,ERR1620290_sub,1e-06,EX_cpd00011_e0,0.015199427654224386,0.009721908008267544,cpd00011_e0,export
S287C754_Enterocloster_bolteae,ERR1620290_sub,1e-06,EX_cpd00065_e0,-0.00033822573544094566,0.009721908008267544,cpd00065_e0,import
S287C754_Enterocloster_bolteae,ERR1620290_sub,1e-06,EX_cpd00119_e0,-0.0005086101284826252,0.009721908008267544,cpd00119_e0,import
S287C754_Enterocloster_bolteae,ERR1620290_sub,1e-06,EX_cpd00107_e0,-0.0026092667377583274,0.009721908008267544,cpd00107_e0,import
S318C70_Anaerobutyricum_soehngenii,ERR1620290_sub,1e-06,EX_cpd00076_e0,-0.00024212171825670472,0.0013525674046645545,cpd00076_e0,import
S318C70_Anaerobutyricum_soehngenii,ERR1620290_sub,1e-06,EX_cpd00204_e0,3.865071098513083e-06,0.0013525674046645545,cpd00204_e0,export
S318C70_Anaerobutyricum_soehngenii,ERR1620290_sub,1e-06,EX_cpd00099_e0,-5.457963803076132e-06,0.0013525674046645545,cpd00099_e0,import
S318C70_Anaerobutyricum_soehngenii,ERR1620290_sub,1e-06,EX_cpd00156_e0,-0.0002671899786074074,0.0013525674046645545,cpd00156_e0,import
S318C70_Anaerobutyricum_soehngenii,ERR1620290_sub,1e-06,EX_cpd00034_e0,-5.457963803076132e-06,0.0013525674046645545,cpd00034_e0,import
S318C70_Anaerobutyricum_soehngenii,ERR1620290_sub,1e-06,EX_cpd00071_e0,7.730142197026166e-06,0.0013525674046645545,cpd00071_e0,export
S318C70_Anaerobutyricum_soehngenii,ERR1620290_sub,1e-06,EX_cpd01080_e0,-6.334218962213332e-05,0.0013525674046645545,cpd01080_e0,import
S318C70_Anaerobutyricum_soehngenii,ERR1620290_sub,1e-06,EX_cpd00129_e0,-0.000139821120629442,0.0013525674046645545,cpd00129_e0,import
S318C70_Anaerobutyricum_soehngenii,ERR1620290_sub,1e-06,EX_cpd00644_e0,-7.73014219702604e-06,0.0013525674046645545,cpd00644_e0,import
S318C70_Anaerobutyricum_soehngenii,ERR1620290_sub,1e-06,EX_cpd00053_e0,-0.0003693817105013297,0.0013525674046645545,cpd00053_e0,import
S318C70_Anaerobutyricum_soehngenii,ERR1620290_sub,1e-06,EX_cpd00205_e0,-5.457963803076132e-06,0.0013525674046645545,cpd00205_e0,import
S318C70_Anaerobutyricum_soehngenii,ERR1620290_sub,1e-06,EX_cpd00132_e0,-0.00012879197370956245,0.0013525674046645545,cpd00132_e0,import
S318C70_Anaerobutyricum_soehngenii,ERR1620290_sub,1e-06,EX_cpd00007_e0,-0.00852530704390649,0.0013525674046645545,cpd00007_e0,import
S318C70_Anaerobutyricum_soehngenii,ERR1620290_sub,1e-06,EX_cpd00122_e0,-0.00015575081291366972,0.0013525674046645545,cpd00122_e0,import
S318C70_Anaerobutyricum_soehngenii,ERR1620290_sub,1e-06,EX_cpd00309_e0,0.002814282589881349,0.0013525674046645545,cpd00309_e0,export
S318C70_Anaerobutyricum_soehngenii,ERR1620290_sub,1e-06,EX_cpd00013_e0,0.005892755235574999,0.0013525674046645545,cpd00013_e0,export
S318C70_Anaerobutyricum_soehngenii,ERR1620290_sub,1e-06,EX_cpd00239_e0,-5.718341387003485e-05,0.0013525674046645545,cpd00239_e0,import
S318C70_Anaerobutyricum_soehngenii,ERR1620290_sub,1e-06,EX_cpd00033_e0,-0.00034087519826315056,0.0013525674046645545,cpd00033_e0,import
S318C70_Anaerobutyricum_soehngenii,ERR1620290_sub,1e-06,EX_cpd00039_e0,-0.00028106535699048177,0.0013525674046645545,cpd00039_e0,import
S318C70_Anaerobutyricum_soehngenii,ERR1620290_sub,1e-06,EX_cpd00141_e0,7.730142197026166e-06,0.0013525674046645545,cpd00141_e0,export
S318C70_Anaerobutyricum_soehngenii,ERR1620290_sub,1e-06,EX_cpd00069_e0,-0.00010028116191423499,0.0013525674046645545,cpd00069_e0,import
S318C70_Anaerobutyricum_soehngenii,ERR1620290_sub,1e-06,EX_cpd10515_e0,-9.323034901589216e-06,0.0013525674046645545,cpd10515_e0,import
S318C70_Anaerobutyricum_soehngenii,ERR1620290_sub,1e-06,EX_cpd00066_e0,-0.00015298494114671825,0.0013525674046645545,cpd00066_e0,import
S318C70_Anaerobutyricum_soehngenii,ERR1620290_sub,1e-06,EX_cpd00054_e0,-0.000294904281136334,0.0013525674046645545,cpd00054_e0,import
S318C70_Anaerobutyricum_soehngenii,ERR1620290_sub,1e-06,EX_cpd00264_e0,-3.865071098513083e-06,0.0013525674046645545,cpd00264_e0,import
S318C70_Anaerobutyricum_soehngenii,ERR1620290_sub,1e-06,EX_cpd00036_e0,0.0033705715007672997,0.0013525674046645545,cpd00036_e0,export
S318C70_Anaerobutyricum_soehngenii,ERR1620290_sub,1e-06,EX_cpd00063_e0,-5.457963803076132e-06,0.0013525674046645545,cpd00063_e0,import
S318C70_Anaerobutyricum_soehngenii,ERR1620290_sub,1e-06,EX_cpd00322_e0,-0.0002981562853357002,0.0013525674046645545,cpd00322_e0,import
S318C70_Anaerobutyricum_soehngenii,ERR1620290_sub,1e-06,EX_cpd00029_e0,0.00365924155191642,0.0013525674046645545,cpd00029_e0,export
S318C70_Anaerobutyricum_soehngenii,ERR1620290_sub,1e-06,EX_cpd00048_e0,-5.457963803076138e-06,0.0013525674046645545,cpd00048_e0,import
S318C70_Anaerobutyricum_soehngenii,ERR1620290_sub,1e-06,EX_cpd00161_e0,-0.00016223519340210094,0.0013525674046645545,cpd00161_e0,import
S318C70_Anaerobutyricum_soehngenii,ERR1620290_sub,1e-06,EX_cpd00149_e0,-5.457963803076132e-06,0.0013525674046645545,cpd00149_e0,import
S318C70_Anaerobutyricum_soehngenii,ERR1620290_sub,1e-06,EX_cpd00028_e0,-3.865071098513083e-06,0.0013525674046645545,cpd00028_e0,import
S318C70_Anaerobutyricum_soehngenii,ERR1620290_sub,1e-06,EX_cpd00030_e0,-5.457963803076132e-06,0.0013525674046645545,cpd00030_e0,import
S318C70_Anaerobutyricum_soehngenii,ERR1620290_sub,1e-06,EX_cpd00220_e0,-7.730142197026166e-06,0.0013525674046645545,cpd00220_e0,import
S318C70_Anaerobutyricum_soehngenii,ERR1620290_sub,1e-06,EX_cpd00058_e0,-5.457963803076132e-06,0.0013525674046645545,cpd00058_e0,import
S318C70_Anaerobutyricum_soehngenii,ERR1620290_sub,1e-06,EX_cpd00060_e0,-9.082062221609247e-05,0.0013525674046645545,cpd00060_e0,import
S318C70_Anaerobutyricum_soehngenii,ERR1620290_sub,1e-06,EX_cpd00051_e0,-0.0001717927274270037,0.0013525674046645545,cpd00051_e0,import
S318C70_Anaerobutyricum_soehngenii,ERR1620290_sub,1e-06,EX_cpd00017_e0,-1.9325355492565414e-05,0.0013525674046645545,cpd00017_e0,import
S318C70_Anaerobutyricum_soehngenii,ERR1620290_sub,1e-06,EX_cpd00001_e0,0.005452391729137258,0.0013525674046645545,cpd00001_e0,export
S318C70_Anaerobutyricum_soehngenii,ERR1620290_sub,1e-06,EX_cpd00100_e0,-0.0007329570992407116,0.0013525674046645545,cpd00100_e0,import
S318C70_Anaerobutyricum_soehngenii,ERR1620290_sub,1e-06,EX_cpd00003_e0,-7.730142197027653e-06,0.0013525674046645545,cpd00003_e0,import
S318C70_Anaerobutyricum_soehngenii,ERR1620290_sub,1e-06,EX_cpd00009_e0,-0.0009884083367443317,0.0013525674046645545,cpd00009_e0,import
S318C70_Anaerobutyricum_soehngenii,ERR1620290_sub,1e-06,EX_cpd00254_e0,-5.457963803076132e-06,0.0013525674046645545,cpd00254_e0,import
S318C70_Anaerobutyricum_soehngenii,ERR1620290_sub,1e-06,EX_cpd00182_e0,-0.002930299578784355,0.0013525674046645545,cpd00182_e0,import
S318C70_Anaerobutyricum_soehngenii,ERR1620290_sub,1e-06,EX_cpd00067_e0,9.243748905412429e-05,0.0013525674046645545,cpd00067_e0,export
S318C70_Anaerobutyricum_soehngenii,ERR1620290_sub,1e-06,EX_cpd10516_e0,-5.457963803076132e-06,0.0013525674046645545,cpd10516_e0,import
S318C70_Anaerobutyricum_soehngenii,ERR1620290_sub,1e-06,EX_cpd00393_e0,-1.1595213295539249e-05,0.0013525674046645545,cpd00393_e0,import
S318C70_Anaerobutyricum_soehngenii,ERR1620290_sub,1e-06,EX_cpd00023_e0,-0.0034906537071473856,0.0013525674046645545,cpd00023_e0,import
S318C70_Anaerobutyricum_soehngenii,ERR1620290_sub,1e-06,EX_cpd00092_e0,-9.40404958820151e-05,0.0013525674046645545,cpd00092_e0,import
S318C70_Anaerobutyricum_soehngenii,ERR1620290_sub,1e-06,EX_cpd00011_e0,0.007856262110046175,0.0013525674046645545,cpd00011_e0,export
S318C70_Anaerobutyricum_soehngenii,ERR1620290_sub,1e-06,EX_cpd00065_e0,-4.7318598075612746e-05,0.0013525674046645545,cpd00065_e0,import
S318C70_Anaerobutyricum_soehngenii,ERR1620290_sub,1e-06,EX_cpd00119_e0,-7.115578657986882e-05,0.0013525674046645545,cpd00119_e0,import
S318C70_Anaerobutyricum_soehngenii,ERR1620290_sub,1e-06,EX_cpd00107_e0,-0.0003650427247207772,0.0013525674046645545,cpd00107_e0,import
S456C3_Enterocloster_sp001517625,ERR1620290_sub,1e-06,EX_cpd00099_e0,-1.3936323963336045e-05,0.00423732633129063,cpd00099_e0,import
S456C3_Enterocloster_sp001517625,ERR1620290_sub,1e-06,EX_cpd00156_e0,0.0046937747492332765,0.00423732633129063,cpd00156_e0,export
S456C3_Enterocloster_sp001517625,ERR1620290_sub,1e-06,EX_cpd00034_e0,-1.3936323963336045e-05,0.00423732633129063,cpd00034_e0,import
S456C3_Enterocloster_sp001517625,ERR1620290_sub,1e-06,EX_cpd00129_e0,-0.0003570182039152325,0.00423732633129063,cpd00129_e0,import
S456C3_Enterocloster_sp001517625,ERR1620290_sub,1e-06,EX_cpd00644_e0,-1.973808728443667e-05,0.00423732633129063,cpd00644_e0,import
S456C3_Enterocloster_sp001517625,ERR1620290_sub,1e-06,EX_cpd00305_e0,-9.869043642218177e-06,0.00423732633129063,cpd00305_e0,import
S456C3_Enterocloster_sp001517625,ERR1620290_sub,1e-06,EX_cpd00035_e0,-0.0005968288438800835,0.00423732633129063,cpd00035_e0,import
S456C3_Enterocloster_sp001517625,ERR1620290_sub,1e-06,EX_cpd00205_e0,-1.3936323963336045e-05,0.00423732633129063,cpd00205_e0,import
S456C3_Enterocloster_sp001517625,ERR1620290_sub,1e-06,EX_cpd00277_e0,-0.018943461508292247,0.00423732633129063,cpd00277_e0,import
S456C3_Enterocloster_sp001517625,ERR1620290_sub,1e-06,EX_cpd00132_e0,-0.00032885646263947646,0.00423732633129063,cpd00132_e0,import
S456C3_Enterocloster_sp001517625,ERR1620290_sub,1e-06,EX_cpd00122_e0,-0.0003976929610809231,0.00423732633129063,cpd00122_e0,import
S456C3_Enterocloster_sp001517625,ERR1620290_sub,1e-06,EX_cpd00309_e0,0.03512150887104438,0.00423732633129063,cpd00309_e0,export
S456C3_Enterocloster_sp001517625,ERR1620290_sub,1e-06,EX_cpd00033_e0,-0.0009296024442344825,0.00423732633129063,cpd00033_e0,import
S456C3_Enterocloster_sp001517625,ERR1620290_sub,1e-06,EX_cpd00069_e0,-0.00024618812534612676,0.00423732633129063,cpd00069_e0,import
S456C3_Enterocloster_sp001517625,ERR1620290_sub,1e-06,EX_cpd00117_e0,-0.00043023147607845335,0.00423732633129063,cpd00117_e0,import
S456C3_Enterocloster_sp001517625,ERR1620290_sub,1e-06,EX_cpd10515_e0,-2.3805367605554222e-05,0.00423732633129063,cpd10515_e0,import
S456C3_Enterocloster_sp001517625,ERR1620290_sub,1e-06,EX_cpd00066_e0,-0.0003906306047927494,0.00423732633129063,cpd00066_e0,import
S456C3_Enterocloster_sp001517625,ERR1620290_sub,1e-06,EX_cpd00054_e0,-0.0005971256412989236,0.00423732633129063,cpd00054_e0,import
S456C3_Enterocloster_sp001517625,ERR1620290_sub,1e-06,EX_cpd00084_e0,-0.0001558807450340783,0.00423732633129063,cpd00084_e0,import
S456C3_Enterocloster_sp001517625,ERR1620290_sub,1e-06,EX_cpd00063_e0,-1.3936323963336045e-05,0.00423732633129063,cpd00063_e0,import
S456C3_Enterocloster_sp001517625,ERR1620290_sub,1e-06,EX_cpd00106_e0,0.006295183468849951,0.00423732633129063,cpd00106_e0,export
S456C3_Enterocloster_sp001517625,ERR1620290_sub,1e-06,EX_cpd00322_e0,-0.0005995725561935205,0.00423732633129063,cpd00322_e0,import
S456C3_Enterocloster_sp001517625,ERR1620290_sub,1e-06,EX_cpd00029_e0,0.0108240819591215,0.00423732633129063,cpd00029_e0,export
S456C3_Enterocloster_sp001517625,ERR1620290_sub,1e-06,EX_cpd00048_e0,-1.3936323963336045e-05,0.00423732633129063,cpd00048_e0,import
S456C3_Enterocloster_sp001517625,ERR1620290_sub,1e-06,EX_cpd00161_e0,-0.0005759876030792757,0.00423732633129063,cpd00161_e0,import
S456C3_Enterocloster_sp001517625,ERR1620290_sub,1e-06,EX_cpd00149_e0,-1.3936323963336045e-05,0.00423732633129063,cpd00149_e0,import
S456C3_Enterocloster_sp001517625,ERR1620290_sub,1e-06,EX_cpd00028_e0,-9.869043642218177e-06,0.00423732633129063,cpd00028_e0,import
S456C3_Enterocloster_sp001517625,ERR1620290_sub,1e-06,EX_cpd00030_e0,-1.3936323963336045e-05,0.00423732633129063,cpd00030_e0,import
S456C3_Enterocloster_sp001517625,ERR1620290_sub,1e-06,EX_cpd00367_e0,-0.0002401222990056995,0.00423732633129063,cpd00367_e0,import
S456C3_Enterocloster_sp001517625,ERR1620290_sub,1e-06,EX_cpd00220_e0,-1.9738087284436355e-05,0.00423732633129063,cpd00220_e0,import
S456C3_Enterocloster_sp001517625,ERR1620290_sub,1e-06,EX_cpd00058_e0,-1.3936323963336045e-05,0.00423732633129063,cpd00058_e0,import
S456C3_Enterocloster_sp001517625,ERR1620290_sub,1e-06,EX_cpd00060_e0,-0.00023190069766345137,0.00423732633129063,cpd00060_e0,import
S456C3_Enterocloster_sp001517625,ERR1620290_sub,1e-06,EX_cpd00051_e0,-0.0004485233092895005,0.00423732633129063,cpd00051_e0,import
S456C3_Enterocloster_sp001517625,ERR1620290_sub,1e-06,EX_cpd00017_e0,-2.960713092665453e-05,0.00423732633129063,cpd00017_e0,import
S456C3_Enterocloster_sp001517625,ERR1620290_sub,1e-06,EX_cpd00001_e0,-0.013317137476067858,0.00423732633129063,cpd00001_e0,import
S456C3_Enterocloster_sp001517625,ERR1620290_sub,1e-06,EX_cpd00041_e0,0.011611490347734297,0.00423732633129063,cpd00041_e0,export
S456C3_Enterocloster_sp001517625,ERR1620290_sub,1e-06,EX_cpd01217_e0,-0.01635577795691821,0.00423732633129063,cpd01217_e0,import
S456C3_Enterocloster_sp001517625,ERR1620290_sub,1e-06,EX_cpd00003_e0,-1.9738087284431466e-05,0.00423732633129063,cpd00003_e0,import
S456C3_Enterocloster_sp001517625,ERR1620290_sub,1e-06,EX_cpd00009_e0,-0.00252379445630774,0.00423732633129063,cpd00009_e0,import
S456C3_Enterocloster_sp001517625,ERR1620290_sub,1e-06,EX_cpd00254_e0,-1.3936323963336045e-05,0.00423732633129063,cpd00254_e0,import
S456C3_Enterocloster_sp001517625,ERR1620290_sub,1e-06,EX_cpd00182_e0,-0.0001382444050766115,0.00423732633129063,cpd00182_e0,import
S456C3_Enterocloster_sp001517625,ERR1620290_sub,1e-06,EX_cpd00067_e0,0.03096603983165185,0.00423732633129063,cpd00067_e0,export
S456C3_Enterocloster_sp001517625,ERR1620290_sub,1e-06,EX_cpd00363_e0,0.016794116578860287,0.00423732633129063,cpd00363_e0,export
S456C3_Enterocloster_sp001517625,ERR1620290_sub,1e-06,EX_cpd10516_e0,-1.3936323963336045e-05,0.00423732633129063,cpd10516_e0,import
S456C3_Enterocloster_sp001517625,ERR1620290_sub,1e-06,EX_cpd00393_e0,-2.960713092665453e-05,0.00423732633129063,cpd00393_e0,import
S456C3_Enterocloster_sp001517625,ERR1620290_sub,1e-06,EX_cpd00023_e0,-0.001249793505442132,0.00423732633129063,cpd00023_e0,import
S456C3_Enterocloster_sp001517625,ERR1620290_sub,1e-06,EX_cpd00065_e0,-0.00012082295450566407,0.00423732633129063,cpd00065_e0,import
S456C3_Enterocloster_sp001517625,ERR1620290_sub,1e-06,EX_cpd00119_e0,-0.0001816886533919761,0.00423732633129063,cpd00119_e0,import
S456C3_Enterocloster_sp001517625,ERR1620290_sub,1e-06,EX_cpd00107_e0,-0.000932097363727549,0.00423732633129063,cpd00107_e0,import
S473C356_Ruminococcus_B_gnavus,ERR1620290_sub,1e-06,EX_cpd00371_e0,0.01698250370094783,0.05877929912296381,cpd00371_e0,export
S473C356_Ruminococcus_B_gnavus,ERR1620290_sub,1e-06,EX_cpd00204_e0,0.37272062200979456,0.05877929912296381,cpd00204_e0,export
S473C356_Ruminococcus_B_gnavus,ERR1620290_sub,1e-06,EX_cpd00099_e0,-0.00023512356952256984,0.05877929912296381,cpd00099_e0,import
S473C356_Ruminococcus_B_gnavus,ERR1620290_sub,1e-06,EX_cpd00034_e0,-0.00023512356952256984,0.05877929912296381,cpd00034_e0,import
S473C356_Ruminococcus_B_gnavus,ERR1620290_sub,1e-06,EX_cpd00794_e0,-0.05893153999758746,0.05877929912296381,cpd00794_e0,import
S473C356_Ruminococcus_B_gnavus,ERR1620290_sub,1e-06,EX_cpd00129_e0,-0.00602335269400497,0.05877929912296381,cpd00129_e0,import
S473C356_Ruminococcus_B_gnavus,ERR1620290_sub,1e-06,EX_cpd00644_e0,-0.00033300672042886614,0.05877929912296381,cpd00644_e0,import
S473C356_Ruminococcus_B_gnavus,ERR1620290_sub,1e-06,EX_cpd00035_e0,0.2052487230161416,0.05877929912296381,cpd00035_e0,export
S473C356_Ruminococcus_B_gnavus,ERR1620290_sub,1e-06,EX_cpd00205_e0,-0.00023512356952256984,0.05877929912296381,cpd00205_e0,import
S473C356_Ruminococcus_B_gnavus,ERR1620290_sub,1e-06,EX_cpd00277_e0,-0.36687937809523435,0.05877929912296381,cpd00277_e0,import
S473C356_Ruminococcus_B_gnavus,ERR1620290_sub,1e-06,EX_cpd00024_e0,-0.021252114669104843,0.05877929912296381,cpd00024_e0,import
S473C356_Ruminococcus_B_gnavus,ERR1620290_sub,1e-06,EX_cpd00132_e0,-0.005548228181246312,0.05877929912296381,cpd00132_e0,import
S473C356_Ruminococcus_B_gnavus,ERR1620290_sub,1e-06,EX_cpd00122_e0,-0.006709587752792425,0.05877929912296381,cpd00122_e0,import
S473C356_Ruminococcus_B_gnavus,ERR1620290_sub,1e-06,EX_cpd00012_e0,-0.021289816556707357,0.05877929912296381,cpd00012_e0,import
S473C356_Ruminococcus_B_gnavus,ERR1620290_sub,1e-06,EX_cpd00309_e0,0.3612879614666427,0.05877929912296381,cpd00309_e0,export
S473C356_Ruminococcus_B_gnavus,ERR1620290_sub,1e-06,EX_cpd00222_e0,-0.12683926281281413,0.05877929912296381,cpd00222_e0,import
S473C356_Ruminococcus_B_gnavus,ERR1620290_sub,1e-06,EX_cpd00239_e0,-0.00279641044967883,0.05877929912296381,cpd00239_e0,import
S473C356_Ruminococcus_B_gnavus,ERR1620290_sub,1e-06,EX_cpd00033_e0,-0.01435155262607578,0.05877929912296381,cpd00033_e0,import
S473C356_Ruminococcus_B_gnavus,ERR1620290_sub,1e-06,EX_cpd00039_e0,-0.01210801177675301,0.05877929912296381,cpd00039_e0,import
S473C356_Ruminococcus_B_gnavus,ERR1620290_sub,1e-06,EX_cpd00069_e0,-0.004320011197556274,0.05877929912296381,cpd00069_e0,import
S473C356_Ruminococcus_B_gnavus,ERR1620290_sub,1e-06,EX_cpd10515_e0,-0.0004016269297370018,0.05877929912296381,cpd10515_e0,import
S473C356_Ruminococcus_B_gnavus,ERR1620290_sub,1e-06,EX_cpd00054_e0,-0.013037185375696354,0.05877929912296381,cpd00054_e0,import
S473C356_Ruminococcus_B_gnavus,ERR1620290_sub,1e-06,EX_cpd00264_e0,-0.00016650336021443196,0.05877929912296381,cpd00264_e0,import
S473C356_Ruminococcus_B_gnavus,ERR1620290_sub,1e-06,EX_cpd00063_e0,-0.00023512356952256984,0.05877929912296381,cpd00063_e0,import
S473C356_Ruminococcus_B_gnavus,ERR1620290_sub,1e-06,EX_cpd00322_e0,-0.012844271712503661,0.05877929912296381,cpd00322_e0,import
S473C356_Ruminococcus_B_gnavus,ERR1620290_sub,1e-06,EX_cpd00246_e0,0.0025928747014927938,0.05877929912296381,cpd00246_e0,export
S473C356_Ruminococcus_B_gnavus,ERR1620290_sub,1e-06,EX_cpd00029_e0,0.45604923818370174,0.05877929912296381,cpd00029_e0,export
S473C356_Ruminococcus_B_gnavus,ERR1620290_sub,1e-06,EX_cpd00048_e0,-0.00023512356952256984,0.05877929912296381,cpd00048_e0,import
S473C356_Ruminococcus_B_gnavus,ERR1620290_sub,1e-06,EX_cpd00161_e0,-0.006988928316708069,0.05877929912296381,cpd00161_e0,import
S473C356_Ruminococcus_B_gnavus,ERR1620290_sub,1e-06,EX_cpd00149_e0,-0.00023512356952256984,0.05877929912296381,cpd00149_e0,import
S473C356_Ruminococcus_B_gnavus,ERR1620290_sub,1e-06,EX_cpd00028_e0,-0.00016650336021443196,0.05877929912296381,cpd00028_e0,import
S473C356_Ruminococcus_B_gnavus,ERR1620290_sub,1e-06,EX_cpd00030_e0,-0.00023512356952256984,0.05877929912296381,cpd00030_e0,import
S473C356_Ruminococcus_B_gnavus,ERR1620290_sub,1e-06,EX_cpd00367_e0,-0.0037181628858975863,0.05877929912296381,cpd00367_e0,import
S473C356_Ruminococcus_B_gnavus,ERR1620290_sub,1e-06,EX_cpd00220_e0,-0.0003330067204288639,0.05877929912296381,cpd00220_e0,import
S473C356_Ruminococcus_B_gnavus,ERR1620290_sub,1e-06,EX_cpd00058_e0,-0.00023512356952256984,0.05877929912296381,cpd00058_e0,import
S473C356_Ruminococcus_B_gnavus,ERR1620290_sub,1e-06,EX_cpd00060_e0,-0.004411970780670881,0.05877929912296381,cpd00060_e0,import
S473C356_Ruminococcus_B_gnavus,ERR1620290_sub,1e-06,EX_cpd00051_e0,-0.00723415387168029,0.05877929912296381,cpd00051_e0,import
S473C356_Ruminococcus_B_gnavus,ERR1620290_sub,1e-06,EX_cpd00082_e0,-0.01614222336912971,0.05877929912296381,cpd00082_e0,import
S473C356_Ruminococcus_B_gnavus,ERR1620290_sub,1e-06,EX_cpd00041_e0,0.10332304083283325,0.05877929912296381,cpd00041_e0,export
S473C356_Ruminococcus_B_gnavus,ERR1620290_sub,1e-06,EX_cpd00003_e0,-0.00033300672042860247,0.05877929912296381,cpd00003_e0,import
S473C356_Ruminococcus_B_gnavus,ERR1620290_sub,1e-06,EX_cpd00254_e0,-0.00023512356952256984,0.05877929912296381,cpd00254_e0,import
S473C356_Ruminococcus_B_gnavus,ERR1620290_sub,1e-06,EX_cpd00182_e0,-0.0028318696091458586,0.05877929912296381,cpd00182_e0,import
S473C356_Ruminococcus_B_gnavus,ERR1620290_sub,1e-06,EX_cpd00363_e0,0.24924468940106587,0.05877929912296381,cpd00363_e0,export
S473C356_Ruminococcus_B_gnavus,ERR1620290_sub,1e-06,EX_cpd10516_e0,-0.00023512356952256984,0.05877929912296381,cpd10516_e0,import
S473C356_Ruminococcus_B_gnavus,ERR1620290_sub,1e-06,EX_cpd00393_e0,-0.000499510080643296,0.05877929912296381,cpd00393_e0,import
S473C356_Ruminococcus_B_gnavus,ERR1620290_sub,1e-06,EX_cpd00092_e0,-0.013022853904318453,0.05877929912296381,cpd00092_e0,import
S473C356_Ruminococcus_B_gnavus,ERR1620290_sub,1e-06,EX_cpd00065_e0,-0.002038437425706519,0.05877929912296381,cpd00065_e0,import
S473C356_Ruminococcus_B_gnavus,ERR1620290_sub,1e-06,EX_cpd00119_e0,-0.003065319437152661,0.05877929912296381,cpd00119_e0,import
S480C2003_Veillonella_parvula_A,ERR1620290_sub,1e-06,EX_cpd00099_e0,-3.825921564667322e-06,0.0011652482517428705,cpd00099_e0,import
S480C2003_Veillonella_parvula_A,ERR1620290_sub,1e-06,EX_cpd00156_e0,-0.00021069013038060383,0.0011652482517428705,cpd00156_e0,import
S480C2003_Veillonella_parvula_A,ERR1620290_sub,1e-06,EX_cpd00034_e0,-3.825921564667322e-06,0.0011652482517428705,cpd00034_e0,import
S480C2003_Veillonella_parvula_A,ERR1620290_sub,1e-06,EX_cpd00129_e0,-0.00011006200840777811,0.0011652482517428705,cpd00129_e0,import
S480C2003_Veillonella_parvula_A,ERR1620290_sub,1e-06,EX_cpd00053_e0,-0.0001661868938884901,0.0011652482517428705,cpd00053_e0,import
S480C2003_Veillonella_parvula_A,ERR1620290_sub,1e-06,EX_cpd00080_e0,-0.00011460140294407463,0.0011652482517428705,cpd00080_e0,import
S480C2003_Veillonella_parvula_A,ERR1620290_sub,1e-06,EX_cpd00035_e0,-0.0002609307211161704,0.0011652482517428705,cpd00035_e0,import
S480C2003_Veillonella_parvula_A,ERR1620290_sub,1e-06,EX_cpd00205_e0,-3.825921564667322e-06,0.0011652482517428705,cpd00205_e0,import
S480C2003_Veillonella_parvula_A,ERR1620290_sub,1e-06,EX_cpd00132_e0,-0.00012001999964467227,0.0011652482517428705,cpd00132_e0,import
S480C2003_Veillonella_parvula_A,ERR1620290_sub,1e-06,EX_cpd00007_e0,-0.0041419321883418205,0.0011652482517428705,cpd00007_e0,import
S480C2003_Veillonella_parvula_A,ERR1620290_sub,1e-06,EX_cpd00013_e0,0.005044896195728847,0.0011652482517428705,cpd00013_e0,export
S480C2003_Veillonella_parvula_A,ERR1620290_sub,1e-06,EX_cpd00064_e0,0.000637805289688975,0.0011652482517428705,cpd00064_e0,export
S480C2003_Veillonella_parvula_A,ERR1620290_sub,1e-06,EX_cpd00311_e0,-0.00012417717888534594,0.0011652482517428705,cpd00311_e0,import
S480C2003_Veillonella_parvula_A,ERR1620290_sub,1e-06,EX_cpd00039_e0,-0.00017085816543302716,0.0011652482517428705,cpd00039_e0,import
S480C2003_Veillonella_parvula_A,ERR1620290_sub,1e-06,EX_cpd00069_e0,-6.865772905437614e-05,0.0011652482517428705,cpd00069_e0,import
S480C2003_Veillonella_parvula_A,ERR1620290_sub,1e-06,EX_cpd10515_e0,-5.8959761830603745e-06,0.0011652482517428705,cpd10515_e0,import
S480C2003_Veillonella_parvula_A,ERR1620290_sub,1e-06,EX_cpd01981_e0,2.070054618393052e-06,0.0011652482517428705,cpd01981_e0,export
S480C2003_Veillonella_parvula_A,ERR1620290_sub,1e-06,EX_cpd00066_e0,-9.224244514175687e-05,0.0011652482517428705,cpd00066_e0,import
S480C2003_Veillonella_parvula_A,ERR1620290_sub,1e-06,EX_cpd00054_e0,-0.00014710994357527822,0.0011652482517428705,cpd00054_e0,import
S480C2003_Veillonella_parvula_A,ERR1620290_sub,1e-06,EX_cpd00084_e0,-4.973722700572276e-05,0.0011652482517428705,cpd00084_e0,import
S480C2003_Veillonella_parvula_A,ERR1620290_sub,1e-06,EX_cpd00063_e0,-3.825921564667322e-06,0.0011652482517428705,cpd00063_e0,import
S480C2003_Veillonella_parvula_A,ERR1620290_sub,1e-06,EX_cpd00322_e0,-0.0001883106026479655,0.0011652482517428705,cpd00322_e0,import
S480C2003_Veillonella_parvula_A,ERR1620290_sub,1e-06,EX_cpd00029_e0,0.004680872899291537,0.0011652482517428705,cpd00029_e0,export
S480C2003_Veillonella_parvula_A,ERR1620290_sub,1e-06,EX_cpd00048_e0,-3.825921564667322e-06,0.0011652482517428705,cpd00048_e0,import
S480C2003_Veillonella_parvula_A,ERR1620290_sub,1e-06,EX_cpd00161_e0,-0.0004142515856680832,0.0011652482517428705,cpd00161_e0,import
S480C2003_Veillonella_parvula_A,ERR1620290_sub,1e-06,EX_cpd00149_e0,-3.825921564667322e-06,0.0011652482517428705,cpd00149_e0,import
S480C2003_Veillonella_parvula_A,ERR1620290_sub,1e-06,EX_cpd00028_e0,-2.070054618393052e-06,0.0011652482517428705,cpd00028_e0,import
S480C2003_Veillonella_parvula_A,ERR1620290_sub,1e-06,EX_cpd00030_e0,-3.825921564667322e-06,0.0011652482517428705,cpd00030_e0,import
S480C2003_Veillonella_parvula_A,ERR1620290_sub,1e-06,EX_cpd00367_e0,-0.003889862167397593,0.0011652482517428705,cpd00367_e0,import
S480C2003_Veillonella_parvula_A,ERR1620290_sub,1e-06,EX_cpd00058_e0,-3.825921564667322e-06,0.0011652482517428705,cpd00058_e0,import
S480C2003_Veillonella_parvula_A,ERR1620290_sub,1e-06,EX_cpd00051_e0,-0.0007892188482714071,0.0011652482517428705,cpd00051_e0,import
S480C2003_Veillonella_parvula_A,ERR1620290_sub,1e-06,EX_cpd00017_e0,-8.06594103202888e-05,0.0011652482517428705,cpd00017_e0,import
S480C2003_Veillonella_parvula_A,ERR1620290_sub,1e-06,EX_cpd00010_e0,-4.140109236785115e-06,0.0011652482517428705,cpd00010_e0,import
S480C2003_Veillonella_parvula_A,ERR1620290_sub,1e-06,EX_cpd00003_e0,-4.140109236785983e-06,0.0011652482517428705,cpd00003_e0,import
S480C2003_Veillonella_parvula_A,ERR1620290_sub,1e-06,EX_cpd00009_e0,-0.00039238707947907535,0.0011652482517428705,cpd00009_e0,import
S480C2003_Veillonella_parvula_A,ERR1620290_sub,1e-06,EX_cpd00254_e0,-3.825921564667322e-06,0.0011652482517428705,cpd00254_e0,import
S480C2003_Veillonella_parvula_A,ERR1620290_sub,1e-06,EX_cpd00182_e0,-2.322044052151694e-05,0.0011652482517428705,cpd00182_e0,import
S480C2003_Veillonella_parvula_A,ERR1620290_sub,1e-06,EX_cpd10516_e0,-3.825921564667322e-06,0.0011652482517428705,cpd10516_e0,import
S480C2003_Veillonella_parvula_A,ERR1620290_sub,1e-06,EX_cpd00393_e0,-6.210163855179157e-06,0.0011652482517428705,cpd00393_e0,import
S480C2003_Veillonella_parvula_A,ERR1620290_sub,1e-06,EX_cpd00023_e0,-0.00012173363103491251,0.0011652482517428705,cpd00023_e0,import
S480C2003_Veillonella_parvula_A,ERR1620290_sub,1e-06,EX_cpd00092_e0,0.003725739001174468,0.0011652482517428705,cpd00092_e0,export
S480C2003_Veillonella_parvula_A,ERR1620290_sub,1e-06,EX_cpd00011_e0,0.005370073047970266,0.0011652482517428705,cpd00011_e0,export
S480C2003_Veillonella_parvula_A,ERR1620290_sub,1e-06,EX_cpd00065_e0,-2.8301659304857185e-05,0.0011652482517428705,cpd00065_e0,import
S480C2003_Veillonella_parvula_A,ERR1620290_sub,1e-06,EX_cpd00119_e0,-4.716943217476213e-05,0.0011652482517428705,cpd00119_e0,import
S480C2003_Veillonella_parvula_A,ERR1620290_sub,1e-06,EX_cpd00107_e0,-0.0002679745325431188,0.0011652482517428705,cpd00107_e0,import
S480C2003_Veillonella_parvula_A,ERR1620290_sub,1e-06,EX_cpd00047_e0,0.0009757863559191823,0.0011652482517428705,cpd00047_e0,export
S515C180_Bacteroides_fragilis_A,ERR1620290_sub,1e-06,EX_cpd00204_e0,3.940523018797515e-05,0.022135539478061128,cpd00204_e0,export
S515C180_Bacteroides_fragilis_A,ERR1620290_sub,1e-06,EX_cpd00099_e0,-7.282963386438923e-05,0.022135539478061128,cpd00099_e0,import
S515C180_Bacteroides_fragilis_A,ERR1620290_sub,1e-06,EX_cpd00156_e0,-0.004010663782594839,0.022135539478061128,cpd00156_e0,import
S515C180_Bacteroides_fragilis_A,ERR1620290_sub,1e-06,EX_cpd00034_e0,-7.282963386438923e-05,0.022135539478061128,cpd00034_e0,import
S515C180_Bacteroides_fragilis_A,ERR1620290_sub,1e-06,EX_cpd00794_e0,-0.027631620191480175,0.022135539478061128,cpd00794_e0,import
S515C180_Bacteroides_fragilis_A,ERR1620290_sub,1e-06,EX_cpd00105_e0,-0.004115766988596852,0.022135539478061128,cpd00105_e0,import
S515C180_Bacteroides_fragilis_A,ERR1620290_sub,1e-06,EX_cpd03847_e0,-0.0001377744179743944,0.022135539478061128,cpd03847_e0,import
S515C180_Bacteroides_fragilis_A,ERR1620290_sub,1e-06,EX_cpd00129_e0,-0.002095122871504766,0.022135539478061128,cpd00129_e0,import
S515C180_Bacteroides_fragilis_A,ERR1620290_sub,1e-06,EX_cpd00130_e0,-0.02050872042155543,0.022135539478061128,cpd00130_e0,import
S515C180_Bacteroides_fragilis_A,ERR1620290_sub,1e-06,EX_cpd11606_e0,-0.034919147404311957,0.022135539478061128,cpd11606_e0,import
S515C180_Bacteroides_fragilis_A,ERR1620290_sub,1e-06,EX_cpd00205_e0,-7.282963386438923e-05,0.022135539478061128,cpd00205_e0,import
S515C180_Bacteroides_fragilis_A,ERR1620290_sub,1e-06,EX_cpd00277_e0,-0.011589207564949635,0.022135539478061128,cpd00277_e0,import
S515C180_Bacteroides_fragilis_A,ERR1620290_sub,1e-06,EX_cpd00132_e0,-0.002284681607498054,0.022135539478061128,cpd00132_e0,import
S515C180_Bacteroides_fragilis_A,ERR1620290_sub,1e-06,EX_cpd00007_e0,-0.01451612452314426,0.022135539478061128,cpd00007_e0,import
S515C180_Bacteroides_fragilis_A,ERR1620290_sub,1e-06,EX_cpd00012_e0,-0.0049042864828520135,0.022135539478061128,cpd00012_e0,import
S515C180_Bacteroides_fragilis_A,ERR1620290_sub,1e-06,EX_cpd00309_e0,0.009304201015574916,0.022135539478061128,cpd00309_e0,export
S515C180_Bacteroides_fragilis_A,ERR1620290_sub,1e-06,EX_cpd00064_e0,-3.940523018797515e-05,0.022135539478061128,cpd00064_e0,import
S515C180_Bacteroides_fragilis_A,ERR1620290_sub,1e-06,EX_cpd00033_e0,-0.006003509537681663,0.022135539478061128,cpd00033_e0,import
S515C180_Bacteroides_fragilis_A,ERR1620290_sub,1e-06,EX_cpd00039_e0,-0.0032524288386216885,0.022135539478061128,cpd00039_e0,import
S515C180_Bacteroides_fragilis_A,ERR1620290_sub,1e-06,EX_cpd00069_e0,-0.0013463628309838107,0.022135539478061128,cpd00069_e0,import
S515C180_Bacteroides_fragilis_A,ERR1620290_sub,1e-06,EX_cpd10515_e0,-0.00011223486405236439,0.022135539478061128,cpd10515_e0,import
S515C180_Bacteroides_fragilis_A,ERR1620290_sub,1e-06,EX_cpd00066_e0,-0.0017559125018325654,0.022135539478061128,cpd00066_e0,import
S515C180_Bacteroides_fragilis_A,ERR1620290_sub,1e-06,EX_cpd00054_e0,-0.0025539128678775014,0.022135539478061128,cpd00054_e0,import
S515C180_Bacteroides_fragilis_A,ERR1620290_sub,1e-06,EX_cpd00264_e0,-3.940523018797515e-05,0.022135539478061128,cpd00264_e0,import
S515C180_Bacteroides_fragilis_A,ERR1620290_sub,1e-06,EX_cpd01741_e0,-0.0006888720898719719,0.022135539478061128,cpd01741_e0,import
S515C180_Bacteroides_fragilis_A,ERR1620290_sub,1e-06,EX_cpd00084_e0,-0.0009467899357136395,0.022135539478061128,cpd00084_e0,import
S515C180_Bacteroides_fragilis_A,ERR1620290_sub,1e-06,EX_cpd00036_e0,0.07528825845232329,0.022135539478061128,cpd00036_e0,export
S515C180_Bacteroides_fragilis_A,ERR1620290_sub,1e-06,EX_cpd00063_e0,-7.282963386438923e-05,0.022135539478061128,cpd00063_e0,import
S515C180_Bacteroides_fragilis_A,ERR1620290_sub,1e-06,EX_cpd00322_e0,-0.003584650655227519,0.022135539478061128,cpd00322_e0,import
S515C180_Bacteroides_fragilis_A,ERR1620290_sub,1e-06,EX_cpd00184_e0,-0.0002464485998908771,0.022135539478061128,cpd00184_e0,import
S515C180_Bacteroides_fragilis_A,ERR1620290_sub,1e-06,EX_cpd00029_e0,0.1039252801908076,0.022135539478061128,cpd00029_e0,export
S515C180_Bacteroides_fragilis_A,ERR1620290_sub,1e-06,EX_cpd00048_e0,-7.282963386438923e-05,0.022135539478061128,cpd00048_e0,import
S515C180_Bacteroides_fragilis_A,ERR1620290_sub,1e-06,EX_cpd00161_e0,-0.0024044029144411863,0.022135539478061128,cpd00161_e0,import
S515C180_Bacteroides_fragilis_A,ERR1620290_sub,1e-06,EX_cpd00149_e0,-7.282963386438923e-05,0.022135539478061128,cpd00149_e0,import
S515C180_Bacteroides_fragilis_A,ERR1620290_sub,1e-06,EX_cpd00028_e0,-3.940523018797515e-05,0.022135539478061128,cpd00028_e0,import
S515C180_Bacteroides_fragilis_A,ERR1620290_sub,1e-06,EX_cpd00030_e0,-7.282963386438923e-05,0.022135539478061128,cpd00030_e0,import
S515C180_Bacteroides_fragilis_A,ERR1620290_sub,1e-06,EX_cpd00367_e0,-0.0015156702449459019,0.022135539478061128,cpd00367_e0,import
S515C180_Bacteroides_fragilis_A,ERR1620290_sub,1e-06,EX_cpd00220_e0,-7.88104603759503e-05,0.022135539478061128,cpd00220_e0,import
S515C180_Bacteroides_fragilis_A,ERR1620290_sub,1e-06,EX_cpd00058_e0,-7.282963386438923e-05,0.022135539478061128,cpd00058_e0,import
S515C180_Bacteroides_fragilis_A,ERR1620290_sub,1e-06,EX_cpd00060_e0,-0.0012989883137228381,0.022135539478061128,cpd00060_e0,import
S515C180_Bacteroides_fragilis_A,ERR1620290_sub,1e-06,EX_cpd00051_e0,-0.002803473937584949,0.022135539478061128,cpd00051_e0,import
S515C180_Bacteroides_fragilis_A,ERR1620290_sub,1e-06,EX_cpd00082_e0,0.027631620191480175,0.022135539478061128,cpd00082_e0,export
S515C180_Bacteroides_fragilis_A,ERR1620290_sub,1e-06,EX_cpd00017_e0,-0.00019702615093987577,0.022135539478061128,cpd00017_e0,import
S515C180_Bacteroides_fragilis_A,ERR1620290_sub,1e-06,EX_cpd00010_e0,-7.88104603759481e-05,0.022135539478061128,cpd00010_e0,import
S515C180_Bacteroides_fragilis_A,ERR1620290_sub,1e-06,EX_cpd00254_e0,-7.282963386438923e-05,0.022135539478061128,cpd00254_e0,import
S515C180_Bacteroides_fragilis_A,ERR1620290_sub,1e-06,EX_cpd11451_e0,0.034919147404311957,0.022135539478061128,cpd11451_e0,export
S515C180_Bacteroides_fragilis_A,ERR1620290_sub,1e-06,EX_cpd00182_e0,-0.0018592246136412529,0.022135539478061128,cpd00182_e0,import
S515C180_Bacteroides_fragilis_A,ERR1620290_sub,1e-06,EX_cpd00067_e0,0.2014540764415238,0.022135539478061128,cpd00067_e0,export
S515C180_Bacteroides_fragilis_A,ERR1620290_sub,1e-06,EX_cpd00412_e0,-0.05705990601657736,0.022135539478061128,cpd00412_e0,import
S515C180_Bacteroides_fragilis_A,ERR1620290_sub,1e-06,EX_cpd10516_e0,-7.282963386438923e-05,0.022135539478061128,cpd10516_e0,import
S515C180_Bacteroides_fragilis_A,ERR1620290_sub,1e-06,EX_cpd00393_e0,-0.00011821569056392545,0.022135539478061128,cpd00393_e0,import
S515C180_Bacteroides_fragilis_A,ERR1620290_sub,1e-06,EX_cpd00249_e0,-0.0013621036209559383,0.022135539478061128,cpd00249_e0,import
S515C180_Bacteroides_fragilis_A,ERR1620290_sub,1e-06,EX_cpd00023_e0,-0.005165567437459425,0.022135539478061128,cpd00023_e0,import
S515C180_Bacteroides_fragilis_A,ERR1620290_sub,1e-06,EX_cpd00092_e0,0.057059906016577365,0.022135539478061128,cpd00092_e0,export
S515C180_Bacteroides_fragilis_A,ERR1620290_sub,1e-06,EX_cpd00065_e0,-0.0005387458812440819,0.022135539478061128,cpd00065_e0,import
S515C180_Bacteroides_fragilis_A,ERR1620290_sub,1e-06,EX_cpd00119_e0,-0.0008979098020734728,0.022135539478061128,cpd00119_e0,import
S515C180_Bacteroides_fragilis_A,ERR1620290_sub,1e-06,EX_cpd00107_e0,-0.005101120543173819,0.022135539478061128,cpd00107_e0,import
S785C1241_Fusobacterium_A_ulcerans,ERR1620290_sub,1e-06,EX_cpd00099_e0,-0.00010204006282960543,0.031010773709449074,cpd00099_e0,import
S785C1241_Fusobacterium_A_ulcerans,ERR1620290_sub,1e-06,EX_cpd00034_e0,-0.00010204006282960543,0.031010773709449074,cpd00034_e0,import
S785C1241_Fusobacterium_A_ulcerans,ERR1620290_sub,1e-06,EX_cpd03847_e0,-0.00019303282908982974,0.031010773709449074,cpd03847_e0,import
S785C1241_Fusobacterium_A_ulcerans,ERR1620290_sub,1e-06,EX_cpd01080_e0,-0.0011643814596343884,0.031010773709449074,cpd01080_e0,import
S785C1241_Fusobacterium_A_ulcerans,ERR1620290_sub,1e-06,EX_cpd00129_e0,-0.0029354324345796648,0.031010773709449074,cpd00129_e0,import
S785C1241_Fusobacterium_A_ulcerans,ERR1620290_sub,1e-06,EX_cpd00644_e0,-0.00011041967262071656,0.031010773709449074,cpd00644_e0,import
S785C1241_Fusobacterium_A_ulcerans,ERR1620290_sub,1e-06,EX_cpd00205_e0,-0.00010204006282960543,0.031010773709449074,cpd00205_e0,import
S785C1241_Fusobacterium_A_ulcerans,ERR1620290_sub,1e-06,EX_cpd00277_e0,-0.003367103956796759,0.031010773709449074,cpd00277_e0,import
S785C1241_Fusobacterium_A_ulcerans,ERR1620290_sub,1e-06,EX_cpd00024_e0,-0.007844675709051382,0.031010773709449074,cpd00024_e0,import
S785C1241_Fusobacterium_A_ulcerans,ERR1620290_sub,1e-06,EX_cpd00132_e0,-0.0032010191786606807,0.031010773709449074,cpd00132_e0,import
S785C1241_Fusobacterium_A_ulcerans,ERR1620290_sub,1e-06,EX_cpd00122_e0,-0.000772131316359319,0.031010773709449074,cpd00122_e0,import
S785C1241_Fusobacterium_A_ulcerans,ERR1620290_sub,1e-06,EX_cpd00012_e0,-0.006871292278857976,0.031010773709449074,cpd00012_e0,import
S785C1241_Fusobacterium_A_ulcerans,ERR1620290_sub,1e-06,EX_cpd00064_e0,-0.00011041967262071089,0.031010773709449074,cpd00064_e0,import
S785C1241_Fusobacterium_A_ulcerans,ERR1620290_sub,1e-06,EX_cpd00239_e0,-0.0018751949455862197,0.031010773709449074,cpd00239_e0,import
S785C1241_Fusobacterium_A_ulcerans,ERR1620290_sub,1e-06,EX_cpd00033_e0,-0.005583593423601169,0.031010773709449074,cpd00033_e0,import
S785C1241_Fusobacterium_A_ulcerans,ERR1620290_sub,1e-06,EX_cpd00039_e0,-0.004556909398442723,0.031010773709449074,cpd00039_e0,import
S785C1241_Fusobacterium_A_ulcerans,ERR1620290_sub,1e-06,EX_cpd00141_e0,0.032236701573970954,0.031010773709449074,cpd00141_e0,export
S785C1241_Fusobacterium_A_ulcerans,ERR1620290_sub,1e-06,EX_cpd00069_e0,-0.0018863605455005346,0.031010773709449074,cpd00069_e0,import
S785C1241_Fusobacterium_A_ulcerans,ERR1620290_sub,1e-06,EX_cpd10515_e0,-0.00015724989913996088,0.031010773709449074,cpd10515_e0,import
S785C1241_Fusobacterium_A_ulcerans,ERR1620290_sub,1e-06,EX_cpd00066_e0,-0.002460171945171528,0.031010773709449074,cpd00066_e0,import
S785C1241_Fusobacterium_A_ulcerans,ERR1620290_sub,1e-06,EX_cpd00054_e0,-0.005798722292280889,0.031010773709449074,cpd00054_e0,import
S785C1241_Fusobacterium_A_ulcerans,ERR1620290_sub,1e-06,EX_cpd01741_e0,-0.0009651641454491487,0.031010773709449074,cpd01741_e0,import
S785C1241_Fusobacterium_A_ulcerans,ERR1620290_sub,1e-06,EX_cpd00084_e0,-0.0014369470681387176,0.031010773709449074,cpd00084_e0,import
S785C1241_Fusobacterium_A_ulcerans,ERR1620290_sub,1e-06,EX_cpd00063_e0,-0.00010204006282960543,0.031010773709449074,cpd00063_e0,import
S785C1241_Fusobacterium_A_ulcerans,ERR1620290_sub,1e-06,EX_cpd00322_e0,-0.0038579969140189914,0.031010773709449074,cpd00322_e0,import
S785C1241_Fusobacterium_A_ulcerans,ERR1620290_sub,1e-06,EX_cpd00048_e0,-0.00010204006282960543,0.031010773709449074,cpd00048_e0,import
S785C1241_Fusobacterium_A_ulcerans,ERR1620290_sub,1e-06,EX_cpd00161_e0,-0.0033687581749223803,0.031010773709449074,cpd00161_e0,import
S785C1241_Fusobacterium_A_ulcerans,ERR1620290_sub,1e-06,EX_cpd00149_e0,-0.00010204006282960543,0.031010773709449074,cpd00149_e0,import
S785C1241_Fusobacterium_A_ulcerans,ERR1620290_sub,1e-06,EX_cpd00028_e0,-5.5209836310355447e-05,0.031010773709449074,cpd00028_e0,import
S785C1241_Fusobacterium_A_ulcerans,ERR1620290_sub,1e-06,EX_cpd00030_e0,-0.00010204006282960543,0.031010773709449074,cpd00030_e0,import
S785C1241_Fusobacterium_A_ulcerans,ERR1620290_sub,1e-06,EX_cpd00367_e0,-0.1750887816562527,0.031010773709449074,cpd00367_e0,import
S785C1241_Fusobacterium_A_ulcerans,ERR1620290_sub,1e-06,EX_cpd00220_e0,-0.00011041967262071089,0.031010773709449074,cpd00220_e0,import
S785C1241_Fusobacterium_A_ulcerans,ERR1620290_sub,1e-06,EX_cpd00058_e0,-0.00010204006282960543,0.031010773709449074,cpd00058_e0,import
S785C1241_Fusobacterium_A_ulcerans,ERR1620290_sub,1e-06,EX_cpd00006_e0,-0.00011041967262070962,0.031010773709449074,cpd00006_e0,import
S785C1241_Fusobacterium_A_ulcerans,ERR1620290_sub,1e-06,EX_cpd00051_e0,-0.00392788816246136,0.031010773709449074,cpd00051_e0,import
S785C1241_Fusobacterium_A_ulcerans,ERR1620290_sub,1e-06,EX_cpd00017_e0,-0.00022083934524142179,0.031010773709449074,cpd00017_e0,import
S785C1241_Fusobacterium_A_ulcerans,ERR1620290_sub,1e-06,EX_cpd00448_e0,-0.03296443998624249,0.031010773709449074,cpd00448_e0,import
S785C1241_Fusobacterium_A_ulcerans,ERR1620290_sub,1e-06,EX_cpd00307_e0,0.14403228172100893,0.031010773709449074,cpd00307_e0,export
S785C1241_Fusobacterium_A_ulcerans,ERR1620290_sub,1e-06,EX_cpd00380_e0,0.02962082634921384,0.031010773709449074,cpd00380_e0,export
S785C1241_Fusobacterium_A_ulcerans,ERR1620290_sub,1e-06,EX_cpd00254_e0,-0.00010204006282960543,0.031010773709449074,cpd00254_e0,import
S785C1241_Fusobacterium_A_ulcerans,ERR1620290_sub,1e-06,EX_cpd00182_e0,-0.0026601302007794956,0.031010773709449074,cpd00182_e0,import
S785C1241_Fusobacterium_A_ulcerans,ERR1620290_sub,1e-06,EX_cpd00067_e0,0.35001484101626035,0.031010773709449074,cpd00067_e0,export
S785C1241_Fusobacterium_A_ulcerans,ERR1620290_sub,1e-06,EX_cpd00363_e0,0.0034223137931071144,0.031010773709449074,cpd00363_e0,export
S785C1241_Fusobacterium_A_ulcerans,ERR1620290_sub,1e-06,EX_cpd10516_e0,-0.00010204006282960543,0.031010773709449074,cpd10516_e0,import
S785C1241_Fusobacterium_A_ulcerans,ERR1620290_sub,1e-06,EX_cpd00092_e0,0.026679217779785453,0.031010773709449074,cpd00092_e0,export
S785C1241_Fusobacterium_A_ulcerans,ERR1620290_sub,1e-06,EX_cpd00011_e0,0.017819527141896576,0.031010773709449074,cpd00011_e0,export
S785C1241_Fusobacterium_A_ulcerans,ERR1620290_sub,1e-06,EX_cpd00065_e0,-0.0007548254831776269,0.031010773709449074,cpd00065_e0,import
S785C1241_Fusobacterium_A_ulcerans,ERR1620290_sub,1e-06,EX_cpd00211_e0,0.0848855172499046,0.031010773709449074,cpd00211_e0,export
S785C1241_Fusobacterium_A_ulcerans,ERR1620290_sub,1e-06,EX_cpd00119_e0,-0.0012580424719627157,0.031010773709449074,cpd00119_e0,import
S785C1241_Fusobacterium_A_ulcerans,ERR1620290_sub,1e-06,EX_cpd00107_e0,-0.007147072326301509,0.031010773709449074,cpd00107_e0,import
S785C1241_Fusobacterium_A_ulcerans,ERR1620290_sub,1e-06,EX_cpd00047_e0,0.20177706158838257,0.031010773709449074,cpd00047_e0,export
S852C438_Parabacteroides_merdae,ERR1620290_sub,1e-06,EX_cpd00204_e0,2.072446083506395e-05,0.011643028616518338,cpd00204_e0,export
S852C438_Parabacteroides_merdae,ERR1620290_sub,1e-06,EX_cpd00099_e0,-3.830341524347126e-05,0.011643028616518338,cpd00099_e0,import
S852C438_Parabacteroides_merdae,ERR1620290_sub,1e-06,EX_cpd00156_e0,-0.0021093353366670752,0.011643028616518338,cpd00156_e0,import
S852C438_Parabacteroides_merdae,ERR1620290_sub,1e-06,EX_cpd00034_e0,-3.830341524347126e-05,0.011643028616518338,cpd00034_e0,import
S852C438_Parabacteroides_merdae,ERR1620290_sub,1e-06,EX_cpd00129_e0,-0.0011018915937813078,0.011643028616518338,cpd00129_e0,import
S852C438_Parabacteroides_merdae,ERR1620290_sub,1e-06,EX_cpd00053_e0,-0.0013532246285526354,0.011643028616518338,cpd00053_e0,import
S852C438_Parabacteroides_merdae,ERR1620290_sub,1e-06,EX_cpd00205_e0,-3.830341524347126e-05,0.011643028616518338,cpd00205_e0,import
S852C438_Parabacteroides_merdae,ERR1620290_sub,1e-06,EX_cpd00277_e0,-0.03527316626480579,0.011643028616518338,cpd00277_e0,import
S852C438_Parabacteroides_merdae,ERR1620290_sub,1e-06,EX_cpd00132_e0,-0.001201586547504378,0.011643028616518338,cpd00132_e0,import
S852C438_Parabacteroides_merdae,ERR1620290_sub,1e-06,EX_cpd00007_e0,-0.03791325525527359,0.011643028616518338,cpd00007_e0,import
S852C438_Parabacteroides_merdae,ERR1620290_sub,1e-06,EX_cpd00309_e0,0.0368550979374122,0.011643028616518338,cpd00309_e0,export
S852C438_Parabacteroides_merdae,ERR1620290_sub,1e-06,EX_cpd00013_e0,0.03467904821227754,0.011643028616518338,cpd00013_e0,export
S852C438_Parabacteroides_merdae,ERR1620290_sub,1e-06,EX_cpd00311_e0,-0.002783689117353727,0.011643028616518338,cpd00311_e0,import
S852C438_Parabacteroides_merdae,ERR1620290_sub,1e-06,EX_cpd00033_e0,-0.003235065619956625,0.011643028616518338,cpd00033_e0,import
S852C438_Parabacteroides_merdae,ERR1620290_sub,1e-06,EX_cpd00039_e0,-0.001710555521774794,0.011643028616518338,cpd00039_e0,import
S852C438_Parabacteroides_merdae,ERR1620290_sub,1e-06,EX_cpd00069_e0,-0.0007080949312415016,0.011643028616518338,cpd00069_e0,import
S852C438_Parabacteroides_merdae,ERR1620290_sub,1e-06,EX_cpd10515_e0,-7.975233691359917e-05,0.011643028616518338,cpd10515_e0,import
S852C438_Parabacteroides_merdae,ERR1620290_sub,1e-06,EX_cpd00066_e0,-0.0009234900976452863,0.011643028616518338,cpd00066_e0,import
S852C438_Parabacteroides_merdae,ERR1620290_sub,1e-06,EX_cpd00054_e0,-0.0014313500262344609,0.011643028616518338,cpd00054_e0,import
S852C438_Parabacteroides_merdae,ERR1620290_sub,1e-06,EX_cpd00264_e0,-2.072446083506395e-05,0.011643028616518338,cpd00264_e0,import
S852C438_Parabacteroides_merdae,ERR1620290_sub,1e-06,EX_cpd01741_e0,-0.00043475962694749896,0.011643028616518338,cpd01741_e0,import
S852C438_Parabacteroides_merdae,ERR1620290_sub,1e-06,EX_cpd00084_e0,-0.0004979468676652413,0.011643028616518338,cpd00084_e0,import
S852C438_Parabacteroides_merdae,ERR1620290_sub,1e-06,EX_cpd00063_e0,-3.830341524347126e-05,0.011643028616518338,cpd00063_e0,import
S852C438_Parabacteroides_merdae,ERR1620290_sub,1e-06,EX_cpd00322_e0,-0.0018852815161150677,0.011643028616518338,cpd00322_e0,import
S852C438_Parabacteroides_merdae,ERR1620290_sub,1e-06,EX_cpd00029_e0,0.055389625877806374,0.011643028616518338,cpd00029_e0,export
S852C438_Parabacteroides_merdae,ERR1620290_sub,1e-06,EX_cpd00048_e0,-3.830341524347126e-05,0.011643028616518338,cpd00048_e0,import
S852C438_Parabacteroides_merdae,ERR1620290_sub,1e-06,EX_cpd00161_e0,-0.00126455178143474,0.011643028616518338,cpd00161_e0,import
S852C438_Parabacteroides_merdae,ERR1620290_sub,1e-06,EX_cpd00149_e0,-3.830341524347126e-05,0.011643028616518338,cpd00149_e0,import
S852C438_Parabacteroides_merdae,ERR1620290_sub,1e-06,EX_cpd00030_e0,-3.830341524347126e-05,0.011643028616518338,cpd00030_e0,import
S852C438_Parabacteroides_merdae,ERR1620290_sub,1e-06,EX_cpd00367_e0,-0.0016431277224744252,0.011643028616518338,cpd00367_e0,import
S852C438_Parabacteroides_merdae,ERR1620290_sub,1e-06,EX_cpd00220_e0,-4.14489216701279e-05,0.011643028616518338,cpd00220_e0,import
S852C438_Parabacteroides_merdae,ERR1620290_sub,1e-06,EX_cpd00058_e0,-3.830341524347126e-05,0.011643028616518338,cpd00058_e0,import
S852C438_Parabacteroides_merdae,ERR1620290_sub,1e-06,EX_cpd00006_e0,-4.1448921670158705e-05,0.011643028616518338,cpd00006_e0,import
S852C438_Parabacteroides_merdae,ERR1620290_sub,1e-06,EX_cpd00051_e0,-0.001495160355371004,0.011643028616518338,cpd00051_e0,import
S852C438_Parabacteroides_merdae,ERR1620290_sub,1e-06,EX_cpd00017_e0,-0.0007868014736544474,0.011643028616518338,cpd00017_e0,import
S852C438_Parabacteroides_merdae,ERR1620290_sub,1e-06,EX_cpd00010_e0,-4.144892167012859e-05,0.011643028616518338,cpd00010_e0,import
S852C438_Parabacteroides_merdae,ERR1620290_sub,1e-06,EX_cpd00448_e0,-0.0009834325553627467,0.011643028616518338,cpd00448_e0,import
S852C438_Parabacteroides_merdae,ERR1620290_sub,1e-06,EX_cpd00009_e0,-0.00503429297153824,0.011643028616518338,cpd00009_e0,import
S852C438_Parabacteroides_merdae,ERR1620290_sub,1e-06,EX_cpd00254_e0,-3.830341524347126e-05,0.011643028616518338,cpd00254_e0,import
S852C438_Parabacteroides_merdae,ERR1620290_sub,1e-06,EX_cpd00182_e0,-0.0002531971240610269,0.011643028616518338,cpd00182_e0,import
S852C438_Parabacteroides_merdae,ERR1620290_sub,1e-06,EX_cpd00067_e0,0.013799106815210906,0.011643028616518338,cpd00067_e0,export
S852C438_Parabacteroides_merdae,ERR1620290_sub,1e-06,EX_cpd10516_e0,-3.830341524347126e-05,0.011643028616518338,cpd10516_e0,import
S852C438_Parabacteroides_merdae,ERR1620290_sub,1e-06,EX_cpd00393_e0,-6.217338250519183e-05,0.011643028616518338,cpd00393_e0,import
S852C438_Parabacteroides_merdae,ERR1620290_sub,1e-06,EX_cpd03198_e0,-0.00010934859984133936,0.011643028616518338,cpd03198_e0,import
S852C438_Parabacteroides_merdae,ERR1620290_sub,1e-06,EX_cpd00023_e0,-0.0016122047138927946,0.011643028616518338,cpd00023_e0,import
S852C438_Parabacteroides_merdae,ERR1620290_sub,1e-06,EX_cpd00011_e0,0.031068095224285948,0.011643028616518338,cpd00011_e0,export
S852C438_Parabacteroides_merdae,ERR1620290_sub,1e-06,EX_cpd00065_e0,-0.00028334355268662154,0.011643028616518338,cpd00065_e0,import
S852C438_Parabacteroides_merdae,ERR1620290_sub,1e-06,EX_cpd00119_e0,-0.0004929637153127681,0.011643028616518338,cpd00119_e0,import
S852C438_Parabacteroides_merdae,ERR1620290_sub,1e-06,EX_cpd00107_e0,-0.00268284114589963,0.011643028616518338,cpd00107_e0,import
S898C754_Enterocloster_clostridioformis,ERR1620290_sub,1e-06,EX_cpd00204_e0,0.35043962046078164,0.14979991808084925,cpd00204_e0,export
S898C754_Enterocloster_clostridioformis,ERR1620290_sub,1e-06,EX_cpd00099_e0,-0.0006052353076981451,0.14979991808084925,cpd00099_e0,import
S898C754_Enterocloster_clostridioformis,ERR1620290_sub,1e-06,EX_cpd00156_e0,-0.029628780026934767,0.14979991808084925,cpd00156_e0,import
S898C754_Enterocloster_clostridioformis,ERR1620290_sub,1e-06,EX_cpd00034_e0,-0.0006052353076981451,0.14979991808084925,cpd00034_e0,import
S898C754_Enterocloster_clostridioformis,ERR1620290_sub,1e-06,EX_cpd00794_e0,-0.019608511836144427,0.14979991808084925,cpd00794_e0,import
S898C754_Enterocloster_clostridioformis,ERR1620290_sub,1e-06,EX_cpd00129_e0,-0.015504807657237479,0.14979991808084925,cpd00129_e0,import
S898C754_Enterocloster_clostridioformis,ERR1620290_sub,1e-06,EX_cpd00644_e0,-0.000857197878177729,0.14979991808084925,cpd00644_e0,import
S898C754_Enterocloster_clostridioformis,ERR1620290_sub,1e-06,EX_cpd00305_e0,-0.00042859893908884974,0.14979991808084925,cpd00305_e0,import
S898C754_Enterocloster_clostridioformis,ERR1620290_sub,1e-06,EX_cpd11606_e0,-0.6565732932879943,0.14979991808084925,cpd11606_e0,import
S898C754_Enterocloster_clostridioformis,ERR1620290_sub,1e-06,EX_cpd00205_e0,-0.0006052353076981451,0.14979991808084925,cpd00205_e0,import
S898C754_Enterocloster_clostridioformis,ERR1620290_sub,1e-06,EX_cpd00024_e0,0.010190039133013206,0.14979991808084925,cpd00024_e0,export
S898C754_Enterocloster_clostridioformis,ERR1620290_sub,1e-06,EX_cpd00132_e0,-0.014281782116844709,0.14979991808084925,cpd00132_e0,import
S898C754_Enterocloster_clostridioformis,ERR1620290_sub,1e-06,EX_cpd00137_e0,-0.06446684547128537,0.14979991808084925,cpd00137_e0,import
S898C754_Enterocloster_clostridioformis,ERR1620290_sub,1e-06,EX_cpd00122_e0,-0.017271256200877043,0.14979991808084925,cpd00122_e0,import
S898C754_Enterocloster_clostridioformis,ERR1620290_sub,1e-06,EX_cpd00012_e0,0.010735454096777624,0.14979991808084925,cpd00012_e0,export
S898C754_Enterocloster_clostridioformis,ERR1620290_sub,1e-06,EX_cpd00309_e0,0.5044447207055733,0.14979991808084925,cpd00309_e0,export
S898C754_Enterocloster_clostridioformis,ERR1620290_sub,1e-06,EX_cpd00064_e0,-0.08234505581744965,0.14979991808084925,cpd00064_e0,import
S898C754_Enterocloster_clostridioformis,ERR1620290_sub,1e-06,EX_cpd00311_e0,-0.4439855845557772,0.14979991808084925,cpd00311_e0,import
S898C754_Enterocloster_clostridioformis,ERR1620290_sub,1e-06,EX_cpd00033_e0,-0.04122854851937821,0.14979991808084925,cpd00033_e0,import
S898C754_Enterocloster_clostridioformis,ERR1620290_sub,1e-06,EX_cpd00039_e0,-0.031167425061622456,0.14979991808084925,cpd00039_e0,import
S898C754_Enterocloster_clostridioformis,ERR1620290_sub,1e-06,EX_cpd00069_e0,-0.010691610369240073,0.14979991808084925,cpd00069_e0,import
S898C754_Enterocloster_clostridioformis,ERR1620290_sub,1e-06,EX_cpd10515_e0,-0.0010338342467869949,0.14979991808084925,cpd10515_e0,import
S898C754_Enterocloster_clostridioformis,ERR1620290_sub,1e-06,EX_cpd00066_e0,-0.0169645478183515,0.14979991808084925,cpd00066_e0,import
S898C754_Enterocloster_clostridioformis,ERR1620290_sub,1e-06,EX_cpd00054_e0,-0.02593234214393899,0.14979991808084925,cpd00054_e0,import
S898C754_Enterocloster_clostridioformis,ERR1620290_sub,1e-06,EX_cpd00264_e0,-0.00042859893908884974,0.14979991808084925,cpd00264_e0,import
S898C754_Enterocloster_clostridioformis,ERR1620290_sub,1e-06,EX_cpd00084_e0,-0.00591248765246296,0.14979991808084925,cpd00084_e0,import
S898C754_Enterocloster_clostridioformis,ERR1620290_sub,1e-06,EX_cpd00036_e0,0.9104688441482155,0.14979991808084925,cpd00036_e0,export
S898C754_Enterocloster_clostridioformis,ERR1620290_sub,1e-06,EX_cpd00063_e0,-0.0006052353076981451,0.14979991808084925,cpd00063_e0,import
S898C754_Enterocloster_clostridioformis,ERR1620290_sub,1e-06,EX_cpd00106_e0,-0.6613406321510076,0.14979991808084925,cpd00106_e0,import
S898C754_Enterocloster_clostridioformis,ERR1620290_sub,1e-06,EX_cpd00322_e0,-0.0322054455559146,0.14979991808084925,cpd00322_e0,import
S898C754_Enterocloster_clostridioformis,ERR1620290_sub,1e-06,EX_cpd00246_e0,-0.0010174061482807616,0.14979991808084925,cpd00246_e0,import
S898C754_Enterocloster_clostridioformis,ERR1620290_sub,1e-06,EX_cpd00029_e0,0.49198704969156737,0.14979991808084925,cpd00029_e0,export
S898C754_Enterocloster_clostridioformis,ERR1620290_sub,1e-06,EX_cpd00048_e0,-0.0006052353076981451,0.14979991808084925,cpd00048_e0,import
S898C754_Enterocloster_clostridioformis,ERR1620290_sub,1e-06,EX_cpd00118_e0,-0.00042859893908884974,0.14979991808084925,cpd00118_e0,import
S898C754_Enterocloster_clostridioformis,ERR1620290_sub,1e-06,EX_cpd00161_e0,-0.009279241765724054,0.14979991808084925,cpd00161_e0,import
S898C754_Enterocloster_clostridioformis,ERR1620290_sub,1e-06,EX_cpd00149_e0,-0.0006052353076981451,0.14979991808084925,cpd00149_e0,import
S898C754_Enterocloster_clostridioformis,ERR1620290_sub,1e-06,EX_cpd00028_e0,-0.00042859893908884974,0.14979991808084925,cpd00028_e0,import
S898C754_Enterocloster_clostridioformis,ERR1620290_sub,1e-06,EX_cpd00030_e0,-0.0006052353076981451,0.14979991808084925,cpd00030_e0,import
S898C754_Enterocloster_clostridioformis,ERR1620290_sub,1e-06,EX_cpd00367_e0,-0.30575145310963536,0.14979991808084925,cpd00367_e0,import
S898C754_Enterocloster_clostridioformis,ERR1620290_sub,1e-06,EX_cpd00220_e0,-0.0008571978781776995,0.14979991808084925,cpd00220_e0,import
S898C754_Enterocloster_clostridioformis,ERR1620290_sub,1e-06,EX_cpd00058_e0,-0.0006052353076981451,0.14979991808084925,cpd00058_e0,import
S898C754_Enterocloster_clostridioformis,ERR1620290_sub,1e-06,EX_cpd00060_e0,0.06223576295864783,0.14979991808084925,cpd00060_e0,export
S898C754_Enterocloster_clostridioformis,ERR1620290_sub,1e-06,EX_cpd00051_e0,0.06372350565404988,0.14979991808084925,cpd00051_e0,export
S898C754_Enterocloster_clostridioformis,ERR1620290_sub,1e-06,EX_cpd00017_e0,-0.0744498847658757,0.14979991808084925,cpd00017_e0,import
S898C754_Enterocloster_clostridioformis,ERR1620290_sub,1e-06,EX_cpd00100_e0,-0.3061504898754415,0.14979991808084925,cpd00100_e0,import
S898C754_Enterocloster_clostridioformis,ERR1620290_sub,1e-06,EX_cpd00448_e0,0.006077431123158794,0.14979991808084925,cpd00448_e0,export
S898C754_Enterocloster_clostridioformis,ERR1620290_sub,1e-06,EX_cpd00307_e0,0.30575145310963536,0.14979991808084925,cpd00307_e0,export
S898C754_Enterocloster_clostridioformis,ERR1620290_sub,1e-06,EX_cpd00003_e0,-0.000857197878177729,0.14979991808084925,cpd00003_e0,import
S898C754_Enterocloster_clostridioformis,ERR1620290_sub,1e-06,EX_cpd00009_e0,-0.13107581680136418,0.14979991808084925,cpd00009_e0,import
S898C754_Enterocloster_clostridioformis,ERR1620290_sub,1e-06,EX_cpd00254_e0,-0.0006052353076981451,0.14979991808084925,cpd00254_e0,import
S898C754_Enterocloster_clostridioformis,ERR1620290_sub,1e-06,EX_cpd11451_e0,0.6565732932879943,0.14979991808084925,cpd11451_e0,export
S898C754_Enterocloster_clostridioformis,ERR1620290_sub,1e-06,EX_cpd00067_e0,0.4396262311898969,0.14979991808084925,cpd00067_e0,export
S898C754_Enterocloster_clostridioformis,ERR1620290_sub,1e-06,EX_cpd10516_e0,-0.0006052353076981451,0.14979991808084925,cpd10516_e0,import
S898C754_Enterocloster_clostridioformis,ERR1620290_sub,1e-06,EX_cpd00393_e0,-0.0012857968172665492,0.14979991808084925,cpd00393_e0,import
S898C754_Enterocloster_clostridioformis,ERR1620290_sub,1e-06,EX_cpd00092_e0,-0.010428179906425746,0.14979991808084925,cpd00092_e0,import
S898C754_Enterocloster_clostridioformis,ERR1620290_sub,1e-06,EX_cpd00011_e0,0.6390276430178614,0.14979991808084925,cpd00011_e0,export
S898C754_Enterocloster_clostridioformis,ERR1620290_sub,1e-06,EX_cpd00065_e0,-0.0052471740926528935,0.14979991808084925,cpd00065_e0,import
S898C754_Enterocloster_clostridioformis,ERR1620290_sub,1e-06,EX_cpd00119_e0,-0.007890487357372774,0.14979991808084925,cpd00119_e0,import
S898C754_Enterocloster_clostridioformis,ERR1620290_sub,1e-06,EX_cpd00107_e0,0.16406083418063738,0.14979991808084925,cpd00107_e0,export
S908C121_CAG_279_sp000437795,ERR1620290_sub,1e-06,EX_cpd00099_e0,-4.579772154522803e-06,0.001391482299109552,cpd00099_e0,import
S908C121_CAG_279_sp000437795,ERR1620290_sub,1e-06,EX_cpd00025_e0,2.4779333134295915e-06,0.001391482299109552,cpd00025_e0,export
S908C121_CAG_279_sp000437795,ERR1620290_sub,1e-06,EX_cpd00034_e0,-4.579772154522803e-06,0.001391482299109552,cpd00034_e0,import
S908C121_CAG_279_sp000437795,ERR1620290_sub,1e-06,EX_cpd00324_e0,0.00022045901442378017,0.001391482299109552,cpd00324_e0,export
S908C121_CAG_279_sp000437795,ERR1620290_sub,1e-06,EX_cpd00105_e0,-1.0526692511505945e-05,0.001391482299109552,cpd00105_e0,import
S908C121_CAG_279_sp000437795,ERR1620290_sub,1e-06,EX_cpd00129_e0,-0.00013174836777413824,0.001391482299109552,cpd00129_e0,import
S908C121_CAG_279_sp000437795,ERR1620290_sub,1e-06,EX_cpd00053_e0,-0.00016923296153635998,0.001391482299109552,cpd00053_e0,import
S908C121_CAG_279_sp000437795,ERR1620290_sub,1e-06,EX_cpd00080_e0,-0.0039103145624822845,0.001391482299109552,cpd00080_e0,import
S908C121_CAG_279_sp000437795,ERR1620290_sub,1e-06,EX_cpd11606_e0,-7.433799940288775e-06,0.001391482299109552,cpd11606_e0,import
S908C121_CAG_279_sp000437795,ERR1620290_sub,1e-06,EX_cpd00229_e0,7.4337999402887545e-06,0.001391482299109552,cpd00229_e0,export
S908C121_CAG_279_sp000437795,ERR1620290_sub,1e-06,EX_cpd00035_e0,-0.0005818753521445568,0.001391482299109552,cpd00035_e0,import
S908C121_CAG_279_sp000437795,ERR1620290_sub,1e-06,EX_cpd00205_e0,-4.579772154522803e-06,0.001391482299109552,cpd00205_e0,import
S908C121_CAG_279_sp000437795,ERR1620290_sub,1e-06,EX_cpd00132_e0,-0.0001436684581917983,0.001391482299109552,cpd00132_e0,import
S908C121_CAG_279_sp000437795,ERR1620290_sub,1e-06,EX_cpd00007_e0,-0.0060976542221241005,0.001391482299109552,cpd00007_e0,import
S908C121_CAG_279_sp000437795,ERR1620290_sub,1e-06,EX_cpd00013_e0,0.0016715435798081515,0.001391482299109552,cpd00013_e0,export
S908C121_CAG_279_sp000437795,ERR1620290_sub,1e-06,EX_cpd00064_e0,-4.955866626859183e-06,0.001391482299109552,cpd00064_e0,import
S908C121_CAG_279_sp000437795,ERR1620290_sub,1e-06,EX_cpd00276_e0,-0.0013684726546107427,0.001391482299109552,cpd00276_e0,import
S908C121_CAG_279_sp000437795,ERR1620290_sub,1e-06,EX_cpd00239_e0,4.955866626859183e-06,0.001391482299109552,cpd00239_e0,export
S908C121_CAG_279_sp000437795,ERR1620290_sub,1e-06,EX_cpd00311_e0,-0.00015112269156940678,0.001391482299109552,cpd00311_e0,import
S908C121_CAG_279_sp000437795,ERR1620290_sub,1e-06,EX_cpd00033_e0,-0.00038432474081252164,0.001391482299109552,cpd00033_e0,import
S908C121_CAG_279_sp000437795,ERR1620290_sub,1e-06,EX_cpd00039_e0,-0.00020452365663985295,0.001391482299109552,cpd00039_e0,import
S908C121_CAG_279_sp000437795,ERR1620290_sub,1e-06,EX_cpd00216_e0,-8.961968650415627e-05,0.001391482299109552,cpd00216_e0,import
S908C121_CAG_279_sp000437795,ERR1620290_sub,1e-06,EX_cpd10515_e0,-9.535638781381986e-06,0.001391482299109552,cpd10515_e0,import
S908C121_CAG_279_sp000437795,ERR1620290_sub,1e-06,EX_cpd00066_e0,-0.00011041767965832536,0.001391482299109552,cpd00066_e0,import
S908C121_CAG_279_sp000437795,ERR1620290_sub,1e-06,EX_cpd00054_e0,-0.00017609614098245714,0.001391482299109552,cpd00054_e0,import
S908C121_CAG_279_sp000437795,ERR1620290_sub,1e-06,EX_cpd00084_e0,-6.449319990300414e-05,0.001391482299109552,cpd00084_e0,import
S908C121_CAG_279_sp000437795,ERR1620290_sub,1e-06,EX_cpd00036_e0,0.0004866876054957251,0.001391482299109552,cpd00036_e0,export
S908C121_CAG_279_sp000437795,ERR1620290_sub,1e-06,EX_cpd00063_e0,-4.579772154522803e-06,0.001391482299109552,cpd00063_e0,import
S908C121_CAG_279_sp000437795,ERR1620290_sub,1e-06,EX_cpd00029_e0,0.0031859129980738496,0.001391482299109552,cpd00029_e0,export
S908C121_CAG_279_sp000437795,ERR1620290_sub,1e-06,EX_cpd00048_e0,-4.579772154522803e-06,0.001391482299109552,cpd00048_e0,import
S908C121_CAG_279_sp000437795,ERR1620290_sub,1e-06,EX_cpd00161_e0,-0.0001511969363503207,0.001391482299109552,cpd00161_e0,import
S908C121_CAG_279_sp000437795,ERR1620290_sub,1e-06,EX_cpd00149_e0,-4.579772154522803e-06,0.001391482299109552,cpd00149_e0,import
S908C121_CAG_279_sp000437795,ERR1620290_sub,1e-06,EX_cpd00030_e0,-4.579772154522803e-06,0.001391482299109552,cpd00030_e0,import
S908C121_CAG_279_sp000437795,ERR1620290_sub,1e-06,EX_cpd00367_e0,-0.0001964616090205035,0.001391482299109552,cpd00367_e0,import
S908C121_CAG_279_sp000437795,ERR1620290_sub,1e-06,EX_cpd00220_e0,-4.955866626859183e-06,0.001391482299109552,cpd00220_e0,import
S908C121_CAG_279_sp000437795,ERR1620290_sub,1e-06,EX_cpd00058_e0,-4.579772154522803e-06,0.001391482299109552,cpd00058_e0,import
S908C121_CAG_279_sp000437795,ERR1620290_sub,1e-06,EX_cpd00060_e0,-0.0003120554986857999,0.001391482299109552,cpd00060_e0,import
S908C121_CAG_279_sp000437795,ERR1620290_sub,1e-06,EX_cpd00051_e0,-0.00017629186354539448,0.001391482299109552,cpd00051_e0,import
S908C121_CAG_279_sp000437795,ERR1620290_sub,1e-06,EX_cpd00017_e0,-7.433799940288775e-06,0.001391482299109552,cpd00017_e0,import
S908C121_CAG_279_sp000437795,ERR1620290_sub,1e-06,EX_cpd00001_e0,0.009828797601194122,0.001391482299109552,cpd00001_e0,export
S908C121_CAG_279_sp000437795,ERR1620290_sub,1e-06,EX_cpd00041_e0,-0.0001597659765879509,0.001391482299109552,cpd00041_e0,import
S908C121_CAG_279_sp000437795,ERR1620290_sub,1e-06,EX_cpd00003_e0,-4.955866626858494e-06,0.001391482299109552,cpd00003_e0,import
S908C121_CAG_279_sp000437795,ERR1620290_sub,1e-06,EX_cpd00009_e0,0.0032885626615987186,0.001391482299109552,cpd00009_e0,export
S908C121_CAG_279_sp000437795,ERR1620290_sub,1e-06,EX_cpd00254_e0,-4.579772154522803e-06,0.001391482299109552,cpd00254_e0,import
S908C121_CAG_279_sp000437795,ERR1620290_sub,1e-06,EX_cpd11451_e0,7.433799940288775e-06,0.001391482299109552,cpd11451_e0,export
S908C121_CAG_279_sp000437795,ERR1620290_sub,1e-06,EX_cpd00182_e0,-0.00012187015910301605,0.001391482299109552,cpd00182_e0,import
S908C121_CAG_279_sp000437795,ERR1620290_sub,1e-06,EX_cpd00067_e0,0.0021634018557116362,0.001391482299109552,cpd00067_e0,export
S908C121_CAG_279_sp000437795,ERR1620290_sub,1e-06,EX_cpd10516_e0,-4.579772154522803e-06,0.001391482299109552,cpd10516_e0,import
S908C121_CAG_279_sp000437795,ERR1620290_sub,1e-06,EX_cpd00023_e0,-0.0006893636186222449,0.001391482299109552,cpd00023_e0,import
S908C121_CAG_279_sp000437795,ERR1620290_sub,1e-06,EX_cpd00011_e0,0.0070265238733876545,0.001391482299109552,cpd00011_e0,export
S908C121_CAG_279_sp000437795,ERR1620290_sub,1e-06,EX_cpd00065_e0,-3.387815171334978e-05,0.001391482299109552,cpd00065_e0,import
S908C121_CAG_279_sp000437795,ERR1620290_sub,1e-06,EX_cpd00119_e0,-5.646358618891649e-05,0.001391482299109552,cpd00119_e0,import
S908C121_CAG_279_sp000437795,ERR1620290_sub,1e-06,EX_cpd00047_e0,-3.611833965413325e-06,0.001391482299109552,cpd00047_e0,import
S908C121_CAG_279_sp000437795,ERR1620290_sub,1e-06,EX_cpd00158_e0,-2.1659296139659684e-05,0.001391482299109552,cpd00158_e0,import
S975C400_Phocaeicola_dorei,ERR1620290_sub,1e-06,EX_cpd00204_e0,0.00017735055943104695,0.09962256949551565,cpd00204_e0,export
S975C400_Phocaeicola_dorei,ERR1620290_sub,1e-06,EX_cpd00099_e0,-0.0003277832979884303,0.09962256949551565,cpd00099_e0,import
S975C400_Phocaeicola_dorei,ERR1620290_sub,1e-06,EX_cpd00156_e0,-0.018050737481799833,0.09962256949551565,cpd00156_e0,import
S975C400_Phocaeicola_dorei,ERR1620290_sub,1e-06,EX_cpd00034_e0,-0.0003277832979884303,0.09962256949551565,cpd00034_e0,import
S975C400_Phocaeicola_dorei,ERR1620290_sub,1e-06,EX_cpd00105_e0,-0.1787527383722828,0.09962256949551565,cpd00105_e0,import
S975C400_Phocaeicola_dorei,ERR1620290_sub,1e-06,EX_cpd03847_e0,-0.000620079364756562,0.09962256949551565,cpd03847_e0,import
S975C400_Phocaeicola_dorei,ERR1620290_sub,1e-06,EX_cpd00129_e0,-0.00942948972929842,0.09962256949551565,cpd00129_e0,import
S975C400_Phocaeicola_dorei,ERR1620290_sub,1e-06,EX_cpd00205_e0,-0.0003277832979884303,0.09962256949551565,cpd00205_e0,import
S975C400_Phocaeicola_dorei,ERR1620290_sub,1e-06,EX_cpd00132_e0,-0.0102826340381397,0.09962256949551565,cpd00132_e0,import
S975C400_Phocaeicola_dorei,ERR1620290_sub,1e-06,EX_cpd00137_e0,-0.023780647624619816,0.09962256949551565,cpd00137_e0,import
S975C400_Phocaeicola_dorei,ERR1620290_sub,1e-06,EX_cpd00122_e0,1.8723040486624736,0.09962256949551565,cpd00122_e0,export
S975C400_Phocaeicola_dorei,ERR1620290_sub,1e-06,EX_cpd00309_e0,0.08896917473665751,0.09962256949551565,cpd00309_e0,export
S975C400_Phocaeicola_dorei,ERR1620290_sub,1e-06,EX_cpd00222_e0,-0.07471275904928767,0.09962256949551565,cpd00222_e0,import
S975C400_Phocaeicola_dorei,ERR1620290_sub,1e-06,EX_cpd00832_e0,0.936152024331237,0.09962256949551565,cpd00832_e0,export
S975C400_Phocaeicola_dorei,ERR1620290_sub,1e-06,EX_cpd00064_e0,-0.00017735055943104695,0.09962256949551565,cpd00064_e0,import
S975C400_Phocaeicola_dorei,ERR1620290_sub,1e-06,EX_cpd00055_e0,-0.008415770873092969,0.09962256949551565,cpd00055_e0,import
S975C400_Phocaeicola_dorei,ERR1620290_sub,1e-06,EX_cpd00311_e0,-0.09978532291437617,0.09962256949551565,cpd00311_e0,import
S975C400_Phocaeicola_dorei,ERR1620290_sub,1e-06,EX_cpd00033_e0,-0.02648785836863203,0.09962256949551565,cpd00033_e0,import
S975C400_Phocaeicola_dorei,ERR1620290_sub,1e-06,EX_cpd00039_e0,-0.014638160246434707,0.09962256949551565,cpd00039_e0,import
S975C400_Phocaeicola_dorei,ERR1620290_sub,1e-06,EX_cpd00069_e0,-0.006059556057231514,0.09962256949551565,cpd00069_e0,import
S975C400_Phocaeicola_dorei,ERR1620290_sub,1e-06,EX_cpd10515_e0,-0.0005051338574194773,0.09962256949551565,cpd10515_e0,import
S975C400_Phocaeicola_dorei,ERR1620290_sub,1e-06,EX_cpd00066_e0,-0.007902810439792959,0.09962256949551565,cpd00066_e0,import
S975C400_Phocaeicola_dorei,ERR1620290_sub,1e-06,EX_cpd00054_e0,-0.011494359345081103,0.09962256949551565,cpd00054_e0,import
S975C400_Phocaeicola_dorei,ERR1620290_sub,1e-06,EX_cpd00264_e0,-0.00017735055943104695,0.09962256949551565,cpd00264_e0,import
S975C400_Phocaeicola_dorei,ERR1620290_sub,1e-06,EX_cpd01741_e0,-0.0031003968237828103,0.09962256949551565,cpd01741_e0,import
S975C400_Phocaeicola_dorei,ERR1620290_sub,1e-06,EX_cpd00084_e0,-0.004261204006714298,0.09962256949551565,cpd00084_e0,import
S975C400_Phocaeicola_dorei,ERR1620290_sub,1e-06,EX_cpd00036_e0,0.48677968385797554,0.09962256949551565,cpd00036_e0,export
S975C400_Phocaeicola_dorei,ERR1620290_sub,1e-06,EX_cpd00063_e0,-0.0003277832979884303,0.09962256949551565,cpd00063_e0,import
S975C400_Phocaeicola_dorei,ERR1620290_sub,1e-06,EX_cpd00322_e0,-0.016133386254484332,0.09962256949551565,cpd00322_e0,import
S975C400_Phocaeicola_dorei,ERR1620290_sub,1e-06,EX_cpd00184_e0,-0.0011091877106959042,0.09962256949551565,cpd00184_e0,import
S975C400_Phocaeicola_dorei,ERR1620290_sub,1e-06,EX_cpd00029_e0,0.30581281582881903,0.09962256949551565,cpd00029_e0,export
S975C400_Phocaeicola_dorei,ERR1620290_sub,1e-06,EX_cpd00048_e0,-0.0003277832979884303,0.09962256949551565,cpd00048_e0,import
S975C400_Phocaeicola_dorei,ERR1620290_sub,1e-06,EX_cpd00161_e0,-0.010821462022671053,0.09962256949551565,cpd00161_e0,import
S975C400_Phocaeicola_dorei,ERR1620290_sub,1e-06,EX_cpd00149_e0,-0.0003277832979884303,0.09962256949551565,cpd00149_e0,import
S975C400_Phocaeicola_dorei,ERR1620290_sub,1e-06,EX_cpd00028_e0,-0.00017735055943104695,0.09962256949551565,cpd00028_e0,import
S975C400_Phocaeicola_dorei,ERR1620290_sub,1e-06,EX_cpd00030_e0,-0.0003277832979884303,0.09962256949551565,cpd00030_e0,import
S975C400_Phocaeicola_dorei,ERR1620290_sub,1e-06,EX_cpd00367_e0,-0.00682155552884388,0.09962256949551565,cpd00367_e0,import
S975C400_Phocaeicola_dorei,ERR1620290_sub,1e-06,EX_cpd00220_e0,-0.0003547011188620939,0.09962256949551565,cpd00220_e0,import
S975C400_Phocaeicola_dorei,ERR1620290_sub,1e-06,EX_cpd00058_e0,-0.0003277832979884303,0.09962256949551565,cpd00058_e0,import
S975C400_Phocaeicola_dorei,ERR1620290_sub,1e-06,EX_cpd00060_e0,-0.0058463382407404115,0.09962256949551565,cpd00060_e0,import
S975C400_Phocaeicola_dorei,ERR1620290_sub,1e-06,EX_cpd02992_e0,-0.9361520243312368,0.09962256949551565,cpd02992_e0,import
S975C400_Phocaeicola_dorei,ERR1620290_sub,1e-06,EX_cpd00006_e0,-0.0003547011188621066,0.09962256949551565,cpd00006_e0,import
S975C400_Phocaeicola_dorei,ERR1620290_sub,1e-06,EX_cpd00051_e0,-0.012617555304442168,0.09962256949551565,cpd00051_e0,import
S975C400_Phocaeicola_dorei,ERR1620290_sub,1e-06,EX_cpd00082_e0,1.0041372955264927,0.09962256949551565,cpd00082_e0,export
S975C400_Phocaeicola_dorei,ERR1620290_sub,1e-06,EX_cpd00017_e0,-0.0008867527971552348,0.09962256949551565,cpd00017_e0,import
S975C400_Phocaeicola_dorei,ERR1620290_sub,1e-06,EX_cpd00001_e0,-2.8084560729937103,0.09962256949551565,cpd00001_e0,import
S975C400_Phocaeicola_dorei,ERR1620290_sub,1e-06,EX_cpd00010_e0,-0.00035470111886209965,0.09962256949551565,cpd00010_e0,import
S975C400_Phocaeicola_dorei,ERR1620290_sub,1e-06,EX_cpd00009_e0,-0.04308120157854751,0.09962256949551565,cpd00009_e0,import
S975C400_Phocaeicola_dorei,ERR1620290_sub,1e-06,EX_cpd00254_e0,-0.0003277832979884303,0.09962256949551565,cpd00254_e0,import
S975C400_Phocaeicola_dorei,ERR1620290_sub,1e-06,EX_cpd90017_e0,0.9361520243312368,0.09962256949551565,cpd90017_e0,export
S975C400_Phocaeicola_dorei,ERR1620290_sub,1e-06,EX_cpd00182_e0,-0.008013084674143633,0.09962256949551565,cpd00182_e0,import
S975C400_Phocaeicola_dorei,ERR1620290_sub,1e-06,EX_cpd00067_e0,1.0824771224582617,0.09962256949551565,cpd00067_e0,export
S975C400_Phocaeicola_dorei,ERR1620290_sub,1e-06,EX_cpd10516_e0,-0.0003277832979884303,0.09962256949551565,cpd10516_e0,import
S975C400_Phocaeicola_dorei,ERR1620290_sub,1e-06,EX_cpd00249_e0,-0.006130400406931441,0.09962256949551565,cpd00249_e0,import
S975C400_Phocaeicola_dorei,ERR1620290_sub,1e-06,EX_cpd11640_e0,0.12042222750740766,0.09962256949551565,cpd11640_e0,export
S975C400_Phocaeicola_dorei,ERR1620290_sub,1e-06,EX_cpd00065_e0,-0.002424725930391018,0.09962256949551565,cpd00065_e0,import
S975C400_Phocaeicola_dorei,ERR1620290_sub,1e-06,EX_cpd00119_e0,-0.004041209883985044,0.09962256949551565,cpd00119_e0,import
S975C400_Phocaeicola_dorei,ERR1620290_sub,1e-06,EX_cpd00158_e0,-0.6093401421764741,0.09962256949551565,cpd00158_e0,import
medium,ERR1620290_sub,1e-06,EX_cpd00060_m,-0.018,,cpd00060_m,import
medium,ERR1620290_sub,1e-06,EX_cpd00367_m,-0.1,,cpd00367_m,import
medium,ERR1620290_sub,1e-06,EX_cpd00013_m,0.6463499128725919,,cpd00013_m,export
medium,ERR1620290_sub,1e-06,EX_cpd00254_m,-0.000731190745113619,,cpd00254_m,import
medium,ERR1620290_sub,1e-06,EX_cpd11451_m,0.09999999999999999,,cpd11451_m,export
medium,ERR1620290_sub,1e-06,EX_cpd00138_m,-0.0148986,,cpd00138_m,import
medium,ERR1620290_sub,1e-06,EX_cpd00065_m,-0.005542624233502737,,cpd00065_m,import
medium,ERR1620290_sub,1e-06,EX_cpd00080_m,-0.0056523448823189455,,cpd00080_m,import
medium,ERR1620290_sub,1e-06,EX_cpd00309_m,0.21016152621493803,,cpd00309_m,export
medium,ERR1620290_sub,1e-06,EX_cpd00048_m,-0.000731190745113619,,cpd00048_m,import
medium,ERR1620290_sub,1e-06,EX_cpd00011_m,1.8071317616909064,,cpd00011_m,export
medium,ERR1620290_sub,1e-06,EX_cpd01080_m,-0.000691881004871401,,cpd01080_m,import
medium,ERR1620290_sub,1e-06,EX_cpd00058_m,-0.000731190745113619,,cpd00058_m,import
medium,ERR1620290_sub,1e-06,EX_cpd00076_m,-0.0074493,,cpd00076_m,import
medium,ERR1620290_sub,1e-06,EX_cpd00092_m,0.022429901539817474,,cpd00092_m,export
medium,ERR1620290_sub,1e-06,EX_cpd00751_m,-0.0148986,,cpd00751_m,import
medium,ERR1620290_sub,1e-06,EX_cpd00041_m,-0.0225,,cpd00041_m,import
medium,ERR1620290_sub,1e-06,EX_cpd00184_m,-0.0014773169632264374,,cpd00184_m,import
medium,ERR1620290_sub,1e-06,EX_cpd03198_m,-0.0074493,,cpd03198_m,import
medium,ERR1620290_sub,1e-06,EX_cpd10515_m,-0.0011424144001107154,,cpd10515_m,import
medium,ERR1620290_sub,1e-06,EX_cpd11606_m,-0.1,,cpd11606_m,import
medium,ERR1620290_sub,1e-06,EX_cpd00322_m,-0.015,,cpd00322_m,import
medium,ERR1620290_sub,1e-06,EX_cpd00222_m,-0.0148986,,cpd00222_m,import
medium,ERR1620290_sub,1e-06,EX_cpd00324_m,0.05692247661179699,,cpd00324_m,export
medium,ERR1620290_sub,1e-06,EX_cpd03847_m,-0.00017951043315375198,,cpd03847_m,import
medium,ERR1620290_sub,1e-06,EX_cpd00030_m,-0.000731190745113619,,cpd00030_m,import
medium,ERR1620290_sub,1e-06,EX_cpd00305_m,-0.0003804218744707853,,cpd00305_m,import
medium,ERR1620290_sub,1e-06,EX_cpd00007_m,-0.001,,cpd00007_m,import
medium,ERR1620290_sub,1e-06,EX_cpd00117_m,-3.1258931445691305e-06,,cpd00117_m,import
medium,ERR1620290_sub,1e-06,EX_cpd00161_m,-0.0225,,cpd00161_m,import
medium,ERR1620290_sub,1e-06,EX_cpd00158_m,-0.074493,,cpd00158_m,import
medium,ERR1620290_sub,1e-06,EX_cpd00380_m,0.000918564743002357,,cpd00380_m,export
medium,ERR1620290_sub,1e-06,EX_cpd00149_m,-0.000731190745113619,,cpd00149_m,import
medium,ERR1620290_sub,1e-06,EX_cpd00132_m,-0.022120437237906618,,cpd00132_m,import
medium,ERR1620290_sub,1e-06,EX_cpd00277_m,-0.1,,cpd00277_m,import
medium,ERR1620290_sub,1e-06,EX_cpd00036_m,0.17547619837783238,,cpd00036_m,export
medium,ERR1620290_sub,1e-06,EX_cpd00118_m,-7.760233401116678e-05,,cpd00118_m,import
medium,ERR1620290_sub,1e-06,EX_cpd00307_m,0.050274406220841616,,cpd00307_m,export
medium,ERR1620290_sub,1e-06,EX_cpd00067_m,0.5654025999559387,,cpd00067_m,export
medium,ERR1620290_sub,1e-06,EX_cpd00239_m,-0.00019409038464543714,,cpd00239_m,import
medium,ERR1620290_sub,1e-06,EX_cpd00029_m,0.32984147824845944,,cpd00029_m,export
medium,ERR1620290_sub,1e-06,EX_cpd00204_m,0.07507068780135628,,cpd00204_m,export
medium,ERR1620290_sub,1e-06,EX_cpd00182_m,-0.039963152096409015,,cpd00182_m,import
medium,ERR1620290_sub,1e-06,EX_cpd00129_m,-0.018,,cpd00129_m,import
medium,ERR1620290_sub,1e-06,EX_cpd00055_m,-0.0008384007186630407,,cpd00055_m,import
medium,ERR1620290_sub,1e-06,EX_cpd00122_m,-0.1,,cpd00122_m,import
medium,ERR1620290_sub,1e-06,EX_cpd00039_m,-0.015,,cpd00039_m,import
medium,ERR1620290_sub,1e-06,EX_cpd01741_m,-0.0006339054824797793,,cpd01741_m,import
medium,ERR1620290_sub,1e-06,EX_cpd00106_m,-0.1,,cpd00106_m,import
medium,ERR1620290_sub,1e-06,EX_cpd10516_m,-0.000731190745113619,,cpd10516_m,import
medium,ERR1620290_sub,1e-06,EX_cpd00075_m,-0.0219036323319797,,cpd00075_m,import
medium,ERR1620290_sub,1e-06,EX_cpd11640_m,1.006274119059366,,cpd11640_m,export
medium,ERR1620290_sub,1e-06,EX_cpd00382_m,-0.0047,,cpd00382_m,import
medium,ERR1620290_sub,1e-06,EX_cpd00063_m,-0.000731190745113619,,cpd00063_m,import
medium,ERR1620290_sub,1e-06,EX_cpd00119_m,-0.009089740865947287,,cpd00119_m,import
medium,ERR1620290_sub,1e-06,EX_cpd00064_m,-0.012659280978654123,,cpd00064_m,import
medium,ERR1620290_sub,1e-06,EX_cpd00035_m,-0.02643793551770834,,cpd00035_m,import
medium,ERR1620290_sub,1e-06,EX_cpd00033_m,-0.014416230152383736,,cpd00033_m,import
medium,ERR1620290_sub,1e-06,EX_cpd00051_m,-0.015,,cpd00051_m,import
medium,ERR1620290_sub,1e-06,EX_cpd00211_m,0.896206973436636,,cpd00211_m,export
medium,ERR1620290_sub,1e-06,EX_cpd00363_m,0.014827979228557664,,cpd00363_m,export
medium,ERR1620290_sub,1e-06,EX_cpd00453_m,0.0148986,,cpd00453_m,export
medium,ERR1620290_sub,1e-06,EX_cpd00179_m,-0.0074493,,cpd00179_m,import
medium,ERR1620290_sub,1e-06,EX_cpd00264_m,-0.00040920839948061486,,cpd00264_m,import
medium,ERR1620290_sub,1e-06,EX_cpd00107_m,-0.015,,cpd00107_m,import
medium,ERR1620290_sub,1e-06,EX_cpd00066_m,-0.017653457492156667,,cpd00066_m,import
medium,ERR1620290_sub,1e-06,EX_cpd00069_m,-0.013122497533751443,,cpd00069_m,import
medium,ERR1620290_sub,1e-06,EX_cpd00393_m,-0.0002668440696052299,,cpd00393_m,import
medium,ERR1620290_sub,1e-06,EX_cpd00028_m,-0.0004107341680152791,,cpd00028_m,import
medium,ERR1620290_sub,1e-06,EX_cpd00023_m,-0.018,,cpd00023_m,import
medium,ERR1620290_sub,1e-06,EX_cpd00047_m,0.0599339961900664,,cpd00047_m,export
medium,ERR1620290_sub,1e-06,EX_cpd00034_m,-0.0007311907451136189,,cpd00034_m,import
medium,ERR1620290_sub,1e-06,EX_cpd00053_m,-0.018,,cpd00053_m,import
medium,ERR1620290_sub,1e-06,EX_cpd00084_m,-0.05133332033781446,,cpd00084_m,import
medium,ERR1620290_sub,1e-06,EX_cpd00133_m,-0.00021518128557985233,,cpd00133_m,import
medium,ERR1620290_sub,1e-06,EX_cpd02992_m,-0.0932618701023063,,cpd02992_m,import
medium,ERR1620290_sub,1e-06,EX_cpd00009_m,-0.1,,cpd00009_m,import
medium,ERR1620290_sub,1e-06,EX_cpd00054_m,-0.1,,cpd00054_m,import
medium,ERR1620290_sub,1e-06,EX_cpd00105_m,-0.0179,,cpd00105_m,import
medium,ERR1620290_sub,1e-06,EX_cpd00027_m,-1e-05,,cpd00027_m,import
medium,ERR1620290_sub,1e-06,EX_cpd00276_m,-0.1,,cpd00276_m,import
medium,ERR1620290_sub,1e-06,EX_cpd00001_m,-0.2971316923268329,,cpd00001_m,import
medium,ERR1620290_sub,1e-06,EX_cpd90017_m,0.0932618701023063,,cpd90017_m,export
medium,ERR1620290_sub,1e-06,EX_cpd00794_m,-0.074493,,cpd00794_m,import
medium,ERR1620290_sub,1e-06,EX_cpd00220_m,-0.0008219392450845315,,cpd00220_m,import
medium,ERR1620290_sub,1e-06,EX_cpd00099_m,-0.000731190745113619,,cpd00099_m,import
medium,ERR1620290_sub,1e-06,EX_cpd00311_m,-0.1,,cpd00311_m,import
medium,ERR1620290_sub,1e-06,EX_cpd00249_m,-0.0019039289412941507,,cpd00249_m,import
medium,ERR1620290_sub,1e-06,EX_cpd00137_m,-0.01834816232072908,,cpd00137_m,import
medium,ERR1620290_sub,1e-06,EX_cpd00644_m,-0.0008219509270116794,,cpd00644_m,import
medium,ERR1620290_sub,1e-06,EX_cpd00100_m,-0.04885871048898353,,cpd00100_m,import
medium,ERR1620290_sub,1e-06,EX_cpd00156_m,-0.018,,cpd00156_m,import
medium,ERR1620290_sub,1e-06,EX_cpd00205_m,-0.0007311907451136189,,cpd00205_m,import
medium,ERR1620290_sub,1e-06,EX_cpd00017_m,-0.011903088867368737,,cpd00017_m,import
