taxon,sample_id,tolerance,reaction,flux,abundance,metabolite,direction
S1023C114_Ruminococcus_C_callidus,ERR1620339_sub,1e-06,EX_cpd00051_e0,-0.12006774111975171,0.04689916414280319,cpd00051_e0,import
S1023C114_Ruminococcus_C_callidus,ERR1620339_sub,1e-06,EX_cpd00003_e0,-0.005527027128375828,0.04689916414280319,cpd00003_e0,import
S1023C114_Ruminococcus_C_callidus,ERR1620339_sub,1e-06,EX_cpd01217_e0,-0.07276568311394421,0.04689916414280319,cpd01217_e0,import
S1023C114_Ruminococcus_C_callidus,ERR1620339_sub,1e-06,EX_cpd00030_e0,-0.0039024267906580556,0.04689916414280319,cpd00030_e0,import
S1023C114_Ruminococcus_C_callidus,ERR1620339_sub,1e-06,EX_cpd00132_e0,-0.09208585229947039,0.04689916414280319,cpd00132_e0,import
S1023C114_Ruminococcus_C_callidus,ERR1620339_sub,1e-06,EX_cpd00182_e0,-0.0387109736720161,0.04689916414280319,cpd00182_e0,import
S1023C114_Ruminococcus_C_callidus,ERR1620339_sub,1e-06,EX_cpd00058_e0,-0.0039024267906580556,0.04689916414280319,cpd00058_e0,import
S1023C114_Ruminococcus_C_callidus,ERR1620339_sub,1e-06,EX_cpd00048_e0,-0.0039024267906580556,0.04689916414280319,cpd00048_e0,import
S1023C114_Ruminococcus_C_callidus,ERR1620339_sub,1e-06,EX_cpd00054_e0,-1.5569810121030514,0.04689916414280319,cpd00054_e0,import
S1023C114_Ruminococcus_C_callidus,ERR1620339_sub,1e-06,EX_cpd00099_e0,-0.0039024267906580556,0.04689916414280319,cpd00099_e0,import
S1023C114_Ruminococcus_C_callidus,ERR1620339_sub,1e-06,EX_cpd90003_e0,-0.006411713327369976,0.04689916414280319,cpd90003_e0,import
S1023C114_Ruminococcus_C_callidus,ERR1620339_sub,1e-06,EX_cpd00324_e0,1.3488889009491754,0.04689916414280319,cpd00324_e0,export
S1023C114_Ruminococcus_C_callidus,ERR1620339_sub,1e-06,EX_cpd00082_e0,-8.863144338959973,0.04689916414280319,cpd00082_e0,import
S1023C114_Ruminococcus_C_callidus,ERR1620339_sub,1e-06,EX_cpd00041_e0,-0.30234960667166944,0.04689916414280319,cpd00041_e0,import
S1023C114_Ruminococcus_C_callidus,ERR1620339_sub,1e-06,EX_cpd00309_e0,0.07276568311394421,0.04689916414280319,cpd00309_e0,export
S1023C114_Ruminococcus_C_callidus,ERR1620339_sub,1e-06,EX_cpd00161_e0,-0.32917844559622716,0.04689916414280319,cpd00161_e0,import
S1023C114_Ruminococcus_C_callidus,ERR1620339_sub,1e-06,EX_cpd00149_e0,-0.0039024267906580556,0.04689916414280319,cpd00149_e0,import
S1023C114_Ruminococcus_C_callidus,ERR1620339_sub,1e-06,EX_cpd00254_e0,-0.0039024267906580556,0.04689916414280319,cpd00254_e0,import
S1023C114_Ruminococcus_C_callidus,ERR1620339_sub,1e-06,EX_cpd00067_e0,22.954862127215794,0.04689916414280319,cpd00067_e0,export
S1023C114_Ruminococcus_C_callidus,ERR1620339_sub,1e-06,EX_cpd00009_e0,-0.7067088226651417,0.04689916414280319,cpd00009_e0,import
S1023C114_Ruminococcus_C_callidus,ERR1620339_sub,1e-06,EX_cpd00055_e0,-0.005527027128371609,0.04689916414280319,cpd00055_e0,import
S1023C114_Ruminococcus_C_callidus,ERR1620339_sub,1e-06,EX_cpd00060_e0,-0.06493645653724568,0.04689916414280319,cpd00060_e0,import
S1023C114_Ruminococcus_C_callidus,ERR1620339_sub,1e-06,EX_cpd00053_e0,-0.3554921736949215,0.04689916414280319,cpd00053_e0,import
S1023C114_Ruminococcus_C_callidus,ERR1620339_sub,1e-06,EX_cpd00065_e0,-0.03383264739179439,0.04689916414280319,cpd00065_e0,import
S1023C114_Ruminococcus_C_callidus,ERR1620339_sub,1e-06,EX_cpd00239_e0,-1.3925383738782697,0.04689916414280319,cpd00239_e0,import
S1023C114_Ruminococcus_C_callidus,ERR1620339_sub,1e-06,EX_cpd00069_e0,-0.06893719882087407,0.04689916414280319,cpd00069_e0,import
S1023C114_Ruminococcus_C_callidus,ERR1620339_sub,1e-06,EX_cpd00119_e0,-0.05087616149142015,0.04689916414280319,cpd00119_e0,import
S1023C114_Ruminococcus_C_callidus,ERR1620339_sub,1e-06,EX_cpd00047_e0,15.966830985413502,0.04689916414280319,cpd00047_e0,export
S1023C114_Ruminococcus_C_callidus,ERR1620339_sub,1e-06,EX_cpd00363_e0,5.3614496801064195,0.04689916414280319,cpd00363_e0,export
S1023C114_Ruminococcus_C_callidus,ERR1620339_sub,1e-06,EX_cpd00029_e0,8.650669110437477,0.04689916414280319,cpd00029_e0,export
S1023C114_Ruminococcus_C_callidus,ERR1620339_sub,1e-06,EX_cpd00305_e0,-0.002763513564185721,0.04689916414280319,cpd00305_e0,import
S1023C114_Ruminococcus_C_callidus,ERR1620339_sub,1e-06,EX_cpd00066_e0,-0.10938374720655356,0.04689916414280319,cpd00066_e0,import
S1023C114_Ruminococcus_C_callidus,ERR1620339_sub,1e-06,EX_cpd00001_e0,-0.1667045465116194,0.04689916414280319,cpd00001_e0,import
S1023C114_Ruminococcus_C_callidus,ERR1620339_sub,1e-06,EX_cpd10515_e0,-0.006665940354843784,0.04689916414280319,cpd10515_e0,import
S1023C114_Ruminococcus_C_callidus,ERR1620339_sub,1e-06,EX_cpd00129_e0,-0.09997165733064045,0.04689916414280319,cpd00129_e0,import
S1023C114_Ruminococcus_C_callidus,ERR1620339_sub,1e-06,EX_cpd00205_e0,-0.0039024267906580556,0.04689916414280319,cpd00205_e0,import
S1023C114_Ruminococcus_C_callidus,ERR1620339_sub,1e-06,EX_cpd10516_e0,-0.0039024267906580556,0.04689916414280319,cpd10516_e0,import
S1023C114_Ruminococcus_C_callidus,ERR1620339_sub,1e-06,EX_cpd00017_e0,-0.008290540692557186,0.04689916414280319,cpd00017_e0,import
S1023C114_Ruminococcus_C_callidus,ERR1620339_sub,1e-06,EX_cpd00092_e0,-0.06723865598557274,0.04689916414280319,cpd00092_e0,import
S1023C114_Ruminococcus_C_callidus,ERR1620339_sub,1e-06,EX_cpd00063_e0,-0.0039024267906580556,0.04689916414280319,cpd00063_e0,import
S1023C114_Ruminococcus_C_callidus,ERR1620339_sub,1e-06,EX_cpd00028_e0,-0.0027635135641857285,0.04689916414280319,cpd00028_e0,import
S1023C114_Ruminococcus_C_callidus,ERR1620339_sub,1e-06,EX_cpd00033_e0,1.1079277300031292,0.04689916414280319,cpd00033_e0,export
S1023C114_Ruminococcus_C_callidus,ERR1620339_sub,1e-06,EX_cpd00216_e0,-0.008290540692557186,0.04689916414280319,cpd00216_e0,import
S1023C114_Ruminococcus_C_callidus,ERR1620339_sub,1e-06,EX_cpd00011_e0,0.6419828187457352,0.04689916414280319,cpd00011_e0,export
S1023C114_Ruminococcus_C_callidus,ERR1620339_sub,1e-06,EX_cpd00311_e0,-0.05805837287111183,0.04689916414280319,cpd00311_e0,import
S1023C114_Ruminococcus_C_callidus,ERR1620339_sub,1e-06,EX_cpd00013_e0,-0.8191313018959145,0.04689916414280319,cpd00013_e0,import
S1023C114_Ruminococcus_C_callidus,ERR1620339_sub,1e-06,EX_cpd00034_e0,-0.0039024267906580556,0.04689916414280319,cpd00034_e0,import
S1023C114_Ruminococcus_C_callidus,ERR1620339_sub,1e-06,EX_cpd00220_e0,-0.005527027128371458,0.04689916414280319,cpd00220_e0,import
S111C387_Faecalibacterium_prausnitzii_D,ERR1620339_sub,1e-06,EX_cpd00051_e0,-0.04532087693143402,0.017702892230039666,cpd00051_e0,import
S111C387_Faecalibacterium_prausnitzii_D,ERR1620339_sub,1e-06,EX_cpd00130_e0,2.260077564814868,0.017702892230039666,cpd00130_e0,export
S111C387_Faecalibacterium_prausnitzii_D,ERR1620339_sub,1e-06,EX_cpd00003_e0,-0.0020862366023168544,0.017702892230039666,cpd00003_e0,import
S111C387_Faecalibacterium_prausnitzii_D,ERR1620339_sub,1e-06,EX_cpd00526_e0,4.512969910988608,0.017702892230039666,cpd00526_e0,export
S111C387_Faecalibacterium_prausnitzii_D,ERR1620339_sub,1e-06,EX_cpd00030_e0,-0.001473013506075282,0.017702892230039666,cpd00030_e0,import
S111C387_Faecalibacterium_prausnitzii_D,ERR1620339_sub,1e-06,EX_cpd00107_e0,-0.0985189501449549,0.017702892230039666,cpd00107_e0,import
S111C387_Faecalibacterium_prausnitzii_D,ERR1620339_sub,1e-06,EX_cpd00132_e0,-0.03475880815504042,0.017702892230039666,cpd00132_e0,import
S111C387_Faecalibacterium_prausnitzii_D,ERR1620339_sub,1e-06,EX_cpd00182_e0,-0.014611878738822859,0.017702892230039666,cpd00182_e0,import
S111C387_Faecalibacterium_prausnitzii_D,ERR1620339_sub,1e-06,EX_cpd00058_e0,-0.001473013506075282,0.017702892230039666,cpd00058_e0,import
S111C387_Faecalibacterium_prausnitzii_D,ERR1620339_sub,1e-06,EX_cpd00048_e0,-0.001473013506075282,0.017702892230039666,cpd00048_e0,import
S111C387_Faecalibacterium_prausnitzii_D,ERR1620339_sub,1e-06,EX_cpd00054_e0,-0.07750351605753225,0.017702892230039666,cpd00054_e0,import
S111C387_Faecalibacterium_prausnitzii_D,ERR1620339_sub,1e-06,EX_cpd00099_e0,-0.001473013506075282,0.017702892230039666,cpd00099_e0,import
S111C387_Faecalibacterium_prausnitzii_D,ERR1620339_sub,1e-06,EX_cpd00367_e0,-0.12244523652716394,0.017702892230039666,cpd00367_e0,import
S111C387_Faecalibacterium_prausnitzii_D,ERR1620339_sub,1e-06,EX_cpd00322_e0,-0.06337241265836098,0.017702892230039666,cpd00322_e0,import
S111C387_Faecalibacterium_prausnitzii_D,ERR1620339_sub,1e-06,EX_cpd00393_e0,-0.0031293549034764005,0.017702892230039666,cpd00393_e0,import
S111C387_Faecalibacterium_prausnitzii_D,ERR1620339_sub,1e-06,EX_cpd00082_e0,-3.0268440166410024,0.017702892230039666,cpd00082_e0,import
S111C387_Faecalibacterium_prausnitzii_D,ERR1620339_sub,1e-06,EX_cpd00161_e0,-0.05879334117585316,0.017702892230039666,cpd00161_e0,import
S111C387_Faecalibacterium_prausnitzii_D,ERR1620339_sub,1e-06,EX_cpd00149_e0,-0.001473013506075282,0.017702892230039666,cpd00149_e0,import
S111C387_Faecalibacterium_prausnitzii_D,ERR1620339_sub,1e-06,EX_cpd00254_e0,-0.001473013506075282,0.017702892230039666,cpd00254_e0,import
S111C387_Faecalibacterium_prausnitzii_D,ERR1620339_sub,1e-06,EX_cpd00067_e0,7.720968495049004,0.017702892230039666,cpd00067_e0,export
S111C387_Faecalibacterium_prausnitzii_D,ERR1620339_sub,1e-06,EX_cpd00009_e0,-0.2667549441645862,0.017702892230039666,cpd00009_e0,import
S111C387_Faecalibacterium_prausnitzii_D,ERR1620339_sub,1e-06,EX_cpd00076_e0,-0.0653446182448611,0.017702892230039666,cpd00076_e0,import
S111C387_Faecalibacterium_prausnitzii_D,ERR1620339_sub,1e-06,EX_cpd00060_e0,-0.0265972095551001,0.017702892230039666,cpd00060_e0,import
S111C387_Faecalibacterium_prausnitzii_D,ERR1620339_sub,1e-06,EX_cpd00036_e0,0.43511362923597807,0.017702892230039666,cpd00036_e0,export
S111C387_Faecalibacterium_prausnitzii_D,ERR1620339_sub,1e-06,EX_cpd00053_e0,-0.1320981571729154,0.017702892230039666,cpd00053_e0,import
S111C387_Faecalibacterium_prausnitzii_D,ERR1620339_sub,1e-06,EX_cpd00065_e0,-0.012770501338730329,0.017702892230039666,cpd00065_e0,import
S111C387_Faecalibacterium_prausnitzii_D,ERR1620339_sub,1e-06,EX_cpd00239_e0,-0.014389732482237972,0.017702892230039666,cpd00239_e0,import
S111C387_Faecalibacterium_prausnitzii_D,ERR1620339_sub,1e-06,EX_cpd00069_e0,-0.02602109671275119,0.017702892230039666,cpd00069_e0,import
S111C387_Faecalibacterium_prausnitzii_D,ERR1620339_sub,1e-06,EX_cpd00119_e0,-0.019203761411624557,0.017702892230039666,cpd00119_e0,import
S111C387_Faecalibacterium_prausnitzii_D,ERR1620339_sub,1e-06,EX_cpd00363_e0,0.13209465053995645,0.017702892230039666,cpd00363_e0,export
S111C387_Faecalibacterium_prausnitzii_D,ERR1620339_sub,1e-06,EX_cpd23431_e0,-4.512969910988608,0.017702892230039666,cpd23431_e0,import
S111C387_Faecalibacterium_prausnitzii_D,ERR1620339_sub,1e-06,EX_cpd00277_e0,-0.13209465053995645,0.017702892230039666,cpd00277_e0,import
S111C387_Faecalibacterium_prausnitzii_D,ERR1620339_sub,1e-06,EX_cpd00029_e0,2.5609223057182966,0.017702892230039666,cpd00029_e0,export
S111C387_Faecalibacterium_prausnitzii_D,ERR1620339_sub,1e-06,EX_cpd00039_e0,-0.075854857575917,0.017702892230039666,cpd00039_e0,import
S111C387_Faecalibacterium_prausnitzii_D,ERR1620339_sub,1e-06,EX_cpd00305_e0,-0.0010431183011588,0.017702892230039666,cpd00305_e0,import
S111C387_Faecalibacterium_prausnitzii_D,ERR1620339_sub,1e-06,EX_cpd00644_e0,-0.0020862366023176974,0.017702892230039666,cpd00644_e0,import
S111C387_Faecalibacterium_prausnitzii_D,ERR1620339_sub,1e-06,EX_cpd10515_e0,-0.002516131807234082,0.017702892230039666,cpd10515_e0,import
S111C387_Faecalibacterium_prausnitzii_D,ERR1620339_sub,1e-06,EX_cpd00129_e0,-0.0377353911738422,0.017702892230039666,cpd00129_e0,import
S111C387_Faecalibacterium_prausnitzii_D,ERR1620339_sub,1e-06,EX_cpd00205_e0,-0.001473013506075282,0.017702892230039666,cpd00205_e0,import
S111C387_Faecalibacterium_prausnitzii_D,ERR1620339_sub,1e-06,EX_cpd00156_e0,-0.07211012410065022,0.017702892230039666,cpd00156_e0,import
S111C387_Faecalibacterium_prausnitzii_D,ERR1620339_sub,1e-06,EX_cpd10516_e0,-0.001473013506075282,0.017702892230039666,cpd10516_e0,import
S111C387_Faecalibacterium_prausnitzii_D,ERR1620339_sub,1e-06,EX_cpd00017_e0,-0.0031293549034763996,0.017702892230039666,cpd00017_e0,import
S111C387_Faecalibacterium_prausnitzii_D,ERR1620339_sub,1e-06,EX_cpd00092_e0,0.09706527331191638,0.017702892230039666,cpd00092_e0,export
S111C387_Faecalibacterium_prausnitzii_D,ERR1620339_sub,1e-06,EX_cpd00063_e0,-0.001473013506075282,0.017702892230039666,cpd00063_e0,import
S111C387_Faecalibacterium_prausnitzii_D,ERR1620339_sub,1e-06,EX_cpd00028_e0,-0.0010431183011588,0.017702892230039666,cpd00028_e0,import
S111C387_Faecalibacterium_prausnitzii_D,ERR1620339_sub,1e-06,EX_cpd00033_e0,-0.10034148377082579,0.017702892230039666,cpd00033_e0,import
S111C387_Faecalibacterium_prausnitzii_D,ERR1620339_sub,1e-06,EX_cpd00011_e0,0.3586953733083119,0.017702892230039666,cpd00011_e0,export
S111C387_Faecalibacterium_prausnitzii_D,ERR1620339_sub,1e-06,EX_cpd00311_e0,0.11122300349955164,0.017702892230039666,cpd00311_e0,export
S111C387_Faecalibacterium_prausnitzii_D,ERR1620339_sub,1e-06,EX_cpd00118_e0,-0.0010431183011588,0.017702892230039666,cpd00118_e0,import
S111C387_Faecalibacterium_prausnitzii_D,ERR1620339_sub,1e-06,EX_cpd00264_e0,-0.0010431183011588,0.017702892230039666,cpd00264_e0,import
S111C387_Faecalibacterium_prausnitzii_D,ERR1620339_sub,1e-06,EX_cpd00034_e0,-0.001473013506075282,0.017702892230039666,cpd00034_e0,import
S114C345_Streptococcus_salivarius,ERR1620339_sub,1e-06,EX_cpd00006_e0,-0.002268243727790442,0.011961694022631026,cpd00006_e0,import
S114C345_Streptococcus_salivarius,ERR1620339_sub,1e-06,EX_cpd00051_e0,-0.04927475374716402,0.011961694022631026,cpd00051_e0,import
S114C345_Streptococcus_salivarius,ERR1620339_sub,1e-06,EX_cpd00221_e0,0.3805585375716607,0.011961694022631026,cpd00221_e0,export
S114C345_Streptococcus_salivarius,ERR1620339_sub,1e-06,EX_cpd00030_e0,-0.0016015219186494589,0.011961694022631026,cpd00030_e0,import
S114C345_Streptococcus_salivarius,ERR1620339_sub,1e-06,EX_cpd00107_e0,-0.10711392489527848,0.011961694022631026,cpd00107_e0,import
S114C345_Streptococcus_salivarius,ERR1620339_sub,1e-06,EX_cpd00132_e0,-0.037791230628121474,0.011961694022631026,cpd00132_e0,import
S114C345_Streptococcus_salivarius,ERR1620339_sub,1e-06,EX_cpd00058_e0,-0.0016015219186494589,0.011961694022631026,cpd00058_e0,import
S114C345_Streptococcus_salivarius,ERR1620339_sub,1e-06,EX_cpd00048_e0,-0.0016015219186494589,0.011961694022631026,cpd00048_e0,import
S114C345_Streptococcus_salivarius,ERR1620339_sub,1e-06,EX_cpd00054_e0,-0.06861994635340847,0.011961694022631026,cpd00054_e0,import
S114C345_Streptococcus_salivarius,ERR1620339_sub,1e-06,EX_cpd00099_e0,-0.0016015219186494589,0.011961694022631026,cpd00099_e0,import
S114C345_Streptococcus_salivarius,ERR1620339_sub,1e-06,EX_cpd00367_e0,-3.6054662698292543,0.011961694022631026,cpd00367_e0,import
S114C345_Streptococcus_salivarius,ERR1620339_sub,1e-06,EX_cpd00393_e0,-0.003402365591680107,0.011961694022631026,cpd00393_e0,import
S114C345_Streptococcus_salivarius,ERR1620339_sub,1e-06,EX_cpd90003_e0,-0.0026313112277881637,0.011961694022631026,cpd90003_e0,import
S114C345_Streptococcus_salivarius,ERR1620339_sub,1e-06,EX_cpd00010_e0,-0.0022682437277866396,0.011961694022631026,cpd00010_e0,import
S114C345_Streptococcus_salivarius,ERR1620339_sub,1e-06,EX_cpd00023_e0,-0.0759884835307359,0.011961694022631026,cpd00023_e0,import
S114C345_Streptococcus_salivarius,ERR1620339_sub,1e-06,EX_cpd00041_e0,-0.03934082268587613,0.011961694022631026,cpd00041_e0,import
S114C345_Streptococcus_salivarius,ERR1620339_sub,1e-06,EX_cpd00073_e0,-0.5246776189743075,0.011961694022631026,cpd00073_e0,import
S114C345_Streptococcus_salivarius,ERR1620339_sub,1e-06,EX_cpd00161_e0,-0.13509196303985455,0.011961694022631026,cpd00161_e0,import
S114C345_Streptococcus_salivarius,ERR1620339_sub,1e-06,EX_cpd00084_e0,-0.015645119259774288,0.011961694022631026,cpd00084_e0,import
S114C345_Streptococcus_salivarius,ERR1620339_sub,1e-06,EX_cpd00149_e0,-0.0016015219186494589,0.011961694022631026,cpd00149_e0,import
S114C345_Streptococcus_salivarius,ERR1620339_sub,1e-06,EX_cpd00254_e0,-0.0016015219186494589,0.011961694022631026,cpd00254_e0,import
S114C345_Streptococcus_salivarius,ERR1620339_sub,1e-06,EX_cpd00067_e0,0.16264632575834942,0.011961694022631026,cpd00067_e0,export
S114C345_Streptococcus_salivarius,ERR1620339_sub,1e-06,EX_cpd00009_e0,-0.28095416212845176,0.011961694022631026,cpd00009_e0,import
S114C345_Streptococcus_salivarius,ERR1620339_sub,1e-06,EX_cpd00060_e0,-0.013030953161917512,0.011961694022631026,cpd00060_e0,import
S114C345_Streptococcus_salivarius,ERR1620339_sub,1e-06,EX_cpd00035_e0,4.4847616347901145,0.011961694022631026,cpd00035_e0,export
S114C345_Streptococcus_salivarius,ERR1620339_sub,1e-06,EX_cpd00053_e0,-0.067634160289621,0.011961694022631026,cpd00053_e0,import
S114C345_Streptococcus_salivarius,ERR1620339_sub,1e-06,EX_cpd00065_e0,-0.013884623407569501,0.011961694022631026,cpd00065_e0,import
S114C345_Streptococcus_salivarius,ERR1620339_sub,1e-06,EX_cpd00069_e0,-0.02829122513873175,0.011961694022631026,cpd00069_e0,import
S114C345_Streptococcus_salivarius,ERR1620339_sub,1e-06,EX_cpd00119_e0,-0.02087913294371354,0.011961694022631026,cpd00119_e0,import
S114C345_Streptococcus_salivarius,ERR1620339_sub,1e-06,EX_cpd00277_e0,-0.020424284260354517,0.011961694022631026,cpd00277_e0,import
S114C345_Streptococcus_salivarius,ERR1620339_sub,1e-06,EX_cpd00029_e0,0.1174506042317643,0.011961694022631026,cpd00029_e0,export
S114C345_Streptococcus_salivarius,ERR1620339_sub,1e-06,EX_cpd00039_e0,-0.08247257512766848,0.011961694022631026,cpd00039_e0,import
S114C345_Streptococcus_salivarius,ERR1620339_sub,1e-06,EX_cpd00305_e0,-0.001134121863893369,0.011961694022631026,cpd00305_e0,import
S114C345_Streptococcus_salivarius,ERR1620339_sub,1e-06,EX_cpd00066_e0,-0.044890135828984205,0.011961694022631026,cpd00066_e0,import
S114C345_Streptococcus_salivarius,ERR1620339_sub,1e-06,EX_cpd00001_e0,-0.8115064869666556,0.011961694022631026,cpd00001_e0,import
S114C345_Streptococcus_salivarius,ERR1620339_sub,1e-06,EX_cpd10515_e0,-0.0027356437825428277,0.011961694022631026,cpd10515_e0,import
S114C345_Streptococcus_salivarius,ERR1620339_sub,1e-06,EX_cpd00129_e0,-0.04102749623439705,0.011961694022631026,cpd00129_e0,import
S114C345_Streptococcus_salivarius,ERR1620339_sub,1e-06,EX_cpd00205_e0,-0.0016015219186494589,0.011961694022631026,cpd00205_e0,import
S114C345_Streptococcus_salivarius,ERR1620339_sub,1e-06,EX_cpd10516_e0,-0.0016015219186494589,0.011961694022631026,cpd10516_e0,import
S114C345_Streptococcus_salivarius,ERR1620339_sub,1e-06,EX_cpd00017_e0,-0.0170207678290192,0.011961694022631026,cpd00017_e0,import
S114C345_Streptococcus_salivarius,ERR1620339_sub,1e-06,EX_cpd00092_e0,3.5778721118557573,0.011961694022631026,cpd00092_e0,export
S114C345_Streptococcus_salivarius,ERR1620339_sub,1e-06,EX_cpd00122_e0,-0.04570172132474179,0.011961694022631026,cpd00122_e0,import
S114C345_Streptococcus_salivarius,ERR1620339_sub,1e-06,EX_cpd00063_e0,-0.0016015219186494589,0.011961694022631026,cpd00063_e0,import
S114C345_Streptococcus_salivarius,ERR1620339_sub,1e-06,EX_cpd00028_e0,-0.001134121863893369,0.011961694022631026,cpd00028_e0,import
S114C345_Streptococcus_salivarius,ERR1620339_sub,1e-06,EX_cpd00033_e0,-0.0977542410740973,0.011961694022631026,cpd00033_e0,import
S114C345_Streptococcus_salivarius,ERR1620339_sub,1e-06,EX_cpd00011_e0,1.2424863949932266,0.011961694022631026,cpd00011_e0,export
S114C345_Streptococcus_salivarius,ERR1620339_sub,1e-06,EX_cpd00064_e0,-0.002268243727786738,0.011961694022631026,cpd00064_e0,import
S114C345_Streptococcus_salivarius,ERR1620339_sub,1e-06,EX_cpd00034_e0,-0.0016015219186494589,0.011961694022631026,cpd00034_e0,import
S114C345_Streptococcus_salivarius,ERR1620339_sub,1e-06,EX_cpd00220_e0,-0.002268243727786738,0.011961694022631026,cpd00220_e0,import
S121C65_Clostridium_Q_sp003024715,ERR1620339_sub,1e-06,EX_cpd00006_e0,-0.0015222918829517207,0.012916323058181115,cpd00006_e0,import
S121C65_Clostridium_Q_sp003024715,ERR1620339_sub,1e-06,EX_cpd00051_e0,-0.033831030251018045,0.012916323058181115,cpd00051_e0,import
S121C65_Clostridium_Q_sp003024715,ERR1620339_sub,1e-06,EX_cpd01217_e0,-0.2615619909896325,0.012916323058181115,cpd01217_e0,import
S121C65_Clostridium_Q_sp003024715,ERR1620339_sub,1e-06,EX_cpd00030_e0,-0.0010748332673703488,0.012916323058181115,cpd00030_e0,import
S121C65_Clostridium_Q_sp003024715,ERR1620339_sub,1e-06,EX_cpd00107_e0,-0.07188762672267483,0.012916323058181115,cpd00107_e0,import
S121C65_Clostridium_Q_sp003024715,ERR1620339_sub,1e-06,EX_cpd00132_e0,-0.025362919745877645,0.012916323058181115,cpd00132_e0,import
S121C65_Clostridium_Q_sp003024715,ERR1620339_sub,1e-06,EX_cpd00182_e0,-0.00990089707611208,0.012916323058181115,cpd00182_e0,import
S121C65_Clostridium_Q_sp003024715,ERR1620339_sub,1e-06,EX_cpd00058_e0,-0.0010748332673703488,0.012916323058181115,cpd00058_e0,import
S121C65_Clostridium_Q_sp003024715,ERR1620339_sub,1e-06,EX_cpd00048_e0,-0.0010748332673703488,0.012916323058181115,cpd00048_e0,import
S121C65_Clostridium_Q_sp003024715,ERR1620339_sub,1e-06,EX_cpd00054_e0,-0.04681421601622617,0.012916323058181115,cpd00054_e0,import
S121C65_Clostridium_Q_sp003024715,ERR1620339_sub,1e-06,EX_cpd00099_e0,-0.0010748332673703488,0.012916323058181115,cpd00099_e0,import
S121C65_Clostridium_Q_sp003024715,ERR1620339_sub,1e-06,EX_cpd00367_e0,-1.4832114561202208,0.012916323058181115,cpd00367_e0,import
S121C65_Clostridium_Q_sp003024715,ERR1620339_sub,1e-06,EX_cpd00322_e0,-0.04624178738198686,0.012916323058181115,cpd00322_e0,import
S121C65_Clostridium_Q_sp003024715,ERR1620339_sub,1e-06,EX_cpd00023_e0,-0.09258408158910325,0.012916323058181115,cpd00023_e0,import
S121C65_Clostridium_Q_sp003024715,ERR1620339_sub,1e-06,EX_cpd00082_e0,-0.5626830895385301,0.012916323058181115,cpd00082_e0,import
S121C65_Clostridium_Q_sp003024715,ERR1620339_sub,1e-06,EX_cpd00309_e0,0.2615619909896325,0.012916323058181115,cpd00309_e0,export
S121C65_Clostridium_Q_sp003024715,ERR1620339_sub,1e-06,EX_cpd00073_e0,0.000761145941475855,0.012916323058181115,cpd00073_e0,export
S121C65_Clostridium_Q_sp003024715,ERR1620339_sub,1e-06,EX_cpd00161_e0,-0.04442280755034321,0.012916323058181115,cpd00161_e0,import
S121C65_Clostridium_Q_sp003024715,ERR1620339_sub,1e-06,EX_cpd00084_e0,-0.01278338444180675,0.012916323058181115,cpd00084_e0,import
S121C65_Clostridium_Q_sp003024715,ERR1620339_sub,1e-06,EX_cpd00149_e0,-0.0010748332673703488,0.012916323058181115,cpd00149_e0,import
S121C65_Clostridium_Q_sp003024715,ERR1620339_sub,1e-06,EX_cpd00254_e0,-0.0010748332673703488,0.012916323058181115,cpd00254_e0,import
S121C65_Clostridium_Q_sp003024715,ERR1620339_sub,1e-06,EX_cpd00067_e0,2.4495016546373,0.012916323058181115,cpd00067_e0,export
S121C65_Clostridium_Q_sp003024715,ERR1620339_sub,1e-06,EX_cpd00009_e0,-0.19312432000558477,0.012916323058181115,cpd00009_e0,import
S121C65_Clostridium_Q_sp003024715,ERR1620339_sub,1e-06,EX_cpd00229_e0,0.0022834378244275646,0.012916323058181115,cpd00229_e0,export
S121C65_Clostridium_Q_sp003024715,ERR1620339_sub,1e-06,EX_cpd00060_e0,-0.017124100213163972,0.012916323058181115,cpd00060_e0,import
S121C65_Clostridium_Q_sp003024715,ERR1620339_sub,1e-06,EX_cpd00035_e0,1.2342018157812764,0.012916323058181115,cpd00035_e0,export
S121C65_Clostridium_Q_sp003024715,ERR1620339_sub,1e-06,EX_cpd00036_e0,-0.006089167531806883,0.012916323058181115,cpd00036_e0,import
S121C65_Clostridium_Q_sp003024715,ERR1620339_sub,1e-06,EX_cpd00065_e0,-0.00931842079061251,0.012916323058181115,cpd00065_e0,import
S121C65_Clostridium_Q_sp003024715,ERR1620339_sub,1e-06,EX_cpd00069_e0,-0.01974830409377647,0.012916323058181115,cpd00069_e0,import
S121C65_Clostridium_Q_sp003024715,ERR1620339_sub,1e-06,EX_cpd00119_e0,-0.014012662843026335,0.012916323058181115,cpd00119_e0,import
S121C65_Clostridium_Q_sp003024715,ERR1620339_sub,1e-06,EX_cpd00047_e0,1.7926823230701237,0.012916323058181115,cpd00047_e0,export
S121C65_Clostridium_Q_sp003024715,ERR1620339_sub,1e-06,EX_cpd00363_e0,0.000761145941475855,0.012916323058181115,cpd00363_e0,export
S121C65_Clostridium_Q_sp003024715,ERR1620339_sub,1e-06,EX_cpd00039_e0,-0.055350018229954015,0.012916323058181115,cpd00039_e0,import
S121C65_Clostridium_Q_sp003024715,ERR1620339_sub,1e-06,EX_cpd00644_e0,-0.001522291882951731,0.012916323058181115,cpd00644_e0,import
S121C65_Clostridium_Q_sp003024715,ERR1620339_sub,1e-06,EX_cpd10515_e0,-0.001835979208846204,0.012916323058181115,cpd10515_e0,import
S121C65_Clostridium_Q_sp003024715,ERR1620339_sub,1e-06,EX_cpd00129_e0,-0.027534882486546706,0.012916323058181115,cpd00129_e0,import
S121C65_Clostridium_Q_sp003024715,ERR1620339_sub,1e-06,EX_cpd00205_e0,-0.0010748332673703488,0.012916323058181115,cpd00205_e0,import
S121C65_Clostridium_Q_sp003024715,ERR1620339_sub,1e-06,EX_cpd10516_e0,-0.0010748332673703488,0.012916323058181115,cpd10516_e0,import
S121C65_Clostridium_Q_sp003024715,ERR1620339_sub,1e-06,EX_cpd00017_e0,-0.00304458376590342,0.012916323058181115,cpd00017_e0,import
S121C65_Clostridium_Q_sp003024715,ERR1620339_sub,1e-06,EX_cpd00092_e0,1.4646921223355176,0.012916323058181115,cpd00092_e0,export
S121C65_Clostridium_Q_sp003024715,ERR1620339_sub,1e-06,EX_cpd00063_e0,-0.0010748332673703488,0.012916323058181115,cpd00063_e0,import
S121C65_Clostridium_Q_sp003024715,ERR1620339_sub,1e-06,EX_cpd00028_e0,-0.000761145941475855,0.012916323058181115,cpd00028_e0,import
S121C65_Clostridium_Q_sp003024715,ERR1620339_sub,1e-06,EX_cpd00211_e0,0.9168708275386522,0.012916323058181115,cpd00211_e0,export
S121C65_Clostridium_Q_sp003024715,ERR1620339_sub,1e-06,EX_cpd00033_e0,-0.07169520708047841,0.012916323058181115,cpd00033_e0,import
S121C65_Clostridium_Q_sp003024715,ERR1620339_sub,1e-06,EX_cpd00011_e0,0.44881776486965286,0.012916323058181115,cpd00011_e0,export
S121C65_Clostridium_Q_sp003024715,ERR1620339_sub,1e-06,EX_cpd00311_e0,-0.015990836973713042,0.012916323058181115,cpd00311_e0,import
S121C65_Clostridium_Q_sp003024715,ERR1620339_sub,1e-06,EX_cpd00264_e0,-0.000761145941475855,0.012916323058181115,cpd00264_e0,import
S121C65_Clostridium_Q_sp003024715,ERR1620339_sub,1e-06,EX_cpd00034_e0,-0.0010748332673703488,0.012916323058181115,cpd00034_e0,import
S121C65_Clostridium_Q_sp003024715,ERR1620339_sub,1e-06,EX_cpd00220_e0,-0.0015222918829517103,0.012916323058181115,cpd00220_e0,import
S134C81_Faecalibacterium_prausnitzii_C,ERR1620339_sub,1e-06,EX_cpd00051_e0,-0.04587637251662424,0.016182624897298815,cpd00051_e0,import
S134C81_Faecalibacterium_prausnitzii_C,ERR1620339_sub,1e-06,EX_cpd00130_e0,2.5587004242909757,0.016182624897298815,cpd00130_e0,export
S134C81_Faecalibacterium_prausnitzii_C,ERR1620339_sub,1e-06,EX_cpd00526_e0,4.333405360714329,0.016182624897298815,cpd00526_e0,export
S134C81_Faecalibacterium_prausnitzii_C,ERR1620339_sub,1e-06,EX_cpd00030_e0,-0.0014910681545055918,0.016182624897298815,cpd00030_e0,import
S134C81_Faecalibacterium_prausnitzii_C,ERR1620339_sub,1e-06,EX_cpd00107_e0,-0.09972649169243851,0.016182624897298815,cpd00107_e0,import
S134C81_Faecalibacterium_prausnitzii_C,ERR1620339_sub,1e-06,EX_cpd00132_e0,-0.03518484502334309,0.016182624897298815,cpd00132_e0,import
S134C81_Faecalibacterium_prausnitzii_C,ERR1620339_sub,1e-06,EX_cpd00182_e0,-0.016902783255371406,0.016182624897298815,cpd00182_e0,import
S134C81_Faecalibacterium_prausnitzii_C,ERR1620339_sub,1e-06,EX_cpd00058_e0,-0.0014910681545055918,0.016182624897298815,cpd00058_e0,import
S134C81_Faecalibacterium_prausnitzii_C,ERR1620339_sub,1e-06,EX_cpd00048_e0,-0.0014910681545057258,0.016182624897298815,cpd00048_e0,import
S134C81_Faecalibacterium_prausnitzii_C,ERR1620339_sub,1e-06,EX_cpd00054_e0,-0.0784534725438512,0.016182624897298815,cpd00054_e0,import
S134C81_Faecalibacterium_prausnitzii_C,ERR1620339_sub,1e-06,EX_cpd00099_e0,-0.0014910681545055918,0.016182624897298815,cpd00099_e0,import
S134C81_Faecalibacterium_prausnitzii_C,ERR1620339_sub,1e-06,EX_cpd00367_e0,-0.1189315199233355,0.016182624897298815,cpd00367_e0,import
S134C81_Faecalibacterium_prausnitzii_C,ERR1620339_sub,1e-06,EX_cpd00393_e0,-0.003167711240579153,0.016182624897298815,cpd00393_e0,import
S134C81_Faecalibacterium_prausnitzii_C,ERR1620339_sub,1e-06,EX_cpd00324_e0,0.07934189175565683,0.016182624897298815,cpd00324_e0,export
S134C81_Faecalibacterium_prausnitzii_C,ERR1620339_sub,1e-06,EX_cpd00082_e0,-3.112839948612021,0.016182624897298815,cpd00082_e0,import
S134C81_Faecalibacterium_prausnitzii_C,ERR1620339_sub,1e-06,EX_cpd00161_e0,-0.044321241244874215,0.016182624897298815,cpd00161_e0,import
S134C81_Faecalibacterium_prausnitzii_C,ERR1620339_sub,1e-06,EX_cpd00149_e0,-0.0014910681545055918,0.016182624897298815,cpd00149_e0,import
S134C81_Faecalibacterium_prausnitzii_C,ERR1620339_sub,1e-06,EX_cpd00254_e0,-0.0014910681545055918,0.016182624897298815,cpd00254_e0,import
S134C81_Faecalibacterium_prausnitzii_C,ERR1620339_sub,1e-06,EX_cpd00067_e0,8.011975065101547,0.016182624897298815,cpd00067_e0,export
S134C81_Faecalibacterium_prausnitzii_C,ERR1620339_sub,1e-06,EX_cpd00009_e0,-0.2742481603566618,0.016182624897298815,cpd00009_e0,import
S134C81_Faecalibacterium_prausnitzii_C,ERR1620339_sub,1e-06,EX_cpd00060_e0,-0.10626510189782831,0.016182624897298815,cpd00060_e0,import
S134C81_Faecalibacterium_prausnitzii_C,ERR1620339_sub,1e-06,EX_cpd00036_e0,0.3312803759763252,0.016182624897298815,cpd00036_e0,export
S134C81_Faecalibacterium_prausnitzii_C,ERR1620339_sub,1e-06,EX_cpd00053_e0,-0.13371727728024113,0.016182624897298815,cpd00053_e0,import
S134C81_Faecalibacterium_prausnitzii_C,ERR1620339_sub,1e-06,EX_cpd00065_e0,-0.01292702869642164,0.016182624897298815,cpd00065_e0,import
S134C81_Faecalibacterium_prausnitzii_C,ERR1620339_sub,1e-06,EX_cpd00239_e0,-0.014566106670187703,0.016182624897298815,cpd00239_e0,import
S134C81_Faecalibacterium_prausnitzii_C,ERR1620339_sub,1e-06,EX_cpd00069_e0,-0.026340035915265063,0.016182624897298815,cpd00069_e0,import
S134C81_Faecalibacterium_prausnitzii_C,ERR1620339_sub,1e-06,EX_cpd00119_e0,-0.01943914089687465,0.016182624897298815,cpd00119_e0,import
S134C81_Faecalibacterium_prausnitzii_C,ERR1620339_sub,1e-06,EX_cpd00363_e0,0.08901686085741461,0.016182624897298815,cpd00363_e0,export
S134C81_Faecalibacterium_prausnitzii_C,ERR1620339_sub,1e-06,EX_cpd23431_e0,-4.333405360714329,0.016182624897298815,cpd23431_e0,import
S134C81_Faecalibacterium_prausnitzii_C,ERR1620339_sub,1e-06,EX_cpd00277_e0,-0.08901686085741461,0.016182624897298815,cpd00277_e0,import
S134C81_Faecalibacterium_prausnitzii_C,ERR1620339_sub,1e-06,EX_cpd00029_e0,2.473620111886404,0.016182624897298815,cpd00029_e0,export
S134C81_Faecalibacterium_prausnitzii_C,ERR1620339_sub,1e-06,EX_cpd00027_e0,-0.06614554376547441,0.016182624897298815,cpd00027_e0,import
S134C81_Faecalibacterium_prausnitzii_C,ERR1620339_sub,1e-06,EX_cpd00039_e0,-0.07678460654265487,0.016182624897298815,cpd00039_e0,import
S134C81_Faecalibacterium_prausnitzii_C,ERR1620339_sub,1e-06,EX_cpd00305_e0,-0.001055903746859718,0.016182624897298815,cpd00305_e0,import
S134C81_Faecalibacterium_prausnitzii_C,ERR1620339_sub,1e-06,EX_cpd00066_e0,-0.041794152928280585,0.016182624897298815,cpd00066_e0,import
S134C81_Faecalibacterium_prausnitzii_C,ERR1620339_sub,1e-06,EX_cpd00644_e0,-0.002111807493719531,0.016182624897298815,cpd00644_e0,import
S134C81_Faecalibacterium_prausnitzii_C,ERR1620339_sub,1e-06,EX_cpd10515_e0,-0.00254697190136531,0.016182624897298815,cpd10515_e0,import
S134C81_Faecalibacterium_prausnitzii_C,ERR1620339_sub,1e-06,EX_cpd00129_e0,-0.03819791186235863,0.016182624897298815,cpd00129_e0,import
S134C81_Faecalibacterium_prausnitzii_C,ERR1620339_sub,1e-06,EX_cpd00205_e0,-0.0014910681545055918,0.016182624897298815,cpd00205_e0,import
S134C81_Faecalibacterium_prausnitzii_C,ERR1620339_sub,1e-06,EX_cpd10516_e0,-0.0014910681545055918,0.016182624897298815,cpd10516_e0,import
S134C81_Faecalibacterium_prausnitzii_C,ERR1620339_sub,1e-06,EX_cpd00017_e0,-0.003167711240579154,0.016182624897298815,cpd00017_e0,import
S134C81_Faecalibacterium_prausnitzii_C,ERR1620339_sub,1e-06,EX_cpd00092_e0,0.0932404758448537,0.016182624897298815,cpd00092_e0,export
S134C81_Faecalibacterium_prausnitzii_C,ERR1620339_sub,1e-06,EX_cpd00122_e0,-0.04254976499533442,0.016182624897298815,cpd00122_e0,import
S134C81_Faecalibacterium_prausnitzii_C,ERR1620339_sub,1e-06,EX_cpd00063_e0,-0.0014910681545055918,0.016182624897298815,cpd00063_e0,import
S134C81_Faecalibacterium_prausnitzii_C,ERR1620339_sub,1e-06,EX_cpd00028_e0,-0.001055903746859718,0.016182624897298815,cpd00028_e0,import
S134C81_Faecalibacterium_prausnitzii_C,ERR1620339_sub,1e-06,EX_cpd00033_e0,-0.10157136401631305,0.016182624897298815,cpd00033_e0,import
S134C81_Faecalibacterium_prausnitzii_C,ERR1620339_sub,1e-06,EX_cpd00011_e0,0.12910960869576327,0.016182624897298815,cpd00011_e0,export
S134C81_Faecalibacterium_prausnitzii_C,ERR1620339_sub,1e-06,EX_cpd00311_e0,0.07000119863977487,0.016182624897298815,cpd00311_e0,export
S134C81_Faecalibacterium_prausnitzii_C,ERR1620339_sub,1e-06,EX_cpd00118_e0,-0.001055903746859718,0.016182624897298815,cpd00118_e0,import
S134C81_Faecalibacterium_prausnitzii_C,ERR1620339_sub,1e-06,EX_cpd00264_e0,-0.001055903746859718,0.016182624897298815,cpd00264_e0,import
S134C81_Faecalibacterium_prausnitzii_C,ERR1620339_sub,1e-06,EX_cpd00034_e0,-0.0014910681545055918,0.016182624897298815,cpd00034_e0,import
S134C81_Faecalibacterium_prausnitzii_C,ERR1620339_sub,1e-06,EX_cpd00220_e0,-0.0021118074937194345,0.016182624897298815,cpd00220_e0,import
S135C246_Bariatricus_comes,ERR1620339_sub,1e-06,EX_cpd00051_e0,-0.03451341316457626,0.004751788823487595,cpd00051_e0,import
S135C246_Bariatricus_comes,ERR1620339_sub,1e-06,EX_cpd00030_e0,-0.0003954822241927537,0.004751788823487595,cpd00030_e0,import
S135C246_Bariatricus_comes,ERR1620339_sub,1e-06,EX_cpd00107_e0,-0.02645087323895217,0.004751788823487595,cpd00107_e0,import
S135C246_Bariatricus_comes,ERR1620339_sub,1e-06,EX_cpd00132_e0,-0.009332223162074703,0.004751788823487595,cpd00132_e0,import
S135C246_Bariatricus_comes,ERR1620339_sub,1e-06,EX_cpd00182_e0,-0.0036430104240678333,0.004751788823487595,cpd00182_e0,import
S135C246_Bariatricus_comes,ERR1620339_sub,1e-06,EX_cpd00058_e0,-0.0003954822241927537,0.004751788823487595,cpd00058_e0,import
S135C246_Bariatricus_comes,ERR1620339_sub,1e-06,EX_cpd00048_e0,-0.0003954822241927537,0.004751788823487595,cpd00048_e0,import
S135C246_Bariatricus_comes,ERR1620339_sub,1e-06,EX_cpd00054_e0,-0.021368665171804503,0.004751788823487595,cpd00054_e0,import
S135C246_Bariatricus_comes,ERR1620339_sub,1e-06,EX_cpd00099_e0,-0.0003954822241927537,0.004751788823487595,cpd00099_e0,import
S135C246_Bariatricus_comes,ERR1620339_sub,1e-06,EX_cpd00367_e0,-0.46722639889257406,0.004751788823487595,cpd00367_e0,import
S135C246_Bariatricus_comes,ERR1620339_sub,1e-06,EX_cpd00322_e0,-0.02160430430395202,0.004751788823487595,cpd00322_e0,import
S135C246_Bariatricus_comes,ERR1620339_sub,1e-06,EX_cpd00393_e0,-0.0008401852613102217,0.004751788823487595,cpd00393_e0,import
S135C246_Bariatricus_comes,ERR1620339_sub,1e-06,EX_cpd00100_e0,0.0014133671721964722,0.004751788823487595,cpd00100_e0,export
S135C246_Bariatricus_comes,ERR1620339_sub,1e-06,EX_cpd00010_e0,-0.000560123507540089,0.004751788823487595,cpd00010_e0,import
S135C246_Bariatricus_comes,ERR1620339_sub,1e-06,EX_cpd00023_e0,-0.01820458656593321,0.004751788823487595,cpd00023_e0,import
S135C246_Bariatricus_comes,ERR1620339_sub,1e-06,EX_cpd00161_e0,-0.011755507629574778,0.004751788823487595,cpd00161_e0,import
S135C246_Bariatricus_comes,ERR1620339_sub,1e-06,EX_cpd00149_e0,-0.0003954822241927537,0.004751788823487595,cpd00149_e0,import
S135C246_Bariatricus_comes,ERR1620339_sub,1e-06,EX_cpd00254_e0,-0.0003954822241927537,0.004751788823487595,cpd00254_e0,import
S135C246_Bariatricus_comes,ERR1620339_sub,1e-06,EX_cpd00067_e0,1.2106006408152286,0.004751788823487595,cpd00067_e0,export
S135C246_Bariatricus_comes,ERR1620339_sub,1e-06,EX_cpd00009_e0,-0.034462095214609106,0.004751788823487595,cpd00009_e0,import
S135C246_Bariatricus_comes,ERR1620339_sub,1e-06,EX_cpd00060_e0,-0.006300770031216583,0.004751788823487595,cpd00060_e0,import
S135C246_Bariatricus_comes,ERR1620339_sub,1e-06,EX_cpd00012_e0,-0.0182987587078581,0.004751788823487595,cpd00012_e0,import
S135C246_Bariatricus_comes,ERR1620339_sub,1e-06,EX_cpd00036_e0,0.24656230345610375,0.004751788823487595,cpd00036_e0,export
S135C246_Bariatricus_comes,ERR1620339_sub,1e-06,EX_cpd00053_e0,-0.017261804471922347,0.004751788823487595,cpd00053_e0,import
S135C246_Bariatricus_comes,ERR1620339_sub,1e-06,EX_cpd00065_e0,-0.003428689725292642,0.004751788823487595,cpd00065_e0,import
S135C246_Bariatricus_comes,ERR1620339_sub,1e-06,EX_cpd00239_e0,-0.004143490964800881,0.004751788823487595,cpd00239_e0,import
S135C246_Bariatricus_comes,ERR1620339_sub,1e-06,EX_cpd00069_e0,-0.007266339314328743,0.004751788823487595,cpd00069_e0,import
S135C246_Bariatricus_comes,ERR1620339_sub,1e-06,EX_cpd00119_e0,-0.005155924398936305,0.004751788823487595,cpd00119_e0,import
S135C246_Bariatricus_comes,ERR1620339_sub,1e-06,EX_cpd11606_e0,-0.33214135634900016,0.004751788823487595,cpd11606_e0,import
S135C246_Bariatricus_comes,ERR1620339_sub,1e-06,EX_cpd00363_e0,0.00028006175377007393,0.004751788823487595,cpd00363_e0,export
S135C246_Bariatricus_comes,ERR1620339_sub,1e-06,EX_cpd00307_e0,0.46722639889257406,0.004751788823487595,cpd00307_e0,export
S135C246_Bariatricus_comes,ERR1620339_sub,1e-06,EX_cpd00029_e0,0.7696524383335133,0.004751788823487595,cpd00029_e0,export
S135C246_Bariatricus_comes,ERR1620339_sub,1e-06,EX_cpd00794_e0,-0.09237515607173283,0.004751788823487595,cpd00794_e0,import
S135C246_Bariatricus_comes,ERR1620339_sub,1e-06,EX_cpd00039_e0,-0.0203659013757984,0.004751788823487595,cpd00039_e0,import
S135C246_Bariatricus_comes,ERR1620339_sub,1e-06,EX_cpd10515_e0,-0.0006755439779628277,0.004751788823487595,cpd10515_e0,import
S135C246_Bariatricus_comes,ERR1620339_sub,1e-06,EX_cpd00205_e0,-0.0003954822241927537,0.004751788823487595,cpd00205_e0,import
S135C246_Bariatricus_comes,ERR1620339_sub,1e-06,EX_cpd00156_e0,-0.019360496118005825,0.004751788823487595,cpd00156_e0,import
S135C246_Bariatricus_comes,ERR1620339_sub,1e-06,EX_cpd10516_e0,-0.0003954822241927537,0.004751788823487595,cpd10516_e0,import
S135C246_Bariatricus_comes,ERR1620339_sub,1e-06,EX_cpd00017_e0,-0.0011202470150802957,0.004751788823487595,cpd00017_e0,import
S135C246_Bariatricus_comes,ERR1620339_sub,1e-06,EX_cpd11451_e0,0.33214135634900016,0.004751788823487595,cpd11451_e0,export
S135C246_Bariatricus_comes,ERR1620339_sub,1e-06,EX_cpd00122_e0,-0.011285651597068382,0.004751788823487595,cpd00122_e0,import
S135C246_Bariatricus_comes,ERR1620339_sub,1e-06,EX_cpd00063_e0,-0.0003954822241927537,0.004751788823487595,cpd00063_e0,import
S135C246_Bariatricus_comes,ERR1620339_sub,1e-06,EX_cpd00028_e0,-0.00028006175377007393,0.004751788823487595,cpd00028_e0,import
S135C246_Bariatricus_comes,ERR1620339_sub,1e-06,EX_cpd00033_e0,-0.02638007291076694,0.004751788823487595,cpd00033_e0,import
S135C246_Bariatricus_comes,ERR1620339_sub,1e-06,EX_cpd00011_e0,0.18724290190617404,0.004751788823487595,cpd00011_e0,export
S135C246_Bariatricus_comes,ERR1620339_sub,1e-06,EX_cpd00311_e0,-0.005603726890528281,0.004751788823487595,cpd00311_e0,import
S135C246_Bariatricus_comes,ERR1620339_sub,1e-06,EX_cpd00064_e0,0.011933978385406666,0.004751788823487595,cpd00064_e0,export
S135C246_Bariatricus_comes,ERR1620339_sub,1e-06,EX_cpd00264_e0,-0.00028006175377007393,0.004751788823487595,cpd00264_e0,import
S135C246_Bariatricus_comes,ERR1620339_sub,1e-06,EX_cpd00034_e0,-0.0003954822241927537,0.004751788823487595,cpd00034_e0,import
S138C777_Bacteroides_uniformis,ERR1620339_sub,1e-06,EX_cpd00006_e0,-0.001858666711910928,0.04127908697314255,cpd00006_e0,import
S138C777_Bacteroides_uniformis,ERR1620339_sub,1e-06,EX_cpd00051_e0,-0.13223431662857607,0.04127908697314255,cpd00051_e0,import
S138C777_Bacteroides_uniformis,ERR1620339_sub,1e-06,EX_cpd00003_e0,-0.001858666711910928,0.04127908697314255,cpd00003_e0,import
S138C777_Bacteroides_uniformis,ERR1620339_sub,1e-06,EX_cpd00030_e0,-0.003435229675316036,0.04127908697314255,cpd00030_e0,import
S138C777_Bacteroides_uniformis,ERR1620339_sub,1e-06,EX_cpd00107_e0,-0.24060975920741595,0.04127908697314255,cpd00107_e0,import
S138C777_Bacteroides_uniformis,ERR1620339_sub,1e-06,EX_cpd00132_e0,-0.1077639092809392,0.04127908697314255,cpd00132_e0,import
S138C777_Bacteroides_uniformis,ERR1620339_sub,1e-06,EX_cpd00182_e0,-0.08583727828963106,0.04127908697314255,cpd00182_e0,import
S138C777_Bacteroides_uniformis,ERR1620339_sub,1e-06,EX_cpd00058_e0,-0.003435229675316036,0.04127908697314255,cpd00058_e0,import
S138C777_Bacteroides_uniformis,ERR1620339_sub,1e-06,EX_cpd00048_e0,-0.003435229675316036,0.04127908697314255,cpd00048_e0,import
S138C777_Bacteroides_uniformis,ERR1620339_sub,1e-06,EX_cpd00054_e0,-0.12837017416411978,0.04127908697314255,cpd00054_e0,import
S138C777_Bacteroides_uniformis,ERR1620339_sub,1e-06,EX_cpd00099_e0,-0.003435229675316036,0.04127908697314255,cpd00099_e0,import
S138C777_Bacteroides_uniformis,ERR1620339_sub,1e-06,EX_cpd00367_e0,-0.14736338983612415,0.04127908697314255,cpd00367_e0,import
S138C777_Bacteroides_uniformis,ERR1620339_sub,1e-06,EX_cpd00322_e0,-0.169080876191247,0.04127908697314255,cpd00322_e0,import
S138C777_Bacteroides_uniformis,ERR1620339_sub,1e-06,EX_cpd00010_e0,-0.0037173334238213424,0.04127908697314255,cpd00010_e0,import
S138C777_Bacteroides_uniformis,ERR1620339_sub,1e-06,EX_cpd00023_e0,-0.11856873563005627,0.04127908697314255,cpd00023_e0,import
S138C777_Bacteroides_uniformis,ERR1620339_sub,1e-06,EX_cpd11640_e0,3.8089697425110804,0.04127908697314255,cpd11640_e0,export
S138C777_Bacteroides_uniformis,ERR1620339_sub,1e-06,EX_cpd00161_e0,-0.11341092636116323,0.04127908697314255,cpd00161_e0,import
S138C777_Bacteroides_uniformis,ERR1620339_sub,1e-06,EX_cpd00084_e0,-0.04465820725544481,0.04127908697314255,cpd00084_e0,import
S138C777_Bacteroides_uniformis,ERR1620339_sub,1e-06,EX_cpd00149_e0,-0.003435229675316036,0.04127908697314255,cpd00149_e0,import
S138C777_Bacteroides_uniformis,ERR1620339_sub,1e-06,EX_cpd00254_e0,-0.003435229675316036,0.04127908697314255,cpd00254_e0,import
S138C777_Bacteroides_uniformis,ERR1620339_sub,1e-06,EX_cpd00067_e0,11.055292889310588,0.04127908697314255,cpd00067_e0,export
S138C777_Bacteroides_uniformis,ERR1620339_sub,1e-06,EX_cpd01741_e0,-0.03899127956674675,0.04127908697314255,cpd01741_e0,import
S138C777_Bacteroides_uniformis,ERR1620339_sub,1e-06,EX_cpd00060_e0,-0.06312937434032477,0.04127908697314255,cpd00060_e0,import
S138C777_Bacteroides_uniformis,ERR1620339_sub,1e-06,EX_cpd00012_e0,-0.22667881940224532,0.04127908697314255,cpd00012_e0,import
S138C777_Bacteroides_uniformis,ERR1620339_sub,1e-06,EX_cpd00035_e0,-0.2063374788663926,0.04127908697314255,cpd00035_e0,import
S138C777_Bacteroides_uniformis,ERR1620339_sub,1e-06,EX_cpd00314_e0,1.8554716198003955,0.04127908697314255,cpd00314_e0,export
S138C777_Bacteroides_uniformis,ERR1620339_sub,1e-06,EX_cpd00036_e0,3.447474248470555,0.04127908697314255,cpd00036_e0,export
S138C777_Bacteroides_uniformis,ERR1620339_sub,1e-06,EX_cpd00053_e0,-0.12693952273088488,0.04127908697314255,cpd00053_e0,import
S138C777_Bacteroides_uniformis,ERR1620339_sub,1e-06,EX_cpd00065_e0,-0.025411576861007465,0.04127908697314255,cpd00065_e0,import
S138C777_Bacteroides_uniformis,ERR1620339_sub,1e-06,EX_cpd00069_e0,-0.06350526983768852,0.04127908697314255,cpd00069_e0,import
S138C777_Bacteroides_uniformis,ERR1620339_sub,1e-06,EX_cpd00119_e0,-0.046069961525500844,0.04127908697314255,cpd00119_e0,import
S138C777_Bacteroides_uniformis,ERR1620339_sub,1e-06,EX_cpd00029_e0,4.583572078513647,0.04127908697314255,cpd00029_e0,export
S138C777_Bacteroides_uniformis,ERR1620339_sub,1e-06,EX_cpd00794_e0,-3.3020946828763096,0.04127908697314255,cpd00794_e0,import
S138C777_Bacteroides_uniformis,ERR1620339_sub,1e-06,EX_cpd00039_e0,-0.15341063067941588,0.04127908697314255,cpd00039_e0,import
S138C777_Bacteroides_uniformis,ERR1620339_sub,1e-06,EX_cpd00066_e0,-0.08282291717661704,0.04127908697314255,cpd00066_e0,import
S138C777_Bacteroides_uniformis,ERR1620339_sub,1e-06,EX_cpd00071_e0,0.001858666711910797,0.04127908697314255,cpd00071_e0,export
S138C777_Bacteroides_uniformis,ERR1620339_sub,1e-06,EX_cpd10515_e0,-0.005293896387226833,0.04127908697314255,cpd10515_e0,import
S138C777_Bacteroides_uniformis,ERR1620339_sub,1e-06,EX_cpd00129_e0,-0.09882279890391808,0.04127908697314255,cpd00129_e0,import
S138C777_Bacteroides_uniformis,ERR1620339_sub,1e-06,EX_cpd00205_e0,-0.003435229675316036,0.04127908697314255,cpd00205_e0,import
S138C777_Bacteroides_uniformis,ERR1620339_sub,1e-06,EX_cpd00156_e0,-0.18917507218750035,0.04127908697314255,cpd00156_e0,import
S138C777_Bacteroides_uniformis,ERR1620339_sub,1e-06,EX_cpd10516_e0,-0.003435229675316036,0.04127908697314255,cpd10516_e0,import
S138C777_Bacteroides_uniformis,ERR1620339_sub,1e-06,EX_cpd00017_e0,-0.007434666847643188,0.04127908697314255,cpd00017_e0,import
S138C777_Bacteroides_uniformis,ERR1620339_sub,1e-06,EX_cpd00122_e0,-0.02747279720303606,0.04127908697314255,cpd00122_e0,import
S138C777_Bacteroides_uniformis,ERR1620339_sub,1e-06,EX_cpd00063_e0,-0.003435229675316036,0.04127908697314255,cpd00063_e0,import
S138C777_Bacteroides_uniformis,ERR1620339_sub,1e-06,EX_cpd00028_e0,-0.001858666711910797,0.04127908697314255,cpd00028_e0,import
S138C777_Bacteroides_uniformis,ERR1620339_sub,1e-06,EX_cpd00033_e0,-0.269690502585393,0.04127908697314255,cpd00033_e0,import
S138C777_Bacteroides_uniformis,ERR1620339_sub,1e-06,EX_cpd00011_e0,2.04768961682424,0.04127908697314255,cpd00011_e0,export
S138C777_Bacteroides_uniformis,ERR1620339_sub,1e-06,EX_cpd00311_e0,-0.1133552362818258,0.04127908697314255,cpd00311_e0,import
S138C777_Bacteroides_uniformis,ERR1620339_sub,1e-06,EX_cpd00232_e0,0.001478610825204883,0.04127908697314255,cpd00232_e0,export
S138C777_Bacteroides_uniformis,ERR1620339_sub,1e-06,EX_cpd00064_e0,-0.001858666711910797,0.04127908697314255,cpd00064_e0,import
S138C777_Bacteroides_uniformis,ERR1620339_sub,1e-06,EX_cpd00264_e0,-0.001858666711910797,0.04127908697314255,cpd00264_e0,import
S138C777_Bacteroides_uniformis,ERR1620339_sub,1e-06,EX_cpd00034_e0,-0.003435229675316036,0.04127908697314255,cpd00034_e0,import
S138C777_Bacteroides_uniformis,ERR1620339_sub,1e-06,EX_cpd00220_e0,-0.003717333423821594,0.04127908697314255,cpd00220_e0,import
S161C266_Bifidobacterium_bifidum,ERR1620339_sub,1e-06,EX_cpd00006_e0,-0.12182688406042275,0.012026068176194808,cpd00006_e0,import
S161C266_Bifidobacterium_bifidum,ERR1620339_sub,1e-06,EX_cpd00051_e0,-0.03080702400252126,0.012026068176194808,cpd00051_e0,import
S161C266_Bifidobacterium_bifidum,ERR1620339_sub,1e-06,EX_cpd01217_e0,-0.10366895441594254,0.012026068176194808,cpd01217_e0,import
S161C266_Bifidobacterium_bifidum,ERR1620339_sub,1e-06,EX_cpd00526_e0,0.3524221365022564,0.012026068176194808,cpd00526_e0,export
S161C266_Bifidobacterium_bifidum,ERR1620339_sub,1e-06,EX_cpd00030_e0,-0.0010012860630731696,0.012026068176194808,cpd00030_e0,import
S161C266_Bifidobacterium_bifidum,ERR1620339_sub,1e-06,EX_cpd00107_e0,-0.06696859962375813,0.012026068176194808,cpd00107_e0,import
S161C266_Bifidobacterium_bifidum,ERR1620339_sub,1e-06,EX_cpd00132_e0,-0.023627420951086168,0.012026068176194808,cpd00132_e0,import
S161C266_Bifidobacterium_bifidum,ERR1620339_sub,1e-06,EX_cpd00058_e0,-0.0010012860630731696,0.012026068176194808,cpd00058_e0,import
S161C266_Bifidobacterium_bifidum,ERR1620339_sub,1e-06,EX_cpd00048_e0,-0.0010012860630731696,0.012026068176194808,cpd00048_e0,import
S161C266_Bifidobacterium_bifidum,ERR1620339_sub,1e-06,EX_cpd00054_e0,-0.04361087758794945,0.012026068176194808,cpd00054_e0,import
S161C266_Bifidobacterium_bifidum,ERR1620339_sub,1e-06,EX_cpd00099_e0,-0.0010012860630731696,0.012026068176194808,cpd00099_e0,import
S161C266_Bifidobacterium_bifidum,ERR1620339_sub,1e-06,EX_cpd00322_e0,-0.05469800531766912,0.012026068176194808,cpd00322_e0,import
S161C266_Bifidobacterium_bifidum,ERR1620339_sub,1e-06,EX_cpd90003_e0,-0.0016451197010241602,0.012026068176194808,cpd90003_e0,import
S161C266_Bifidobacterium_bifidum,ERR1620339_sub,1e-06,EX_cpd00100_e0,0.003578377901596201,0.012026068176194808,cpd00100_e0,export
S161C266_Bifidobacterium_bifidum,ERR1620339_sub,1e-06,EX_cpd00010_e0,-0.0014181265993544745,0.012026068176194808,cpd00010_e0,import
S161C266_Bifidobacterium_bifidum,ERR1620339_sub,1e-06,EX_cpd00023_e0,-0.017517432470637126,0.012026068176194808,cpd00023_e0,import
S161C266_Bifidobacterium_bifidum,ERR1620339_sub,1e-06,EX_cpd00082_e0,-2.1976097456326116,0.012026068176194808,cpd00082_e0,import
S161C266_Bifidobacterium_bifidum,ERR1620339_sub,1e-06,EX_cpd00041_e0,-0.023887176693353142,0.012026068176194808,cpd00041_e0,import
S161C266_Bifidobacterium_bifidum,ERR1620339_sub,1e-06,EX_cpd00309_e0,0.10366895441594254,0.012026068176194808,cpd00309_e0,export
S161C266_Bifidobacterium_bifidum,ERR1620339_sub,1e-06,EX_cpd00161_e0,-0.029762718104130677,0.012026068176194808,cpd00161_e0,import
S161C266_Bifidobacterium_bifidum,ERR1620339_sub,1e-06,EX_cpd00084_e0,-0.010490534091622369,0.012026068176194808,cpd00084_e0,import
S161C266_Bifidobacterium_bifidum,ERR1620339_sub,1e-06,EX_cpd00149_e0,-0.0010012860630731696,0.012026068176194808,cpd00149_e0,import
S161C266_Bifidobacterium_bifidum,ERR1620339_sub,1e-06,EX_cpd00254_e0,-0.0010012860630731696,0.012026068176194808,cpd00254_e0,import
S161C266_Bifidobacterium_bifidum,ERR1620339_sub,1e-06,EX_cpd00067_e0,6.391220508228358,0.012026068176194808,cpd00067_e0,export
S161C266_Bifidobacterium_bifidum,ERR1620339_sub,1e-06,EX_cpd00009_e0,0.18557117604905246,0.012026068176194808,cpd00009_e0,export
S161C266_Bifidobacterium_bifidum,ERR1620339_sub,1e-06,EX_cpd00246_e0,0.10976721867752695,0.012026068176194808,cpd00246_e0,export
S161C266_Bifidobacterium_bifidum,ERR1620339_sub,1e-06,EX_cpd00159_e0,1.2022146578475308,0.012026068176194808,cpd00159_e0,export
S161C266_Bifidobacterium_bifidum,ERR1620339_sub,1e-06,EX_cpd00060_e0,-0.018788609165563686,0.012026068176194808,cpd00060_e0,import
S161C266_Bifidobacterium_bifidum,ERR1620339_sub,1e-06,EX_cpd00035_e0,0.05671572796466556,0.012026068176194808,cpd00035_e0,export
S161C266_Bifidobacterium_bifidum,ERR1620339_sub,1e-06,EX_cpd00053_e0,-0.07440394002710415,0.012026068176194808,cpd00053_e0,import
S161C266_Bifidobacterium_bifidum,ERR1620339_sub,1e-06,EX_cpd00065_e0,-0.008680792780371442,0.012026068176194808,cpd00065_e0,import
S161C266_Bifidobacterium_bifidum,ERR1620339_sub,1e-06,EX_cpd00069_e0,-0.018396994453667107,0.012026068176194808,cpd00069_e0,import
S161C266_Bifidobacterium_bifidum,ERR1620339_sub,1e-06,EX_cpd00119_e0,-0.013053823729881871,0.012026068176194808,cpd00119_e0,import
S161C266_Bifidobacterium_bifidum,ERR1620339_sub,1e-06,EX_cpd00047_e0,0.9022723551767319,0.012026068176194808,cpd00047_e0,export
S161C266_Bifidobacterium_bifidum,ERR1620339_sub,1e-06,EX_cpd00363_e0,0.0007090632996772319,0.012026068176194808,cpd00363_e0,export
S161C266_Bifidobacterium_bifidum,ERR1620339_sub,1e-06,EX_cpd23431_e0,-0.3524221365022564,0.012026068176194808,cpd23431_e0,import
S161C266_Bifidobacterium_bifidum,ERR1620339_sub,1e-06,EX_cpd00029_e0,4.109447815053842,0.012026068176194808,cpd00029_e0,export
S161C266_Bifidobacterium_bifidum,ERR1620339_sub,1e-06,EX_cpd00039_e0,-0.05156260373303339,0.012026068176194808,cpd00039_e0,import
S161C266_Bifidobacterium_bifidum,ERR1620339_sub,1e-06,EX_cpd00066_e0,-0.028065721019246082,0.012026068176194808,cpd00066_e0,import
S161C266_Bifidobacterium_bifidum,ERR1620339_sub,1e-06,EX_cpd10515_e0,-0.0017103493627504017,0.012026068176194808,cpd10515_e0,import
S161C266_Bifidobacterium_bifidum,ERR1620339_sub,1e-06,EX_cpd00129_e0,-0.02565076362921784,0.012026068176194808,cpd00129_e0,import
S161C266_Bifidobacterium_bifidum,ERR1620339_sub,1e-06,EX_cpd00205_e0,-0.0010012860630731696,0.012026068176194808,cpd00205_e0,import
S161C266_Bifidobacterium_bifidum,ERR1620339_sub,1e-06,EX_cpd00156_e0,-0.049017108105706426,0.012026068176194808,cpd00156_e0,import
S161C266_Bifidobacterium_bifidum,ERR1620339_sub,1e-06,EX_cpd10516_e0,-0.0010012860630731696,0.012026068176194808,cpd10516_e0,import
S161C266_Bifidobacterium_bifidum,ERR1620339_sub,1e-06,EX_cpd00249_e0,-0.01725211842520495,0.012026068176194808,cpd00249_e0,import
S161C266_Bifidobacterium_bifidum,ERR1620339_sub,1e-06,EX_cpd00063_e0,-0.0010012860630731696,0.012026068176194808,cpd00063_e0,import
S161C266_Bifidobacterium_bifidum,ERR1620339_sub,1e-06,EX_cpd00028_e0,-0.0007090632996772319,0.012026068176194808,cpd00028_e0,import
S161C266_Bifidobacterium_bifidum,ERR1620339_sub,1e-06,EX_cpd00033_e0,-0.06466215670768484,0.012026068176194808,cpd00033_e0,import
S161C266_Bifidobacterium_bifidum,ERR1620339_sub,1e-06,EX_cpd00133_e0,0.12040875746106827,0.012026068176194808,cpd00133_e0,export
S161C266_Bifidobacterium_bifidum,ERR1620339_sub,1e-06,EX_cpd00011_e0,0.052028854990290266,0.012026068176194808,cpd00011_e0,export
S161C266_Bifidobacterium_bifidum,ERR1620339_sub,1e-06,EX_cpd00311_e0,-0.01489663809702036,0.012026068176194808,cpd00311_e0,import
S161C266_Bifidobacterium_bifidum,ERR1620339_sub,1e-06,EX_cpd00118_e0,-0.0007090632996772319,0.012026068176194808,cpd00118_e0,import
S161C266_Bifidobacterium_bifidum,ERR1620339_sub,1e-06,EX_cpd00264_e0,-0.0007090632996772319,0.012026068176194808,cpd00264_e0,import
S161C266_Bifidobacterium_bifidum,ERR1620339_sub,1e-06,EX_cpd00034_e0,-0.0010012860630731696,0.012026068176194808,cpd00034_e0,import
S161C266_Bifidobacterium_bifidum,ERR1620339_sub,1e-06,EX_cpd00220_e0,-0.0014181265993544639,0.012026068176194808,cpd00220_e0,import
S161C58_Fusicatenibacter_saccharivorans,ERR1620339_sub,1e-06,EX_cpd00051_e0,-0.022750020317141743,0.006011508634221482,cpd00051_e0,import
S161C58_Fusicatenibacter_saccharivorans,ERR1620339_sub,1e-06,EX_cpd01217_e0,-0.0006187367892649467,0.006011508634221482,cpd01217_e0,import
S161C58_Fusicatenibacter_saccharivorans,ERR1620339_sub,1e-06,EX_cpd00030_e0,-0.0007068788772971496,0.006011508634221482,cpd00030_e0,import
S161C58_Fusicatenibacter_saccharivorans,ERR1620339_sub,1e-06,EX_cpd00107_e0,-0.04727788617262034,0.006011508634221482,cpd00107_e0,import
S161C58_Fusicatenibacter_saccharivorans,ERR1620339_sub,1e-06,EX_cpd00132_e0,-0.016680272912288057,0.006011508634221482,cpd00132_e0,import
S161C58_Fusicatenibacter_saccharivorans,ERR1620339_sub,1e-06,EX_cpd00182_e0,-0.008013195382552091,0.006011508634221482,cpd00182_e0,import
S161C58_Fusicatenibacter_saccharivorans,ERR1620339_sub,1e-06,EX_cpd00058_e0,-0.0007068788772971496,0.006011508634221482,cpd00058_e0,import
S161C58_Fusicatenibacter_saccharivorans,ERR1620339_sub,1e-06,EX_cpd00048_e0,-0.0007068788772971496,0.006011508634221482,cpd00048_e0,import
S161C58_Fusicatenibacter_saccharivorans,ERR1620339_sub,1e-06,EX_cpd00054_e0,-0.07443530495058286,0.006011508634221482,cpd00054_e0,import
S161C58_Fusicatenibacter_saccharivorans,ERR1620339_sub,1e-06,EX_cpd00099_e0,-0.0007068788772971496,0.006011508634221482,cpd00099_e0,import
S161C58_Fusicatenibacter_saccharivorans,ERR1620339_sub,1e-06,EX_cpd00367_e0,-0.012179494505273246,0.006011508634221482,cpd00367_e0,import
S161C58_Fusicatenibacter_saccharivorans,ERR1620339_sub,1e-06,EX_cpd00322_e0,-0.03761404681429023,0.006011508634221482,cpd00322_e0,import
S161C58_Fusicatenibacter_saccharivorans,ERR1620339_sub,1e-06,EX_cpd00393_e0,-0.0015017342826187663,0.006011508634221482,cpd00393_e0,import
S161C58_Fusicatenibacter_saccharivorans,ERR1620339_sub,1e-06,EX_cpd90003_e0,-0.0011614067249774568,0.006011508634221482,cpd90003_e0,import
S161C58_Fusicatenibacter_saccharivorans,ERR1620339_sub,1e-06,EX_cpd00023_e0,-0.06339208476384517,0.006011508634221482,cpd00023_e0,import
S161C58_Fusicatenibacter_saccharivorans,ERR1620339_sub,1e-06,EX_cpd00082_e0,-0.7173778951800005,0.006011508634221482,cpd00082_e0,import
S161C58_Fusicatenibacter_saccharivorans,ERR1620339_sub,1e-06,EX_cpd00041_e0,0.08214914400329092,0.006011508634221482,cpd00041_e0,export
S161C58_Fusicatenibacter_saccharivorans,ERR1620339_sub,1e-06,EX_cpd00309_e0,1.0198567021835894,0.006011508634221482,cpd00309_e0,export
S161C58_Fusicatenibacter_saccharivorans,ERR1620339_sub,1e-06,EX_cpd00161_e0,-0.021011614497246856,0.006011508634221482,cpd00161_e0,import
S161C58_Fusicatenibacter_saccharivorans,ERR1620339_sub,1e-06,EX_cpd00084_e0,-0.006905434267709164,0.006011508634221482,cpd00084_e0,import
S161C58_Fusicatenibacter_saccharivorans,ERR1620339_sub,1e-06,EX_cpd00149_e0,-0.0007068788772971496,0.006011508634221482,cpd00149_e0,import
S161C58_Fusicatenibacter_saccharivorans,ERR1620339_sub,1e-06,EX_cpd00254_e0,-0.0007068788772971496,0.006011508634221482,cpd00254_e0,import
S161C58_Fusicatenibacter_saccharivorans,ERR1620339_sub,1e-06,EX_cpd00009_e0,-0.13001433308594057,0.006011508634221482,cpd00009_e0,import
S161C58_Fusicatenibacter_saccharivorans,ERR1620339_sub,1e-06,EX_cpd00060_e0,-0.01276363424503815,0.006011508634221482,cpd00060_e0,import
S161C58_Fusicatenibacter_saccharivorans,ERR1620339_sub,1e-06,EX_cpd00035_e0,0.8068190201611318,0.006011508634221482,cpd00035_e0,export
S161C58_Fusicatenibacter_saccharivorans,ERR1620339_sub,1e-06,EX_cpd00036_e0,0.00100115618841249,0.006011508634221482,cpd00036_e0,export
S161C58_Fusicatenibacter_saccharivorans,ERR1620339_sub,1e-06,EX_cpd00065_e0,-0.006128387561696997,0.006011508634221482,cpd00065_e0,import
S161C58_Fusicatenibacter_saccharivorans,ERR1620339_sub,1e-06,EX_cpd00069_e0,-0.012487165633232187,0.006011508634221482,cpd00069_e0,import
S161C58_Fusicatenibacter_saccharivorans,ERR1620339_sub,1e-06,EX_cpd00119_e0,-0.009215620393529321,0.006011508634221482,cpd00119_e0,import
S161C58_Fusicatenibacter_saccharivorans,ERR1620339_sub,1e-06,EX_cpd00363_e0,1.0178543898067645,0.006011508634221482,cpd00363_e0,export
S161C58_Fusicatenibacter_saccharivorans,ERR1620339_sub,1e-06,EX_cpd00277_e0,-1.0192379653943244,0.006011508634221482,cpd00277_e0,import
S161C58_Fusicatenibacter_saccharivorans,ERR1620339_sub,1e-06,EX_cpd00029_e0,1.1324955592597103,0.006011508634221482,cpd00029_e0,export
S161C58_Fusicatenibacter_saccharivorans,ERR1620339_sub,1e-06,EX_cpd00039_e0,-0.036401700554440815,0.006011508634221482,cpd00039_e0,import
S161C58_Fusicatenibacter_saccharivorans,ERR1620339_sub,1e-06,EX_cpd00305_e0,-0.0005005780942062578,0.006011508634221482,cpd00305_e0,import
S161C58_Fusicatenibacter_saccharivorans,ERR1620339_sub,1e-06,EX_cpd00066_e0,-0.01981358384608808,0.006011508634221482,cpd00066_e0,import
S161C58_Fusicatenibacter_saccharivorans,ERR1620339_sub,1e-06,EX_cpd00001_e0,-0.030196574849413876,0.006011508634221482,cpd00001_e0,import
S161C58_Fusicatenibacter_saccharivorans,ERR1620339_sub,1e-06,EX_cpd00644_e0,-0.0010011561884125404,0.006011508634221482,cpd00644_e0,import
S161C58_Fusicatenibacter_saccharivorans,ERR1620339_sub,1e-06,EX_cpd10515_e0,-0.0012074569715034074,0.006011508634221482,cpd10515_e0,import
S161C58_Fusicatenibacter_saccharivorans,ERR1620339_sub,1e-06,EX_cpd00129_e0,-0.018108694073285088,0.006011508634221482,cpd00129_e0,import
S161C58_Fusicatenibacter_saccharivorans,ERR1620339_sub,1e-06,EX_cpd00204_e0,1.0441188393105227,0.006011508634221482,cpd00204_e0,export
S161C58_Fusicatenibacter_saccharivorans,ERR1620339_sub,1e-06,EX_cpd00205_e0,-0.0007068788772971496,0.006011508634221482,cpd00205_e0,import
S161C58_Fusicatenibacter_saccharivorans,ERR1620339_sub,1e-06,EX_cpd10516_e0,-0.0007068788772971496,0.006011508634221482,cpd10516_e0,import
S161C58_Fusicatenibacter_saccharivorans,ERR1620339_sub,1e-06,EX_cpd00017_e0,-0.0015017342826187734,0.006011508634221482,cpd00017_e0,import
S161C58_Fusicatenibacter_saccharivorans,ERR1620339_sub,1e-06,EX_cpd00063_e0,-0.0007068788772971496,0.006011508634221482,cpd00063_e0,import
S161C58_Fusicatenibacter_saccharivorans,ERR1620339_sub,1e-06,EX_cpd00028_e0,-0.0005005780942062578,0.006011508634221482,cpd00028_e0,import
S161C58_Fusicatenibacter_saccharivorans,ERR1620339_sub,1e-06,EX_cpd00011_e0,0.1520755989682481,0.006011508634221482,cpd00011_e0,export
S161C58_Fusicatenibacter_saccharivorans,ERR1620339_sub,1e-06,EX_cpd00311_e0,-0.00901485952794963,0.006011508634221482,cpd00311_e0,import
S161C58_Fusicatenibacter_saccharivorans,ERR1620339_sub,1e-06,EX_cpd00034_e0,-0.0007068788772971496,0.006011508634221482,cpd00034_e0,import
S161C58_Fusicatenibacter_saccharivorans,ERR1620339_sub,1e-06,EX_cpd00220_e0,-0.0010011561884125156,0.006011508634221482,cpd00220_e0,import
S174C190_Dialister_invisus,ERR1620339_sub,1e-06,EX_cpd00051_e0,-0.1671014201952341,0.05218577709518802,cpd00051_e0,import
S174C190_Dialister_invisus,ERR1620339_sub,1e-06,EX_cpd00526_e0,0.19318502994796982,0.05218577709518802,cpd00526_e0,export
S174C190_Dialister_invisus,ERR1620339_sub,1e-06,EX_cpd00030_e0,-0.004341019578559785,0.05218577709518802,cpd00030_e0,import
S174C190_Dialister_invisus,ERR1620339_sub,1e-06,EX_cpd00107_e0,-0.3040529380079533,0.05218577709518802,cpd00107_e0,import
S174C190_Dialister_invisus,ERR1620339_sub,1e-06,EX_cpd00132_e0,-0.136178737454479,0.05218577709518802,cpd00132_e0,import
S174C190_Dialister_invisus,ERR1620339_sub,1e-06,EX_cpd00182_e0,-0.1225630880431348,0.05218577709518802,cpd00182_e0,import
S174C190_Dialister_invisus,ERR1620339_sub,1e-06,EX_cpd00058_e0,-0.004341019578559785,0.05218577709518802,cpd00058_e0,import
S174C190_Dialister_invisus,ERR1620339_sub,1e-06,EX_cpd00048_e0,-0.004341019578559785,0.05218577709518802,cpd00048_e0,import
S174C190_Dialister_invisus,ERR1620339_sub,1e-06,EX_cpd00106_e0,-0.004697507502569032,0.05218577709518802,cpd00106_e0,import
S174C190_Dialister_invisus,ERR1620339_sub,1e-06,EX_cpd00054_e0,-0.16221839353384915,0.05218577709518802,cpd00054_e0,import
S174C190_Dialister_invisus,ERR1620339_sub,1e-06,EX_cpd00099_e0,-0.004341019578559785,0.05218577709518802,cpd00099_e0,import
S174C190_Dialister_invisus,ERR1620339_sub,1e-06,EX_cpd00367_e0,-0.18621967696605346,0.05218577709518802,cpd00367_e0,import
S174C190_Dialister_invisus,ERR1620339_sub,1e-06,EX_cpd00322_e0,-0.2136635576888235,0.05218577709518802,cpd00322_e0,import
S174C190_Dialister_invisus,ERR1620339_sub,1e-06,EX_cpd00010_e0,-0.004697507502568921,0.05218577709518802,cpd00010_e0,import
S174C190_Dialister_invisus,ERR1620339_sub,1e-06,EX_cpd00023_e0,-0.14516934264997666,0.05218577709518802,cpd00023_e0,import
S174C190_Dialister_invisus,ERR1620339_sub,1e-06,EX_cpd00082_e0,-14.07644072657298,0.05218577709518802,cpd00082_e0,import
S174C190_Dialister_invisus,ERR1620339_sub,1e-06,EX_cpd00041_e0,-0.1514370603941727,0.05218577709518802,cpd00041_e0,import
S174C190_Dialister_invisus,ERR1620339_sub,1e-06,EX_cpd00309_e0,0.25769268617876573,0.05218577709518802,cpd00309_e0,export
S174C190_Dialister_invisus,ERR1620339_sub,1e-06,EX_cpd00161_e0,-0.1433147411638842,0.05218577709518802,cpd00161_e0,import
S174C190_Dialister_invisus,ERR1620339_sub,1e-06,EX_cpd00084_e0,-0.05643353439575523,0.05218577709518802,cpd00084_e0,import
S174C190_Dialister_invisus,ERR1620339_sub,1e-06,EX_cpd00149_e0,-0.004341019578559785,0.05218577709518802,cpd00149_e0,import
S174C190_Dialister_invisus,ERR1620339_sub,1e-06,EX_cpd00254_e0,-0.004341019578559785,0.05218577709518802,cpd00254_e0,import
S174C190_Dialister_invisus,ERR1620339_sub,1e-06,EX_cpd00067_e0,25.253329976964764,0.05218577709518802,cpd00067_e0,export
S174C190_Dialister_invisus,ERR1620339_sub,1e-06,EX_cpd00009_e0,-0.5846412376742782,0.05218577709518802,cpd00009_e0,import
S174C190_Dialister_invisus,ERR1620339_sub,1e-06,EX_cpd00055_e0,-0.043272545304570545,0.05218577709518802,cpd00055_e0,import
S174C190_Dialister_invisus,ERR1620339_sub,1e-06,EX_cpd00159_e0,26.195127573452346,0.05218577709518802,cpd00159_e0,export
S174C190_Dialister_invisus,ERR1620339_sub,1e-06,EX_cpd00060_e0,-0.09386763971828076,0.05218577709518802,cpd00060_e0,import
S174C190_Dialister_invisus,ERR1620339_sub,1e-06,EX_cpd00035_e0,0.12724710571621276,0.05218577709518802,cpd00035_e0,export
S174C190_Dialister_invisus,ERR1620339_sub,1e-06,EX_cpd00036_e0,0.004697507502569032,0.05218577709518802,cpd00036_e0,export
S174C190_Dialister_invisus,ERR1620339_sub,1e-06,EX_cpd00053_e0,-0.188561251943152,0.05218577709518802,cpd00053_e0,import
S174C190_Dialister_invisus,ERR1620339_sub,1e-06,EX_cpd00065_e0,-0.03211201669232252,0.05218577709518802,cpd00065_e0,import
S174C190_Dialister_invisus,ERR1620339_sub,1e-06,EX_cpd00239_e0,0.004697507502568846,0.05218577709518802,cpd00239_e0,export
S174C190_Dialister_invisus,ERR1620339_sub,1e-06,EX_cpd00069_e0,-0.08025012757895615,0.05218577709518802,cpd00069_e0,import
S174C190_Dialister_invisus,ERR1620339_sub,1e-06,EX_cpd00119_e0,-0.05352002782053771,0.05218577709518802,cpd00119_e0,import
S174C190_Dialister_invisus,ERR1620339_sub,1e-06,EX_cpd00363_e0,0.002348753751284423,0.05218577709518802,cpd00363_e0,export
S174C190_Dialister_invisus,ERR1620339_sub,1e-06,EX_cpd23431_e0,-0.19318502994796982,0.05218577709518802,cpd23431_e0,import
S174C190_Dialister_invisus,ERR1620339_sub,1e-06,EX_cpd00029_e0,0.01172661586911168,0.05218577709518802,cpd00029_e0,export
S174C190_Dialister_invisus,ERR1620339_sub,1e-06,EX_cpd00027_e0,-0.04106030842920132,0.05218577709518802,cpd00027_e0,import
S174C190_Dialister_invisus,ERR1620339_sub,1e-06,EX_cpd00039_e0,-0.19386143410550316,0.05218577709518802,cpd00039_e0,import
S174C190_Dialister_invisus,ERR1620339_sub,1e-06,EX_cpd00066_e0,-0.1046613877379402,0.05218577709518802,cpd00066_e0,import
S174C190_Dialister_invisus,ERR1620339_sub,1e-06,EX_cpd00001_e0,5.781635433311971,0.05218577709518802,cpd00001_e0,export
S174C190_Dialister_invisus,ERR1620339_sub,1e-06,EX_cpd10515_e0,-0.006689773329844208,0.05218577709518802,cpd10515_e0,import
S174C190_Dialister_invisus,ERR1620339_sub,1e-06,EX_cpd00129_e0,-0.12488006491458777,0.05218577709518802,cpd00129_e0,import
S174C190_Dialister_invisus,ERR1620339_sub,1e-06,EX_cpd00205_e0,-0.004341019578559785,0.05218577709518802,cpd00205_e0,import
S174C190_Dialister_invisus,ERR1620339_sub,1e-06,EX_cpd00156_e0,-0.23905612426506806,0.05218577709518802,cpd00156_e0,import
S174C190_Dialister_invisus,ERR1620339_sub,1e-06,EX_cpd10516_e0,-0.004341019578559785,0.05218577709518802,cpd10516_e0,import
S174C190_Dialister_invisus,ERR1620339_sub,1e-06,EX_cpd00063_e0,-0.004341019578559785,0.05218577709518802,cpd00063_e0,import
S174C190_Dialister_invisus,ERR1620339_sub,1e-06,EX_cpd00028_e0,-0.002348753751284423,0.05218577709518802,cpd00028_e0,import
S174C190_Dialister_invisus,ERR1620339_sub,1e-06,EX_cpd00033_e0,-0.3220115647963698,0.05218577709518802,cpd00033_e0,import
S174C190_Dialister_invisus,ERR1620339_sub,1e-06,EX_cpd00216_e0,-0.007046261253853266,0.05218577709518802,cpd00216_e0,import
S174C190_Dialister_invisus,ERR1620339_sub,1e-06,EX_cpd00011_e0,1.6892247114344143,0.05218577709518802,cpd00011_e0,export
S174C190_Dialister_invisus,ERR1620339_sub,1e-06,EX_cpd00141_e0,0.004697507502568846,0.05218577709518802,cpd00141_e0,export
S174C190_Dialister_invisus,ERR1620339_sub,1e-06,EX_cpd00311_e0,-0.40093705308893623,0.05218577709518802,cpd00311_e0,import
S174C190_Dialister_invisus,ERR1620339_sub,1e-06,EX_cpd00064_e0,-0.004697507502568846,0.05218577709518802,cpd00064_e0,import
S174C190_Dialister_invisus,ERR1620339_sub,1e-06,EX_cpd00034_e0,-0.004341019578559785,0.05218577709518802,cpd00034_e0,import
S174C190_Dialister_invisus,ERR1620339_sub,1e-06,EX_cpd00220_e0,-0.004697507502568846,0.05218577709518802,cpd00220_e0,import
S217C425_Lachnospira_eligens_A,ERR1620339_sub,1e-06,EX_cpd00051_e0,-1.18599714768668,0.00676874393822766,cpd00051_e0,import
S217C425_Lachnospira_eligens_A,ERR1620339_sub,1e-06,EX_cpd00003_e0,-0.0013619175951342759,0.00676874393822766,cpd00003_e0,import
S217C425_Lachnospira_eligens_A,ERR1620339_sub,1e-06,EX_cpd01217_e0,-1.75809381766636,0.00676874393822766,cpd01217_e0,import
S217C425_Lachnospira_eligens_A,ERR1620339_sub,1e-06,EX_cpd00030_e0,-0.0009615989910086952,0.00676874393822766,cpd00030_e0,import
S217C425_Lachnospira_eligens_A,ERR1620339_sub,1e-06,EX_cpd00107_e0,-0.06431422567674874,0.00676874393822766,cpd00107_e0,import
S217C425_Lachnospira_eligens_A,ERR1620339_sub,1e-06,EX_cpd00132_e0,-0.02269092218957798,0.00676874393822766,cpd00132_e0,import
S217C425_Lachnospira_eligens_A,ERR1620339_sub,1e-06,EX_cpd00182_e0,-0.009538790916741535,0.00676874393822766,cpd00182_e0,import
S217C425_Lachnospira_eligens_A,ERR1620339_sub,1e-06,EX_cpd00058_e0,-0.0009615989910086952,0.00676874393822766,cpd00058_e0,import
S217C425_Lachnospira_eligens_A,ERR1620339_sub,1e-06,EX_cpd00048_e0,-0.0009615989910086952,0.00676874393822766,cpd00048_e0,import
S217C425_Lachnospira_eligens_A,ERR1620339_sub,1e-06,EX_cpd00054_e0,-0.05059512525388903,0.00676874393822766,cpd00054_e0,import
S217C425_Lachnospira_eligens_A,ERR1620339_sub,1e-06,EX_cpd00099_e0,-0.0009615989910086952,0.00676874393822766,cpd00099_e0,import
S217C425_Lachnospira_eligens_A,ERR1620339_sub,1e-06,EX_cpd00367_e0,-0.01656831177647914,0.00676874393822766,cpd00367_e0,import
S217C425_Lachnospira_eligens_A,ERR1620339_sub,1e-06,EX_cpd00322_e0,-0.041370189627407364,0.00676874393822766,cpd00322_e0,import
S217C425_Lachnospira_eligens_A,ERR1620339_sub,1e-06,EX_cpd00393_e0,-0.002042876392701064,0.00676874393822766,cpd00393_e0,import
S217C425_Lachnospira_eligens_A,ERR1620339_sub,1e-06,EX_cpd90003_e0,-0.0015799135760843576,0.00676874393822766,cpd90003_e0,import
S217C425_Lachnospira_eligens_A,ERR1620339_sub,1e-06,EX_cpd00023_e0,-0.01818502740366104,0.00676874393822766,cpd00023_e0,import
S217C425_Lachnospira_eligens_A,ERR1620339_sub,1e-06,EX_cpd00309_e0,1.75809381766636,0.00676874393822766,cpd00309_e0,export
S217C425_Lachnospira_eligens_A,ERR1620339_sub,1e-06,EX_cpd00161_e0,-0.038380922727154536,0.00676874393822766,cpd00161_e0,import
S217C425_Lachnospira_eligens_A,ERR1620339_sub,1e-06,EX_cpd00149_e0,-0.0009615989910086952,0.00676874393822766,cpd00149_e0,import
S217C425_Lachnospira_eligens_A,ERR1620339_sub,1e-06,EX_cpd00254_e0,-0.0009615989910086952,0.00676874393822766,cpd00254_e0,import
S217C425_Lachnospira_eligens_A,ERR1620339_sub,1e-06,EX_cpd00060_e0,-0.017362943222411952,0.00676874393822766,cpd00060_e0,import
S217C425_Lachnospira_eligens_A,ERR1620339_sub,1e-06,EX_cpd00012_e0,-0.08707024209122355,0.00676874393822766,cpd00012_e0,import
S217C425_Lachnospira_eligens_A,ERR1620339_sub,1e-06,EX_cpd00035_e0,2.2289756341284823,0.00676874393822766,cpd00035_e0,export
S217C425_Lachnospira_eligens_A,ERR1620339_sub,1e-06,EX_cpd00053_e0,-0.06805006421476678,0.00676874393822766,cpd00053_e0,import
S217C425_Lachnospira_eligens_A,ERR1620339_sub,1e-06,EX_cpd00065_e0,-0.008336720030977551,0.00676874393822766,cpd00065_e0,import
S217C425_Lachnospira_eligens_A,ERR1620339_sub,1e-06,EX_cpd00239_e0,-0.009393771461521011,0.00676874393822766,cpd00239_e0,import
S217C425_Lachnospira_eligens_A,ERR1620339_sub,1e-06,EX_cpd00069_e0,-0.016986850589435408,0.00676874393822766,cpd00069_e0,import
S217C425_Lachnospira_eligens_A,ERR1620339_sub,1e-06,EX_cpd00119_e0,-0.012536421099214365,0.00676874393822766,cpd00119_e0,import
S217C425_Lachnospira_eligens_A,ERR1620339_sub,1e-06,EX_cpd00047_e0,0.019749537938959272,0.00676874393822766,cpd00047_e0,export
S217C425_Lachnospira_eligens_A,ERR1620339_sub,1e-06,EX_cpd00363_e0,0.012263317103642136,0.00676874393822766,cpd00363_e0,export
S217C425_Lachnospira_eligens_A,ERR1620339_sub,1e-06,EX_cpd00277_e0,-0.012263317103642136,0.00676874393822766,cpd00277_e0,import
S217C425_Lachnospira_eligens_A,ERR1620339_sub,1e-06,EX_cpd00029_e0,0.03913999349378505,0.00676874393822766,cpd00029_e0,export
S217C425_Lachnospira_eligens_A,ERR1620339_sub,1e-06,EX_cpd00039_e0,-0.049518863341896736,0.00676874393822766,cpd00039_e0,import
S217C425_Lachnospira_eligens_A,ERR1620339_sub,1e-06,EX_cpd00305_e0,-0.0006809587975670214,0.00676874393822766,cpd00305_e0,import
S217C425_Lachnospira_eligens_A,ERR1620339_sub,1e-06,EX_cpd00066_e0,-0.02695330536331094,0.00676874393822766,cpd00066_e0,import
S217C425_Lachnospira_eligens_A,ERR1620339_sub,1e-06,EX_cpd00001_e0,-0.4946664190122052,0.00676874393822766,cpd00001_e0,import
S217C425_Lachnospira_eligens_A,ERR1620339_sub,1e-06,EX_cpd00644_e0,-0.0013619175951340434,0.00676874393822766,cpd00644_e0,import
S217C425_Lachnospira_eligens_A,ERR1620339_sub,1e-06,EX_cpd10515_e0,-0.0016425577885757167,0.00676874393822766,cpd10515_e0,import
S217C425_Lachnospira_eligens_A,ERR1620339_sub,1e-06,EX_cpd00205_e0,-0.0009615989910086952,0.00676874393822766,cpd00205_e0,import
S217C425_Lachnospira_eligens_A,ERR1620339_sub,1e-06,EX_cpd10516_e0,-0.0009615989910086952,0.00676874393822766,cpd10516_e0,import
S217C425_Lachnospira_eligens_A,ERR1620339_sub,1e-06,EX_cpd00017_e0,-0.0020428763927010643,0.00676874393822766,cpd00017_e0,import
S217C425_Lachnospira_eligens_A,ERR1620339_sub,1e-06,EX_cpd00063_e0,-0.0009615989910086952,0.00676874393822766,cpd00063_e0,import
S217C425_Lachnospira_eligens_A,ERR1620339_sub,1e-06,EX_cpd00028_e0,-0.0006809587975670214,0.00676874393822766,cpd00028_e0,import
S217C425_Lachnospira_eligens_A,ERR1620339_sub,1e-06,EX_cpd00033_e0,-0.06005632476437335,0.00676874393822766,cpd00033_e0,import
S217C425_Lachnospira_eligens_A,ERR1620339_sub,1e-06,EX_cpd00011_e0,1.5034348196294833,0.00676874393822766,cpd00011_e0,export
S217C425_Lachnospira_eligens_A,ERR1620339_sub,1e-06,EX_cpd00064_e0,1.1310961676350109,0.00676874393822766,cpd00064_e0,export
S217C425_Lachnospira_eligens_A,ERR1620339_sub,1e-06,EX_cpd00264_e0,-0.0006809587975670214,0.00676874393822766,cpd00264_e0,import
S217C425_Lachnospira_eligens_A,ERR1620339_sub,1e-06,EX_cpd00034_e0,-0.0009615989910086952,0.00676874393822766,cpd00034_e0,import
S217C425_Lachnospira_eligens_A,ERR1620339_sub,1e-06,EX_cpd00220_e0,-0.0013619175951340426,0.00676874393822766,cpd00220_e0,import
S223C8_Bacteroides_caccae,ERR1620339_sub,1e-06,EX_cpd00051_e0,-0.04927793624688586,0.0153790157954647,cpd00051_e0,import
S223C8_Bacteroides_caccae,ERR1620339_sub,1e-06,EX_cpd00003_e0,-0.0013852873001344024,0.0153790157954647,cpd00003_e0,import
S223C8_Bacteroides_caccae,ERR1620339_sub,1e-06,EX_cpd00030_e0,-0.001280159592831836,0.0153790157954647,cpd00030_e0,import
S223C8_Bacteroides_caccae,ERR1620339_sub,1e-06,EX_cpd00107_e0,-0.08966471546039916,0.0153790157954647,cpd00107_e0,import
S223C8_Bacteroides_caccae,ERR1620339_sub,1e-06,EX_cpd00132_e0,-0.04015888754639452,0.0153790157954647,cpd00132_e0,import
S223C8_Bacteroides_caccae,ERR1620339_sub,1e-06,EX_cpd00182_e0,-0.03129514919378375,0.0153790157954647,cpd00182_e0,import
S223C8_Bacteroides_caccae,ERR1620339_sub,1e-06,EX_cpd00058_e0,-0.001280159592831836,0.0153790157954647,cpd00058_e0,import
S223C8_Bacteroides_caccae,ERR1620339_sub,1e-06,EX_cpd00048_e0,-0.001280159592831836,0.0153790157954647,cpd00048_e0,import
S223C8_Bacteroides_caccae,ERR1620339_sub,1e-06,EX_cpd00106_e0,-0.2725332967502587,0.0153790157954647,cpd00106_e0,import
S223C8_Bacteroides_caccae,ERR1620339_sub,1e-06,EX_cpd00054_e0,-0.044891287839752006,0.0153790157954647,cpd00054_e0,import
S223C8_Bacteroides_caccae,ERR1620339_sub,1e-06,EX_cpd00099_e0,-0.001280159592831836,0.0153790157954647,cpd00099_e0,import
S223C8_Bacteroides_caccae,ERR1620339_sub,1e-06,EX_cpd00367_e0,-0.02664162512817471,0.0153790157954647,cpd00367_e0,import
S223C8_Bacteroides_caccae,ERR1620339_sub,1e-06,EX_cpd00393_e0,0.015215532427492903,0.0153790157954647,cpd00393_e0,export
S223C8_Bacteroides_caccae,ERR1620339_sub,1e-06,EX_cpd90003_e0,-0.01040283547344945,0.0153790157954647,cpd90003_e0,import
S223C8_Bacteroides_caccae,ERR1620339_sub,1e-06,EX_cpd00010_e0,-0.0013852873001345412,0.0153790157954647,cpd00010_e0,import
S223C8_Bacteroides_caccae,ERR1620339_sub,1e-06,EX_cpd00324_e0,0.06162374734344419,0.0153790157954647,cpd00324_e0,export
S223C8_Bacteroides_caccae,ERR1620339_sub,1e-06,EX_cpd00023_e0,-0.10809099120539928,0.0153790157954647,cpd00023_e0,import
S223C8_Bacteroides_caccae,ERR1620339_sub,1e-06,EX_cpd00309_e0,0.4977560556964305,0.0153790157954647,cpd00309_e0,export
S223C8_Bacteroides_caccae,ERR1620339_sub,1e-06,EX_cpd11640_e0,1.0440672205229296,0.0153790157954647,cpd11640_e0,export
S223C8_Bacteroides_caccae,ERR1620339_sub,1e-06,EX_cpd00161_e0,-0.04226328340035411,0.0153790157954647,cpd00161_e0,import
S223C8_Bacteroides_caccae,ERR1620339_sub,1e-06,EX_cpd00084_e0,-0.01525686994120666,0.0153790157954647,cpd00084_e0,import
S223C8_Bacteroides_caccae,ERR1620339_sub,1e-06,EX_cpd00149_e0,-0.001280159592831836,0.0153790157954647,cpd00149_e0,import
S223C8_Bacteroides_caccae,ERR1620339_sub,1e-06,EX_cpd00254_e0,-0.001280159592831836,0.0153790157954647,cpd00254_e0,import
S223C8_Bacteroides_caccae,ERR1620339_sub,1e-06,EX_cpd00067_e0,5.064956275395333,0.0153790157954647,cpd00067_e0,export
S223C8_Bacteroides_caccae,ERR1620339_sub,1e-06,EX_cpd00105_e0,-0.20851107058211882,0.0153790157954647,cpd00105_e0,import
S223C8_Bacteroides_caccae,ERR1620339_sub,1e-06,EX_cpd01741_e0,-0.014530341575943307,0.0153790157954647,cpd01741_e0,import
S223C8_Bacteroides_caccae,ERR1620339_sub,1e-06,EX_cpd00060_e0,-0.08584194293315092,0.0153790157954647,cpd00060_e0,import
S223C8_Bacteroides_caccae,ERR1620339_sub,1e-06,EX_cpd00412_e0,-0.023942314745733297,0.0153790157954647,cpd00412_e0,import
S223C8_Bacteroides_caccae,ERR1620339_sub,1e-06,EX_cpd00012_e0,-0.08481958637405018,0.0153790157954647,cpd00012_e0,import
S223C8_Bacteroides_caccae,ERR1620339_sub,1e-06,EX_cpd00036_e0,2.0742455916143814,0.0153790157954647,cpd00036_e0,export
S223C8_Bacteroides_caccae,ERR1620339_sub,1e-06,EX_cpd00065_e0,-0.00946978134281791,0.0153790157954647,cpd00065_e0,import
S223C8_Bacteroides_caccae,ERR1620339_sub,1e-06,EX_cpd00069_e0,-0.023665631722458853,0.0153790157954647,cpd00069_e0,import
S223C8_Bacteroides_caccae,ERR1620339_sub,1e-06,EX_cpd00119_e0,-0.01578296890469657,0.0153790157954647,cpd00119_e0,import
S223C8_Bacteroides_caccae,ERR1620339_sub,1e-06,EX_cpd00277_e0,-0.5552141182716488,0.0153790157954647,cpd00277_e0,import
S223C8_Bacteroides_caccae,ERR1620339_sub,1e-06,EX_cpd00029_e0,1.8539631442334858,0.0153790157954647,cpd00029_e0,export
S223C8_Bacteroides_caccae,ERR1620339_sub,1e-06,EX_cpd00039_e0,-0.057169420699234204,0.0153790157954647,cpd00039_e0,import
S223C8_Bacteroides_caccae,ERR1620339_sub,1e-06,EX_cpd00001_e0,-0.27047372230968575,0.0153790157954647,cpd00001_e0,import
S223C8_Bacteroides_caccae,ERR1620339_sub,1e-06,EX_cpd10515_e0,-0.0019728032428989635,0.0153790157954647,cpd10515_e0,import
S223C8_Bacteroides_caccae,ERR1620339_sub,1e-06,EX_cpd00129_e0,-0.036826927444291925,0.0153790157954647,cpd00129_e0,import
S223C8_Bacteroides_caccae,ERR1620339_sub,1e-06,EX_cpd00204_e0,0.0006926436500671277,0.0153790157954647,cpd00204_e0,export
S223C8_Bacteroides_caccae,ERR1620339_sub,1e-06,EX_cpd00205_e0,-0.001280159592831836,0.0153790157954647,cpd00205_e0,import
S223C8_Bacteroides_caccae,ERR1620339_sub,1e-06,EX_cpd10516_e0,-0.001280159592831836,0.0153790157954647,cpd10516_e0,import
S223C8_Bacteroides_caccae,ERR1620339_sub,1e-06,EX_cpd00017_e0,-0.003463218250335638,0.0153790157954647,cpd00017_e0,import
S223C8_Bacteroides_caccae,ERR1620339_sub,1e-06,EX_cpd00184_e0,-0.004331939109809873,0.0153790157954647,cpd00184_e0,import
S223C8_Bacteroides_caccae,ERR1620339_sub,1e-06,EX_cpd00063_e0,-0.001280159592831836,0.0153790157954647,cpd00063_e0,import
S223C8_Bacteroides_caccae,ERR1620339_sub,1e-06,EX_cpd00028_e0,-0.0006926436500671277,0.0153790157954647,cpd00028_e0,import
S223C8_Bacteroides_caccae,ERR1620339_sub,1e-06,EX_cpd00033_e0,-0.08961824108981337,0.0153790157954647,cpd00033_e0,import
S223C8_Bacteroides_caccae,ERR1620339_sub,1e-06,EX_cpd28763_e0,-0.113211850877167,0.0153790157954647,cpd28763_e0,import
S223C8_Bacteroides_caccae,ERR1620339_sub,1e-06,EX_cpd00064_e0,-0.0006926436500671277,0.0153790157954647,cpd00064_e0,import
S223C8_Bacteroides_caccae,ERR1620339_sub,1e-06,EX_cpd00013_e0,0.20103379768498889,0.0153790157954647,cpd00013_e0,export
S223C8_Bacteroides_caccae,ERR1620339_sub,1e-06,EX_cpd00264_e0,-0.0006926436500671277,0.0153790157954647,cpd00264_e0,import
S223C8_Bacteroides_caccae,ERR1620339_sub,1e-06,EX_cpd00034_e0,-0.001280159592831836,0.0153790157954647,cpd00034_e0,import
S223C8_Bacteroides_caccae,ERR1620339_sub,1e-06,EX_cpd00220_e0,-0.0013852873001342554,0.0153790157954647,cpd00220_e0,import
S229C71_Roseburia_intestinalis,ERR1620339_sub,1e-06,EX_cpd00051_e0,-0.11445948244288619,0.0036778692948406396,cpd00051_e0,import
S229C71_Roseburia_intestinalis,ERR1620339_sub,1e-06,EX_cpd00030_e0,-0.00030619032052485977,0.0036778692948406396,cpd00030_e0,import
S229C71_Roseburia_intestinalis,ERR1620339_sub,1e-06,EX_cpd00107_e0,-0.02047879995549392,0.0036778692948406396,cpd00107_e0,import
S229C71_Roseburia_intestinalis,ERR1620339_sub,1e-06,EX_cpd00132_e0,-0.007225195537012279,0.0036778692948406396,cpd00132_e0,import
S229C71_Roseburia_intestinalis,ERR1620339_sub,1e-06,EX_cpd00182_e0,-0.003037321664776324,0.0036778692948406396,cpd00182_e0,import
S229C71_Roseburia_intestinalis,ERR1620339_sub,1e-06,EX_cpd00058_e0,-0.00030619032052485977,0.0036778692948406396,cpd00058_e0,import
S229C71_Roseburia_intestinalis,ERR1620339_sub,1e-06,EX_cpd00048_e0,-0.00030619032052485977,0.0036778692948406396,cpd00048_e0,import
S229C71_Roseburia_intestinalis,ERR1620339_sub,1e-06,EX_cpd00106_e0,0.0034709805900473567,0.0036778692948406396,cpd00106_e0,export
S229C71_Roseburia_intestinalis,ERR1620339_sub,1e-06,EX_cpd00054_e0,-0.013336077550146494,0.0036778692948406396,cpd00054_e0,import
S229C71_Roseburia_intestinalis,ERR1620339_sub,1e-06,EX_cpd00024_e0,-0.027025136882573474,0.0036778692948406396,cpd00024_e0,import
S229C71_Roseburia_intestinalis,ERR1620339_sub,1e-06,EX_cpd00099_e0,-0.00030619032052485977,0.0036778692948406396,cpd00099_e0,import
S229C71_Roseburia_intestinalis,ERR1620339_sub,1e-06,EX_cpd00367_e0,-0.005275646855738097,0.0036778692948406396,cpd00367_e0,import
S229C71_Roseburia_intestinalis,ERR1620339_sub,1e-06,EX_cpd00322_e0,-0.013173008437646695,0.0036778692948406396,cpd00322_e0,import
S229C71_Roseburia_intestinalis,ERR1620339_sub,1e-06,EX_cpd00393_e0,-0.0006504883879065468,0.0036778692948406396,cpd00393_e0,import
S229C71_Roseburia_intestinalis,ERR1620339_sub,1e-06,EX_cpd00100_e0,0.0010942573926236198,0.0036778692948406396,cpd00100_e0,export
S229C71_Roseburia_intestinalis,ERR1620339_sub,1e-06,EX_cpd00324_e0,0.003314842009915427,0.0036778692948406396,cpd00324_e0,export
S229C71_Roseburia_intestinalis,ERR1620339_sub,1e-06,EX_cpd00082_e0,0.013582964122493301,0.0036778692948406396,cpd00082_e0,export
S229C71_Roseburia_intestinalis,ERR1620339_sub,1e-06,EX_cpd00161_e0,-0.009101351284192273,0.0036778692948406396,cpd00161_e0,import
S229C71_Roseburia_intestinalis,ERR1620339_sub,1e-06,EX_cpd00084_e0,-0.003641633263925218,0.0036778692948406396,cpd00084_e0,import
S229C71_Roseburia_intestinalis,ERR1620339_sub,1e-06,EX_cpd00149_e0,-0.00030619032052485977,0.0036778692948406396,cpd00149_e0,import
S229C71_Roseburia_intestinalis,ERR1620339_sub,1e-06,EX_cpd00254_e0,-0.00030619032052485977,0.0036778692948406396,cpd00254_e0,import
S229C71_Roseburia_intestinalis,ERR1620339_sub,1e-06,EX_cpd00067_e0,1.1320136901317688,0.0036778692948406396,cpd00067_e0,export
S229C71_Roseburia_intestinalis,ERR1620339_sub,1e-06,EX_cpd00009_e0,-0.05631676316687736,0.0036778692948406396,cpd00009_e0,import
S229C71_Roseburia_intestinalis,ERR1620339_sub,1e-06,EX_cpd00076_e0,-0.013582964122493301,0.0036778692948406396,cpd00076_e0,import
S229C71_Roseburia_intestinalis,ERR1620339_sub,1e-06,EX_cpd00159_e0,0.5025564304377377,0.0036778692948406396,cpd00159_e0,export
S229C71_Roseburia_intestinalis,ERR1620339_sub,1e-06,EX_cpd00060_e0,-0.007976195882446318,0.0036778692948406396,cpd00060_e0,import
S229C71_Roseburia_intestinalis,ERR1620339_sub,1e-06,EX_cpd00035_e0,0.0013784307177366825,0.0036778692948406396,cpd00035_e0,export
S229C71_Roseburia_intestinalis,ERR1620339_sub,1e-06,EX_cpd00065_e0,-0.0026545607912227447,0.0036778692948406396,cpd00065_e0,import
S229C71_Roseburia_intestinalis,ERR1620339_sub,1e-06,EX_cpd00069_e0,-0.005625746563548009,0.0036778692948406396,cpd00069_e0,import
S229C71_Roseburia_intestinalis,ERR1620339_sub,1e-06,EX_cpd00119_e0,-0.003991820738680821,0.0036778692948406396,cpd00119_e0,import
S229C71_Roseburia_intestinalis,ERR1620339_sub,1e-06,EX_cpd00363_e0,0.00043365892527103114,0.0036778692948406396,cpd00363_e0,export
S229C71_Roseburia_intestinalis,ERR1620339_sub,1e-06,EX_cpd00029_e0,0.8494573320161227,0.0036778692948406396,cpd00029_e0,export
S229C71_Roseburia_intestinalis,ERR1620339_sub,1e-06,EX_cpd00794_e0,-0.3245156830749572,0.0036778692948406396,cpd00794_e0,import
S229C71_Roseburia_intestinalis,ERR1620339_sub,1e-06,EX_cpd00039_e0,-0.01576769191778924,0.0036778692948406396,cpd00039_e0,import
S229C71_Roseburia_intestinalis,ERR1620339_sub,1e-06,EX_cpd00644_e0,-0.000433658925271016,0.0036778692948406396,cpd00644_e0,import
S229C71_Roseburia_intestinalis,ERR1620339_sub,1e-06,EX_cpd10515_e0,-0.0005230197831603753,0.0036778692948406396,cpd10515_e0,import
S229C71_Roseburia_intestinalis,ERR1620339_sub,1e-06,EX_cpd00129_e0,-0.007843927751507801,0.0036778692948406396,cpd00129_e0,import
S229C71_Roseburia_intestinalis,ERR1620339_sub,1e-06,EX_cpd00204_e0,0.00021682946263551557,0.0036778692948406396,cpd00204_e0,export
S229C71_Roseburia_intestinalis,ERR1620339_sub,1e-06,EX_cpd00205_e0,-0.00030619032052485977,0.0036778692948406396,cpd00205_e0,import
S229C71_Roseburia_intestinalis,ERR1620339_sub,1e-06,EX_cpd10516_e0,-0.00030619032052485977,0.0036778692948406396,cpd10516_e0,import
S229C71_Roseburia_intestinalis,ERR1620339_sub,1e-06,EX_cpd00017_e0,-0.0010841473131775778,0.0036778692948406396,cpd00017_e0,import
S229C71_Roseburia_intestinalis,ERR1620339_sub,1e-06,EX_cpd00122_e0,-0.008737579260083412,0.0036778692948406396,cpd00122_e0,import
S229C71_Roseburia_intestinalis,ERR1620339_sub,1e-06,EX_cpd00063_e0,-0.00030619032052485977,0.0036778692948406396,cpd00063_e0,import
S229C71_Roseburia_intestinalis,ERR1620339_sub,1e-06,EX_cpd00028_e0,-0.00021682946263551557,0.0036778692948406396,cpd00028_e0,import
S229C71_Roseburia_intestinalis,ERR1620339_sub,1e-06,EX_cpd00033_e0,-0.020423984912353733,0.0036778692948406396,cpd00033_e0,import
S229C71_Roseburia_intestinalis,ERR1620339_sub,1e-06,EX_cpd00011_e0,0.23762405162507813,0.0036778692948406396,cpd00011_e0,export
S229C71_Roseburia_intestinalis,ERR1620339_sub,1e-06,EX_cpd00141_e0,-0.0002386380135718071,0.0036778692948406396,cpd00141_e0,import
S229C71_Roseburia_intestinalis,ERR1620339_sub,1e-06,EX_cpd00311_e0,-0.0039048595410061397,0.0036778692948406396,cpd00311_e0,import
S229C71_Roseburia_intestinalis,ERR1620339_sub,1e-06,EX_cpd00064_e0,0.10460512657432841,0.0036778692948406396,cpd00064_e0,export
S229C71_Roseburia_intestinalis,ERR1620339_sub,1e-06,EX_cpd00013_e0,0.12537993825385785,0.0036778692948406396,cpd00013_e0,export
S229C71_Roseburia_intestinalis,ERR1620339_sub,1e-06,EX_cpd00034_e0,-0.00030619032052485977,0.0036778692948406396,cpd00034_e0,import
S229C71_Roseburia_intestinalis,ERR1620339_sub,1e-06,EX_cpd00220_e0,-0.00043365892527103114,0.0036778692948406396,cpd00220_e0,import
S255C374_Gemmiger_formicilis,ERR1620339_sub,1e-06,EX_cpd90006_e0,-0.08928352304004249,0.23057998061453214,cpd90006_e0,import
S255C374_Gemmiger_formicilis,ERR1620339_sub,1e-06,EX_cpd01217_e0,0.13498009182645876,0.23057998061453214,cpd01217_e0,export
S255C374_Gemmiger_formicilis,ERR1620339_sub,1e-06,EX_cpd00526_e0,-1.1203291298227316,0.23057998061453214,cpd00526_e0,import
S255C374_Gemmiger_formicilis,ERR1620339_sub,1e-06,EX_cpd00030_e0,-0.019179667633697953,0.23057998061453214,cpd00030_e0,import
S255C374_Gemmiger_formicilis,ERR1620339_sub,1e-06,EX_cpd00132_e0,-0.045093590408034366,0.23057998061453214,cpd00132_e0,import
S255C374_Gemmiger_formicilis,ERR1620339_sub,1e-06,EX_cpd00182_e0,0.12619984788309235,0.23057998061453214,cpd00182_e0,export
S255C374_Gemmiger_formicilis,ERR1620339_sub,1e-06,EX_cpd00058_e0,-0.019179667633697953,0.23057998061453214,cpd00058_e0,import
S255C374_Gemmiger_formicilis,ERR1620339_sub,1e-06,EX_cpd00048_e0,-0.019179667633697953,0.23057998061453214,cpd00048_e0,import
S255C374_Gemmiger_formicilis,ERR1620339_sub,1e-06,EX_cpd00106_e0,1.461504182267239,0.23057998061453214,cpd00106_e0,export
S255C374_Gemmiger_formicilis,ERR1620339_sub,1e-06,EX_cpd00054_e0,0.15280485372797178,0.23057998061453214,cpd00054_e0,export
S255C374_Gemmiger_formicilis,ERR1620339_sub,1e-06,EX_cpd00099_e0,-0.019179667633697953,0.23057998061453214,cpd00099_e0,import
S255C374_Gemmiger_formicilis,ERR1620339_sub,1e-06,EX_cpd00367_e0,0.9939975397629219,0.23057998061453214,cpd00367_e0,export
S255C374_Gemmiger_formicilis,ERR1620339_sub,1e-06,EX_cpd00023_e0,-0.14869125223024726,0.23057998061453214,cpd00023_e0,import
S255C374_Gemmiger_formicilis,ERR1620339_sub,1e-06,EX_cpd00082_e0,-32.3115314641875,0.23057998061453214,cpd00082_e0,import
S255C374_Gemmiger_formicilis,ERR1620339_sub,1e-06,EX_cpd00041_e0,0.12381532498820413,0.23057998061453214,cpd00041_e0,export
S255C374_Gemmiger_formicilis,ERR1620339_sub,1e-06,EX_cpd00309_e0,-0.040782689229419196,0.23057998061453214,cpd00309_e0,import
S255C374_Gemmiger_formicilis,ERR1620339_sub,1e-06,EX_cpd00073_e0,0.027164261884006023,0.23057998061453214,cpd00073_e0,export
S255C374_Gemmiger_formicilis,ERR1620339_sub,1e-06,EX_cpd00161_e0,0.11237014393102658,0.23057998061453214,cpd00161_e0,export
S255C374_Gemmiger_formicilis,ERR1620339_sub,1e-06,EX_cpd00084_e0,-0.05922941130965073,0.23057998061453214,cpd00084_e0,import
S255C374_Gemmiger_formicilis,ERR1620339_sub,1e-06,EX_cpd00149_e0,-0.019179667633697953,0.23057998061453214,cpd00149_e0,import
S255C374_Gemmiger_formicilis,ERR1620339_sub,1e-06,EX_cpd00254_e0,-0.019179667633697953,0.23057998061453214,cpd00254_e0,import
S255C374_Gemmiger_formicilis,ERR1620339_sub,1e-06,EX_cpd00116_e0,-0.011186888326530899,0.23057998061453214,cpd00116_e0,import
S255C374_Gemmiger_formicilis,ERR1620339_sub,1e-06,EX_cpd00067_e0,140.07148600943955,0.23057998061453214,cpd00067_e0,export
S255C374_Gemmiger_formicilis,ERR1620339_sub,1e-06,EX_cpd00009_e0,-3.5276647475164467,0.23057998061453214,cpd00009_e0,import
S255C374_Gemmiger_formicilis,ERR1620339_sub,1e-06,EX_cpd00055_e0,0.011186888326530899,0.23057998061453214,cpd00055_e0,export
S255C374_Gemmiger_formicilis,ERR1620339_sub,1e-06,EX_cpd00246_e0,0.040782689229419196,0.23057998061453214,cpd00246_e0,export
S255C374_Gemmiger_formicilis,ERR1620339_sub,1e-06,EX_cpd00060_e0,-0.07896597695773339,0.23057998061453214,cpd00060_e0,import
S255C374_Gemmiger_formicilis,ERR1620339_sub,1e-06,EX_cpd00020_e0,1.2807083225119078,0.23057998061453214,cpd00020_e0,export
S255C374_Gemmiger_formicilis,ERR1620339_sub,1e-06,EX_cpd00036_e0,0.8073528703164828,0.23057998061453214,cpd00036_e0,export
S255C374_Gemmiger_formicilis,ERR1620339_sub,1e-06,EX_cpd00053_e0,-1.3709289485864802,0.23057998061453214,cpd00053_e0,import
S255C374_Gemmiger_formicilis,ERR1620339_sub,1e-06,EX_cpd00448_e0,0.014868811901266422,0.23057998061453214,cpd00448_e0,export
S255C374_Gemmiger_formicilis,ERR1620339_sub,1e-06,EX_cpd00065_e0,-0.1662808726344594,0.23057998061453214,cpd00065_e0,import
S255C374_Gemmiger_formicilis,ERR1620339_sub,1e-06,EX_cpd00239_e0,-0.4746337549806574,0.23057998061453214,cpd00239_e0,import
S255C374_Gemmiger_formicilis,ERR1620339_sub,1e-06,EX_cpd00069_e0,-0.19034064467838596,0.23057998061453214,cpd00069_e0,import
S255C374_Gemmiger_formicilis,ERR1620339_sub,1e-06,EX_cpd00119_e0,-0.25004642501422475,0.23057998061453214,cpd00119_e0,import
S255C374_Gemmiger_formicilis,ERR1620339_sub,1e-06,EX_cpd00047_e0,79.43777319399078,0.23057998061453214,cpd00047_e0,export
S255C374_Gemmiger_formicilis,ERR1620339_sub,1e-06,EX_cpd00363_e0,0.12816985175196072,0.23057998061453214,cpd00363_e0,export
S255C374_Gemmiger_formicilis,ERR1620339_sub,1e-06,EX_cpd00307_e0,-0.2775738492052257,0.23057998061453214,cpd00307_e0,import
S255C374_Gemmiger_formicilis,ERR1620339_sub,1e-06,EX_cpd23431_e0,1.1203291298227316,0.23057998061453214,cpd23431_e0,export
S255C374_Gemmiger_formicilis,ERR1620339_sub,1e-06,EX_cpd90005_e0,-0.663332288178503,0.23057998061453214,cpd90005_e0,import
S255C374_Gemmiger_formicilis,ERR1620339_sub,1e-06,EX_cpd00277_e0,0.20164631592289492,0.23057998061453214,cpd00277_e0,export
S255C374_Gemmiger_formicilis,ERR1620339_sub,1e-06,EX_cpd00029_e0,1.3534944769317956,0.23057998061453214,cpd00029_e0,export
S255C374_Gemmiger_formicilis,ERR1620339_sub,1e-06,EX_cpd00027_e0,-21.836698402336275,0.23057998061453214,cpd00027_e0,import
S255C374_Gemmiger_formicilis,ERR1620339_sub,1e-06,EX_cpd00039_e0,0.08870928600270461,0.23057998061453214,cpd00039_e0,export
S255C374_Gemmiger_formicilis,ERR1620339_sub,1e-06,EX_cpd00179_e0,6.372585407934275,0.23057998061453214,cpd00179_e0,export
S255C374_Gemmiger_formicilis,ERR1620339_sub,1e-06,EX_cpd00001_e0,56.518749865523546,0.23057998061453214,cpd00001_e0,export
S255C374_Gemmiger_formicilis,ERR1620339_sub,1e-06,EX_cpd00644_e0,-0.027164261884006002,0.23057998061453214,cpd00644_e0,import
S255C374_Gemmiger_formicilis,ERR1620339_sub,1e-06,EX_cpd00071_e0,-0.0039587418718984545,0.23057998061453214,cpd00071_e0,import
S255C374_Gemmiger_formicilis,ERR1620339_sub,1e-06,EX_cpd10515_e0,-0.05423189213591552,0.23057998061453214,cpd10515_e0,import
S255C374_Gemmiger_formicilis,ERR1620339_sub,1e-06,EX_cpd00129_e0,-0.10591568523687886,0.23057998061453214,cpd00129_e0,import
S255C374_Gemmiger_formicilis,ERR1620339_sub,1e-06,EX_cpd00205_e0,-0.019179667633697953,0.23057998061453214,cpd00205_e0,import
S255C374_Gemmiger_formicilis,ERR1620339_sub,1e-06,EX_cpd10516_e0,-0.019179667633697953,0.23057998061453214,cpd10516_e0,import
S255C374_Gemmiger_formicilis,ERR1620339_sub,1e-06,EX_cpd00017_e0,0.024821924508437537,0.23057998061453214,cpd00017_e0,export
S255C374_Gemmiger_formicilis,ERR1620339_sub,1e-06,EX_cpd90008_e0,-0.663332288178503,0.23057998061453214,cpd90008_e0,import
S255C374_Gemmiger_formicilis,ERR1620339_sub,1e-06,EX_cpd00092_e0,-0.33111026147533607,0.23057998061453214,cpd00092_e0,import
S255C374_Gemmiger_formicilis,ERR1620339_sub,1e-06,EX_cpd00063_e0,-0.019179667633697953,0.23057998061453214,cpd00063_e0,import
S255C374_Gemmiger_formicilis,ERR1620339_sub,1e-06,EX_cpd00028_e0,0.007887962618211545,0.23057998061453214,cpd00028_e0,export
S255C374_Gemmiger_formicilis,ERR1620339_sub,1e-06,EX_cpd00211_e0,35.13999088460062,0.23057998061453214,cpd00211_e0,export
S255C374_Gemmiger_formicilis,ERR1620339_sub,1e-06,EX_cpd00033_e0,0.7250730935859655,0.23057998061453214,cpd00033_e0,export
S255C374_Gemmiger_formicilis,ERR1620339_sub,1e-06,EX_cpd00216_e0,-0.39208752058025487,0.23057998061453214,cpd00216_e0,import
S255C374_Gemmiger_formicilis,ERR1620339_sub,1e-06,EX_cpd00011_e0,-1.9616729786528737,0.23057998061453214,cpd00011_e0,import
S255C374_Gemmiger_formicilis,ERR1620339_sub,1e-06,EX_cpd00311_e0,0.21123257820290467,0.23057998061453214,cpd00311_e0,export
S255C374_Gemmiger_formicilis,ERR1620339_sub,1e-06,EX_cpd00013_e0,-24.172111220675205,0.23057998061453214,cpd00013_e0,import
S255C374_Gemmiger_formicilis,ERR1620339_sub,1e-06,EX_cpd00034_e0,-0.019179667633697953,0.23057998061453214,cpd00034_e0,import
S255C374_Gemmiger_formicilis,ERR1620339_sub,1e-06,EX_cpd00220_e0,-0.027164261884006023,0.23057998061453214,cpd00220_e0,import
S25C46_Phocaeicola_coprocola,ERR1620339_sub,1e-06,EX_cpd00051_e0,-0.06705916966465741,0.10419307608689353,cpd00051_e0,import
S25C46_Phocaeicola_coprocola,ERR1620339_sub,1e-06,EX_cpd00130_e0,-1.6720254374682444,0.10419307608689353,cpd00130_e0,import
S25C46_Phocaeicola_coprocola,ERR1620339_sub,1e-06,EX_cpd00526_e0,-3.645091740904495,0.10419307608689353,cpd00526_e0,import
S25C46_Phocaeicola_coprocola,ERR1620339_sub,1e-06,EX_cpd00030_e0,-0.008674560474653446,0.10419307608689353,cpd00030_e0,import
S25C46_Phocaeicola_coprocola,ERR1620339_sub,1e-06,EX_cpd00132_e0,-0.2721228669976991,0.10419307608689353,cpd00132_e0,import
S25C46_Phocaeicola_coprocola,ERR1620339_sub,1e-06,EX_cpd00058_e0,-0.008674560474653446,0.10419307608689353,cpd00058_e0,import
S25C46_Phocaeicola_coprocola,ERR1620339_sub,1e-06,EX_cpd00048_e0,-0.008674560474653446,0.10419307608689353,cpd00048_e0,import
S25C46_Phocaeicola_coprocola,ERR1620339_sub,1e-06,EX_cpd00106_e0,-3.50088131250843,0.10419307608689353,cpd00106_e0,import
S25C46_Phocaeicola_coprocola,ERR1620339_sub,1e-06,EX_cpd00099_e0,-0.008674560474653446,0.10419307608689353,cpd00099_e0,import
S25C46_Phocaeicola_coprocola,ERR1620339_sub,1e-06,EX_cpd00367_e0,-0.18052779482452908,0.10419307608689353,cpd00367_e0,import
S25C46_Phocaeicola_coprocola,ERR1620339_sub,1e-06,EX_cpd00322_e0,-0.3515050706091026,0.10419307608689353,cpd00322_e0,import
S25C46_Phocaeicola_coprocola,ERR1620339_sub,1e-06,EX_cpd90003_e0,-1.4679588307925218,0.10419307608689353,cpd90003_e0,import
S25C46_Phocaeicola_coprocola,ERR1620339_sub,1e-06,EX_cpd90022_e0,2.4419573405103934e-05,0.10419307608689353,cpd90022_e0,export
S25C46_Phocaeicola_coprocola,ERR1620339_sub,1e-06,EX_cpd00010_e0,0.021407309621848558,0.10419307608689353,cpd00010_e0,export
S25C46_Phocaeicola_coprocola,ERR1620339_sub,1e-06,EX_cpd00324_e0,0.06606702430679429,0.10419307608689353,cpd00324_e0,export
S25C46_Phocaeicola_coprocola,ERR1620339_sub,1e-06,EX_cpd00023_e0,0.9899034205253328,0.10419307608689353,cpd00023_e0,export
S25C46_Phocaeicola_coprocola,ERR1620339_sub,1e-06,EX_cpd00082_e0,34.05894402986635,0.10419307608689353,cpd00082_e0,export
S25C46_Phocaeicola_coprocola,ERR1620339_sub,1e-06,EX_cpd00007_e0,6.001367909762436e-06,0.10419307608689353,cpd00007_e0,export
S25C46_Phocaeicola_coprocola,ERR1620339_sub,1e-06,EX_cpd00309_e0,-0.5431773658735828,0.10419307608689353,cpd00309_e0,import
S25C46_Phocaeicola_coprocola,ERR1620339_sub,1e-06,EX_cpd00161_e0,-0.2863825805521641,0.10419307608689353,cpd00161_e0,import
S25C46_Phocaeicola_coprocola,ERR1620339_sub,1e-06,EX_cpd01262_e0,2.9359176615850435,0.10419307608689353,cpd01262_e0,export
S25C46_Phocaeicola_coprocola,ERR1620339_sub,1e-06,EX_cpd00084_e0,-0.4692730617880724,0.10419307608689353,cpd00084_e0,import
S25C46_Phocaeicola_coprocola,ERR1620339_sub,1e-06,EX_cpd00149_e0,-0.008674560474653446,0.10419307608689353,cpd00149_e0,import
S25C46_Phocaeicola_coprocola,ERR1620339_sub,1e-06,EX_cpd00254_e0,-0.008674560474653446,0.10419307608689353,cpd00254_e0,import
S25C46_Phocaeicola_coprocola,ERR1620339_sub,1e-06,EX_cpd00067_e0,29.719198775241143,0.10419307608689353,cpd00067_e0,export
S25C46_Phocaeicola_coprocola,ERR1620339_sub,1e-06,EX_cpd00105_e0,0.009386922167416465,0.10419307608689353,cpd00105_e0,export
S25C46_Phocaeicola_coprocola,ERR1620339_sub,1e-06,EX_cpd00009_e0,-3.016938584199206,0.10419307608689353,cpd00009_e0,import
S25C46_Phocaeicola_coprocola,ERR1620339_sub,1e-06,EX_cpd01741_e0,0.058147410849628385,0.10419307608689353,cpd01741_e0,export
S25C46_Phocaeicola_coprocola,ERR1620339_sub,1e-06,EX_cpd00060_e0,-0.2348667448024048,0.10419307608689353,cpd00060_e0,import
S25C46_Phocaeicola_coprocola,ERR1620339_sub,1e-06,EX_cpd00012_e0,0.878140314948435,0.10419307608689353,cpd00012_e0,export
S25C46_Phocaeicola_coprocola,ERR1620339_sub,1e-06,EX_cpd00035_e0,-0.5736482677265187,0.10419307608689353,cpd00035_e0,import
S25C46_Phocaeicola_coprocola,ERR1620339_sub,1e-06,EX_cpd00036_e0,10.595488883307208,0.10419307608689353,cpd00036_e0,export
S25C46_Phocaeicola_coprocola,ERR1620339_sub,1e-06,EX_cpd00053_e0,2.8023283171916056,0.10419307608689353,cpd00053_e0,export
S25C46_Phocaeicola_coprocola,ERR1620339_sub,1e-06,EX_cpd00065_e0,-0.06416871099509054,0.10419307608689353,cpd00065_e0,import
S25C46_Phocaeicola_coprocola,ERR1620339_sub,1e-06,EX_cpd00239_e0,0.33509590672893813,0.10419307608689353,cpd00239_e0,export
S25C46_Phocaeicola_coprocola,ERR1620339_sub,1e-06,EX_cpd00069_e0,-0.1603620007199473,0.10419307608689353,cpd00069_e0,import
S25C46_Phocaeicola_coprocola,ERR1620339_sub,1e-06,EX_cpd00119_e0,-0.10694785165848461,0.10419307608689353,cpd00119_e0,import
S25C46_Phocaeicola_coprocola,ERR1620339_sub,1e-06,EX_cpd11606_e0,0.2833555613222707,0.10419307608689353,cpd11606_e0,export
S25C46_Phocaeicola_coprocola,ERR1620339_sub,1e-06,EX_cpd23431_e0,3.645091740904495,0.10419307608689353,cpd23431_e0,export
S25C46_Phocaeicola_coprocola,ERR1620339_sub,1e-06,EX_cpd90005_e0,1.4679588307925218,0.10419307608689353,cpd90005_e0,export
S25C46_Phocaeicola_coprocola,ERR1620339_sub,1e-06,EX_cpd00029_e0,9.368901930571987,0.10419307608689353,cpd00029_e0,export
S25C46_Phocaeicola_coprocola,ERR1620339_sub,1e-06,EX_cpd00039_e0,-0.3873888848962885,0.10419307608689353,cpd00039_e0,import
S25C46_Phocaeicola_coprocola,ERR1620339_sub,1e-06,EX_cpd00179_e0,-14.102574518488282,0.10419307608689353,cpd00179_e0,import
S25C46_Phocaeicola_coprocola,ERR1620339_sub,1e-06,EX_cpd00066_e0,-0.20914246546548057,0.10419307608689353,cpd00066_e0,import
S25C46_Phocaeicola_coprocola,ERR1620339_sub,1e-06,EX_cpd00025_e0,-1.2002735819524871e-05,0.10419307608689353,cpd00025_e0,import
S25C46_Phocaeicola_coprocola,ERR1620339_sub,1e-06,EX_cpd00001_e0,-4.403900423559502,0.10419307608689353,cpd00001_e0,import
S25C46_Phocaeicola_coprocola,ERR1620339_sub,1e-06,EX_cpd00644_e0,-0.030794231789265967,0.10419307608689353,cpd00644_e0,import
S25C46_Phocaeicola_coprocola,ERR1620339_sub,1e-06,EX_cpd00071_e0,0.0046934610837082325,0.10419307608689353,cpd00071_e0,export
S25C46_Phocaeicola_coprocola,ERR1620339_sub,1e-06,EX_cpd10515_e0,-0.013368021558361679,0.10419307608689353,cpd10515_e0,import
S25C46_Phocaeicola_coprocola,ERR1620339_sub,1e-06,EX_cpd00129_e0,-0.24954498720313031,0.10419307608689353,cpd00129_e0,import
S25C46_Phocaeicola_coprocola,ERR1620339_sub,1e-06,EX_cpd00205_e0,-0.008674560474653446,0.10419307608689353,cpd00205_e0,import
S25C46_Phocaeicola_coprocola,ERR1620339_sub,1e-06,EX_cpd00156_e0,-0.029402079784991774,0.10419307608689353,cpd00156_e0,import
S25C46_Phocaeicola_coprocola,ERR1620339_sub,1e-06,EX_cpd10516_e0,-0.008674560474653446,0.10419307608689353,cpd10516_e0,import
S25C46_Phocaeicola_coprocola,ERR1620339_sub,1e-06,EX_cpd00017_e0,-0.01877384433483293,0.10419307608689353,cpd00017_e0,import
S25C46_Phocaeicola_coprocola,ERR1620339_sub,1e-06,EX_cpd90008_e0,1.4679588307925218,0.10419307608689353,cpd90008_e0,export
S25C46_Phocaeicola_coprocola,ERR1620339_sub,1e-06,EX_cpd11451_e0,-0.2833555613222707,0.10419307608689353,cpd11451_e0,import
S25C46_Phocaeicola_coprocola,ERR1620339_sub,1e-06,EX_cpd00184_e0,0.0015516663682317686,0.10419307608689353,cpd00184_e0,export
S25C46_Phocaeicola_coprocola,ERR1620339_sub,1e-06,EX_cpd00122_e0,-0.06563990272445606,0.10419307608689353,cpd00122_e0,import
S25C46_Phocaeicola_coprocola,ERR1620339_sub,1e-06,EX_cpd00063_e0,-0.008674560474653446,0.10419307608689353,cpd00063_e0,import
S25C46_Phocaeicola_coprocola,ERR1620339_sub,1e-06,EX_cpd00028_e0,-0.0046934610837082325,0.10419307608689353,cpd00028_e0,import
S25C46_Phocaeicola_coprocola,ERR1620339_sub,1e-06,EX_cpd00033_e0,-0.6794643923037251,0.10419307608689353,cpd00033_e0,import
S25C46_Phocaeicola_coprocola,ERR1620339_sub,1e-06,EX_cpd28763_e0,-1.663030792614839,0.10419307608689353,cpd28763_e0,import
S25C46_Phocaeicola_coprocola,ERR1620339_sub,1e-06,EX_cpd00064_e0,-0.143910289089854,0.10419307608689353,cpd00064_e0,import
S25C46_Phocaeicola_coprocola,ERR1620339_sub,1e-06,EX_cpd00013_e0,-10.5151354605126,0.10419307608689353,cpd00013_e0,import
S25C46_Phocaeicola_coprocola,ERR1620339_sub,1e-06,EX_cpd00118_e0,0.0004764774881780581,0.10419307608689353,cpd00118_e0,export
S25C46_Phocaeicola_coprocola,ERR1620339_sub,1e-06,EX_cpd00264_e0,0.0015993715902585038,0.10419307608689353,cpd00264_e0,export
S25C46_Phocaeicola_coprocola,ERR1620339_sub,1e-06,EX_cpd00034_e0,-0.008674560474653446,0.10419307608689353,cpd00034_e0,import
S25C46_Phocaeicola_coprocola,ERR1620339_sub,1e-06,EX_cpd00220_e0,-0.009386922167416465,0.10419307608689353,cpd00220_e0,import
S269C2048_Bacteroides_stercoris,ERR1620339_sub,1e-06,EX_cpd00006_e0,-0.0028946748905285535,0.06426462597548961,cpd00006_e0,import
S269C2048_Bacteroides_stercoris,ERR1620339_sub,1e-06,EX_cpd00051_e0,-0.20594082497845326,0.06426462597548961,cpd00051_e0,import
S269C2048_Bacteroides_stercoris,ERR1620339_sub,1e-06,EX_cpd90006_e0,0.32034720033416153,0.06426462597548961,cpd90006_e0,export
S269C2048_Bacteroides_stercoris,ERR1620339_sub,1e-06,EX_cpd00030_e0,-0.005350003322603222,0.06426462597548961,cpd00030_e0,import
S269C2048_Bacteroides_stercoris,ERR1620339_sub,1e-06,EX_cpd00107_e0,-0.04661884841260663,0.06426462597548961,cpd00107_e0,import
S269C2048_Bacteroides_stercoris,ERR1620339_sub,1e-06,EX_cpd00132_e0,-0.16783077907496718,0.06426462597548961,cpd00132_e0,import
S269C2048_Bacteroides_stercoris,ERR1620339_sub,1e-06,EX_cpd00182_e0,-0.14815576761329985,0.06426462597548961,cpd00182_e0,import
S269C2048_Bacteroides_stercoris,ERR1620339_sub,1e-06,EX_cpd00058_e0,-0.005350003322603222,0.06426462597548961,cpd00058_e0,import
S269C2048_Bacteroides_stercoris,ERR1620339_sub,1e-06,EX_cpd00048_e0,-0.005350003322603222,0.06426462597548961,cpd00048_e0,import
S269C2048_Bacteroides_stercoris,ERR1620339_sub,1e-06,EX_cpd00054_e0,-0.16763809244428074,0.06426462597548961,cpd00054_e0,import
S269C2048_Bacteroides_stercoris,ERR1620339_sub,1e-06,EX_cpd00099_e0,-0.005350003322603222,0.06426462597548961,cpd00099_e0,import
S269C2048_Bacteroides_stercoris,ERR1620339_sub,1e-06,EX_cpd00367_e0,-0.33037764582684515,0.06426462597548961,cpd00367_e0,import
S269C2048_Bacteroides_stercoris,ERR1620339_sub,1e-06,EX_cpd90003_e0,-0.32034720033416153,0.06426462597548961,cpd90003_e0,import
S269C2048_Bacteroides_stercoris,ERR1620339_sub,1e-06,EX_cpd00010_e0,-0.0057893497810567185,0.06426462597548961,cpd00010_e0,import
S269C2048_Bacteroides_stercoris,ERR1620339_sub,1e-06,EX_cpd00324_e0,0.2633254061327399,0.06426462597548961,cpd00324_e0,export
S269C2048_Bacteroides_stercoris,ERR1620339_sub,1e-06,EX_cpd00023_e0,-0.503974102360412,0.06426462597548961,cpd00023_e0,import
S269C2048_Bacteroides_stercoris,ERR1620339_sub,1e-06,EX_cpd00082_e0,5.33150395014083,0.06426462597548961,cpd00082_e0,export
S269C2048_Bacteroides_stercoris,ERR1620339_sub,1e-06,EX_cpd00041_e0,-0.13795413446858795,0.06426462597548961,cpd00041_e0,import
S269C2048_Bacteroides_stercoris,ERR1620339_sub,1e-06,EX_cpd00161_e0,-0.17662540505269497,0.06426462597548961,cpd00161_e0,import
S269C2048_Bacteroides_stercoris,ERR1620339_sub,1e-06,EX_cpd00084_e0,-0.06955038811958117,0.06426462597548961,cpd00084_e0,import
S269C2048_Bacteroides_stercoris,ERR1620339_sub,1e-06,EX_cpd00149_e0,-0.005350003322603222,0.06426462597548961,cpd00149_e0,import
S269C2048_Bacteroides_stercoris,ERR1620339_sub,1e-06,EX_cpd00254_e0,-0.005350003322603222,0.06426462597548961,cpd00254_e0,import
S269C2048_Bacteroides_stercoris,ERR1620339_sub,1e-06,EX_cpd00067_e0,18.499947098436046,0.06426462597548961,cpd00067_e0,export
S269C2048_Bacteroides_stercoris,ERR1620339_sub,1e-06,EX_cpd00105_e0,0.03985681089305424,0.06426462597548961,cpd00105_e0,export
S269C2048_Bacteroides_stercoris,ERR1620339_sub,1e-06,EX_cpd00009_e0,-0.7252717960784123,0.06426462597548961,cpd00009_e0,import
S269C2048_Bacteroides_stercoris,ERR1620339_sub,1e-06,EX_cpd01741_e0,-0.06072475349569025,0.06426462597548961,cpd01741_e0,import
S269C2048_Bacteroides_stercoris,ERR1620339_sub,1e-06,EX_cpd00080_e0,0.013426344325519951,0.06426462597548961,cpd00080_e0,export
S269C2048_Bacteroides_stercoris,ERR1620339_sub,1e-06,EX_cpd00060_e0,-0.3732213637522863,0.06426462597548961,cpd00060_e0,import
S269C2048_Bacteroides_stercoris,ERR1620339_sub,1e-06,EX_cpd00412_e0,0.10087490517506993,0.06426462597548961,cpd00412_e0,export
S269C2048_Bacteroides_stercoris,ERR1620339_sub,1e-06,EX_cpd00035_e0,-0.39379984962315423,0.06426462597548961,cpd00035_e0,import
S269C2048_Bacteroides_stercoris,ERR1620339_sub,1e-06,EX_cpd00036_e0,7.548133241864309,0.06426462597548961,cpd00036_e0,export
S269C2048_Bacteroides_stercoris,ERR1620339_sub,1e-06,EX_cpd00065_e0,-0.03957581689977387,0.06426462597548961,cpd00065_e0,import
S269C2048_Bacteroides_stercoris,ERR1620339_sub,1e-06,EX_cpd00069_e0,-0.09890267514738761,0.06426462597548961,cpd00069_e0,import
S269C2048_Bacteroides_stercoris,ERR1620339_sub,1e-06,EX_cpd00119_e0,-0.10403378796615186,0.06426462597548961,cpd00119_e0,import
S269C2048_Bacteroides_stercoris,ERR1620339_sub,1e-06,EX_cpd00277_e0,-0.10087490517506993,0.06426462597548961,cpd00277_e0,import
S269C2048_Bacteroides_stercoris,ERR1620339_sub,1e-06,EX_cpd00029_e0,4.901465531568487,0.06426462597548961,cpd00029_e0,export
S269C2048_Bacteroides_stercoris,ERR1620339_sub,1e-06,EX_cpd00794_e0,-5.63454101451732,0.06426462597548961,cpd00794_e0,import
S269C2048_Bacteroides_stercoris,ERR1620339_sub,1e-06,EX_cpd00027_e0,0.6406944006683231,0.06426462597548961,cpd00027_e0,export
S269C2048_Bacteroides_stercoris,ERR1620339_sub,1e-06,EX_cpd00039_e0,-0.23892067239493184,0.06426462597548961,cpd00039_e0,import
S269C2048_Bacteroides_stercoris,ERR1620339_sub,1e-06,EX_cpd10515_e0,-0.00824467821313145,0.06426462597548961,cpd10515_e0,import
S269C2048_Bacteroides_stercoris,ERR1620339_sub,1e-06,EX_cpd00205_e0,-0.005350003322603222,0.06426462597548961,cpd00205_e0,import
S269C2048_Bacteroides_stercoris,ERR1620339_sub,1e-06,EX_cpd00588_e0,2.6091265261901135,0.06426462597548961,cpd00588_e0,export
S269C2048_Bacteroides_stercoris,ERR1620339_sub,1e-06,EX_cpd00156_e0,-0.6227251236918877,0.06426462597548961,cpd00156_e0,import
S269C2048_Bacteroides_stercoris,ERR1620339_sub,1e-06,EX_cpd10516_e0,-0.005350003322603222,0.06426462597548961,cpd10516_e0,import
S269C2048_Bacteroides_stercoris,ERR1620339_sub,1e-06,EX_cpd00063_e0,-0.005350003322603222,0.06426462597548961,cpd00063_e0,import
S269C2048_Bacteroides_stercoris,ERR1620339_sub,1e-06,EX_cpd00028_e0,-0.0028946748905282287,0.06426462597548961,cpd00028_e0,import
S269C2048_Bacteroides_stercoris,ERR1620339_sub,1e-06,EX_cpd00033_e0,-0.452298897070593,0.06426462597548961,cpd00033_e0,import
S269C2048_Bacteroides_stercoris,ERR1620339_sub,1e-06,EX_cpd28763_e0,-0.005304921622874522,0.06426462597548961,cpd28763_e0,import
S269C2048_Bacteroides_stercoris,ERR1620339_sub,1e-06,EX_cpd00311_e0,-0.07566376852698718,0.06426462597548961,cpd00311_e0,import
S269C2048_Bacteroides_stercoris,ERR1620339_sub,1e-06,EX_cpd00064_e0,-0.005789349781056457,0.06426462597548961,cpd00064_e0,import
S269C2048_Bacteroides_stercoris,ERR1620339_sub,1e-06,EX_cpd00034_e0,-0.005350003322603222,0.06426462597548961,cpd00034_e0,import
S269C2048_Bacteroides_stercoris,ERR1620339_sub,1e-06,EX_cpd00220_e0,-0.005789349781056457,0.06426462597548961,cpd00220_e0,import
S287C140_Eisenbergiella_sp900066775,ERR1620339_sub,1e-06,EX_cpd00051_e0,-0.020139933270074153,0.00285046311254219,cpd00051_e0,import
S287C140_Eisenbergiella_sp900066775,ERR1620339_sub,1e-06,EX_cpd00526_e0,1.280625943244435,0.00285046311254219,cpd00526_e0,export
S287C140_Eisenbergiella_sp900066775,ERR1620339_sub,1e-06,EX_cpd00030_e0,-0.0006545856066103145,0.00285046311254219,cpd00030_e0,import
S287C140_Eisenbergiella_sp900066775,ERR1620339_sub,1e-06,EX_cpd00107_e0,-0.04378037708226606,0.00285046311254219,cpd00107_e0,import
S287C140_Eisenbergiella_sp900066775,ERR1620339_sub,1e-06,EX_cpd00132_e0,-0.015446304753743279,0.00285046311254219,cpd00132_e0,import
S287C140_Eisenbergiella_sp900066775,ERR1620339_sub,1e-06,EX_cpd00182_e0,-0.008811037091029353,0.00285046311254219,cpd00182_e0,import
S287C140_Eisenbergiella_sp900066775,ERR1620339_sub,1e-06,EX_cpd00058_e0,-0.0006545856066103145,0.00285046311254219,cpd00058_e0,import
S287C140_Eisenbergiella_sp900066775,ERR1620339_sub,1e-06,EX_cpd00048_e0,-0.0006545856066102473,0.00285046311254219,cpd00048_e0,import
S287C140_Eisenbergiella_sp900066775,ERR1620339_sub,1e-06,EX_cpd00054_e0,-0.034904972756071,0.00285046311254219,cpd00054_e0,import
S287C140_Eisenbergiella_sp900066775,ERR1620339_sub,1e-06,EX_cpd00099_e0,-0.0006545856066103145,0.00285046311254219,cpd00099_e0,import
S287C140_Eisenbergiella_sp900066775,ERR1620339_sub,1e-06,EX_cpd00367_e0,-0.8036172268064394,0.00285046311254219,cpd00367_e0,import
S287C140_Eisenbergiella_sp900066775,ERR1620339_sub,1e-06,EX_cpd00393_e0,-0.0013906394404006037,0.00285046311254219,cpd00393_e0,import
S287C140_Eisenbergiella_sp900066775,ERR1620339_sub,1e-06,EX_cpd00023_e0,-0.012379024214411852,0.00285046311254219,cpd00023_e0,import
S287C140_Eisenbergiella_sp900066775,ERR1620339_sub,1e-06,EX_cpd00309_e0,0.10578977135101666,0.00285046311254219,cpd00309_e0,export
S287C140_Eisenbergiella_sp900066775,ERR1620339_sub,1e-06,EX_cpd00161_e0,-0.055215762922053865,0.00285046311254219,cpd00161_e0,import
S287C140_Eisenbergiella_sp900066775,ERR1620339_sub,1e-06,EX_cpd00149_e0,-0.0006545856066103145,0.00285046311254219,cpd00149_e0,import
S287C140_Eisenbergiella_sp900066775,ERR1620339_sub,1e-06,EX_cpd00254_e0,-0.0006545856066103145,0.00285046311254219,cpd00254_e0,import
S287C140_Eisenbergiella_sp900066775,ERR1620339_sub,1e-06,EX_cpd00067_e0,0.47627079373975506,0.00285046311254219,cpd00067_e0,export
S287C140_Eisenbergiella_sp900066775,ERR1620339_sub,1e-06,EX_cpd00009_e0,-0.0301516687130865,0.00285046311254219,cpd00009_e0,import
S287C140_Eisenbergiella_sp900066775,ERR1620339_sub,1e-06,EX_cpd00076_e0,-0.054579823891561186,0.00285046311254219,cpd00076_e0,import
S287C140_Eisenbergiella_sp900066775,ERR1620339_sub,1e-06,EX_cpd00080_e0,-0.09024450356540645,0.00285046311254219,cpd00080_e0,import
S287C140_Eisenbergiella_sp900066775,ERR1620339_sub,1e-06,EX_cpd00060_e0,-0.012282956471257583,0.00285046311254219,cpd00060_e0,import
S287C140_Eisenbergiella_sp900066775,ERR1620339_sub,1e-06,EX_cpd00053_e0,-0.04632346017456582,0.00285046311254219,cpd00053_e0,import
S287C140_Eisenbergiella_sp900066775,ERR1620339_sub,1e-06,EX_cpd00065_e0,-0.005675023569745462,0.00285046311254219,cpd00065_e0,import
S287C140_Eisenbergiella_sp900066775,ERR1620339_sub,1e-06,EX_cpd00239_e0,-0.00732167911103688,0.00285046311254219,cpd00239_e0,import
S287C140_Eisenbergiella_sp900066775,ERR1620339_sub,1e-06,EX_cpd00069_e0,-0.011563393890233198,0.00285046311254219,cpd00069_e0,import
S287C140_Eisenbergiella_sp900066775,ERR1620339_sub,1e-06,EX_cpd00119_e0,-0.008533870029692426,0.00285046311254219,cpd00119_e0,import
S287C140_Eisenbergiella_sp900066775,ERR1620339_sub,1e-06,EX_cpd00307_e0,0.8036172268064394,0.00285046311254219,cpd00307_e0,export
S287C140_Eisenbergiella_sp900066775,ERR1620339_sub,1e-06,EX_cpd23431_e0,-1.280625943244435,0.00285046311254219,cpd23431_e0,import
S287C140_Eisenbergiella_sp900066775,ERR1620339_sub,1e-06,EX_cpd00039_e0,-0.03370878661728508,0.00285046311254219,cpd00039_e0,import
S287C140_Eisenbergiella_sp900066775,ERR1620339_sub,1e-06,EX_cpd00305_e0,-0.00046354648013353456,0.00285046311254219,cpd00305_e0,import
S287C140_Eisenbergiella_sp900066775,ERR1620339_sub,1e-06,EX_cpd00644_e0,-0.0009270929602671063,0.00285046311254219,cpd00644_e0,import
S287C140_Eisenbergiella_sp900066775,ERR1620339_sub,1e-06,EX_cpd10515_e0,-0.001118132086743849,0.00285046311254219,cpd10515_e0,import
S287C140_Eisenbergiella_sp900066775,ERR1620339_sub,1e-06,EX_cpd00129_e0,-0.01676905460834559,0.00285046311254219,cpd00129_e0,import
S287C140_Eisenbergiella_sp900066775,ERR1620339_sub,1e-06,EX_cpd00205_e0,-0.0006545856066103145,0.00285046311254219,cpd00205_e0,import
S287C140_Eisenbergiella_sp900066775,ERR1620339_sub,1e-06,EX_cpd10516_e0,-0.0006545856066103145,0.00285046311254219,cpd10516_e0,import
S287C140_Eisenbergiella_sp900066775,ERR1620339_sub,1e-06,EX_cpd00092_e0,-0.011278483563443466,0.00285046311254219,cpd00092_e0,import
S287C140_Eisenbergiella_sp900066775,ERR1620339_sub,1e-06,EX_cpd00063_e0,-0.0006545856066103145,0.00285046311254219,cpd00063_e0,import
S287C140_Eisenbergiella_sp900066775,ERR1620339_sub,1e-06,EX_cpd00028_e0,-0.00046354648013353456,0.00285046311254219,cpd00028_e0,import
S287C140_Eisenbergiella_sp900066775,ERR1620339_sub,1e-06,EX_cpd00211_e0,0.6351202325953084,0.00285046311254219,cpd00211_e0,export
S287C140_Eisenbergiella_sp900066775,ERR1620339_sub,1e-06,EX_cpd00033_e0,-0.040418365984683007,0.00285046311254219,cpd00033_e0,import
S287C140_Eisenbergiella_sp900066775,ERR1620339_sub,1e-06,EX_cpd00216_e0,-0.018347820563838754,0.00285046311254219,cpd00216_e0,import
S287C140_Eisenbergiella_sp900066775,ERR1620339_sub,1e-06,EX_cpd00011_e0,1.5397785328124234,0.00285046311254219,cpd00011_e0,export
S287C140_Eisenbergiella_sp900066775,ERR1620339_sub,1e-06,EX_cpd00311_e0,-0.11413773234141006,0.00285046311254219,cpd00311_e0,import
S287C140_Eisenbergiella_sp900066775,ERR1620339_sub,1e-06,EX_cpd00064_e0,-0.0009270929602670691,0.00285046311254219,cpd00064_e0,import
S287C140_Eisenbergiella_sp900066775,ERR1620339_sub,1e-06,EX_cpd00034_e0,-0.0006545856066103145,0.00285046311254219,cpd00034_e0,import
S287C140_Eisenbergiella_sp900066775,ERR1620339_sub,1e-06,EX_cpd00220_e0,-0.0009270929602670691,0.00285046311254219,cpd00220_e0,import
S287C754_Enterocloster_bolteae,ERR1620339_sub,1e-06,EX_cpd00051_e0,-0.04708991854654029,0.0022723160935688995,cpd00051_e0,import
S287C754_Enterocloster_bolteae,ERR1620339_sub,1e-06,EX_cpd00130_e0,-1.7308280434281174,0.0022723160935688995,cpd00130_e0,import
S287C754_Enterocloster_bolteae,ERR1620339_sub,1e-06,EX_cpd00003_e0,-0.0021189009096196365,0.0022723160935688995,cpd00003_e0,import
S287C754_Enterocloster_bolteae,ERR1620339_sub,1e-06,EX_cpd01217_e0,-0.0469757739525848,0.0022723160935688995,cpd01217_e0,import
S287C754_Enterocloster_bolteae,ERR1620339_sub,1e-06,EX_cpd00030_e0,-0.0014960765497248909,0.0022723160935688995,cpd00030_e0,import
S287C754_Enterocloster_bolteae,ERR1620339_sub,1e-06,EX_cpd00107_e0,-0.10006146610841044,0.0022723160935688995,cpd00107_e0,import
S287C754_Enterocloster_bolteae,ERR1620339_sub,1e-06,EX_cpd00132_e0,-0.0353030284940813,0.0022723160935688995,cpd00132_e0,import
S287C754_Enterocloster_bolteae,ERR1620339_sub,1e-06,EX_cpd00182_e0,-0.014840657630362738,0.0022723160935688995,cpd00182_e0,import
S287C754_Enterocloster_bolteae,ERR1620339_sub,1e-06,EX_cpd00058_e0,-0.0014960765497248909,0.0022723160935688995,cpd00058_e0,import
S287C754_Enterocloster_bolteae,ERR1620339_sub,1e-06,EX_cpd00048_e0,-0.0014960765497248909,0.0022723160935688995,cpd00048_e0,import
S287C754_Enterocloster_bolteae,ERR1620339_sub,1e-06,EX_cpd00054_e0,-0.06410195913477525,0.0022723160935688995,cpd00054_e0,import
S287C754_Enterocloster_bolteae,ERR1620339_sub,1e-06,EX_cpd00024_e0,-0.13416642440355966,0.0022723160935688995,cpd00024_e0,import
S287C754_Enterocloster_bolteae,ERR1620339_sub,1e-06,EX_cpd00099_e0,-0.0014960765497248909,0.0022723160935688995,cpd00099_e0,import
S287C754_Enterocloster_bolteae,ERR1620339_sub,1e-06,EX_cpd00322_e0,-0.08172729661424658,0.0022723160935688995,cpd00322_e0,import
S287C754_Enterocloster_bolteae,ERR1620339_sub,1e-06,EX_cpd00393_e0,-0.003178351364429628,0.0022723160935688995,cpd00393_e0,import
S287C754_Enterocloster_bolteae,ERR1620339_sub,1e-06,EX_cpd00082_e0,-0.9772447077697609,0.0022723160935688995,cpd00082_e0,import
S287C754_Enterocloster_bolteae,ERR1620339_sub,1e-06,EX_cpd00309_e0,0.7145022809083288,0.0022723160935688995,cpd00309_e0,export
S287C754_Enterocloster_bolteae,ERR1620339_sub,1e-06,EX_cpd00161_e0,-0.04447011324116323,0.0022723160935688995,cpd00161_e0,import
S287C754_Enterocloster_bolteae,ERR1620339_sub,1e-06,EX_cpd00084_e0,-0.016733934128731517,0.0022723160935688995,cpd00084_e0,import
S287C754_Enterocloster_bolteae,ERR1620339_sub,1e-06,EX_cpd00149_e0,-0.0014960765497248909,0.0022723160935688995,cpd00149_e0,import
S287C754_Enterocloster_bolteae,ERR1620339_sub,1e-06,EX_cpd00254_e0,-0.0014960765497248909,0.0022723160935688995,cpd00254_e0,import
S287C754_Enterocloster_bolteae,ERR1620339_sub,1e-06,EX_cpd00067_e0,1.8910229020771476,0.0022723160935688995,cpd00067_e0,export
S287C754_Enterocloster_bolteae,ERR1620339_sub,1e-06,EX_cpd00060_e0,-0.02489474244082378,0.0022723160935688995,cpd00060_e0,import
S287C754_Enterocloster_bolteae,ERR1620339_sub,1e-06,EX_cpd00012_e0,-0.13546576960828283,0.0022723160935688995,cpd00012_e0,import
S287C754_Enterocloster_bolteae,ERR1620339_sub,1e-06,EX_cpd00036_e0,1.7308280434281174,0.0022723160935688995,cpd00036_e0,export
S287C754_Enterocloster_bolteae,ERR1620339_sub,1e-06,EX_cpd00065_e0,-0.012970449695339269,0.0022723160935688995,cpd00065_e0,import
S287C754_Enterocloster_bolteae,ERR1620339_sub,1e-06,EX_cpd00069_e0,-0.02642851028148068,0.0022723160935688995,cpd00069_e0,import
S287C754_Enterocloster_bolteae,ERR1620339_sub,1e-06,EX_cpd00119_e0,-0.01950443563208913,0.0022723160935688995,cpd00119_e0,import
S287C754_Enterocloster_bolteae,ERR1620339_sub,1e-06,EX_cpd11606_e0,-2.5434100740258585,0.0022723160935688995,cpd11606_e0,import
S287C754_Enterocloster_bolteae,ERR1620339_sub,1e-06,EX_cpd00277_e0,-0.6866060414728858,0.0022723160935688995,cpd00277_e0,import
S287C754_Enterocloster_bolteae,ERR1620339_sub,1e-06,EX_cpd00029_e0,2.6058543971574375,0.0022723160935688995,cpd00029_e0,export
S287C754_Enterocloster_bolteae,ERR1620339_sub,1e-06,EX_cpd00027_e0,-0.06636772209057103,0.0022723160935688995,cpd00027_e0,import
S287C754_Enterocloster_bolteae,ERR1620339_sub,1e-06,EX_cpd00039_e0,-0.07704252074675207,0.0022723160935688995,cpd00039_e0,import
S287C754_Enterocloster_bolteae,ERR1620339_sub,1e-06,EX_cpd00305_e0,-0.0010594504548098757,0.0022723160935688995,cpd00305_e0,import
S287C754_Enterocloster_bolteae,ERR1620339_sub,1e-06,EX_cpd00066_e0,-0.04193453660899172,0.0022723160935688995,cpd00066_e0,import
S287C754_Enterocloster_bolteae,ERR1620339_sub,1e-06,EX_cpd00644_e0,-0.002118900909619692,0.0022723160935688995,cpd00644_e0,import
S287C754_Enterocloster_bolteae,ERR1620339_sub,1e-06,EX_cpd10515_e0,-0.002555527004534767,0.0022723160935688995,cpd10515_e0,import
S287C754_Enterocloster_bolteae,ERR1620339_sub,1e-06,EX_cpd00129_e0,-0.03832621601705508,0.0022723160935688995,cpd00129_e0,import
S287C754_Enterocloster_bolteae,ERR1620339_sub,1e-06,EX_cpd00205_e0,-0.0014960765497248909,0.0022723160935688995,cpd00205_e0,import
S287C754_Enterocloster_bolteae,ERR1620339_sub,1e-06,EX_cpd00156_e0,-0.07323915579849469,0.0022723160935688995,cpd00156_e0,import
S287C754_Enterocloster_bolteae,ERR1620339_sub,1e-06,EX_cpd10516_e0,-0.0014960765497248909,0.0022723160935688995,cpd10516_e0,import
S287C754_Enterocloster_bolteae,ERR1620339_sub,1e-06,EX_cpd00017_e0,-0.0031783513644296274,0.0022723160935688995,cpd00017_e0,import
S287C754_Enterocloster_bolteae,ERR1620339_sub,1e-06,EX_cpd00092_e0,-0.025777338525823215,0.0022723160935688995,cpd00092_e0,import
S287C754_Enterocloster_bolteae,ERR1620339_sub,1e-06,EX_cpd11451_e0,2.5434100740258585,0.0022723160935688995,cpd11451_e0,export
S287C754_Enterocloster_bolteae,ERR1620339_sub,1e-06,EX_cpd00122_e0,-0.042692686724928736,0.0022723160935688995,cpd00122_e0,import
S287C754_Enterocloster_bolteae,ERR1620339_sub,1e-06,EX_cpd00063_e0,-0.0014960765497248909,0.0022723160935688995,cpd00063_e0,import
S287C754_Enterocloster_bolteae,ERR1620339_sub,1e-06,EX_cpd00028_e0,-0.0010594504548098757,0.0022723160935688995,cpd00028_e0,import
S287C754_Enterocloster_bolteae,ERR1620339_sub,1e-06,EX_cpd00033_e0,-0.09979363432171776,0.0022723160935688995,cpd00033_e0,import
S287C754_Enterocloster_bolteae,ERR1620339_sub,1e-06,EX_cpd00011_e0,2.3137032984114496,0.0022723160935688995,cpd00011_e0,export
S287C754_Enterocloster_bolteae,ERR1620339_sub,1e-06,EX_cpd00013_e0,0.3594585139697754,0.0022723160935688995,cpd00013_e0,export
S287C754_Enterocloster_bolteae,ERR1620339_sub,1e-06,EX_cpd00264_e0,-0.0010594504548098757,0.0022723160935688995,cpd00264_e0,import
S287C754_Enterocloster_bolteae,ERR1620339_sub,1e-06,EX_cpd00034_e0,-0.0014960765497248909,0.0022723160935688995,cpd00034_e0,import
S287C754_Enterocloster_bolteae,ERR1620339_sub,1e-06,EX_cpd00220_e0,-0.0021189009096197514,0.0022723160935688995,cpd00220_e0,import
S295C10_CAG_217_sp000436335,ERR1620339_sub,1e-06,EX_cpd00051_e0,-0.04649828010741806,0.015757633447467792,cpd00051_e0,import
S295C10_CAG_217_sp000436335,ERR1620339_sub,1e-06,EX_cpd00526_e0,4.3424383201994115,0.015757633447467792,cpd00526_e0,export
S295C10_CAG_217_sp000436335,ERR1620339_sub,1e-06,EX_cpd00030_e0,-0.0015112813176832586,0.015757633447467792,cpd00030_e0,import
S295C10_CAG_217_sp000436335,ERR1620339_sub,1e-06,EX_cpd00107_e0,-0.10107840028469456,0.015757633447467792,cpd00107_e0,import
S295C10_CAG_217_sp000436335,ERR1620339_sub,1e-06,EX_cpd00132_e0,-0.03566181652306207,0.015757633447467792,cpd00132_e0,import
S295C10_CAG_217_sp000436335,ERR1620339_sub,1e-06,EX_cpd00182_e0,-0.01713192014295521,0.015757633447467792,cpd00182_e0,import
S295C10_CAG_217_sp000436335,ERR1620339_sub,1e-06,EX_cpd00058_e0,-0.0015112813176832586,0.015757633447467792,cpd00058_e0,import
S295C10_CAG_217_sp000436335,ERR1620339_sub,1e-06,EX_cpd00048_e0,-0.0015112813176832586,0.015757633447467792,cpd00048_e0,import
S295C10_CAG_217_sp000436335,ERR1620339_sub,1e-06,EX_cpd00106_e0,1.292952029733137,0.015757633447467792,cpd00106_e0,export
S295C10_CAG_217_sp000436335,ERR1620339_sub,1e-06,EX_cpd00054_e0,-0.05965496366781335,0.015757633447467792,cpd00054_e0,import
S295C10_CAG_217_sp000436335,ERR1620339_sub,1e-06,EX_cpd00099_e0,-0.0015112813176832586,0.015757633447467792,cpd00099_e0,import
S295C10_CAG_217_sp000436335,ERR1620339_sub,1e-06,EX_cpd00322_e0,-0.06501878150613527,0.015757633447467792,cpd00322_e0,import
S295C10_CAG_217_sp000436335,ERR1620339_sub,1e-06,EX_cpd00324_e0,0.015398681879185683,0.015757633447467792,cpd00324_e0,export
S295C10_CAG_217_sp000436335,ERR1620339_sub,1e-06,EX_cpd00082_e0,-3.2361485559768353,0.015757633447467792,cpd00082_e0,import
S295C10_CAG_217_sp000436335,ERR1620339_sub,1e-06,EX_cpd00161_e0,-0.04492206722242078,0.015757633447467792,cpd00161_e0,import
S295C10_CAG_217_sp000436335,ERR1620339_sub,1e-06,EX_cpd00084_e0,-0.014763567188741378,0.015757633447467792,cpd00084_e0,import
S295C10_CAG_217_sp000436335,ERR1620339_sub,1e-06,EX_cpd00149_e0,-0.0015112813176832586,0.015757633447467792,cpd00149_e0,import
S295C10_CAG_217_sp000436335,ERR1620339_sub,1e-06,EX_cpd00254_e0,-0.0015112813176832586,0.015757633447467792,cpd00254_e0,import
S295C10_CAG_217_sp000436335,ERR1620339_sub,1e-06,EX_cpd00067_e0,10.015668209368908,0.015757633447467792,cpd00067_e0,export
S295C10_CAG_217_sp000436335,ERR1620339_sub,1e-06,EX_cpd00009_e0,0.5237151919871383,0.015757633447467792,cpd00009_e0,export
S295C10_CAG_217_sp000436335,ERR1620339_sub,1e-06,EX_cpd00060_e0,-0.04268686745070015,0.015757633447467792,cpd00060_e0,import
S295C10_CAG_217_sp000436335,ERR1620339_sub,1e-06,EX_cpd00012_e0,-0.40084055257527673,0.015757633447467792,cpd00012_e0,import
S295C10_CAG_217_sp000436335,ERR1620339_sub,1e-06,EX_cpd00053_e0,-0.13874062375867574,0.015757633447467792,cpd00053_e0,import
S295C10_CAG_217_sp000436335,ERR1620339_sub,1e-06,EX_cpd00065_e0,-0.013102269606539388,0.015757633447467792,cpd00065_e0,import
S295C10_CAG_217_sp000436335,ERR1620339_sub,1e-06,EX_cpd00069_e0,-0.026697105739640323,0.015757633447467792,cpd00069_e0,import
S295C10_CAG_217_sp000436335,ERR1620339_sub,1e-06,EX_cpd00119_e0,-0.01970266106246525,0.015757633447467792,cpd00119_e0,import
S295C10_CAG_217_sp000436335,ERR1620339_sub,1e-06,EX_cpd00047_e0,3.146101919163627,0.015757633447467792,cpd00047_e0,export
S295C10_CAG_217_sp000436335,ERR1620339_sub,1e-06,EX_cpd23431_e0,-4.3424383201994115,0.015757633447467792,cpd23431_e0,import
S295C10_CAG_217_sp000436335,ERR1620339_sub,1e-06,EX_cpd00029_e0,3.9451590572471424,0.015757633447467792,cpd00029_e0,export
S295C10_CAG_217_sp000436335,ERR1620339_sub,1e-06,EX_cpd00305_e0,-0.0010702177503280987,0.015757633447467792,cpd00305_e0,import
S295C10_CAG_217_sp000436335,ERR1620339_sub,1e-06,EX_cpd00001_e0,-0.2698317171976152,0.015757633447467792,cpd00001_e0,import
S295C10_CAG_217_sp000436335,ERR1620339_sub,1e-06,EX_cpd00644_e0,-0.0021404355006561238,0.015757633447467792,cpd00644_e0,import
S295C10_CAG_217_sp000436335,ERR1620339_sub,1e-06,EX_cpd10515_e0,-0.002581499068011357,0.015757633447467792,cpd10515_e0,import
S295C10_CAG_217_sp000436335,ERR1620339_sub,1e-06,EX_cpd00129_e0,-0.03871572898774416,0.015757633447467792,cpd00129_e0,import
S295C10_CAG_217_sp000436335,ERR1620339_sub,1e-06,EX_cpd00205_e0,-0.0015112813176832586,0.015757633447467792,cpd00205_e0,import
S295C10_CAG_217_sp000436335,ERR1620339_sub,1e-06,EX_cpd10516_e0,-0.0015112813176832586,0.015757633447467792,cpd10516_e0,import
S295C10_CAG_217_sp000436335,ERR1620339_sub,1e-06,EX_cpd00017_e0,-0.0032106532509842962,0.015757633447467792,cpd00017_e0,import
S295C10_CAG_217_sp000436335,ERR1620339_sub,1e-06,EX_cpd00092_e0,-0.026039316063631357,0.015757633447467792,cpd00092_e0,import
S295C10_CAG_217_sp000436335,ERR1620339_sub,1e-06,EX_cpd00122_e0,-0.04312657655181707,0.015757633447467792,cpd00122_e0,import
S295C10_CAG_217_sp000436335,ERR1620339_sub,1e-06,EX_cpd00063_e0,-0.0015112813176832586,0.015757633447467792,cpd00063_e0,import
S295C10_CAG_217_sp000436335,ERR1620339_sub,1e-06,EX_cpd00028_e0,-0.0010702177503280987,0.015757633447467792,cpd00028_e0,import
S295C10_CAG_217_sp000436335,ERR1620339_sub,1e-06,EX_cpd00033_e0,-0.09627435650635771,0.015757633447467792,cpd00033_e0,import
S295C10_CAG_217_sp000436335,ERR1620339_sub,1e-06,EX_cpd00216_e0,-0.045571374535284676,0.015757633447467792,cpd00216_e0,import
S295C10_CAG_217_sp000436335,ERR1620339_sub,1e-06,EX_cpd00311_e0,-0.02248409488814627,0.015757633447467792,cpd00311_e0,import
S295C10_CAG_217_sp000436335,ERR1620339_sub,1e-06,EX_cpd00013_e0,-0.3356790026947098,0.015757633447467792,cpd00013_e0,import
S295C10_CAG_217_sp000436335,ERR1620339_sub,1e-06,EX_cpd00034_e0,-0.0015112813176832586,0.015757633447467792,cpd00034_e0,import
S295C10_CAG_217_sp000436335,ERR1620339_sub,1e-06,EX_cpd00220_e0,-0.0021404355006561975,0.015757633447467792,cpd00220_e0,import
S312C339_Gemmiger_sp900540595,ERR1620339_sub,1e-06,EX_cpd00051_e0,-0.01179601590391722,0.004606260523724926,cpd00051_e0,import
S312C339_Gemmiger_sp900540595,ERR1620339_sub,1e-06,EX_cpd00130_e0,0.3737336932396498,0.004606260523724926,cpd00130_e0,export
S312C339_Gemmiger_sp900540595,ERR1620339_sub,1e-06,EX_cpd00003_e0,-0.0005430009701158922,0.004606260523724926,cpd00003_e0,import
S312C339_Gemmiger_sp900540595,ERR1620339_sub,1e-06,EX_cpd00030_e0,-0.00038339264199668035,0.004606260523724926,cpd00030_e0,import
S312C339_Gemmiger_sp900540595,ERR1620339_sub,1e-06,EX_cpd00107_e0,-0.021192842132461424,0.004606260523724926,cpd00107_e0,import
S312C339_Gemmiger_sp900540595,ERR1620339_sub,1e-06,EX_cpd00132_e0,-0.009046944400885645,0.004606260523724926,cpd00132_e0,import
S312C339_Gemmiger_sp900540595,ERR1620339_sub,1e-06,EX_cpd00182_e0,-0.003803146930496726,0.004606260523724926,cpd00182_e0,import
S312C339_Gemmiger_sp900540595,ERR1620339_sub,1e-06,EX_cpd00058_e0,-0.00038339264199668035,0.004606260523724926,cpd00058_e0,import
S312C339_Gemmiger_sp900540595,ERR1620339_sub,1e-06,EX_cpd00048_e0,-0.00038339264199668035,0.004606260523724926,cpd00048_e0,import
S312C339_Gemmiger_sp900540595,ERR1620339_sub,1e-06,EX_cpd00054_e0,-0.021258442764960243,0.004606260523724926,cpd00054_e0,import
S312C339_Gemmiger_sp900540595,ERR1620339_sub,1e-06,EX_cpd00099_e0,-0.00038339264199668035,0.004606260523724926,cpd00099_e0,import
S312C339_Gemmiger_sp900540595,ERR1620339_sub,1e-06,EX_cpd00367_e0,-0.006605839736526517,0.004606260523724926,cpd00367_e0,import
S312C339_Gemmiger_sp900540595,ERR1620339_sub,1e-06,EX_cpd00393_e0,-0.0008145014551738713,0.004606260523724926,cpd00393_e0,import
S312C339_Gemmiger_sp900540595,ERR1620339_sub,1e-06,EX_cpd00023_e0,-0.028012770300275852,0.004606260523724926,cpd00023_e0,import
S312C339_Gemmiger_sp900540595,ERR1620339_sub,1e-06,EX_cpd00082_e0,0.5887638710994985,0.004606260523724926,cpd00082_e0,export
S312C339_Gemmiger_sp900540595,ERR1620339_sub,1e-06,EX_cpd00007_e0,-0.00027150048505795716,0.004606260523724926,cpd00007_e0,import
S312C339_Gemmiger_sp900540595,ERR1620339_sub,1e-06,EX_cpd00309_e0,0.0934346946492682,0.004606260523724926,cpd00309_e0,export
S312C339_Gemmiger_sp900540595,ERR1620339_sub,1e-06,EX_cpd00161_e0,-0.03234002858109133,0.004606260523724926,cpd00161_e0,import
S312C339_Gemmiger_sp900540595,ERR1620339_sub,1e-06,EX_cpd00149_e0,-0.00038339264199668035,0.004606260523724926,cpd00149_e0,import
S312C339_Gemmiger_sp900540595,ERR1620339_sub,1e-06,EX_cpd00254_e0,-0.00038339264199668035,0.004606260523724926,cpd00254_e0,import
S312C339_Gemmiger_sp900540595,ERR1620339_sub,1e-06,EX_cpd00067_e0,1.4071574198710253,0.004606260523724926,cpd00067_e0,export
S312C339_Gemmiger_sp900540595,ERR1620339_sub,1e-06,EX_cpd00009_e0,-0.06943037683437714,0.004606260523724926,cpd00009_e0,import
S312C339_Gemmiger_sp900540595,ERR1620339_sub,1e-06,EX_cpd00076_e0,-0.6218686863626794,0.004606260523724926,cpd00076_e0,import
S312C339_Gemmiger_sp900540595,ERR1620339_sub,1e-06,EX_cpd00246_e0,0.005042444592436647,0.004606260523724926,cpd00246_e0,export
S312C339_Gemmiger_sp900540595,ERR1620339_sub,1e-06,EX_cpd00060_e0,-0.006379660905699925,0.004606260523724926,cpd00060_e0,import
S312C339_Gemmiger_sp900540595,ERR1620339_sub,1e-06,EX_cpd00053_e0,-0.016734124613638404,0.004606260523724926,cpd00053_e0,import
S312C339_Gemmiger_sp900540595,ERR1620339_sub,1e-06,EX_cpd00065_e0,-0.00332387736275633,0.004606260523724926,cpd00065_e0,import
S312C339_Gemmiger_sp900540595,ERR1620339_sub,1e-06,EX_cpd00239_e0,-0.004559828657698951,0.004606260523724926,cpd00239_e0,import
S312C339_Gemmiger_sp900540595,ERR1620339_sub,1e-06,EX_cpd00069_e0,-0.006772712521104982,0.004606260523724926,cpd00069_e0,import
S312C339_Gemmiger_sp900540595,ERR1620339_sub,1e-06,EX_cpd00119_e0,-0.0049983118236937305,0.004606260523724926,cpd00119_e0,import
S312C339_Gemmiger_sp900540595,ERR1620339_sub,1e-06,EX_cpd00047_e0,0.44288958756611374,0.004606260523724926,cpd00047_e0,export
S312C339_Gemmiger_sp900540595,ERR1620339_sub,1e-06,EX_cpd00363_e0,0.10336656361503586,0.004606260523724926,cpd00363_e0,export
S312C339_Gemmiger_sp900540595,ERR1620339_sub,1e-06,EX_cpd00277_e0,-0.10336656361503586,0.004606260523724926,cpd00277_e0,import
S312C339_Gemmiger_sp900540595,ERR1620339_sub,1e-06,EX_cpd00025_e0,0.00027150048505795716,0.004606260523724926,cpd00025_e0,export
S312C339_Gemmiger_sp900540595,ERR1620339_sub,1e-06,EX_cpd00644_e0,-0.0005430009701158922,0.004606260523724926,cpd00644_e0,import
S312C339_Gemmiger_sp900540595,ERR1620339_sub,1e-06,EX_cpd10515_e0,-0.0006548931270546376,0.004606260523724926,cpd10515_e0,import
S312C339_Gemmiger_sp900540595,ERR1620339_sub,1e-06,EX_cpd00205_e0,-0.00038339264199668035,0.004606260523724926,cpd00205_e0,import
S312C339_Gemmiger_sp900540595,ERR1620339_sub,1e-06,EX_cpd10516_e0,-0.00038339264199668035,0.004606260523724926,cpd10516_e0,import
S312C339_Gemmiger_sp900540595,ERR1620339_sub,1e-06,EX_cpd00017_e0,-0.0008145014551738715,0.004606260523724926,cpd00017_e0,import
S312C339_Gemmiger_sp900540595,ERR1620339_sub,1e-06,EX_cpd00122_e0,-0.010940658056846693,0.004606260523724926,cpd00122_e0,import
S312C339_Gemmiger_sp900540595,ERR1620339_sub,1e-06,EX_cpd00063_e0,-0.00038339264199668035,0.004606260523724926,cpd00063_e0,import
S312C339_Gemmiger_sp900540595,ERR1620339_sub,1e-06,EX_cpd00028_e0,-0.00027150048505795716,0.004606260523724926,cpd00028_e0,import
S312C339_Gemmiger_sp900540595,ERR1620339_sub,1e-06,EX_cpd00211_e0,0.32749444086797963,0.004606260523724926,cpd00211_e0,export
S312C339_Gemmiger_sp900540595,ERR1620339_sub,1e-06,EX_cpd00033_e0,-0.02367315132439424,0.004606260523724926,cpd00033_e0,import
S312C339_Gemmiger_sp900540595,ERR1620339_sub,1e-06,EX_cpd00034_e0,-0.00038339264199668035,0.004606260523724926,cpd00034_e0,import
S312C339_Gemmiger_sp900540595,ERR1620339_sub,1e-06,EX_cpd00220_e0,-0.0005430009701159143,0.004606260523724926,cpd00220_e0,import
S393C109_Bifidobacterium_longum,ERR1620339_sub,1e-06,EX_cpd00006_e0,-0.06955467583206654,0.005272883867501517,cpd00006_e0,import
S393C109_Bifidobacterium_longum,ERR1620339_sub,1e-06,EX_cpd00051_e0,-0.01350829740338788,0.005272883867501517,cpd00051_e0,import
S393C109_Bifidobacterium_longum,ERR1620339_sub,1e-06,EX_cpd00003_e0,0.0639558297866579,0.005272883867501517,cpd00003_e0,export
S393C109_Bifidobacterium_longum,ERR1620339_sub,1e-06,EX_cpd00030_e0,-0.0004390450023589693,0.005272883867501517,cpd00030_e0,import
S393C109_Bifidobacterium_longum,ERR1620339_sub,1e-06,EX_cpd00107_e0,-0.02936446442642753,0.005272883867501517,cpd00107_e0,import
S393C109_Bifidobacterium_longum,ERR1620339_sub,1e-06,EX_cpd00132_e0,-0.010360177245818647,0.005272883867501517,cpd00132_e0,import
S393C109_Bifidobacterium_longum,ERR1620339_sub,1e-06,EX_cpd00058_e0,-0.0004390450023589693,0.005272883867501517,cpd00058_e0,import
S393C109_Bifidobacterium_longum,ERR1620339_sub,1e-06,EX_cpd00048_e0,-0.0004390450023589693,0.005272883867501517,cpd00048_e0,import
S393C109_Bifidobacterium_longum,ERR1620339_sub,1e-06,EX_cpd00054_e0,-0.019122545054418467,0.005272883867501517,cpd00054_e0,import
S393C109_Bifidobacterium_longum,ERR1620339_sub,1e-06,EX_cpd00099_e0,-0.0004390450023589693,0.005272883867501517,cpd00099_e0,import
S393C109_Bifidobacterium_longum,ERR1620339_sub,1e-06,EX_cpd00322_e0,-0.01888872094541521,0.005272883867501517,cpd00322_e0,import
S393C109_Bifidobacterium_longum,ERR1620339_sub,1e-06,EX_cpd00393_e0,-0.0009327325413597599,0.005272883867501517,cpd00393_e0,import
S393C109_Bifidobacterium_longum,ERR1620339_sub,1e-06,EX_cpd00100_e0,0.0015690510356507186,0.005272883867501517,cpd00100_e0,export
S393C109_Bifidobacterium_longum,ERR1620339_sub,1e-06,EX_cpd00023_e0,-0.007681062849101034,0.005272883867501517,cpd00023_e0,import
S393C109_Bifidobacterium_longum,ERR1620339_sub,1e-06,EX_cpd00041_e0,-0.010474075226308189,0.005272883867501517,cpd00041_e0,import
S393C109_Bifidobacterium_longum,ERR1620339_sub,1e-06,EX_cpd00161_e0,-0.01814570895581727,0.005272883867501517,cpd00161_e0,import
S393C109_Bifidobacterium_longum,ERR1620339_sub,1e-06,EX_cpd00084_e0,-0.005221722496680748,0.005272883867501517,cpd00084_e0,import
S393C109_Bifidobacterium_longum,ERR1620339_sub,1e-06,EX_cpd00149_e0,-0.0004390450023589693,0.005272883867501517,cpd00149_e0,import
S393C109_Bifidobacterium_longum,ERR1620339_sub,1e-06,EX_cpd00254_e0,-0.0004390450023589693,0.005272883867501517,cpd00254_e0,import
S393C109_Bifidobacterium_longum,ERR1620339_sub,1e-06,EX_cpd00067_e0,2.214770083845683,0.005272883867501517,cpd00067_e0,export
S393C109_Bifidobacterium_longum,ERR1620339_sub,1e-06,EX_cpd00076_e0,-0.5190531625084013,0.005272883867501517,cpd00076_e0,import
S393C109_Bifidobacterium_longum,ERR1620339_sub,1e-06,EX_cpd00246_e0,0.0012436433884796799,0.005272883867501517,cpd00246_e0,export
S393C109_Bifidobacterium_longum,ERR1620339_sub,1e-06,EX_cpd00159_e0,0.5705525775888245,0.005272883867501517,cpd00159_e0,export
S393C109_Bifidobacterium_longum,ERR1620339_sub,1e-06,EX_cpd00060_e0,-0.006683895553762797,0.005272883867501517,cpd00060_e0,import
S393C109_Bifidobacterium_longum,ERR1620339_sub,1e-06,EX_cpd00035_e0,0.07522300512411426,0.005272883867501517,cpd00035_e0,export
S393C109_Bifidobacterium_longum,ERR1620339_sub,1e-06,EX_cpd00020_e0,0.13032001759276118,0.005272883867501517,cpd00020_e0,export
S393C109_Bifidobacterium_longum,ERR1620339_sub,1e-06,EX_cpd00053_e0,-0.03169198803495112,0.005272883867501517,cpd00053_e0,import
S393C109_Bifidobacterium_longum,ERR1620339_sub,1e-06,EX_cpd00065_e0,-0.0038063634632427646,0.005272883867501517,cpd00065_e0,import
S393C109_Bifidobacterium_longum,ERR1620339_sub,1e-06,EX_cpd00069_e0,-0.008066734144404024,0.005272883867501517,cpd00069_e0,import
S393C109_Bifidobacterium_longum,ERR1620339_sub,1e-06,EX_cpd00119_e0,-0.005723854831944009,0.005272883867501517,cpd00119_e0,import
S393C109_Bifidobacterium_longum,ERR1620339_sub,1e-06,EX_cpd00047_e0,0.07740985304199122,0.005272883867501517,cpd00047_e0,export
S393C109_Bifidobacterium_longum,ERR1620339_sub,1e-06,EX_cpd00307_e0,-0.044310411590948784,0.005272883867501517,cpd00307_e0,import
S393C109_Bifidobacterium_longum,ERR1620339_sub,1e-06,EX_cpd00029_e0,1.5050092312066388,0.005272883867501517,cpd00029_e0,export
S393C109_Bifidobacterium_longum,ERR1620339_sub,1e-06,EX_cpd00039_e0,-0.02260922658617883,0.005272883867501517,cpd00039_e0,import
S393C109_Bifidobacterium_longum,ERR1620339_sub,1e-06,EX_cpd00066_e0,-0.012306287888679645,0.005272883867501517,cpd00066_e0,import
S393C109_Bifidobacterium_longum,ERR1620339_sub,1e-06,EX_cpd00644_e0,-0.0006218216942398191,0.005272883867501517,cpd00644_e0,import
S393C109_Bifidobacterium_longum,ERR1620339_sub,1e-06,EX_cpd10515_e0,-0.0007499558494788893,0.005272883867501517,cpd10515_e0,import
S393C109_Bifidobacterium_longum,ERR1620339_sub,1e-06,EX_cpd00129_e0,-0.01124737474476996,0.005272883867501517,cpd00129_e0,import
S393C109_Bifidobacterium_longum,ERR1620339_sub,1e-06,EX_cpd00204_e0,0.00031091084711992,0.005272883867501517,cpd00204_e0,export
S393C109_Bifidobacterium_longum,ERR1620339_sub,1e-06,EX_cpd00205_e0,-0.0004390450023589693,0.005272883867501517,cpd00205_e0,import
S393C109_Bifidobacterium_longum,ERR1620339_sub,1e-06,EX_cpd10516_e0,-0.0004390450023589693,0.005272883867501517,cpd10516_e0,import
S393C109_Bifidobacterium_longum,ERR1620339_sub,1e-06,EX_cpd00017_e0,-0.0015545542355996003,0.005272883867501517,cpd00017_e0,import
S393C109_Bifidobacterium_longum,ERR1620339_sub,1e-06,EX_cpd00063_e0,-0.0004390450023589693,0.005272883867501517,cpd00063_e0,import
S393C109_Bifidobacterium_longum,ERR1620339_sub,1e-06,EX_cpd00028_e0,-0.00031091084711992,0.005272883867501517,cpd00028_e0,import
S393C109_Bifidobacterium_longum,ERR1620339_sub,1e-06,EX_cpd00033_e0,-0.02928586536848365,0.005272883867501517,cpd00033_e0,import
S393C109_Bifidobacterium_longum,ERR1620339_sub,1e-06,EX_cpd00133_e0,0.004977024351168869,0.005272883867501517,cpd00133_e0,export
S393C109_Bifidobacterium_longum,ERR1620339_sub,1e-06,EX_cpd00011_e0,0.1246855079380372,0.005272883867501517,cpd00011_e0,export
S393C109_Bifidobacterium_longum,ERR1620339_sub,1e-06,EX_cpd00311_e0,-0.005599161539312248,0.005272883867501517,cpd00311_e0,import
S393C109_Bifidobacterium_longum,ERR1620339_sub,1e-06,EX_cpd00064_e0,-0.00031091084711992,0.005272883867501517,cpd00064_e0,import
S393C109_Bifidobacterium_longum,ERR1620339_sub,1e-06,EX_cpd00264_e0,-0.00031091084711992,0.005272883867501517,cpd00264_e0,import
S393C109_Bifidobacterium_longum,ERR1620339_sub,1e-06,EX_cpd00034_e0,-0.0004390450023589693,0.005272883867501517,cpd00034_e0,import
S393C109_Bifidobacterium_longum,ERR1620339_sub,1e-06,EX_cpd00220_e0,-0.00062182169423984,0.005272883867501517,cpd00220_e0,import
S40C770_Agathobacter_rectalis,ERR1620339_sub,1e-06,EX_cpd00051_e0,-0.11381689530817915,0.044417250686683056,cpd00051_e0,import
S40C770_Agathobacter_rectalis,ERR1620339_sub,1e-06,EX_cpd00030_e0,-0.003699262577424259,0.044417250686683056,cpd00030_e0,import
S40C770_Agathobacter_rectalis,ERR1620339_sub,1e-06,EX_cpd00107_e0,-0.2474162415587057,0.044417250686683056,cpd00107_e0,import
S40C770_Agathobacter_rectalis,ERR1620339_sub,1e-06,EX_cpd00132_e0,-0.08729177140161178,0.044417250686683056,cpd00132_e0,import
S40C770_Agathobacter_rectalis,ERR1620339_sub,1e-06,EX_cpd00182_e0,-0.044554568861451205,0.044417250686683056,cpd00182_e0,import
S40C770_Agathobacter_rectalis,ERR1620339_sub,1e-06,EX_cpd00058_e0,-0.003699262577424259,0.044417250686683056,cpd00058_e0,import
S40C770_Agathobacter_rectalis,ERR1620339_sub,1e-06,EX_cpd00048_e0,-0.003699262577424259,0.044417250686683056,cpd00048_e0,import
S40C770_Agathobacter_rectalis,ERR1620339_sub,1e-06,EX_cpd00106_e0,-0.005239284608576256,0.044417250686683056,cpd00106_e0,import
S40C770_Agathobacter_rectalis,ERR1620339_sub,1e-06,EX_cpd00054_e0,-0.18939970233074313,0.044417250686683056,cpd00054_e0,import
S40C770_Agathobacter_rectalis,ERR1620339_sub,1e-06,EX_cpd00024_e0,0.010310453755540324,0.044417250686683056,cpd00024_e0,export
S40C770_Agathobacter_rectalis,ERR1620339_sub,1e-06,EX_cpd00099_e0,-0.003699262577424259,0.044417250686683056,cpd00099_e0,import
S40C770_Agathobacter_rectalis,ERR1620339_sub,1e-06,EX_cpd00367_e0,-0.13318197380723143,0.044417250686683056,cpd00367_e0,import
S40C770_Agathobacter_rectalis,ERR1620339_sub,1e-06,EX_cpd00322_e0,-0.1591507434394027,0.044417250686683056,cpd00322_e0,import
S40C770_Agathobacter_rectalis,ERR1620339_sub,1e-06,EX_cpd90003_e0,-0.13352167672100637,0.044417250686683056,cpd90003_e0,import
S40C770_Agathobacter_rectalis,ERR1620339_sub,1e-06,EX_cpd00010_e0,-0.005239284608576256,0.044417250686683056,cpd00010_e0,import
S40C770_Agathobacter_rectalis,ERR1620339_sub,1e-06,EX_cpd00324_e0,0.037692365379502026,0.044417250686683056,cpd00324_e0,export
S40C770_Agathobacter_rectalis,ERR1620339_sub,1e-06,EX_cpd00023_e0,-0.33419714041717746,0.044417250686683056,cpd00023_e0,import
S40C770_Agathobacter_rectalis,ERR1620339_sub,1e-06,EX_cpd00082_e0,-3.526260361899655,0.044417250686683056,cpd00082_e0,import
S40C770_Agathobacter_rectalis,ERR1620339_sub,1e-06,EX_cpd00161_e0,-0.1099586954672238,0.044417250686683056,cpd00161_e0,import
S40C770_Agathobacter_rectalis,ERR1620339_sub,1e-06,EX_cpd00149_e0,-0.003699262577424259,0.044417250686683056,cpd00149_e0,import
S40C770_Agathobacter_rectalis,ERR1620339_sub,1e-06,EX_cpd00254_e0,-0.003699262577424259,0.044417250686683056,cpd00254_e0,import
S40C770_Agathobacter_rectalis,ERR1620339_sub,1e-06,EX_cpd00067_e0,20.465619648366058,0.044417250686683056,cpd00067_e0,export
S40C770_Agathobacter_rectalis,ERR1620339_sub,1e-06,EX_cpd00009_e0,-0.6646775750949985,0.044417250686683056,cpd00009_e0,import
S40C770_Agathobacter_rectalis,ERR1620339_sub,1e-06,EX_cpd00060_e0,-0.11234637703890496,0.044417250686683056,cpd00060_e0,import
S40C770_Agathobacter_rectalis,ERR1620339_sub,1e-06,EX_cpd00036_e0,-0.015717853825731654,0.044417250686683056,cpd00036_e0,import
S40C770_Agathobacter_rectalis,ERR1620339_sub,1e-06,EX_cpd00065_e0,-0.03207128617794026,0.044417250686683056,cpd00065_e0,import
S40C770_Agathobacter_rectalis,ERR1620339_sub,1e-06,EX_cpd00239_e0,-0.030898468814010004,0.044417250686683056,cpd00239_e0,import
S40C770_Agathobacter_rectalis,ERR1620339_sub,1e-06,EX_cpd00069_e0,-0.06534825980617881,0.044417250686683056,cpd00069_e0,import
S40C770_Agathobacter_rectalis,ERR1620339_sub,1e-06,EX_cpd00119_e0,-0.04822749801194025,0.044417250686683056,cpd00119_e0,import
S40C770_Agathobacter_rectalis,ERR1620339_sub,1e-06,EX_cpd00047_e0,13.782961867508835,0.044417250686683056,cpd00047_e0,export
S40C770_Agathobacter_rectalis,ERR1620339_sub,1e-06,EX_cpd00363_e0,0.05503579633636926,0.044417250686683056,cpd00363_e0,export
S40C770_Agathobacter_rectalis,ERR1620339_sub,1e-06,EX_cpd00277_e0,-0.05503579633636926,0.044417250686683056,cpd00277_e0,import
S40C770_Agathobacter_rectalis,ERR1620339_sub,1e-06,EX_cpd00029_e0,1.8854947550068608,0.044417250686683056,cpd00029_e0,export
S40C770_Agathobacter_rectalis,ERR1620339_sub,1e-06,EX_cpd00039_e0,-0.19049861714716398,0.044417250686683056,cpd00039_e0,import
S40C770_Agathobacter_rectalis,ERR1620339_sub,1e-06,EX_cpd00305_e0,-0.0026196423042884887,0.044417250686683056,cpd00305_e0,import
S40C770_Agathobacter_rectalis,ERR1620339_sub,1e-06,EX_cpd00066_e0,-0.10368912072567175,0.044417250686683056,cpd00066_e0,import
S40C770_Agathobacter_rectalis,ERR1620339_sub,1e-06,EX_cpd10515_e0,-0.006318904881712748,0.044417250686683056,cpd10515_e0,import
S40C770_Agathobacter_rectalis,ERR1620339_sub,1e-06,EX_cpd00129_e0,-0.09476703359346245,0.044417250686683056,cpd00129_e0,import
S40C770_Agathobacter_rectalis,ERR1620339_sub,1e-06,EX_cpd00205_e0,-0.003699262577424259,0.044417250686683056,cpd00205_e0,import
S40C770_Agathobacter_rectalis,ERR1620339_sub,1e-06,EX_cpd10516_e0,-0.003699262577424259,0.044417250686683056,cpd10516_e0,import
S40C770_Agathobacter_rectalis,ERR1620339_sub,1e-06,EX_cpd00092_e0,0.06944382900995522,0.044417250686683056,cpd00092_e0,export
S40C770_Agathobacter_rectalis,ERR1620339_sub,1e-06,EX_cpd00122_e0,-0.6334137783846204,0.044417250686683056,cpd00122_e0,import
S40C770_Agathobacter_rectalis,ERR1620339_sub,1e-06,EX_cpd00063_e0,-0.003699262577424259,0.044417250686683056,cpd00063_e0,import
S40C770_Agathobacter_rectalis,ERR1620339_sub,1e-06,EX_cpd00028_e0,-0.0026196423042884887,0.044417250686683056,cpd00028_e0,import
S40C770_Agathobacter_rectalis,ERR1620339_sub,1e-06,EX_cpd00211_e0,5.736349213759802,0.044417250686683056,cpd00211_e0,export
S40C770_Agathobacter_rectalis,ERR1620339_sub,1e-06,EX_cpd00033_e0,-0.24413434697478678,0.044417250686683056,cpd00033_e0,import
S40C770_Agathobacter_rectalis,ERR1620339_sub,1e-06,EX_cpd00011_e0,0.22841578716350747,0.044417250686683056,cpd00011_e0,export
S40C770_Agathobacter_rectalis,ERR1620339_sub,1e-06,EX_cpd00034_e0,-0.003699262577424259,0.044417250686683056,cpd00034_e0,import
S40C770_Agathobacter_rectalis,ERR1620339_sub,1e-06,EX_cpd00220_e0,-0.005239284608576977,0.044417250686683056,cpd00220_e0,import
S413C138_CAG_83_sp000431575,ERR1620339_sub,1e-06,EX_cpd00006_e0,-0.0004050669834061403,0.006869118803263129,cpd00006_e0,import
S413C138_CAG_83_sp000431575,ERR1620339_sub,1e-06,EX_cpd00051_e0,-0.017599145642008585,0.006869118803263129,cpd00051_e0,import
S413C138_CAG_83_sp000431575,ERR1620339_sub,1e-06,EX_cpd00003_e0,-0.00040506698340647684,0.006869118803263129,cpd00003_e0,import
S413C138_CAG_83_sp000431575,ERR1620339_sub,1e-06,EX_cpd01217_e0,-0.006330776026244244,0.006869118803263129,cpd01217_e0,import
S413C138_CAG_83_sp000431575,ERR1620339_sub,1e-06,EX_cpd00030_e0,-0.0005720052430866395,0.006869118803263129,cpd00030_e0,import
S413C138_CAG_83_sp000431575,ERR1620339_sub,1e-06,EX_cpd00107_e0,-0.03825718894896906,0.006869118803263129,cpd00107_e0,import
S413C138_CAG_83_sp000431575,ERR1620339_sub,1e-06,EX_cpd00135_e0,0.0008101339668123417,0.006869118803263129,cpd00135_e0,export
S413C138_CAG_83_sp000431575,ERR1620339_sub,1e-06,EX_cpd00132_e0,-0.013497649835608251,0.006869118803263129,cpd00132_e0,import
S413C138_CAG_83_sp000431575,ERR1620339_sub,1e-06,EX_cpd00182_e0,0.0008101339668123417,0.006869118803263129,cpd00182_e0,export
S413C138_CAG_83_sp000431575,ERR1620339_sub,1e-06,EX_cpd00058_e0,-0.0005720052430866395,0.006869118803263129,cpd00058_e0,import
S413C138_CAG_83_sp000431575,ERR1620339_sub,1e-06,EX_cpd00048_e0,-0.0005720052430866395,0.006869118803263129,cpd00048_e0,import
S413C138_CAG_83_sp000431575,ERR1620339_sub,1e-06,EX_cpd00106_e0,0.011348261527103887,0.006869118803263129,cpd00106_e0,export
S413C138_CAG_83_sp000431575,ERR1620339_sub,1e-06,EX_cpd00054_e0,-0.03504667073875355,0.006869118803263129,cpd00054_e0,import
S413C138_CAG_83_sp000431575,ERR1620339_sub,1e-06,EX_cpd00099_e0,-0.0005720052430866395,0.006869118803263129,cpd00099_e0,import
S413C138_CAG_83_sp000431575,ERR1620339_sub,1e-06,EX_cpd00367_e0,-0.8526326932598643,0.006869118803263129,cpd00367_e0,import
S413C138_CAG_83_sp000431575,ERR1620339_sub,1e-06,EX_cpd00322_e0,-0.02460897483840178,0.006869118803263129,cpd00322_e0,import
S413C138_CAG_83_sp000431575,ERR1620339_sub,1e-06,EX_cpd00010_e0,-0.0008101339668123374,0.006869118803263129,cpd00010_e0,import
S413C138_CAG_83_sp000431575,ERR1620339_sub,1e-06,EX_cpd00082_e0,-0.34970113006872444,0.006869118803263129,cpd00082_e0,import
S413C138_CAG_83_sp000431575,ERR1620339_sub,1e-06,EX_cpd00041_e0,0.5889431885169475,0.006869118803263129,cpd00041_e0,export
S413C138_CAG_83_sp000431575,ERR1620339_sub,1e-06,EX_cpd00161_e0,-0.02364094934797889,0.006869118803263129,cpd00161_e0,import
S413C138_CAG_83_sp000431575,ERR1620339_sub,1e-06,EX_cpd00084_e0,-0.005587866229675644,0.006869118803263129,cpd00084_e0,import
S413C138_CAG_83_sp000431575,ERR1620339_sub,1e-06,EX_cpd00149_e0,-0.0005720052430866395,0.006869118803263129,cpd00149_e0,import
S413C138_CAG_83_sp000431575,ERR1620339_sub,1e-06,EX_cpd00254_e0,-0.0005720052430866395,0.006869118803263129,cpd00254_e0,import
S413C138_CAG_83_sp000431575,ERR1620339_sub,1e-06,EX_cpd00067_e0,1.4490283087794822,0.006869118803263129,cpd00067_e0,export
S413C138_CAG_83_sp000431575,ERR1620339_sub,1e-06,EX_cpd00009_e0,-0.10075165102517303,0.006869118803263129,cpd00009_e0,import
S413C138_CAG_83_sp000431575,ERR1620339_sub,1e-06,EX_cpd00060_e0,-0.010328312167026244,0.006869118803263129,cpd00060_e0,import
S413C138_CAG_83_sp000431575,ERR1620339_sub,1e-06,EX_cpd00053_e0,-0.05251197331065393,0.006869118803263129,cpd00053_e0,import
S413C138_CAG_83_sp000431575,ERR1620339_sub,1e-06,EX_cpd00448_e0,0.0020442219231296926,0.006869118803263129,cpd00448_e0,export
S413C138_CAG_83_sp000431575,ERR1620339_sub,1e-06,EX_cpd00065_e0,-0.004959081293193089,0.006869118803263129,cpd00065_e0,import
S413C138_CAG_83_sp000431575,ERR1620339_sub,1e-06,EX_cpd00069_e0,-0.010104594213949797,0.006869118803263129,cpd00069_e0,import
S413C138_CAG_83_sp000431575,ERR1620339_sub,1e-06,EX_cpd00119_e0,-0.0074572651025460015,0.006869118803263129,cpd00119_e0,import
S413C138_CAG_83_sp000431575,ERR1620339_sub,1e-06,EX_cpd00277_e0,-0.0021792346591208533,0.006869118803263129,cpd00277_e0,import
S413C138_CAG_83_sp000431575,ERR1620339_sub,1e-06,EX_cpd00029_e0,1.0023313494018722,0.006869118803263129,cpd00029_e0,export
S413C138_CAG_83_sp000431575,ERR1620339_sub,1e-06,EX_cpd00039_e0,-0.029456197155056704,0.006869118803263129,cpd00039_e0,import
S413C138_CAG_83_sp000431575,ERR1620339_sub,1e-06,EX_cpd00305_e0,-0.00040506698340617083,0.006869118803263129,cpd00305_e0,import
S413C138_CAG_83_sp000431575,ERR1620339_sub,1e-06,EX_cpd00066_e0,-0.016033119970473936,0.006869118803263129,cpd00066_e0,import
S413C138_CAG_83_sp000431575,ERR1620339_sub,1e-06,EX_cpd10515_e0,-0.0009770722264928102,0.006869118803263129,cpd10515_e0,import
S413C138_CAG_83_sp000431575,ERR1620339_sub,1e-06,EX_cpd00129_e0,-0.01465352592650287,0.006869118803263129,cpd00129_e0,import
S413C138_CAG_83_sp000431575,ERR1620339_sub,1e-06,EX_cpd00205_e0,-0.0005720052430866395,0.006869118803263129,cpd00205_e0,import
S413C138_CAG_83_sp000431575,ERR1620339_sub,1e-06,EX_cpd00156_e0,-0.028002030460060234,0.006869118803263129,cpd00156_e0,import
S413C138_CAG_83_sp000431575,ERR1620339_sub,1e-06,EX_cpd10516_e0,-0.0005720052430866395,0.006869118803263129,cpd10516_e0,import
S413C138_CAG_83_sp000431575,ERR1620339_sub,1e-06,EX_cpd00017_e0,-0.0012152009502185124,0.006869118803263129,cpd00017_e0,import
S413C138_CAG_83_sp000431575,ERR1620339_sub,1e-06,EX_cpd00092_e0,0.8427770660245457,0.006869118803263129,cpd00092_e0,export
S413C138_CAG_83_sp000431575,ERR1620339_sub,1e-06,EX_cpd00063_e0,-0.0005720052430866395,0.006869118803263129,cpd00063_e0,import
S413C138_CAG_83_sp000431575,ERR1620339_sub,1e-06,EX_cpd00028_e0,-0.00040506698340617083,0.006869118803263129,cpd00028_e0,import
S413C138_CAG_83_sp000431575,ERR1620339_sub,1e-06,EX_cpd00211_e0,0.3269841085600011,0.006869118803263129,cpd00211_e0,export
S413C138_CAG_83_sp000431575,ERR1620339_sub,1e-06,EX_cpd00033_e0,-0.24064403523381112,0.006869118803263129,cpd00033_e0,import
S413C138_CAG_83_sp000431575,ERR1620339_sub,1e-06,EX_cpd00216_e0,-0.0012152009502185124,0.006869118803263129,cpd00216_e0,import
S413C138_CAG_83_sp000431575,ERR1620339_sub,1e-06,EX_cpd00013_e0,0.4092850499155315,0.006869118803263129,cpd00013_e0,export
S413C138_CAG_83_sp000431575,ERR1620339_sub,1e-06,EX_cpd00118_e0,-0.0008101339668123417,0.006869118803263129,cpd00118_e0,import
S413C138_CAG_83_sp000431575,ERR1620339_sub,1e-06,EX_cpd00034_e0,-0.0005720052430866395,0.006869118803263129,cpd00034_e0,import
S413C138_CAG_83_sp000431575,ERR1620339_sub,1e-06,EX_cpd00220_e0,-0.0008101339668123417,0.006869118803263129,cpd00220_e0,import
S433C19_Lachnospira_sp900316325,ERR1620339_sub,1e-06,EX_cpd00051_e0,-0.1896828989025021,0.002231128838919087,cpd00051_e0,import
S433C19_Lachnospira_sp900316325,ERR1620339_sub,1e-06,EX_cpd00003_e0,-0.0003801060768120479,0.002231128838919087,cpd00003_e0,import
S433C19_Lachnospira_sp900316325,ERR1620339_sub,1e-06,EX_cpd01217_e0,-0.32644745854843527,0.002231128838919087,cpd01217_e0,import
S433C19_Lachnospira_sp900316325,ERR1620339_sub,1e-06,EX_cpd00526_e0,0.0039832060414704,0.002231128838919087,cpd00526_e0,export
S433C19_Lachnospira_sp900316325,ERR1620339_sub,1e-06,EX_cpd00030_e0,-0.0002683786605332386,0.002231128838919087,cpd00030_e0,import
S433C19_Lachnospira_sp900316325,ERR1620339_sub,1e-06,EX_cpd00132_e0,-0.006332951012266417,0.002231128838919087,cpd00132_e0,import
S433C19_Lachnospira_sp900316325,ERR1620339_sub,1e-06,EX_cpd00182_e0,-0.0032323997719559405,0.002231128838919087,cpd00182_e0,import
S433C19_Lachnospira_sp900316325,ERR1620339_sub,1e-06,EX_cpd00058_e0,-0.0002683786605332386,0.002231128838919087,cpd00058_e0,import
S433C19_Lachnospira_sp900316325,ERR1620339_sub,1e-06,EX_cpd00048_e0,-0.0002683786605332386,0.002231128838919087,cpd00048_e0,import
S433C19_Lachnospira_sp900316325,ERR1620339_sub,1e-06,EX_cpd00054_e0,-0.0141209091025631,0.002231128838919087,cpd00054_e0,import
S433C19_Lachnospira_sp900316325,ERR1620339_sub,1e-06,EX_cpd00024_e0,-0.024067889625422348,0.002231128838919087,cpd00024_e0,import
S433C19_Lachnospira_sp900316325,ERR1620339_sub,1e-06,EX_cpd00099_e0,-0.0002683786605332386,0.002231128838919087,cpd00099_e0,import
S433C19_Lachnospira_sp900316325,ERR1620339_sub,1e-06,EX_cpd00367_e0,-0.13226432547130113,0.002231128838919087,cpd00367_e0,import
S433C19_Lachnospira_sp900316325,ERR1620339_sub,1e-06,EX_cpd00393_e0,-0.0005701591152180487,0.002231128838919087,cpd00393_e0,import
S433C19_Lachnospira_sp900316325,ERR1620339_sub,1e-06,EX_cpd00100_e0,0.0009591267705899853,0.002231128838919087,cpd00100_e0,export
S433C19_Lachnospira_sp900316325,ERR1620339_sub,1e-06,EX_cpd00082_e0,-0.12004429608806313,0.002231128838919087,cpd00082_e0,import
S433C19_Lachnospira_sp900316325,ERR1620339_sub,1e-06,EX_cpd00309_e0,0.32644745854843527,0.002231128838919087,cpd00309_e0,export
S433C19_Lachnospira_sp900316325,ERR1620339_sub,1e-06,EX_cpd00161_e0,-0.0222582354077778,0.002231128838919087,cpd00161_e0,import
S433C19_Lachnospira_sp900316325,ERR1620339_sub,1e-06,EX_cpd00149_e0,-0.0002683786605332386,0.002231128838919087,cpd00149_e0,import
S433C19_Lachnospira_sp900316325,ERR1620339_sub,1e-06,EX_cpd00254_e0,-0.0002683786605332386,0.002231128838919087,cpd00254_e0,import
S433C19_Lachnospira_sp900316325,ERR1620339_sub,1e-06,EX_cpd00067_e0,0.36960731968103727,0.002231128838919087,cpd00067_e0,export
S433C19_Lachnospira_sp900316325,ERR1620339_sub,1e-06,EX_cpd00009_e0,-0.048601953960527855,0.002231128838919087,cpd00009_e0,import
S433C19_Lachnospira_sp900316325,ERR1620339_sub,1e-06,EX_cpd00060_e0,-0.005416091243388779,0.002231128838919087,cpd00060_e0,import
S433C19_Lachnospira_sp900316325,ERR1620339_sub,1e-06,EX_cpd00035_e0,0.39149183988586367,0.002231128838919087,cpd00035_e0,export
S433C19_Lachnospira_sp900316325,ERR1620339_sub,1e-06,EX_cpd00065_e0,-0.002326747195114458,0.002231128838919087,cpd00065_e0,import
S433C19_Lachnospira_sp900316325,ERR1620339_sub,1e-06,EX_cpd00239_e0,-0.0026217662723978224,0.002231128838919087,cpd00239_e0,import
S433C19_Lachnospira_sp900316325,ERR1620339_sub,1e-06,EX_cpd00069_e0,-0.004740966089293355,0.002231128838919087,cpd00069_e0,import
S433C19_Lachnospira_sp900316325,ERR1620339_sub,1e-06,EX_cpd00119_e0,-0.0034988679625781336,0.002231128838919087,cpd00119_e0,import
S433C19_Lachnospira_sp900316325,ERR1620339_sub,1e-06,EX_cpd23431_e0,-0.0039832060414704,0.002231128838919087,cpd23431_e0,import
S433C19_Lachnospira_sp900316325,ERR1620339_sub,1e-06,EX_cpd00029_e0,0.461230090581187,0.002231128838919087,cpd00029_e0,export
S433C19_Lachnospira_sp900316325,ERR1620339_sub,1e-06,EX_cpd00039_e0,-0.013820528452183628,0.002231128838919087,cpd00039_e0,import
S433C19_Lachnospira_sp900316325,ERR1620339_sub,1e-06,EX_cpd00305_e0,-0.00019005303840601622,0.002231128838919087,cpd00305_e0,import
S433C19_Lachnospira_sp900316325,ERR1620339_sub,1e-06,EX_cpd00644_e0,-0.000380106076812034,0.002231128838919087,cpd00644_e0,import
S433C19_Lachnospira_sp900316325,ERR1620339_sub,1e-06,EX_cpd10515_e0,-0.0004584316989392548,0.002231128838919087,cpd10515_e0,import
S433C19_Lachnospira_sp900316325,ERR1620339_sub,1e-06,EX_cpd00129_e0,-0.006875275546466023,0.002231128838919087,cpd00129_e0,import
S433C19_Lachnospira_sp900316325,ERR1620339_sub,1e-06,EX_cpd00205_e0,-0.0002683786605332386,0.002231128838919087,cpd00205_e0,import
S433C19_Lachnospira_sp900316325,ERR1620339_sub,1e-06,EX_cpd10516_e0,-0.0002683786605332386,0.002231128838919087,cpd10516_e0,import
S433C19_Lachnospira_sp900316325,ERR1620339_sub,1e-06,EX_cpd00092_e0,0.12764017199002076,0.002231128838919087,cpd00092_e0,export
S433C19_Lachnospira_sp900316325,ERR1620339_sub,1e-06,EX_cpd00063_e0,-0.0002683786605332386,0.002231128838919087,cpd00063_e0,import
S433C19_Lachnospira_sp900316325,ERR1620339_sub,1e-06,EX_cpd00028_e0,-0.00019005303840601622,0.002231128838919087,cpd00028_e0,import
S433C19_Lachnospira_sp900316325,ERR1620339_sub,1e-06,EX_cpd00033_e0,-0.01676149428973969,0.002231128838919087,cpd00033_e0,import
S433C19_Lachnospira_sp900316325,ERR1620339_sub,1e-06,EX_cpd00011_e0,0.34597521432165335,0.002231128838919087,cpd00011_e0,export
S433C19_Lachnospira_sp900316325,ERR1620339_sub,1e-06,EX_cpd00311_e0,-0.003422645664922574,0.002231128838919087,cpd00311_e0,import
S433C19_Lachnospira_sp900316325,ERR1620339_sub,1e-06,EX_cpd00064_e0,0.18104546443400565,0.002231128838919087,cpd00064_e0,export
S433C19_Lachnospira_sp900316325,ERR1620339_sub,1e-06,EX_cpd00034_e0,-0.0002683786605332386,0.002231128838919087,cpd00034_e0,import
S433C19_Lachnospira_sp900316325,ERR1620339_sub,1e-06,EX_cpd00220_e0,-0.00038010607681203244,0.002231128838919087,cpd00220_e0,import
S449C65_Bifidobacterium_pseudocatenulatum,ERR1620339_sub,1e-06,EX_cpd00006_e0,-0.009072295541027064,0.01040542597841849,cpd00006_e0,import
S449C65_Bifidobacterium_pseudocatenulatum,ERR1620339_sub,1e-06,EX_cpd00051_e0,-0.02665416752889819,0.01040542597841849,cpd00051_e0,import
S449C65_Bifidobacterium_pseudocatenulatum,ERR1620339_sub,1e-06,EX_cpd00003_e0,0.007845335612885695,0.01040542597841849,cpd00003_e0,export
S449C65_Bifidobacterium_pseudocatenulatum,ERR1620339_sub,1e-06,EX_cpd00030_e0,-0.000866310438402586,0.01040542597841849,cpd00030_e0,import
S449C65_Bifidobacterium_pseudocatenulatum,ERR1620339_sub,1e-06,EX_cpd00107_e0,-0.057941081014552816,0.01040542597841849,cpd00107_e0,import
S449C65_Bifidobacterium_pseudocatenulatum,ERR1620339_sub,1e-06,EX_cpd00132_e0,-0.02044239119801085,0.01040542597841849,cpd00132_e0,import
S449C65_Bifidobacterium_pseudocatenulatum,ERR1620339_sub,1e-06,EX_cpd00182_e0,-0.00920703530073411,0.01040542597841849,cpd00182_e0,import
S449C65_Bifidobacterium_pseudocatenulatum,ERR1620339_sub,1e-06,EX_cpd00058_e0,-0.000866310438402586,0.01040542597841849,cpd00058_e0,import
S449C65_Bifidobacterium_pseudocatenulatum,ERR1620339_sub,1e-06,EX_cpd00048_e0,-0.000866310438402586,0.01040542597841849,cpd00048_e0,import
S449C65_Bifidobacterium_pseudocatenulatum,ERR1620339_sub,1e-06,EX_cpd00054_e0,-0.037732032708396104,0.01040542597841849,cpd00054_e0,import
S449C65_Bifidobacterium_pseudocatenulatum,ERR1620339_sub,1e-06,EX_cpd00099_e0,-0.000866310438402586,0.01040542597841849,cpd00099_e0,import
S449C65_Bifidobacterium_pseudocatenulatum,ERR1620339_sub,1e-06,EX_cpd00322_e0,-0.037270657985323655,0.01040542597841849,cpd00322_e0,import
S449C65_Bifidobacterium_pseudocatenulatum,ERR1620339_sub,1e-06,EX_cpd00010_e0,-0.0012269599281412857,0.01040542597841849,cpd00010_e0,import
S449C65_Bifidobacterium_pseudocatenulatum,ERR1620339_sub,1e-06,EX_cpd00023_e0,-0.015380783057160008,0.01040542597841849,cpd00023_e0,import
S449C65_Bifidobacterium_pseudocatenulatum,ERR1620339_sub,1e-06,EX_cpd00082_e0,-0.6852708482421251,0.01040542597841849,cpd00082_e0,import
S449C65_Bifidobacterium_pseudocatenulatum,ERR1620339_sub,1e-06,EX_cpd00041_e0,-0.020667131279052453,0.01040542597841849,cpd00041_e0,import
S449C65_Bifidobacterium_pseudocatenulatum,ERR1620339_sub,1e-06,EX_cpd00161_e0,-0.03580456899902723,0.01040542597841849,cpd00161_e0,import
S449C65_Bifidobacterium_pseudocatenulatum,ERR1620339_sub,1e-06,EX_cpd00084_e0,-0.009076386382626133,0.01040542597841849,cpd00084_e0,import
S449C65_Bifidobacterium_pseudocatenulatum,ERR1620339_sub,1e-06,EX_cpd00149_e0,-0.000866310438402586,0.01040542597841849,cpd00149_e0,import
S449C65_Bifidobacterium_pseudocatenulatum,ERR1620339_sub,1e-06,EX_cpd00254_e0,-0.000866310438402586,0.01040542597841849,cpd00254_e0,import
S449C65_Bifidobacterium_pseudocatenulatum,ERR1620339_sub,1e-06,EX_cpd00067_e0,4.373423370939357,0.01040542597841849,cpd00067_e0,export
S449C65_Bifidobacterium_pseudocatenulatum,ERR1620339_sub,1e-06,EX_cpd00009_e0,-0.14413105667388337,0.01040542597841849,cpd00009_e0,import
S449C65_Bifidobacterium_pseudocatenulatum,ERR1620339_sub,1e-06,EX_cpd00076_e0,-1.355066031504173,0.01040542597841849,cpd00076_e0,import
S449C65_Bifidobacterium_pseudocatenulatum,ERR1620339_sub,1e-06,EX_cpd00060_e0,-0.016255862179123212,0.01040542597841849,cpd00060_e0,import
S449C65_Bifidobacterium_pseudocatenulatum,ERR1620339_sub,1e-06,EX_cpd00020_e0,1.4367248143366071,0.01040542597841849,cpd00020_e0,export
S449C65_Bifidobacterium_pseudocatenulatum,ERR1620339_sub,1e-06,EX_cpd00036_e0,0.00022474008104160154,0.01040542597841849,cpd00036_e0,export
S449C65_Bifidobacterium_pseudocatenulatum,ERR1620339_sub,1e-06,EX_cpd00053_e0,-0.06437412072422911,0.01040542597841849,cpd00053_e0,import
S449C65_Bifidobacterium_pseudocatenulatum,ERR1620339_sub,1e-06,EX_cpd00448_e0,0.0030960044716765393,0.01040542597841849,cpd00448_e0,export
S449C65_Bifidobacterium_pseudocatenulatum,ERR1620339_sub,1e-06,EX_cpd00065_e0,-0.007510602290981892,0.01040542597841849,cpd00065_e0,import
S449C65_Bifidobacterium_pseudocatenulatum,ERR1620339_sub,1e-06,EX_cpd00069_e0,-0.015917038015620166,0.01040542597841849,cpd00069_e0,import
S449C65_Bifidobacterium_pseudocatenulatum,ERR1620339_sub,1e-06,EX_cpd00119_e0,-0.011294138783431421,0.01040542597841849,cpd00119_e0,import
S449C65_Bifidobacterium_pseudocatenulatum,ERR1620339_sub,1e-06,EX_cpd00047_e0,0.06067075840618875,0.01040542597841849,cpd00047_e0,export
S449C65_Bifidobacterium_pseudocatenulatum,ERR1620339_sub,1e-06,EX_cpd00029_e0,2.94747674179428,0.01040542597841849,cpd00029_e0,export
S449C65_Bifidobacterium_pseudocatenulatum,ERR1620339_sub,1e-06,EX_cpd00039_e0,-0.044611848194554105,0.01040542597841849,cpd00039_e0,import
S449C65_Bifidobacterium_pseudocatenulatum,ERR1620339_sub,1e-06,EX_cpd00066_e0,-0.024282398384377603,0.01040542597841849,cpd00066_e0,import
S449C65_Bifidobacterium_pseudocatenulatum,ERR1620339_sub,1e-06,EX_cpd10515_e0,-0.0014797904024732322,0.01040542597841849,cpd10515_e0,import
S449C65_Bifidobacterium_pseudocatenulatum,ERR1620339_sub,1e-06,EX_cpd00129_e0,-0.022192982709442706,0.01040542597841849,cpd00129_e0,import
S449C65_Bifidobacterium_pseudocatenulatum,ERR1620339_sub,1e-06,EX_cpd00205_e0,-0.000866310438402586,0.01040542597841849,cpd00205_e0,import
S449C65_Bifidobacterium_pseudocatenulatum,ERR1620339_sub,1e-06,EX_cpd00588_e0,1.355066031504173,0.01040542597841849,cpd00588_e0,export
S449C65_Bifidobacterium_pseudocatenulatum,ERR1620339_sub,1e-06,EX_cpd10516_e0,-0.000866310438402586,0.01040542597841849,cpd10516_e0,import
S449C65_Bifidobacterium_pseudocatenulatum,ERR1620339_sub,1e-06,EX_cpd00092_e0,-0.01492649386374259,0.01040542597841849,cpd00092_e0,import
S449C65_Bifidobacterium_pseudocatenulatum,ERR1620339_sub,1e-06,EX_cpd00063_e0,-0.000866310438402586,0.01040542597841849,cpd00063_e0,import
S449C65_Bifidobacterium_pseudocatenulatum,ERR1620339_sub,1e-06,EX_cpd00028_e0,-0.0006134799640706463,0.01040542597841849,cpd00028_e0,import
S449C65_Bifidobacterium_pseudocatenulatum,ERR1620339_sub,1e-06,EX_cpd00033_e0,-0.055945551817190964,0.01040542597841849,cpd00033_e0,import
S449C65_Bifidobacterium_pseudocatenulatum,ERR1620339_sub,1e-06,EX_cpd00011_e0,0.2676574480052589,0.01040542597841849,cpd00011_e0,export
S449C65_Bifidobacterium_pseudocatenulatum,ERR1620339_sub,1e-06,EX_cpd00311_e0,-0.01288853760826922,0.01040542597841849,cpd00311_e0,import
S449C65_Bifidobacterium_pseudocatenulatum,ERR1620339_sub,1e-06,EX_cpd00064_e0,-0.0006134799640706463,0.01040542597841849,cpd00064_e0,import
S449C65_Bifidobacterium_pseudocatenulatum,ERR1620339_sub,1e-06,EX_cpd00013_e0,-0.08808478089467338,0.01040542597841849,cpd00013_e0,import
S449C65_Bifidobacterium_pseudocatenulatum,ERR1620339_sub,1e-06,EX_cpd00264_e0,-0.0006134799640706463,0.01040542597841849,cpd00264_e0,import
S449C65_Bifidobacterium_pseudocatenulatum,ERR1620339_sub,1e-06,EX_cpd00034_e0,-0.000866310438402586,0.01040542597841849,cpd00034_e0,import
S449C65_Bifidobacterium_pseudocatenulatum,ERR1620339_sub,1e-06,EX_cpd00220_e0,-0.0012269599281412927,0.01040542597841849,cpd00220_e0,import
S490C143_Anaerobutyricum_hallii,ERR1620339_sub,1e-06,EX_cpd00051_e0,-0.15652515430921454,0.002107261984194467,cpd00051_e0,import
S490C143_Anaerobutyricum_hallii,ERR1620339_sub,1e-06,EX_cpd00003_e0,-0.0002484898940851311,0.002107261984194467,cpd00003_e0,import
S490C143_Anaerobutyricum_hallii,ERR1620339_sub,1e-06,EX_cpd01217_e0,-0.004389680575527966,0.002107261984194467,cpd01217_e0,import
S490C143_Anaerobutyricum_hallii,ERR1620339_sub,1e-06,EX_cpd00030_e0,-0.00017544940478183795,0.002107261984194467,cpd00030_e0,import
S490C143_Anaerobutyricum_hallii,ERR1620339_sub,1e-06,EX_cpd00107_e0,-0.011734509623552977,0.002107261984194467,cpd00107_e0,import
S490C143_Anaerobutyricum_hallii,ERR1620339_sub,1e-06,EX_cpd00132_e0,-0.004140092522285578,0.002107261984194467,cpd00132_e0,import
S490C143_Anaerobutyricum_hallii,ERR1620339_sub,1e-06,EX_cpd00182_e0,-0.001491918742290292,0.002107261984194467,cpd00182_e0,import
S490C143_Anaerobutyricum_hallii,ERR1620339_sub,1e-06,EX_cpd00058_e0,-0.00017544940478183795,0.002107261984194467,cpd00058_e0,import
S490C143_Anaerobutyricum_hallii,ERR1620339_sub,1e-06,EX_cpd00048_e0,-0.00017544940478183795,0.002107261984194467,cpd00048_e0,import
S490C143_Anaerobutyricum_hallii,ERR1620339_sub,1e-06,EX_cpd00054_e0,-0.00972835866196239,0.002107261984194467,cpd00054_e0,import
S490C143_Anaerobutyricum_hallii,ERR1620339_sub,1e-06,EX_cpd00099_e0,-0.00017544940478183795,0.002107261984194467,cpd00099_e0,import
S490C143_Anaerobutyricum_hallii,ERR1620339_sub,1e-06,EX_cpd00322_e0,-0.0075482349853825455,0.002107261984194467,cpd00322_e0,import
S490C143_Anaerobutyricum_hallii,ERR1620339_sub,1e-06,EX_cpd00023_e0,-0.00807617556974118,0.002107261984194467,cpd00023_e0,import
S490C143_Anaerobutyricum_hallii,ERR1620339_sub,1e-06,EX_cpd00082_e0,-0.2196043934626689,0.002107261984194467,cpd00082_e0,import
S490C143_Anaerobutyricum_hallii,ERR1620339_sub,1e-06,EX_cpd00041_e0,0.02157495403030568,0.002107261984194467,cpd00041_e0,export
S490C143_Anaerobutyricum_hallii,ERR1620339_sub,1e-06,EX_cpd00309_e0,0.004389680575527966,0.002107261984194467,cpd00309_e0,export
S490C143_Anaerobutyricum_hallii,ERR1620339_sub,1e-06,EX_cpd11640_e0,0.06950215606935017,0.002107261984194467,cpd11640_e0,export
S490C143_Anaerobutyricum_hallii,ERR1620339_sub,1e-06,EX_cpd00161_e0,-0.005215144171718856,0.002107261984194467,cpd00161_e0,import
S490C143_Anaerobutyricum_hallii,ERR1620339_sub,1e-06,EX_cpd00149_e0,-0.00017544940478183795,0.002107261984194467,cpd00149_e0,import
S490C143_Anaerobutyricum_hallii,ERR1620339_sub,1e-06,EX_cpd00254_e0,-0.00017544940478183795,0.002107261984194467,cpd00254_e0,import
S490C143_Anaerobutyricum_hallii,ERR1620339_sub,1e-06,EX_cpd00076_e0,-0.08781307995655256,0.002107261984194467,cpd00076_e0,import
S490C143_Anaerobutyricum_hallii,ERR1620339_sub,1e-06,EX_cpd00229_e0,0.0003727348411277908,0.002107261984194467,cpd00229_e0,export
S490C143_Anaerobutyricum_hallii,ERR1620339_sub,1e-06,EX_cpd01741_e0,-0.0020361713393038756,0.002107261984194467,cpd01741_e0,import
S490C143_Anaerobutyricum_hallii,ERR1620339_sub,1e-06,EX_cpd00060_e0,-0.0026709915617553317,0.002107261984194467,cpd00060_e0,import
S490C143_Anaerobutyricum_hallii,ERR1620339_sub,1e-06,EX_cpd00012_e0,-0.015886478970919188,0.002107261984194467,cpd00012_e0,import
S490C143_Anaerobutyricum_hallii,ERR1620339_sub,1e-06,EX_cpd00053_e0,-0.008030660115117227,0.002107261984194467,cpd00053_e0,import
S490C143_Anaerobutyricum_hallii,ERR1620339_sub,1e-06,EX_cpd00065_e0,-0.0015210837167513322,0.002107261984194467,cpd00065_e0,import
S490C143_Anaerobutyricum_hallii,ERR1620339_sub,1e-06,EX_cpd00239_e0,-0.002086683822970662,0.002107261984194467,cpd00239_e0,import
S490C143_Anaerobutyricum_hallii,ERR1620339_sub,1e-06,EX_cpd00069_e0,-0.003223595978919361,0.002107261984194467,cpd00069_e0,import
S490C143_Anaerobutyricum_hallii,ERR1620339_sub,1e-06,EX_cpd00119_e0,-0.00228734393496441,0.002107261984194467,cpd00119_e0,import
S490C143_Anaerobutyricum_hallii,ERR1620339_sub,1e-06,EX_cpd00029_e0,0.30737468643538185,0.002107261984194467,cpd00029_e0,export
S490C143_Anaerobutyricum_hallii,ERR1620339_sub,1e-06,EX_cpd00039_e0,-0.00903500854310942,0.002107261984194467,cpd00039_e0,import
S490C143_Anaerobutyricum_hallii,ERR1620339_sub,1e-06,EX_cpd00066_e0,-0.004917789460173491,0.002107261984194467,cpd00066_e0,import
S490C143_Anaerobutyricum_hallii,ERR1620339_sub,1e-06,EX_cpd00644_e0,-0.00024848989408520275,0.002107261984194467,cpd00644_e0,import
S490C143_Anaerobutyricum_hallii,ERR1620339_sub,1e-06,EX_cpd10515_e0,-0.0002996943518244349,0.002107261984194467,cpd10515_e0,import
S490C143_Anaerobutyricum_hallii,ERR1620339_sub,1e-06,EX_cpd00129_e0,-0.004494630832205059,0.002107261984194467,cpd00129_e0,import
S490C143_Anaerobutyricum_hallii,ERR1620339_sub,1e-06,EX_cpd00204_e0,0.2370759383527679,0.002107261984194467,cpd00204_e0,export
S490C143_Anaerobutyricum_hallii,ERR1620339_sub,1e-06,EX_cpd00205_e0,-0.00017544940478183795,0.002107261984194467,cpd00205_e0,import
S490C143_Anaerobutyricum_hallii,ERR1620339_sub,1e-06,EX_cpd00588_e0,0.08774095456596684,0.002107261984194467,cpd00588_e0,export
S490C143_Anaerobutyricum_hallii,ERR1620339_sub,1e-06,EX_cpd00156_e0,-0.008340486581706167,0.002107261984194467,cpd00156_e0,import
S490C143_Anaerobutyricum_hallii,ERR1620339_sub,1e-06,EX_cpd10516_e0,-0.00017544940478183795,0.002107261984194467,cpd10516_e0,import
S490C143_Anaerobutyricum_hallii,ERR1620339_sub,1e-06,EX_cpd00017_e0,-0.0006212247352129831,0.002107261984194467,cpd00017_e0,import
S490C143_Anaerobutyricum_hallii,ERR1620339_sub,1e-06,EX_cpd00092_e0,-0.0030229861580594033,0.002107261984194467,cpd00092_e0,import
S490C143_Anaerobutyricum_hallii,ERR1620339_sub,1e-06,EX_cpd00122_e0,-0.005006700008634993,0.002107261984194467,cpd00122_e0,import
S490C143_Anaerobutyricum_hallii,ERR1620339_sub,1e-06,EX_cpd00063_e0,-0.00017544940478183795,0.002107261984194467,cpd00063_e0,import
S490C143_Anaerobutyricum_hallii,ERR1620339_sub,1e-06,EX_cpd00028_e0,-0.00012424494704259693,0.002107261984194467,cpd00028_e0,import
S490C143_Anaerobutyricum_hallii,ERR1620339_sub,1e-06,EX_cpd00033_e0,-0.010709140606588636,0.002107261984194467,cpd00033_e0,import
S490C143_Anaerobutyricum_hallii,ERR1620339_sub,1e-06,EX_cpd00011_e0,0.23277450377296227,0.002107261984194467,cpd00011_e0,export
S490C143_Anaerobutyricum_hallii,ERR1620339_sub,1e-06,EX_cpd00141_e0,0.194079017422328,0.002107261984194467,cpd00141_e0,export
S490C143_Anaerobutyricum_hallii,ERR1620339_sub,1e-06,EX_cpd00311_e0,-0.002610249342082056,0.002107261984194467,cpd00311_e0,import
S490C143_Anaerobutyricum_hallii,ERR1620339_sub,1e-06,EX_cpd00064_e0,0.15087853272861335,0.002107261984194467,cpd00064_e0,export
S490C143_Anaerobutyricum_hallii,ERR1620339_sub,1e-06,EX_cpd00013_e0,0.2641674549645006,0.002107261984194467,cpd00013_e0,export
S490C143_Anaerobutyricum_hallii,ERR1620339_sub,1e-06,EX_cpd00034_e0,-0.00017544940478183795,0.002107261984194467,cpd00034_e0,import
S490C143_Anaerobutyricum_hallii,ERR1620339_sub,1e-06,EX_cpd00220_e0,-0.00024848989408519386,0.002107261984194467,cpd00220_e0,import
S506C1400_Faecalibacterium_prausnitzii_G,ERR1620339_sub,1e-06,EX_cpd00051_e0,-0.017619976140495184,0.006727556683577847,cpd00051_e0,import
S506C1400_Faecalibacterium_prausnitzii_G,ERR1620339_sub,1e-06,EX_cpd01217_e0,-0.0031713780464219105,0.006727556683577847,cpd01217_e0,import
S506C1400_Faecalibacterium_prausnitzii_G,ERR1620339_sub,1e-06,EX_cpd00030_e0,-0.0005597978064976642,0.006727556683577847,cpd00030_e0,import
S506C1400_Faecalibacterium_prausnitzii_G,ERR1620339_sub,1e-06,EX_cpd00107_e0,-0.03744072404097827,0.006727556683577847,cpd00107_e0,import
S506C1400_Faecalibacterium_prausnitzii_G,ERR1620339_sub,1e-06,EX_cpd00132_e0,-0.013209590055632735,0.006727556683577847,cpd00132_e0,import
S506C1400_Faecalibacterium_prausnitzii_G,ERR1620339_sub,1e-06,EX_cpd00182_e0,-0.007535147712872245,0.006727556683577847,cpd00182_e0,import
S506C1400_Faecalibacterium_prausnitzii_G,ERR1620339_sub,1e-06,EX_cpd00058_e0,-0.0005597978064976642,0.006727556683577847,cpd00058_e0,import
S506C1400_Faecalibacterium_prausnitzii_G,ERR1620339_sub,1e-06,EX_cpd00048_e0,-0.0005597978064976642,0.006727556683577847,cpd00048_e0,import
S506C1400_Faecalibacterium_prausnitzii_G,ERR1620339_sub,1e-06,EX_cpd00106_e0,0.45494540278148676,0.006727556683577847,cpd00106_e0,export
S506C1400_Faecalibacterium_prausnitzii_G,ERR1620339_sub,1e-06,EX_cpd00054_e0,-0.030246952098481612,0.006727556683577847,cpd00054_e0,import
S506C1400_Faecalibacterium_prausnitzii_G,ERR1620339_sub,1e-06,EX_cpd00099_e0,-0.0005597978064976642,0.006727556683577847,cpd00099_e0,import
S506C1400_Faecalibacterium_prausnitzii_G,ERR1620339_sub,1e-06,EX_cpd00367_e0,-0.009645293595944066,0.006727556683577847,cpd00367_e0,import
S506C1400_Faecalibacterium_prausnitzii_G,ERR1620339_sub,1e-06,EX_cpd00322_e0,-0.024083782974358023,0.006727556683577847,cpd00322_e0,import
S506C1400_Faecalibacterium_prausnitzii_G,ERR1620339_sub,1e-06,EX_cpd00393_e0,-0.0011892667674082197,0.006727556683577847,cpd00393_e0,import
S506C1400_Faecalibacterium_prausnitzii_G,ERR1620339_sub,1e-06,EX_cpd00023_e0,-0.047030645439982255,0.006727556683577847,cpd00023_e0,import
S506C1400_Faecalibacterium_prausnitzii_G,ERR1620339_sub,1e-06,EX_cpd00082_e0,-0.5919855023649139,0.006727556683577847,cpd00082_e0,import
S506C1400_Faecalibacterium_prausnitzii_G,ERR1620339_sub,1e-06,EX_cpd00041_e0,0.208984330249618,0.006727556683577847,cpd00041_e0,export
S506C1400_Faecalibacterium_prausnitzii_G,ERR1620339_sub,1e-06,EX_cpd00309_e0,0.8586331052922871,0.006727556683577847,cpd00309_e0,export
S506C1400_Faecalibacterium_prausnitzii_G,ERR1620339_sub,1e-06,EX_cpd00073_e0,0.0003964222558027399,0.006727556683577847,cpd00073_e0,export
S506C1400_Faecalibacterium_prausnitzii_G,ERR1620339_sub,1e-06,EX_cpd00161_e0,-0.023136416577420153,0.006727556683577847,cpd00161_e0,import
S506C1400_Faecalibacterium_prausnitzii_G,ERR1620339_sub,1e-06,EX_cpd00149_e0,-0.0005597978064976642,0.006727556683577847,cpd00149_e0,import
S506C1400_Faecalibacterium_prausnitzii_G,ERR1620339_sub,1e-06,EX_cpd00254_e0,-0.0005597978064976642,0.006727556683577847,cpd00254_e0,import
S506C1400_Faecalibacterium_prausnitzii_G,ERR1620339_sub,1e-06,EX_cpd00067_e0,1.4280029135951247,0.006727556683577847,cpd00067_e0,export
S506C1400_Faecalibacterium_prausnitzii_G,ERR1620339_sub,1e-06,EX_cpd00009_e0,-0.10296210682240364,0.006727556683577847,cpd00009_e0,import
S506C1400_Faecalibacterium_prausnitzii_G,ERR1620339_sub,1e-06,EX_cpd00060_e0,-0.010504312988980316,0.006727556683577847,cpd00060_e0,import
S506C1400_Faecalibacterium_prausnitzii_G,ERR1620339_sub,1e-06,EX_cpd00035_e0,0.501236070534016,0.006727556683577847,cpd00035_e0,export
S506C1400_Faecalibacterium_prausnitzii_G,ERR1620339_sub,1e-06,EX_cpd00036_e0,-0.003171378046421919,0.006727556683577847,cpd00036_e0,import
S506C1400_Faecalibacterium_prausnitzii_G,ERR1620339_sub,1e-06,EX_cpd00065_e0,-0.004853247175135787,0.006727556683577847,cpd00065_e0,import
S506C1400_Faecalibacterium_prausnitzii_G,ERR1620339_sub,1e-06,EX_cpd00239_e0,-0.00626145742412907,0.006727556683577847,cpd00239_e0,import
S506C1400_Faecalibacterium_prausnitzii_G,ERR1620339_sub,1e-06,EX_cpd00069_e0,-0.009888947251592436,0.006727556683577847,cpd00069_e0,import
S506C1400_Faecalibacterium_prausnitzii_G,ERR1620339_sub,1e-06,EX_cpd00119_e0,-0.007298116052835771,0.006727556683577847,cpd00119_e0,import
S506C1400_Faecalibacterium_prausnitzii_G,ERR1620339_sub,1e-06,EX_cpd00363_e0,0.8554617272458652,0.006727556683577847,cpd00363_e0,export
S506C1400_Faecalibacterium_prausnitzii_G,ERR1620339_sub,1e-06,EX_cpd00277_e0,-0.8554617272458652,0.006727556683577847,cpd00277_e0,import
S506C1400_Faecalibacterium_prausnitzii_G,ERR1620339_sub,1e-06,EX_cpd00029_e0,0.4836217970281153,0.006727556683577847,cpd00029_e0,export
S506C1400_Faecalibacterium_prausnitzii_G,ERR1620339_sub,1e-06,EX_cpd00027_e0,-0.02483329162226365,0.006727556683577847,cpd00027_e0,import
S506C1400_Faecalibacterium_prausnitzii_G,ERR1620339_sub,1e-06,EX_cpd00305_e0,-0.0003964222558027399,0.006727556683577847,cpd00305_e0,import
S506C1400_Faecalibacterium_prausnitzii_G,ERR1620339_sub,1e-06,EX_cpd00066_e0,-0.01569094951359694,0.006727556683577847,cpd00066_e0,import
S506C1400_Faecalibacterium_prausnitzii_G,ERR1620339_sub,1e-06,EX_cpd00644_e0,-0.0007928445116054672,0.006727556683577847,cpd00644_e0,import
S506C1400_Faecalibacterium_prausnitzii_G,ERR1620339_sub,1e-06,EX_cpd10515_e0,-0.0009562200623004041,0.006727556683577847,cpd10515_e0,import
S506C1400_Faecalibacterium_prausnitzii_G,ERR1620339_sub,1e-06,EX_cpd00129_e0,-0.014340798043822269,0.006727556683577847,cpd00129_e0,import
S506C1400_Faecalibacterium_prausnitzii_G,ERR1620339_sub,1e-06,EX_cpd00205_e0,-0.0005597978064976642,0.006727556683577847,cpd00205_e0,import
S506C1400_Faecalibacterium_prausnitzii_G,ERR1620339_sub,1e-06,EX_cpd10516_e0,-0.0005597978064976642,0.006727556683577847,cpd10516_e0,import
S506C1400_Faecalibacterium_prausnitzii_G,ERR1620339_sub,1e-06,EX_cpd00122_e0,-0.015974632037713456,0.006727556683577847,cpd00122_e0,import
S506C1400_Faecalibacterium_prausnitzii_G,ERR1620339_sub,1e-06,EX_cpd00063_e0,-0.0005597978064976642,0.006727556683577847,cpd00063_e0,import
S506C1400_Faecalibacterium_prausnitzii_G,ERR1620339_sub,1e-06,EX_cpd00028_e0,-0.0003964222558027399,0.006727556683577847,cpd00028_e0,import
S506C1400_Faecalibacterium_prausnitzii_G,ERR1620339_sub,1e-06,EX_cpd00033_e0,-0.03734050748004862,0.006727556683577847,cpd00033_e0,import
S506C1400_Faecalibacterium_prausnitzii_G,ERR1620339_sub,1e-06,EX_cpd00311_e0,-0.007931972234486046,0.006727556683577847,cpd00311_e0,import
S506C1400_Faecalibacterium_prausnitzii_G,ERR1620339_sub,1e-06,EX_cpd00264_e0,-0.0003964222558027399,0.006727556683577847,cpd00264_e0,import
S506C1400_Faecalibacterium_prausnitzii_G,ERR1620339_sub,1e-06,EX_cpd00034_e0,-0.0005597978064976642,0.006727556683577847,cpd00034_e0,import
S515C180_Bacteroides_fragilis_A,ERR1620339_sub,1e-06,EX_cpd00051_e0,-0.017297681699370075,0.005396750722226136,cpd00051_e0,import
S515C180_Bacteroides_fragilis_A,ERR1620339_sub,1e-06,EX_cpd00130_e0,-0.19168597733086234,0.005396750722226136,cpd00130_e0,import
S515C180_Bacteroides_fragilis_A,ERR1620339_sub,1e-06,EX_cpd00030_e0,-0.0004493652707016455,0.005396750722226136,cpd00030_e0,import
S515C180_Bacteroides_fragilis_A,ERR1620339_sub,1e-06,EX_cpd00107_e0,-0.03147436410339905,0.005396750722226136,cpd00107_e0,import
S515C180_Bacteroides_fragilis_A,ERR1620339_sub,1e-06,EX_cpd00132_e0,-0.014096687221194825,0.005396750722226136,cpd00132_e0,import
S515C180_Bacteroides_fragilis_A,ERR1620339_sub,1e-06,EX_cpd00182_e0,-0.011471580007654721,0.005396750722226136,cpd00182_e0,import
S515C180_Bacteroides_fragilis_A,ERR1620339_sub,1e-06,EX_cpd00058_e0,-0.0004493652707016455,0.005396750722226136,cpd00058_e0,import
S515C180_Bacteroides_fragilis_A,ERR1620339_sub,1e-06,EX_cpd00048_e0,-0.0004493652707016455,0.005396750722226136,cpd00048_e0,import
S515C180_Bacteroides_fragilis_A,ERR1620339_sub,1e-06,EX_cpd00054_e0,-0.015757867866796168,0.005396750722226136,cpd00054_e0,import
S515C180_Bacteroides_fragilis_A,ERR1620339_sub,1e-06,EX_cpd00099_e0,-0.0004493652707016455,0.005396750722226136,cpd00099_e0,import
S515C180_Bacteroides_fragilis_A,ERR1620339_sub,1e-06,EX_cpd00367_e0,-0.009351819222141802,0.005396750722226136,cpd00367_e0,import
S515C180_Bacteroides_fragilis_A,ERR1620339_sub,1e-06,EX_cpd00322_e0,-0.022117611013348373,0.005396750722226136,cpd00322_e0,import
S515C180_Bacteroides_fragilis_A,ERR1620339_sub,1e-06,EX_cpd00393_e0,-0.0007294012474421468,0.005396750722226136,cpd00393_e0,import
S515C180_Bacteroides_fragilis_A,ERR1620339_sub,1e-06,EX_cpd00010_e0,-0.000486267498294792,0.005396750722226136,cpd00010_e0,import
S515C180_Bacteroides_fragilis_A,ERR1620339_sub,1e-06,EX_cpd00023_e0,-0.03381707712400917,0.005396750722226136,cpd00023_e0,import
S515C180_Bacteroides_fragilis_A,ERR1620339_sub,1e-06,EX_cpd00309_e0,0.055462671693556086,0.005396750722226136,cpd00309_e0,export
S515C180_Bacteroides_fragilis_A,ERR1620339_sub,1e-06,EX_cpd00161_e0,-0.014835378254619901,0.005396750722226136,cpd00161_e0,import
S515C180_Bacteroides_fragilis_A,ERR1620339_sub,1e-06,EX_cpd00084_e0,-0.005841777490626427,0.005396750722226136,cpd00084_e0,import
S515C180_Bacteroides_fragilis_A,ERR1620339_sub,1e-06,EX_cpd00149_e0,-0.0004493652707016455,0.005396750722226136,cpd00149_e0,import
S515C180_Bacteroides_fragilis_A,ERR1620339_sub,1e-06,EX_cpd00254_e0,-0.0004493652707016455,0.005396750722226136,cpd00254_e0,import
S515C180_Bacteroides_fragilis_A,ERR1620339_sub,1e-06,EX_cpd00067_e0,1.399824565600143,0.005396750722226136,cpd00067_e0,export
S515C180_Bacteroides_fragilis_A,ERR1620339_sub,1e-06,EX_cpd00105_e0,-0.033798945274306644,0.005396750722226136,cpd00105_e0,import
S515C180_Bacteroides_fragilis_A,ERR1620339_sub,1e-06,EX_cpd01741_e0,-0.005100481933832493,0.005396750722226136,cpd01741_e0,import
S515C180_Bacteroides_fragilis_A,ERR1620339_sub,1e-06,EX_cpd00060_e0,-0.008014872576748638,0.005396750722226136,cpd00060_e0,import
S515C180_Bacteroides_fragilis_A,ERR1620339_sub,1e-06,EX_cpd00412_e0,-0.32594769581057614,0.005396750722226136,cpd00412_e0,import
S515C180_Bacteroides_fragilis_A,ERR1620339_sub,1e-06,EX_cpd00012_e0,-0.030259880573726042,0.005396750722226136,cpd00012_e0,import
S515C180_Bacteroides_fragilis_A,ERR1620339_sub,1e-06,EX_cpd00036_e0,0.5935413800994549,0.005396750722226136,cpd00036_e0,export
S515C180_Bacteroides_fragilis_A,ERR1620339_sub,1e-06,EX_cpd00065_e0,-0.0033241096504127493,0.005396750722226136,cpd00065_e0,import
S515C180_Bacteroides_fragilis_A,ERR1620339_sub,1e-06,EX_cpd00069_e0,-0.008307177530704283,0.005396750722226136,cpd00069_e0,import
S515C180_Bacteroides_fragilis_A,ERR1620339_sub,1e-06,EX_cpd00119_e0,-0.005540182750687934,0.005396750722226136,cpd00119_e0,import
S515C180_Bacteroides_fragilis_A,ERR1620339_sub,1e-06,EX_cpd11606_e0,-0.361593954764723,0.005396750722226136,cpd11606_e0,import
S515C180_Bacteroides_fragilis_A,ERR1620339_sub,1e-06,EX_cpd00277_e0,-0.0695613638348174,0.005396750722226136,cpd00277_e0,import
S515C180_Bacteroides_fragilis_A,ERR1620339_sub,1e-06,EX_cpd00029_e0,0.6722867185811694,0.005396750722226136,cpd00029_e0,export
S515C180_Bacteroides_fragilis_A,ERR1620339_sub,1e-06,EX_cpd00794_e0,-0.12273188193786282,0.005396750722226136,cpd00794_e0,import
S515C180_Bacteroides_fragilis_A,ERR1620339_sub,1e-06,EX_cpd00039_e0,-0.020067773074714062,0.005396750722226136,cpd00039_e0,import
S515C180_Bacteroides_fragilis_A,ERR1620339_sub,1e-06,EX_cpd00066_e0,-0.010834135156900827,0.005396750722226136,cpd00066_e0,import
S515C180_Bacteroides_fragilis_A,ERR1620339_sub,1e-06,EX_cpd10515_e0,-0.0006924990198490279,0.005396750722226136,cpd10515_e0,import
S515C180_Bacteroides_fragilis_A,ERR1620339_sub,1e-06,EX_cpd00129_e0,-0.012927093084938491,0.005396750722226136,cpd00129_e0,import
S515C180_Bacteroides_fragilis_A,ERR1620339_sub,1e-06,EX_cpd00204_e0,0.0002431337491473823,0.005396750722226136,cpd00204_e0,export
S515C180_Bacteroides_fragilis_A,ERR1620339_sub,1e-06,EX_cpd00205_e0,-0.0004493652707016455,0.005396750722226136,cpd00205_e0,import
S515C180_Bacteroides_fragilis_A,ERR1620339_sub,1e-06,EX_cpd00156_e0,-0.0247461496197394,0.005396750722226136,cpd00156_e0,import
S515C180_Bacteroides_fragilis_A,ERR1620339_sub,1e-06,EX_cpd10516_e0,-0.0004493652707016455,0.005396750722226136,cpd10516_e0,import
S515C180_Bacteroides_fragilis_A,ERR1620339_sub,1e-06,EX_cpd00017_e0,-0.0012156687457369115,0.005396750722226136,cpd00017_e0,import
S515C180_Bacteroides_fragilis_A,ERR1620339_sub,1e-06,EX_cpd00092_e0,0.3175433962160695,0.005396750722226136,cpd00092_e0,export
S515C180_Bacteroides_fragilis_A,ERR1620339_sub,1e-06,EX_cpd11451_e0,0.361593954764723,0.005396750722226136,cpd11451_e0,export
S515C180_Bacteroides_fragilis_A,ERR1620339_sub,1e-06,EX_cpd00184_e0,-0.0015206096190215172,0.005396750722226136,cpd00184_e0,import
S515C180_Bacteroides_fragilis_A,ERR1620339_sub,1e-06,EX_cpd00063_e0,-0.0004493652707016455,0.005396750722226136,cpd00063_e0,import
S515C180_Bacteroides_fragilis_A,ERR1620339_sub,1e-06,EX_cpd00028_e0,-0.0002431337491473823,0.005396750722226136,cpd00028_e0,import
S515C180_Bacteroides_fragilis_A,ERR1620339_sub,1e-06,EX_cpd00033_e0,-0.0370421838668522,0.005396750722226136,cpd00033_e0,import
S515C180_Bacteroides_fragilis_A,ERR1620339_sub,1e-06,EX_cpd00064_e0,-0.0002431337491473823,0.005396750722226136,cpd00064_e0,import
S515C180_Bacteroides_fragilis_A,ERR1620339_sub,1e-06,EX_cpd00264_e0,-0.0002431337491473823,0.005396750722226136,cpd00264_e0,import
S515C180_Bacteroides_fragilis_A,ERR1620339_sub,1e-06,EX_cpd00034_e0,-0.0004493652707016455,0.005396750722226136,cpd00034_e0,import
S515C180_Bacteroides_fragilis_A,ERR1620339_sub,1e-06,EX_cpd00220_e0,-0.0004862674982947646,0.005396750722226136,cpd00220_e0,import
S538C99_Ruminococcus_E_sp900314705,ERR1620339_sub,1e-06,EX_cpd00051_e0,-0.13793054388895762,0.053867132357225914,cpd00051_e0,import
S538C99_Ruminococcus_E_sp900314705,ERR1620339_sub,1e-06,EX_cpd00221_e0,15.486135870959494,0.053867132357225914,cpd00221_e0,export
S538C99_Ruminococcus_E_sp900314705,ERR1620339_sub,1e-06,EX_cpd01217_e0,-0.15822372721422567,0.053867132357225914,cpd01217_e0,import
S538C99_Ruminococcus_E_sp900314705,ERR1620339_sub,1e-06,EX_cpd00526_e0,4.231593974933085,0.053867132357225914,cpd00526_e0,export
S538C99_Ruminococcus_E_sp900314705,ERR1620339_sub,1e-06,EX_cpd00030_e0,-0.004483001384905358,0.053867132357225914,cpd00030_e0,import
S538C99_Ruminococcus_E_sp900314705,ERR1620339_sub,1e-06,EX_cpd00132_e0,-0.10578571374534437,0.053867132357225914,cpd00132_e0,import
S538C99_Ruminococcus_E_sp900314705,ERR1620339_sub,1e-06,EX_cpd00182_e0,-0.041295461027749926,0.053867132357225914,cpd00182_e0,import
S538C99_Ruminococcus_E_sp900314705,ERR1620339_sub,1e-06,EX_cpd00058_e0,-0.004483001384905358,0.053867132357225914,cpd00058_e0,import
S538C99_Ruminococcus_E_sp900314705,ERR1620339_sub,1e-06,EX_cpd00048_e0,-0.004483001384905358,0.053867132357225914,cpd00048_e0,import
S538C99_Ruminococcus_E_sp900314705,ERR1620339_sub,1e-06,EX_cpd00106_e0,-0.006349297911293128,0.053867132357225914,cpd00106_e0,import
S538C99_Ruminococcus_E_sp900314705,ERR1620339_sub,1e-06,EX_cpd00054_e0,-0.2422251866169557,0.053867132357225914,cpd00054_e0,import
S538C99_Ruminococcus_E_sp900314705,ERR1620339_sub,1e-06,EX_cpd00099_e0,-0.004483001384905358,0.053867132357225914,cpd00099_e0,import
S538C99_Ruminococcus_E_sp900314705,ERR1620339_sub,1e-06,EX_cpd00010_e0,-0.006349297911293128,0.053867132357225914,cpd00010_e0,import
S538C99_Ruminococcus_E_sp900314705,ERR1620339_sub,1e-06,EX_cpd00324_e0,-0.07142257994924987,0.053867132357225914,cpd00324_e0,import
S538C99_Ruminococcus_E_sp900314705,ERR1620339_sub,1e-06,EX_cpd00309_e0,0.09152785309568609,0.053867132357225914,cpd00309_e0,export
S538C99_Ruminococcus_E_sp900314705,ERR1620339_sub,1e-06,EX_cpd00161_e0,-0.3781512137579485,0.053867132357225914,cpd00161_e0,import
S538C99_Ruminococcus_E_sp900314705,ERR1620339_sub,1e-06,EX_cpd00149_e0,-0.004483001384905358,0.053867132357225914,cpd00149_e0,import
S538C99_Ruminococcus_E_sp900314705,ERR1620339_sub,1e-06,EX_cpd00254_e0,-0.004483001384905358,0.053867132357225914,cpd00254_e0,import
S538C99_Ruminococcus_E_sp900314705,ERR1620339_sub,1e-06,EX_cpd00067_e0,19.390198495443435,0.053867132357225914,cpd00067_e0,export
S538C99_Ruminococcus_E_sp900314705,ERR1620339_sub,1e-06,EX_cpd00009_e0,1.8447057466638004,0.053867132357225914,cpd00009_e0,export
S538C99_Ruminococcus_E_sp900314705,ERR1620339_sub,1e-06,EX_cpd00012_e0,-1.3251021277172468,0.053867132357225914,cpd00012_e0,import
S538C99_Ruminococcus_E_sp900314705,ERR1620339_sub,1e-06,EX_cpd00036_e0,0.006349297911293128,0.053867132357225914,cpd00036_e0,export
S538C99_Ruminococcus_E_sp900314705,ERR1620339_sub,1e-06,EX_cpd00053_e0,-0.4179036532620495,0.053867132357225914,cpd00053_e0,import
S538C99_Ruminococcus_E_sp900314705,ERR1620339_sub,1e-06,EX_cpd00065_e0,-0.03886602190091384,0.053867132357225914,cpd00065_e0,import
S538C99_Ruminococcus_E_sp900314705,ERR1620339_sub,1e-06,EX_cpd00239_e0,-0.04696867418367659,0.053867132357225914,cpd00239_e0,import
S538C99_Ruminococcus_E_sp900314705,ERR1620339_sub,1e-06,EX_cpd00069_e0,-0.08236782140036539,0.053867132357225914,cpd00069_e0,import
S538C99_Ruminococcus_E_sp900314705,ERR1620339_sub,1e-06,EX_cpd00119_e0,-0.058445145715659924,0.053867132357225914,cpd00119_e0,import
S538C99_Ruminococcus_E_sp900314705,ERR1620339_sub,1e-06,EX_cpd00363_e0,0.00317464895564646,0.053867132357225914,cpd00363_e0,export
S538C99_Ruminococcus_E_sp900314705,ERR1620339_sub,1e-06,EX_cpd23431_e0,-4.231593974933085,0.053867132357225914,cpd23431_e0,import
S538C99_Ruminococcus_E_sp900314705,ERR1620339_sub,1e-06,EX_cpd00029_e0,2.235438168758107,0.053867132357225914,cpd00029_e0,export
S538C99_Ruminococcus_E_sp900314705,ERR1620339_sub,1e-06,EX_cpd00794_e0,-5.6992176086003425,0.053867132357225914,cpd00794_e0,import
S538C99_Ruminococcus_E_sp900314705,ERR1620339_sub,1e-06,EX_cpd10515_e0,-0.007657650340551818,0.053867132357225914,cpd10515_e0,import
S538C99_Ruminococcus_E_sp900314705,ERR1620339_sub,1e-06,EX_cpd00129_e0,-0.11484471133127158,0.053867132357225914,cpd00129_e0,import
S538C99_Ruminococcus_E_sp900314705,ERR1620339_sub,1e-06,EX_cpd00205_e0,-0.004483001384905358,0.053867132357225914,cpd00205_e0,import
S538C99_Ruminococcus_E_sp900314705,ERR1620339_sub,1e-06,EX_cpd10516_e0,-0.004483001384905358,0.053867132357225914,cpd10516_e0,import
S538C99_Ruminococcus_E_sp900314705,ERR1620339_sub,1e-06,EX_cpd00017_e0,-0.01269859582258584,0.053867132357225914,cpd00017_e0,import
S538C99_Ruminococcus_E_sp900314705,ERR1620339_sub,1e-06,EX_cpd00092_e0,-0.0772419327952768,0.053867132357225914,cpd00092_e0,import
S538C99_Ruminococcus_E_sp900314705,ERR1620339_sub,1e-06,EX_cpd00063_e0,-0.004483001384905358,0.053867132357225914,cpd00063_e0,import
S538C99_Ruminococcus_E_sp900314705,ERR1620339_sub,1e-06,EX_cpd00028_e0,-0.00317464895564646,0.053867132357225914,cpd00028_e0,import
S538C99_Ruminococcus_E_sp900314705,ERR1620339_sub,1e-06,EX_cpd00033_e0,-0.26411102060519215,0.053867132357225914,cpd00033_e0,import
S538C99_Ruminococcus_E_sp900314705,ERR1620339_sub,1e-06,EX_cpd00216_e0,-0.1351810101556085,0.053867132357225914,cpd00216_e0,import
S538C99_Ruminococcus_E_sp900314705,ERR1620339_sub,1e-06,EX_cpd00011_e0,4.928528683059391,0.053867132357225914,cpd00011_e0,export
S538C99_Ruminococcus_E_sp900314705,ERR1620339_sub,1e-06,EX_cpd00013_e0,-1.5521021756012396,0.053867132357225914,cpd00013_e0,import
S538C99_Ruminococcus_E_sp900314705,ERR1620339_sub,1e-06,EX_cpd00034_e0,-0.004483001384905358,0.053867132357225914,cpd00034_e0,import
S538C99_Ruminococcus_E_sp900314705,ERR1620339_sub,1e-06,EX_cpd00220_e0,-0.00634929791129292,0.053867132357225914,cpd00220_e0,import
S573C382_Alistipes_putredinis,ERR1620339_sub,1e-06,EX_cpd00051_e0,-0.0467336175102036,0.014580593236808713,cpd00051_e0,import
S573C382_Alistipes_putredinis,ERR1620339_sub,1e-06,EX_cpd00030_e0,-0.0012140623840999787,0.014580593236808713,cpd00030_e0,import
S573C382_Alistipes_putredinis,ERR1620339_sub,1e-06,EX_cpd00107_e0,-0.08503514626695319,0.014580593236808713,cpd00107_e0,import
S573C382_Alistipes_putredinis,ERR1620339_sub,1e-06,EX_cpd00132_e0,-0.038085403593724636,0.014580593236808713,cpd00132_e0,import
S573C382_Alistipes_putredinis,ERR1620339_sub,1e-06,EX_cpd00182_e0,-0.04940054410788554,0.014580593236808713,cpd00182_e0,import
S573C382_Alistipes_putredinis,ERR1620339_sub,1e-06,EX_cpd00058_e0,-0.0012140623840999787,0.014580593236808713,cpd00058_e0,import
S573C382_Alistipes_putredinis,ERR1620339_sub,1e-06,EX_cpd00048_e0,-0.0012140623840999787,0.014580593236808713,cpd00048_e0,import
S573C382_Alistipes_putredinis,ERR1620339_sub,1e-06,EX_cpd00099_e0,-0.0012140623840999787,0.014580593236808713,cpd00099_e0,import
S573C382_Alistipes_putredinis,ERR1620339_sub,1e-06,EX_cpd00367_e0,-0.04797218954914624,0.014580593236808713,cpd00367_e0,import
S573C382_Alistipes_putredinis,ERR1620339_sub,1e-06,EX_cpd00322_e0,-0.05975575174186096,0.014580593236808713,cpd00322_e0,import
S573C382_Alistipes_putredinis,ERR1620339_sub,1e-06,EX_cpd00010_e0,-0.001313762136909813,0.014580593236808713,cpd00010_e0,import
S573C382_Alistipes_putredinis,ERR1620339_sub,1e-06,EX_cpd00023_e0,-0.05501722944764248,0.014580593236808713,cpd00023_e0,import
S573C382_Alistipes_putredinis,ERR1620339_sub,1e-06,EX_cpd11640_e0,1.433809935487307,0.014580593236808713,cpd11640_e0,export
S573C382_Alistipes_putredinis,ERR1620339_sub,1e-06,EX_cpd00161_e0,-0.040081145266758295,0.014580593236808713,cpd00161_e0,import
S573C382_Alistipes_putredinis,ERR1620339_sub,1e-06,EX_cpd00084_e0,-0.01578288926640351,0.014580593236808713,cpd00084_e0,import
S573C382_Alistipes_putredinis,ERR1620339_sub,1e-06,EX_cpd00149_e0,-0.0012140623840999787,0.014580593236808713,cpd00149_e0,import
S573C382_Alistipes_putredinis,ERR1620339_sub,1e-06,EX_cpd00254_e0,-0.0012140623840999787,0.014580593236808713,cpd00254_e0,import
S573C382_Alistipes_putredinis,ERR1620339_sub,1e-06,EX_cpd00067_e0,3.493750543632843,0.014580593236808713,cpd00067_e0,export
S573C382_Alistipes_putredinis,ERR1620339_sub,1e-06,EX_cpd00009_e0,-0.16350788611035746,0.014580593236808713,cpd00009_e0,import
S573C382_Alistipes_putredinis,ERR1620339_sub,1e-06,EX_cpd00055_e0,-0.004255528999383917,0.014580593236808713,cpd00055_e0,import
S573C382_Alistipes_putredinis,ERR1620339_sub,1e-06,EX_cpd01741_e0,-0.013780110881686056,0.014580593236808713,cpd01741_e0,import
S573C382_Alistipes_putredinis,ERR1620339_sub,1e-06,EX_cpd00035_e0,-0.08279996544852591,0.014580593236808713,cpd00035_e0,import
S573C382_Alistipes_putredinis,ERR1620339_sub,1e-06,EX_cpd00036_e0,1.0154286423853656,0.014580593236808713,cpd00036_e0,export
S573C382_Alistipes_putredinis,ERR1620339_sub,1e-06,EX_cpd00065_e0,-0.008980837528651213,0.014580593236808713,cpd00065_e0,import
S573C382_Alistipes_putredinis,ERR1620339_sub,1e-06,EX_cpd00119_e0,-0.0532859941115832,0.014580593236808713,cpd00119_e0,import
S573C382_Alistipes_putredinis,ERR1620339_sub,1e-06,EX_cpd11606_e0,-1.0245213238894717,0.014580593236808713,cpd11606_e0,import
S573C382_Alistipes_putredinis,ERR1620339_sub,1e-06,EX_cpd00047_e0,0.0032844053422746615,0.014580593236808713,cpd00047_e0,export
S573C382_Alistipes_putredinis,ERR1620339_sub,1e-06,EX_cpd00029_e0,1.734704400746891,0.014580593236808713,cpd00029_e0,export
S573C382_Alistipes_putredinis,ERR1620339_sub,1e-06,EX_cpd00794_e0,-0.8197969768988095,0.014580593236808713,cpd00794_e0,import
S573C382_Alistipes_putredinis,ERR1620339_sub,1e-06,EX_cpd00039_e0,-0.0542176487840797,0.014580593236808713,cpd00039_e0,import
S573C382_Alistipes_putredinis,ERR1620339_sub,1e-06,EX_cpd00066_e0,-0.029270877871159548,0.014580593236808713,cpd00066_e0,import
S573C382_Alistipes_putredinis,ERR1620339_sub,1e-06,EX_cpd00071_e0,0.000656881068454933,0.014580593236808713,cpd00071_e0,export
S573C382_Alistipes_putredinis,ERR1620339_sub,1e-06,EX_cpd10515_e0,-0.0018709434525549119,0.014580593236808713,cpd10515_e0,import
S573C382_Alistipes_putredinis,ERR1620339_sub,1e-06,EX_cpd00129_e0,-0.034925479278088103,0.014580593236808713,cpd00129_e0,import
S573C382_Alistipes_putredinis,ERR1620339_sub,1e-06,EX_cpd00205_e0,-0.0012140623840999787,0.014580593236808713,cpd00205_e0,import
S573C382_Alistipes_putredinis,ERR1620339_sub,1e-06,EX_cpd00156_e0,-0.06685734604662581,0.014580593236808713,cpd00156_e0,import
S573C382_Alistipes_putredinis,ERR1620339_sub,1e-06,EX_cpd10516_e0,-0.0012140623840999787,0.014580593236808713,cpd10516_e0,import
S573C382_Alistipes_putredinis,ERR1620339_sub,1e-06,EX_cpd00017_e0,-0.02493840475703042,0.014580593236808713,cpd00017_e0,import
S573C382_Alistipes_putredinis,ERR1620339_sub,1e-06,EX_cpd11451_e0,1.0245213238894717,0.014580593236808713,cpd11451_e0,export
S573C382_Alistipes_putredinis,ERR1620339_sub,1e-06,EX_cpd00184_e0,-0.0041082724004729435,0.014580593236808713,cpd00184_e0,import
S573C382_Alistipes_putredinis,ERR1620339_sub,1e-06,EX_cpd00063_e0,-0.0012140623840999787,0.014580593236808713,cpd00063_e0,import
S573C382_Alistipes_putredinis,ERR1620339_sub,1e-06,EX_cpd00028_e0,-0.000656881068454933,0.014580593236808713,cpd00028_e0,import
S573C382_Alistipes_putredinis,ERR1620339_sub,1e-06,EX_cpd00033_e0,-0.13542564529461554,0.014580593236808713,cpd00033_e0,import
S573C382_Alistipes_putredinis,ERR1620339_sub,1e-06,EX_cpd00216_e0,-0.02441437087110335,0.014580593236808713,cpd00216_e0,import
S573C382_Alistipes_putredinis,ERR1620339_sub,1e-06,EX_cpd00011_e0,1.070449096343686,0.014580593236808713,cpd00011_e0,export
S573C382_Alistipes_putredinis,ERR1620339_sub,1e-06,EX_cpd00064_e0,-0.001313762136909866,0.014580593236808713,cpd00064_e0,import
S573C382_Alistipes_putredinis,ERR1620339_sub,1e-06,EX_cpd00034_e0,-0.0012140623840999787,0.014580593236808713,cpd00034_e0,import
S573C382_Alistipes_putredinis,ERR1620339_sub,1e-06,EX_cpd00220_e0,-0.001313762136909866,0.014580593236808713,cpd00220_e0,import
S637C94_CAG_103_sp000432375,ERR1620339_sub,1e-06,EX_cpd00051_e0,-0.09749694677602261,0.018272496707307805,cpd00051_e0,import
S637C94_CAG_103_sp000432375,ERR1620339_sub,1e-06,EX_cpd01981_e0,0.001076888301462805,0.018272496707307805,cpd01981_e0,export
S637C94_CAG_103_sp000432375,ERR1620339_sub,1e-06,EX_cpd00221_e0,3.0567755532710557,0.018272496707307805,cpd00221_e0,export
S637C94_CAG_103_sp000432375,ERR1620339_sub,1e-06,EX_cpd00030_e0,-0.0015207009701842958,0.018272496707307805,cpd00030_e0,import
S637C94_CAG_103_sp000432375,ERR1620339_sub,1e-06,EX_cpd00107_e0,-0.10170841098813008,0.018272496707307805,cpd00107_e0,import
S637C94_CAG_103_sp000432375,ERR1620339_sub,1e-06,EX_cpd00132_e0,-0.035884092756660955,0.018272496707307805,cpd00132_e0,import
S637C94_CAG_103_sp000432375,ERR1620339_sub,1e-06,EX_cpd00182_e0,-0.012931148336792566,0.018272496707307805,cpd00182_e0,import
S637C94_CAG_103_sp000432375,ERR1620339_sub,1e-06,EX_cpd00058_e0,-0.0015207009701842958,0.018272496707307805,cpd00058_e0,import
S637C94_CAG_103_sp000432375,ERR1620339_sub,1e-06,EX_cpd00048_e0,-0.0015207009701842958,0.018272496707307805,cpd00048_e0,import
S637C94_CAG_103_sp000432375,ERR1620339_sub,1e-06,EX_cpd00106_e0,0.5167593389678028,0.018272496707307805,cpd00106_e0,export
S637C94_CAG_103_sp000432375,ERR1620339_sub,1e-06,EX_cpd00054_e0,-0.06623392285620676,0.018272496707307805,cpd00054_e0,import
S637C94_CAG_103_sp000432375,ERR1620339_sub,1e-06,EX_cpd00099_e0,-0.0015207009701842958,0.018272496707307805,cpd00099_e0,import
S637C94_CAG_103_sp000432375,ERR1620339_sub,1e-06,EX_cpd00367_e0,-2.544388186778324,0.018272496707307805,cpd00367_e0,import
S637C94_CAG_103_sp000432375,ERR1620339_sub,1e-06,EX_cpd00322_e0,-0.08307247331339998,0.018272496707307805,cpd00322_e0,import
S637C94_CAG_103_sp000432375,ERR1620339_sub,1e-06,EX_cpd00010_e0,-0.0021537766029257055,0.018272496707307805,cpd00010_e0,import
S637C94_CAG_103_sp000432375,ERR1620339_sub,1e-06,EX_cpd00023_e0,-0.019066343298989846,0.018272496707307805,cpd00023_e0,import
S637C94_CAG_103_sp000432375,ERR1620339_sub,1e-06,EX_cpd00082_e0,-1.1657998329331645,0.018272496707307805,cpd00082_e0,import
S637C94_CAG_103_sp000432375,ERR1620339_sub,1e-06,EX_cpd00161_e0,-0.045202061594026004,0.018272496707307805,cpd00161_e0,import
S637C94_CAG_103_sp000432375,ERR1620339_sub,1e-06,EX_cpd00084_e0,-0.015932475202858978,0.018272496707307805,cpd00084_e0,import
S637C94_CAG_103_sp000432375,ERR1620339_sub,1e-06,EX_cpd00149_e0,-0.0015207009701842958,0.018272496707307805,cpd00149_e0,import
S637C94_CAG_103_sp000432375,ERR1620339_sub,1e-06,EX_cpd00254_e0,-0.0015207009701842958,0.018272496707307805,cpd00254_e0,import
S637C94_CAG_103_sp000432375,ERR1620339_sub,1e-06,EX_cpd00067_e0,7.125420317908058,0.018272496707307805,cpd00067_e0,export
S637C94_CAG_103_sp000432375,ERR1620339_sub,1e-06,EX_cpd00009_e0,-0.0832135178296318,0.018272496707307805,cpd00009_e0,import
S637C94_CAG_103_sp000432375,ERR1620339_sub,1e-06,EX_cpd00229_e0,0.0032306649043884164,0.018272496707307805,cpd00229_e0,export
S637C94_CAG_103_sp000432375,ERR1620339_sub,1e-06,EX_cpd00060_e0,-0.024227604967421323,0.018272496707307805,cpd00060_e0,import
S637C94_CAG_103_sp000432375,ERR1620339_sub,1e-06,EX_cpd00012_e0,-0.09501179845324653,0.018272496707307805,cpd00012_e0,import
S637C94_CAG_103_sp000432375,ERR1620339_sub,1e-06,EX_cpd00036_e0,-0.00861510641170244,0.018272496707307805,cpd00036_e0,import
S637C94_CAG_103_sp000432375,ERR1620339_sub,1e-06,EX_cpd00053_e0,-0.11192392930452763,0.018272496707307805,cpd00053_e0,import
S637C94_CAG_103_sp000432375,ERR1620339_sub,1e-06,EX_cpd00448_e0,-0.20421692267189806,0.018272496707307805,cpd00448_e0,import
S637C94_CAG_103_sp000432375,ERR1620339_sub,1e-06,EX_cpd00065_e0,-0.013183934631590911,0.018272496707307805,cpd00065_e0,import
S637C94_CAG_103_sp000432375,ERR1620339_sub,1e-06,EX_cpd00069_e0,-0.027940394204929917,0.018272496707307805,cpd00069_e0,import
S637C94_CAG_103_sp000432375,ERR1620339_sub,1e-06,EX_cpd00119_e0,-0.01982546561141491,0.018272496707307805,cpd00119_e0,import
S637C94_CAG_103_sp000432375,ERR1620339_sub,1e-06,EX_cpd00047_e0,-0.00917921127273613,0.018272496707307805,cpd00047_e0,import
S637C94_CAG_103_sp000432375,ERR1620339_sub,1e-06,EX_cpd00363_e0,0.001076888301462805,0.018272496707307805,cpd00363_e0,export
S637C94_CAG_103_sp000432375,ERR1620339_sub,1e-06,EX_cpd00307_e0,2.518186570482556,0.018272496707307805,cpd00307_e0,export
S637C94_CAG_103_sp000432375,ERR1620339_sub,1e-06,EX_cpd00277_e0,-0.0029764713671610057,0.018272496707307805,cpd00277_e0,import
S637C94_CAG_103_sp000432375,ERR1620339_sub,1e-06,EX_cpd00029_e0,3.2128351443426992,0.018272496707307805,cpd00029_e0,export
S637C94_CAG_103_sp000432375,ERR1620339_sub,1e-06,EX_cpd00039_e0,-0.07831058916508889,0.018272496707307805,cpd00039_e0,import
S637C94_CAG_103_sp000432375,ERR1620339_sub,1e-06,EX_cpd00066_e0,-0.042624751064542145,0.018272496707307805,cpd00066_e0,import
S637C94_CAG_103_sp000432375,ERR1620339_sub,1e-06,EX_cpd10515_e0,-0.0025975892716471006,0.018272496707307805,cpd10515_e0,import
S637C94_CAG_103_sp000432375,ERR1620339_sub,1e-06,EX_cpd00129_e0,-0.03895703992643024,0.018272496707307805,cpd00129_e0,import
S637C94_CAG_103_sp000432375,ERR1620339_sub,1e-06,EX_cpd00205_e0,-0.0015207009701842958,0.018272496707307805,cpd00205_e0,import
S637C94_CAG_103_sp000432375,ERR1620339_sub,1e-06,EX_cpd00156_e0,-0.074444623370863,0.018272496707307805,cpd00156_e0,import
S637C94_CAG_103_sp000432375,ERR1620339_sub,1e-06,EX_cpd10516_e0,-0.0015207009701842958,0.018272496707307805,cpd10516_e0,import
S637C94_CAG_103_sp000432375,ERR1620339_sub,1e-06,EX_cpd00017_e0,-0.005384441507314025,0.018272496707307805,cpd00017_e0,import
S637C94_CAG_103_sp000432375,ERR1620339_sub,1e-06,EX_cpd00063_e0,-0.0015207009701842958,0.018272496707307805,cpd00063_e0,import
S637C94_CAG_103_sp000432375,ERR1620339_sub,1e-06,EX_cpd00028_e0,-0.001076888301462805,0.018272496707307805,cpd00028_e0,import
S637C94_CAG_103_sp000432375,ERR1620339_sub,1e-06,EX_cpd00033_e0,-0.10143617086917049,0.018272496707307805,cpd00033_e0,import
S637C94_CAG_103_sp000432375,ERR1620339_sub,1e-06,EX_cpd00216_e0,-0.0032306649043884164,0.018272496707307805,cpd00216_e0,import
S637C94_CAG_103_sp000432375,ERR1620339_sub,1e-06,EX_cpd00311_e0,-0.019647764445225202,0.018272496707307805,cpd00311_e0,import
S637C94_CAG_103_sp000432375,ERR1620339_sub,1e-06,EX_cpd00064_e0,0.04855507133015774,0.018272496707307805,cpd00064_e0,export
S637C94_CAG_103_sp000432375,ERR1620339_sub,1e-06,EX_cpd00034_e0,-0.0015207009701842958,0.018272496707307805,cpd00034_e0,import
S637C94_CAG_103_sp000432375,ERR1620339_sub,1e-06,EX_cpd00220_e0,-0.00215377660292561,0.018272496707307805,cpd00220_e0,import
S638C388_ER4_sp000765235,ERR1620339_sub,1e-06,EX_cpd00051_e0,-0.07979745898465757,0.028123572747217336,cpd00051_e0,import
S638C388_ER4_sp000765235,ERR1620339_sub,1e-06,EX_cpd00130_e0,-0.0006432195909855665,0.028123572747217336,cpd00130_e0,import
S638C388_ER4_sp000765235,ERR1620339_sub,1e-06,EX_cpd01217_e0,-0.06148303842157077,0.028123572747217336,cpd01217_e0,import
S638C388_ER4_sp000765235,ERR1620339_sub,1e-06,EX_cpd00030_e0,-0.0024794324326707653,0.028123572747217336,cpd00030_e0,import
S638C388_ER4_sp000765235,ERR1620339_sub,1e-06,EX_cpd00107_e0,-0.16583084894646669,0.028123572747217336,cpd00107_e0,import
S638C388_ER4_sp000765235,ERR1620339_sub,1e-06,EX_cpd00132_e0,-0.058507349664575145,0.028123572747217336,cpd00132_e0,import
S638C388_ER4_sp000765235,ERR1620339_sub,1e-06,EX_cpd00058_e0,-0.0024794324326707653,0.028123572747217336,cpd00058_e0,import
S638C388_ER4_sp000765235,ERR1620339_sub,1e-06,EX_cpd00048_e0,-0.0024794324326707653,0.028123572747217336,cpd00048_e0,import
S638C388_ER4_sp000765235,ERR1620339_sub,1e-06,EX_cpd00106_e0,0.02459527078187266,0.028123572747217336,cpd00106_e0,export
S638C388_ER4_sp000765235,ERR1620339_sub,1e-06,EX_cpd00054_e0,-0.10623552418205082,0.028123572747217336,cpd00054_e0,import
S638C388_ER4_sp000765235,ERR1620339_sub,1e-06,EX_cpd00099_e0,-0.0024794324326707653,0.028123572747217336,cpd00099_e0,import
S638C388_ER4_sp000765235,ERR1620339_sub,1e-06,EX_cpd00367_e0,-0.40391382680092647,0.028123572747217336,cpd00367_e0,import
S638C388_ER4_sp000765235,ERR1620339_sub,1e-06,EX_cpd00322_e0,-0.10667085850447401,0.028123572747217336,cpd00322_e0,import
S638C388_ER4_sp000765235,ERR1620339_sub,1e-06,EX_cpd00010_e0,-0.003511632902670314,0.028123572747217336,cpd00010_e0,import
S638C388_ER4_sp000765235,ERR1620339_sub,1e-06,EX_cpd00023_e0,-0.03284260529070892,0.028123572747217336,cpd00023_e0,import
S638C388_ER4_sp000765235,ERR1620339_sub,1e-06,EX_cpd00041_e0,-0.0890132893914381,0.028123572747217336,cpd00041_e0,import
S638C388_ER4_sp000765235,ERR1620339_sub,1e-06,EX_cpd11640_e0,1.4224943947787452,0.028123572747217336,cpd11640_e0,export
S638C388_ER4_sp000765235,ERR1620339_sub,1e-06,EX_cpd00161_e0,-0.10247482389532449,0.028123572747217336,cpd00161_e0,import
S638C388_ER4_sp000765235,ERR1620339_sub,1e-06,EX_cpd00084_e0,-0.024221345742428756,0.028123572747217336,cpd00084_e0,import
S638C388_ER4_sp000765235,ERR1620339_sub,1e-06,EX_cpd00149_e0,-0.0024794324326707653,0.028123572747217336,cpd00149_e0,import
S638C388_ER4_sp000765235,ERR1620339_sub,1e-06,EX_cpd00254_e0,-0.0024794324326707653,0.028123572747217336,cpd00254_e0,import
S638C388_ER4_sp000765235,ERR1620339_sub,1e-06,EX_cpd00009_e0,-0.4455004483912604,0.028123572747217336,cpd00009_e0,import
S638C388_ER4_sp000765235,ERR1620339_sub,1e-06,EX_cpd00076_e0,-0.9088106648330436,0.028123572747217336,cpd00076_e0,import
S638C388_ER4_sp000765235,ERR1620339_sub,1e-06,EX_cpd00060_e0,-0.04125780316663226,0.028123572747217336,cpd00060_e0,import
S638C388_ER4_sp000765235,ERR1620339_sub,1e-06,EX_cpd00035_e0,-0.13782660044769932,0.028123572747217336,cpd00035_e0,import
S638C388_ER4_sp000765235,ERR1620339_sub,1e-06,EX_cpd00020_e0,-11.056297825237927,0.028123572747217336,cpd00020_e0,import
S638C388_ER4_sp000765235,ERR1620339_sub,1e-06,EX_cpd00036_e0,-0.014046531610679628,0.028123572747217336,cpd00036_e0,import
S638C388_ER4_sp000765235,ERR1620339_sub,1e-06,EX_cpd00053_e0,-0.18073096152182835,0.028123572747217336,cpd00053_e0,import
S638C388_ER4_sp000765235,ERR1620339_sub,1e-06,EX_cpd00448_e0,0.008860950484358858,0.028123572747217336,cpd00448_e0,export
S638C388_ER4_sp000765235,ERR1620339_sub,1e-06,EX_cpd00065_e0,-0.021495794213780384,0.028123572747217336,cpd00065_e0,import
S638C388_ER4_sp000765235,ERR1620339_sub,1e-06,EX_cpd00069_e0,-0.04379970099198847,0.028123572747217336,cpd00069_e0,import
S638C388_ER4_sp000765235,ERR1620339_sub,1e-06,EX_cpd00119_e0,-0.03232450257711337,0.028123572747217336,cpd00119_e0,import
S638C388_ER4_sp000765235,ERR1620339_sub,1e-06,EX_cpd00047_e0,-0.02333090991342985,0.028123572747217336,cpd00047_e0,import
S638C388_ER4_sp000765235,ERR1620339_sub,1e-06,EX_cpd00307_e0,0.3611933061292987,0.028123572747217336,cpd00307_e0,export
S638C388_ER4_sp000765235,ERR1620339_sub,1e-06,EX_cpd00029_e0,7.537939907677714,0.028123572747217336,cpd00029_e0,export
S638C388_ER4_sp000765235,ERR1620339_sub,1e-06,EX_cpd00039_e0,-0.1276817851795978,0.028123572747217336,cpd00039_e0,import
S638C388_ER4_sp000765235,ERR1620339_sub,1e-06,EX_cpd00305_e0,-0.0017558164513349535,0.028123572747217336,cpd00305_e0,import
S638C388_ER4_sp000765235,ERR1620339_sub,1e-06,EX_cpd00066_e0,-0.06949768054079389,0.028123572747217336,cpd00066_e0,import
S638C388_ER4_sp000765235,ERR1620339_sub,1e-06,EX_cpd10515_e0,-0.004235248884005719,0.028123572747217336,cpd10515_e0,import
S638C388_ER4_sp000765235,ERR1620339_sub,1e-06,EX_cpd00129_e0,-0.06351764756402767,0.028123572747217336,cpd00129_e0,import
S638C388_ER4_sp000765235,ERR1620339_sub,1e-06,EX_cpd00205_e0,-0.0024794324326707653,0.028123572747217336,cpd00205_e0,import
S638C388_ER4_sp000765235,ERR1620339_sub,1e-06,EX_cpd00156_e0,-0.1213785071770607,0.028123572747217336,cpd00156_e0,import
S638C388_ER4_sp000765235,ERR1620339_sub,1e-06,EX_cpd10516_e0,-0.0024794324326707653,0.028123572747217336,cpd10516_e0,import
S638C388_ER4_sp000765235,ERR1620339_sub,1e-06,EX_cpd00017_e0,-0.005267449354004861,0.028123572747217336,cpd00017_e0,import
S638C388_ER4_sp000765235,ERR1620339_sub,1e-06,EX_cpd00063_e0,-0.0024794324326707653,0.028123572747217336,cpd00063_e0,import
S638C388_ER4_sp000765235,ERR1620339_sub,1e-06,EX_cpd00028_e0,-0.0017558164513349535,0.028123572747217336,cpd00028_e0,import
S638C388_ER4_sp000765235,ERR1620339_sub,1e-06,EX_cpd00211_e0,4.016002081560844,0.028123572747217336,cpd00211_e0,export
S638C388_ER4_sp000765235,ERR1620339_sub,1e-06,EX_cpd00033_e0,-0.1601195246994638,0.028123572747217336,cpd00033_e0,import
S638C388_ER4_sp000765235,ERR1620339_sub,1e-06,EX_cpd00216_e0,-0.0052674493540048615,0.028123572747217336,cpd00216_e0,import
S638C388_ER4_sp000765235,ERR1620339_sub,1e-06,EX_cpd00011_e0,11.138012495767953,0.028123572747217336,cpd00011_e0,export
S638C388_ER4_sp000765235,ERR1620339_sub,1e-06,EX_cpd00034_e0,-0.0024794324326707653,0.028123572747217336,cpd00034_e0,import
S638C388_ER4_sp000765235,ERR1620339_sub,1e-06,EX_cpd00220_e0,-0.003511632902669907,0.028123572747217336,cpd00220_e0,import
S698C129_Ruminococcus_C_sp000433635,ERR1620339_sub,1e-06,EX_cpd00051_e0,-0.010683127676528256,0.002902328544323435,cpd00051_e0,import
S698C129_Ruminococcus_C_sp000433635,ERR1620339_sub,1e-06,EX_cpd00526_e0,0.9094196107461534,0.002902328544323435,cpd00526_e0,export
S698C129_Ruminococcus_C_sp000433635,ERR1620339_sub,1e-06,EX_cpd00030_e0,-0.00033940973541448483,0.002902328544323435,cpd00030_e0,import
S698C129_Ruminococcus_C_sp000433635,ERR1620339_sub,1e-06,EX_cpd00132_e0,-0.008009076515977423,0.002902328544323435,cpd00132_e0,import
S698C129_Ruminococcus_C_sp000433635,ERR1620339_sub,1e-06,EX_cpd00182_e0,-0.003366848895950586,0.002902328544323435,cpd00182_e0,import
S698C129_Ruminococcus_C_sp000433635,ERR1620339_sub,1e-06,EX_cpd00058_e0,-0.00033940973541448483,0.002902328544323435,cpd00058_e0,import
S698C129_Ruminococcus_C_sp000433635,ERR1620339_sub,1e-06,EX_cpd00048_e0,-0.00033940973541448483,0.002902328544323435,cpd00048_e0,import
S698C129_Ruminococcus_C_sp000433635,ERR1620339_sub,1e-06,EX_cpd00054_e0,-0.03785419856690182,0.002902328544323435,cpd00054_e0,import
S698C129_Ruminococcus_C_sp000433635,ERR1620339_sub,1e-06,EX_cpd00099_e0,-0.00033940973541448483,0.002902328544323435,cpd00099_e0,import
S698C129_Ruminococcus_C_sp000433635,ERR1620339_sub,1e-06,EX_cpd00010_e0,-0.00048070775338049376,0.002902328544323435,cpd00010_e0,import
S698C129_Ruminococcus_C_sp000433635,ERR1620339_sub,1e-06,EX_cpd00324_e0,0.01999594555680698,0.002902328544323435,cpd00324_e0,export
S698C129_Ruminococcus_C_sp000433635,ERR1620339_sub,1e-06,EX_cpd00023_e0,-0.18728306545614276,0.002902328544323435,cpd00023_e0,import
S698C129_Ruminococcus_C_sp000433635,ERR1620339_sub,1e-06,EX_cpd00041_e0,-0.02075457447727416,0.002902328544323435,cpd00041_e0,import
S698C129_Ruminococcus_C_sp000433635,ERR1620339_sub,1e-06,EX_cpd00161_e0,-0.028629971839939816,0.002902328544323435,cpd00161_e0,import
S698C129_Ruminococcus_C_sp000433635,ERR1620339_sub,1e-06,EX_cpd00149_e0,-0.00033940973541448483,0.002902328544323435,cpd00149_e0,import
S698C129_Ruminococcus_C_sp000433635,ERR1620339_sub,1e-06,EX_cpd00254_e0,-0.00033940973541448483,0.002902328544323435,cpd00254_e0,import
S698C129_Ruminococcus_C_sp000433635,ERR1620339_sub,1e-06,EX_cpd00067_e0,1.5368856345622028,0.002902328544323435,cpd00067_e0,export
S698C129_Ruminococcus_C_sp000433635,ERR1620339_sub,1e-06,EX_cpd00009_e0,-0.06098459765351638,0.002902328544323435,cpd00009_e0,import
S698C129_Ruminococcus_C_sp000433635,ERR1620339_sub,1e-06,EX_cpd00076_e0,-0.27729225511564304,0.002902328544323435,cpd00076_e0,import
S698C129_Ruminococcus_C_sp000433635,ERR1620339_sub,1e-06,EX_cpd00060_e0,-0.005647784497795587,0.002902328544323435,cpd00060_e0,import
S698C129_Ruminococcus_C_sp000433635,ERR1620339_sub,1e-06,EX_cpd00036_e0,0.1624528528811491,0.002902328544323435,cpd00036_e0,export
S698C129_Ruminococcus_C_sp000433635,ERR1620339_sub,1e-06,EX_cpd00065_e0,-0.0029425612613950217,0.002902328544323435,cpd00065_e0,import
S698C129_Ruminococcus_C_sp000433635,ERR1620339_sub,1e-06,EX_cpd00239_e0,-0.023311607819466482,0.002902328544323435,cpd00239_e0,import
S698C129_Ruminococcus_C_sp000433635,ERR1620339_sub,1e-06,EX_cpd00069_e0,-0.005995745126601867,0.002902328544323435,cpd00069_e0,import
S698C129_Ruminococcus_C_sp000433635,ERR1620339_sub,1e-06,EX_cpd00119_e0,-0.004424904152473718,0.002902328544323435,cpd00119_e0,import
S698C129_Ruminococcus_C_sp000433635,ERR1620339_sub,1e-06,EX_cpd00047_e0,0.8752621120083368,0.002902328544323435,cpd00047_e0,export
S698C129_Ruminococcus_C_sp000433635,ERR1620339_sub,1e-06,EX_cpd23431_e0,-0.9094196107461534,0.002902328544323435,cpd23431_e0,import
S698C129_Ruminococcus_C_sp000433635,ERR1620339_sub,1e-06,EX_cpd00029_e0,0.763350599266287,0.002902328544323435,cpd00029_e0,export
S698C129_Ruminococcus_C_sp000433635,ERR1620339_sub,1e-06,EX_cpd00039_e0,-0.017478371402271185,0.002902328544323435,cpd00039_e0,import
S698C129_Ruminococcus_C_sp000433635,ERR1620339_sub,1e-06,EX_cpd00305_e0,-0.00024035387669026634,0.002902328544323435,cpd00305_e0,import
S698C129_Ruminococcus_C_sp000433635,ERR1620339_sub,1e-06,EX_cpd00066_e0,0.06288864952563766,0.002902328544323435,cpd00066_e0,export
S698C129_Ruminococcus_C_sp000433635,ERR1620339_sub,1e-06,EX_cpd00001_e0,-0.5594016438432348,0.002902328544323435,cpd00001_e0,import
S698C129_Ruminococcus_C_sp000433635,ERR1620339_sub,1e-06,EX_cpd10515_e0,-0.0005797636121047512,0.002902328544323435,cpd10515_e0,import
S698C129_Ruminococcus_C_sp000433635,ERR1620339_sub,1e-06,EX_cpd00129_e0,-0.008694936659610844,0.002902328544323435,cpd00129_e0,import
S698C129_Ruminococcus_C_sp000433635,ERR1620339_sub,1e-06,EX_cpd00205_e0,-0.00033940973541448483,0.002902328544323435,cpd00205_e0,import
S698C129_Ruminococcus_C_sp000433635,ERR1620339_sub,1e-06,EX_cpd10516_e0,-0.00033940973541448483,0.002902328544323435,cpd10516_e0,import
S698C129_Ruminococcus_C_sp000433635,ERR1620339_sub,1e-06,EX_cpd00017_e0,-0.000721061630070799,0.002902328544323435,cpd00017_e0,import
S698C129_Ruminococcus_C_sp000433635,ERR1620339_sub,1e-06,EX_cpd00063_e0,-0.00033940973541448483,0.002902328544323435,cpd00063_e0,import
S698C129_Ruminococcus_C_sp000433635,ERR1620339_sub,1e-06,EX_cpd00028_e0,-0.00024035387669026634,0.002902328544323435,cpd00028_e0,import
S698C129_Ruminococcus_C_sp000433635,ERR1620339_sub,1e-06,EX_cpd00216_e0,-0.07312325508352698,0.002902328544323435,cpd00216_e0,import
S698C129_Ruminococcus_C_sp000433635,ERR1620339_sub,1e-06,EX_cpd00011_e0,0.3240200200755175,0.002902328544323435,cpd00011_e0,export
S698C129_Ruminococcus_C_sp000433635,ERR1620339_sub,1e-06,EX_cpd00311_e0,-0.0050495699296531004,0.002902328544323435,cpd00311_e0,import
S698C129_Ruminococcus_C_sp000433635,ERR1620339_sub,1e-06,EX_cpd00264_e0,-0.00024035387669026634,0.002902328544323435,cpd00264_e0,import
S698C129_Ruminococcus_C_sp000433635,ERR1620339_sub,1e-06,EX_cpd00034_e0,-0.00033940973541448483,0.002902328544323435,cpd00034_e0,import
S698C129_Ruminococcus_C_sp000433635,ERR1620339_sub,1e-06,EX_cpd00220_e0,-0.0004807077533805327,0.002902328544323435,cpd00220_e0,import
S744C50_Roseburia_sp900552665,ERR1620339_sub,1e-06,EX_cpd00051_e0,-0.9910744182914379,0.00446591876714038,cpd00051_e0,import
S744C50_Roseburia_sp900552665,ERR1620339_sub,1e-06,EX_cpd00130_e0,-0.0013754938263723648,0.00446591876714038,cpd00130_e0,import
S744C50_Roseburia_sp900552665,ERR1620339_sub,1e-06,EX_cpd01217_e0,-0.00464803517642281,0.00446591876714038,cpd01217_e0,import
S744C50_Roseburia_sp900552665,ERR1620339_sub,1e-06,EX_cpd00030_e0,-0.0009711846592658,0.00446591876714038,cpd00030_e0,import
S744C50_Roseburia_sp900552665,ERR1620339_sub,1e-06,EX_cpd00107_e0,-0.053684293621541784,0.00446591876714038,cpd00107_e0,import
S744C50_Roseburia_sp900552665,ERR1620339_sub,1e-06,EX_cpd00132_e0,-0.022917115909195877,0.00446591876714038,cpd00132_e0,import
S744C50_Roseburia_sp900552665,ERR1620339_sub,1e-06,EX_cpd00182_e0,-0.011009371870032147,0.00446591876714038,cpd00182_e0,import
S744C50_Roseburia_sp900552665,ERR1620339_sub,1e-06,EX_cpd00058_e0,-0.0009711846592658,0.00446591876714038,cpd00058_e0,import
S744C50_Roseburia_sp900552665,ERR1620339_sub,1e-06,EX_cpd00048_e0,-0.0009711846592658,0.00446591876714038,cpd00048_e0,import
S744C50_Roseburia_sp900552665,ERR1620339_sub,1e-06,EX_cpd00054_e0,-0.05109948111391515,0.00446591876714038,cpd00054_e0,import
S744C50_Roseburia_sp900552665,ERR1620339_sub,1e-06,EX_cpd00099_e0,-0.0009711846592658,0.00446591876714038,cpd00099_e0,import
S744C50_Roseburia_sp900552665,ERR1620339_sub,1e-06,EX_cpd00393_e0,-0.0020632407395585434,0.00446591876714038,cpd00393_e0,import
S744C50_Roseburia_sp900552665,ERR1620339_sub,1e-06,EX_cpd00023_e0,-0.08571922949727197,0.00446591876714038,cpd00023_e0,import
S744C50_Roseburia_sp900552665,ERR1620339_sub,1e-06,EX_cpd00082_e0,0.04308289811549484,0.00446591876714038,cpd00082_e0,export
S744C50_Roseburia_sp900552665,ERR1620339_sub,1e-06,EX_cpd00309_e0,0.5907514784018177,0.00446591876714038,cpd00309_e0,export
S744C50_Roseburia_sp900552665,ERR1620339_sub,1e-06,EX_cpd00161_e0,-0.08054610872343705,0.00446591876714038,cpd00161_e0,import
S744C50_Roseburia_sp900552665,ERR1620339_sub,1e-06,EX_cpd00149_e0,-0.0009711846592658,0.00446591876714038,cpd00149_e0,import
S744C50_Roseburia_sp900552665,ERR1620339_sub,1e-06,EX_cpd00254_e0,-0.0009711846592658,0.00446591876714038,cpd00254_e0,import
S744C50_Roseburia_sp900552665,ERR1620339_sub,1e-06,EX_cpd00067_e0,0.10021753403420082,0.00446591876714038,cpd00067_e0,export
S744C50_Roseburia_sp900552665,ERR1620339_sub,1e-06,EX_cpd00009_e0,-0.17862738558625993,0.00446591876714038,cpd00009_e0,import
S744C50_Roseburia_sp900552665,ERR1620339_sub,1e-06,EX_cpd00076_e0,-0.04308289811549484,0.00446591876714038,cpd00076_e0,import
S744C50_Roseburia_sp900552665,ERR1620339_sub,1e-06,EX_cpd00060_e0,-0.017536025157036696,0.00446591876714038,cpd00060_e0,import
S744C50_Roseburia_sp900552665,ERR1620339_sub,1e-06,EX_cpd00035_e0,2.3033752758798225,0.00446591876714038,cpd00035_e0,export
S744C50_Roseburia_sp900552665,ERR1620339_sub,1e-06,EX_cpd00065_e0,-0.0084198243533786,0.00446591876714038,cpd00065_e0,import
S744C50_Roseburia_sp900552665,ERR1620339_sub,1e-06,EX_cpd00239_e0,-0.009487412966717207,0.00446591876714038,cpd00239_e0,import
S744C50_Roseburia_sp900552665,ERR1620339_sub,1e-06,EX_cpd00069_e0,-0.01715618345688416,0.00446591876714038,cpd00069_e0,import
S744C50_Roseburia_sp900552665,ERR1620339_sub,1e-06,EX_cpd00119_e0,-0.012661390005080606,0.00446591876714038,cpd00119_e0,import
S744C50_Roseburia_sp900552665,ERR1620339_sub,1e-06,EX_cpd00363_e0,0.4866208076778457,0.00446591876714038,cpd00363_e0,export
S744C50_Roseburia_sp900552665,ERR1620339_sub,1e-06,EX_cpd00277_e0,-0.5984890068066087,0.00446591876714038,cpd00277_e0,import
S744C50_Roseburia_sp900552665,ERR1620339_sub,1e-06,EX_cpd00029_e0,0.34811782236964817,0.00446591876714038,cpd00029_e0,export
S744C50_Roseburia_sp900552665,ERR1620339_sub,1e-06,EX_cpd00794_e0,-0.682807148760614,0.00446591876714038,cpd00794_e0,import
S744C50_Roseburia_sp900552665,ERR1620339_sub,1e-06,EX_cpd00039_e0,-0.05001249052006839,0.00446591876714038,cpd00039_e0,import
S744C50_Roseburia_sp900552665,ERR1620339_sub,1e-06,EX_cpd00305_e0,-0.0006877469131861824,0.00446591876714038,cpd00305_e0,import
S744C50_Roseburia_sp900552665,ERR1620339_sub,1e-06,EX_cpd00644_e0,-0.0013754938263723648,0.00446591876714038,cpd00644_e0,import
S744C50_Roseburia_sp900552665,ERR1620339_sub,1e-06,EX_cpd10515_e0,-0.001658931572451981,0.00446591876714038,cpd10515_e0,import
S744C50_Roseburia_sp900552665,ERR1620339_sub,1e-06,EX_cpd00129_e0,-0.02487963135998335,0.00446591876714038,cpd00129_e0,import
S744C50_Roseburia_sp900552665,ERR1620339_sub,1e-06,EX_cpd00205_e0,-0.0009711846592658,0.00446591876714038,cpd00205_e0,import
S744C50_Roseburia_sp900552665,ERR1620339_sub,1e-06,EX_cpd10516_e0,-0.0009711846592658,0.00446591876714038,cpd10516_e0,import
S744C50_Roseburia_sp900552665,ERR1620339_sub,1e-06,EX_cpd00017_e0,-0.0020632407395585434,0.00446591876714038,cpd00017_e0,import
S744C50_Roseburia_sp900552665,ERR1620339_sub,1e-06,EX_cpd00092_e0,-0.01673347245338773,0.00446591876714038,cpd00092_e0,import
S744C50_Roseburia_sp900552665,ERR1620339_sub,1e-06,EX_cpd00122_e0,-0.02771414498657563,0.00446591876714038,cpd00122_e0,import
S744C50_Roseburia_sp900552665,ERR1620339_sub,1e-06,EX_cpd00063_e0,-0.0009711846592658,0.00446591876714038,cpd00063_e0,import
S744C50_Roseburia_sp900552665,ERR1620339_sub,1e-06,EX_cpd00028_e0,-0.0006877469131861811,0.00446591876714038,cpd00028_e0,import
S744C50_Roseburia_sp900552665,ERR1620339_sub,1e-06,EX_cpd00033_e0,-0.0661569695893975,0.00446591876714038,cpd00033_e0,import
S744C50_Roseburia_sp900552665,ERR1620339_sub,1e-06,EX_cpd00011_e0,1.6137621051034499,0.00446591876714038,cpd00011_e0,export
S744C50_Roseburia_sp900552665,ERR1620339_sub,1e-06,EX_cpd00064_e0,0.9598180440530754,0.00446591876714038,cpd00064_e0,export
S744C50_Roseburia_sp900552665,ERR1620339_sub,1e-06,EX_cpd00034_e0,-0.0009711846592658,0.00446591876714038,cpd00034_e0,import
S744C50_Roseburia_sp900552665,ERR1620339_sub,1e-06,EX_cpd00220_e0,-0.0013754938263723622,0.00446591876714038,cpd00220_e0,import
S755C1365_Faecalibacterium_prausnitzii,ERR1620339_sub,1e-06,EX_cpd00051_e0,-0.07230180978156253,0.02343066644334021,cpd00051_e0,import
S755C1365_Faecalibacterium_prausnitzii,ERR1620339_sub,1e-06,EX_cpd00130_e0,4.222484428999303,0.02343066644334021,cpd00130_e0,export
S755C1365_Faecalibacterium_prausnitzii,ERR1620339_sub,1e-06,EX_cpd00526_e0,7.30288448900015,0.02343066644334021,cpd00526_e0,export
S755C1365_Faecalibacterium_prausnitzii,ERR1620339_sub,1e-06,EX_cpd00030_e0,-0.0023499444303130713,0.02343066644334021,cpd00030_e0,import
S755C1365_Faecalibacterium_prausnitzii,ERR1620339_sub,1e-06,EX_cpd00107_e0,-0.157170356699768,0.02343066644334021,cpd00107_e0,import
S755C1365_Faecalibacterium_prausnitzii,ERR1620339_sub,1e-06,EX_cpd00132_e0,-0.05545181173924911,0.02343066644334021,cpd00132_e0,import
S755C1365_Faecalibacterium_prausnitzii,ERR1620339_sub,1e-06,EX_cpd00182_e0,-0.02331078630105814,0.02343066644334021,cpd00182_e0,import
S755C1365_Faecalibacterium_prausnitzii,ERR1620339_sub,1e-06,EX_cpd00058_e0,-0.0023499444303130713,0.02343066644334021,cpd00058_e0,import
S755C1365_Faecalibacterium_prausnitzii,ERR1620339_sub,1e-06,EX_cpd00048_e0,-0.0023499444303130713,0.02343066644334021,cpd00048_e0,import
S755C1365_Faecalibacterium_prausnitzii,ERR1620339_sub,1e-06,EX_cpd00054_e0,-0.12031554026775385,0.02343066644334021,cpd00054_e0,import
S755C1365_Faecalibacterium_prausnitzii,ERR1620339_sub,1e-06,EX_cpd00099_e0,-0.0023499444303130713,0.02343066644334021,cpd00099_e0,import
S755C1365_Faecalibacterium_prausnitzii,ERR1620339_sub,1e-06,EX_cpd00367_e0,-0.21440648516019528,0.02343066644334021,cpd00367_e0,import
S755C1365_Faecalibacterium_prausnitzii,ERR1620339_sub,1e-06,EX_cpd00322_e0,-0.10109998825387957,0.02343066644334021,cpd00322_e0,import
S755C1365_Faecalibacterium_prausnitzii,ERR1620339_sub,1e-06,EX_cpd00010_e0,-0.0033282383791537334,0.02343066644334021,cpd00010_e0,import
S755C1365_Faecalibacterium_prausnitzii,ERR1620339_sub,1e-06,EX_cpd00082_e0,-5.013737756916643,0.02343066644334021,cpd00082_e0,import
S755C1365_Faecalibacterium_prausnitzii,ERR1620339_sub,1e-06,EX_cpd00161_e0,-0.09379485256982514,0.02343066644334021,cpd00161_e0,import
S755C1365_Faecalibacterium_prausnitzii,ERR1620339_sub,1e-06,EX_cpd00149_e0,-0.0023499444303130713,0.02343066644334021,cpd00149_e0,import
S755C1365_Faecalibacterium_prausnitzii,ERR1620339_sub,1e-06,EX_cpd00254_e0,-0.0023499444303130713,0.02343066644334021,cpd00254_e0,import
S755C1365_Faecalibacterium_prausnitzii,ERR1620339_sub,1e-06,EX_cpd00067_e0,12.057806016375432,0.02343066644334021,cpd00067_e0,export
S755C1365_Faecalibacterium_prausnitzii,ERR1620339_sub,1e-06,EX_cpd00009_e0,-0.42223425151832084,0.02343066644334021,cpd00009_e0,import
S755C1365_Faecalibacterium_prausnitzii,ERR1620339_sub,1e-06,EX_cpd00229_e0,0.004992357568730555,0.02343066644334021,cpd00229_e0,export
S755C1365_Faecalibacterium_prausnitzii,ERR1620339_sub,1e-06,EX_cpd00246_e0,0.20315978323742034,0.02343066644334021,cpd00246_e0,export
S755C1365_Faecalibacterium_prausnitzii,ERR1620339_sub,1e-06,EX_cpd00060_e0,-0.042431358706552666,0.02343066644334021,cpd00060_e0,import
S755C1365_Faecalibacterium_prausnitzii,ERR1620339_sub,1e-06,EX_cpd00053_e0,-0.17129231303789352,0.02343066644334021,cpd00053_e0,import
S755C1365_Faecalibacterium_prausnitzii,ERR1620339_sub,1e-06,EX_cpd00065_e0,-0.020373179451160597,0.02343066644334021,cpd00065_e0,import
S755C1365_Faecalibacterium_prausnitzii,ERR1620339_sub,1e-06,EX_cpd00239_e0,-0.01962815106389176,0.02343066644334021,cpd00239_e0,import
S755C1365_Faecalibacterium_prausnitzii,ERR1620339_sub,1e-06,EX_cpd00069_e0,-0.04151226790424439,0.02343066644334021,cpd00069_e0,import
S755C1365_Faecalibacterium_prausnitzii,ERR1620339_sub,1e-06,EX_cpd00119_e0,-0.030636360076933235,0.02343066644334021,cpd00119_e0,import
S755C1365_Faecalibacterium_prausnitzii,ERR1620339_sub,1e-06,EX_cpd00363_e0,0.23812109251505123,0.02343066644334021,cpd00363_e0,export
S755C1365_Faecalibacterium_prausnitzii,ERR1620339_sub,1e-06,EX_cpd23431_e0,-7.30288448900015,0.02343066644334021,cpd23431_e0,import
S755C1365_Faecalibacterium_prausnitzii,ERR1620339_sub,1e-06,EX_cpd00277_e0,-0.23812109251505123,0.02343066644334021,cpd00277_e0,import
S755C1365_Faecalibacterium_prausnitzii,ERR1620339_sub,1e-06,EX_cpd00029_e0,3.911919535423216,0.02343066644334021,cpd00029_e0,export
S755C1365_Faecalibacterium_prausnitzii,ERR1620339_sub,1e-06,EX_cpd00027_e0,-0.10424630939371538,0.02343066644334021,cpd00027_e0,import
S755C1365_Faecalibacterium_prausnitzii,ERR1620339_sub,1e-06,EX_cpd00039_e0,-0.12101362230388626,0.02343066644334021,cpd00039_e0,import
S755C1365_Faecalibacterium_prausnitzii,ERR1620339_sub,1e-06,EX_cpd00305_e0,-0.0016641191895768515,0.02343066644334021,cpd00305_e0,import
S755C1365_Faecalibacterium_prausnitzii,ERR1620339_sub,1e-06,EX_cpd10515_e0,-0.004014063619889922,0.02343066644334021,cpd10515_e0,import
S755C1365_Faecalibacterium_prausnitzii,ERR1620339_sub,1e-06,EX_cpd00129_e0,-0.060200447551173715,0.02343066644334021,cpd00129_e0,import
S755C1365_Faecalibacterium_prausnitzii,ERR1620339_sub,1e-06,EX_cpd00205_e0,-0.0023499444303130713,0.02343066644334021,cpd00205_e0,import
S755C1365_Faecalibacterium_prausnitzii,ERR1620339_sub,1e-06,EX_cpd10516_e0,-0.0023499444303130713,0.02343066644334021,cpd10516_e0,import
S755C1365_Faecalibacterium_prausnitzii,ERR1620339_sub,1e-06,EX_cpd00017_e0,-0.004992357568730555,0.02343066644334021,cpd00017_e0,import
S755C1365_Faecalibacterium_prausnitzii,ERR1620339_sub,1e-06,EX_cpd00092_e0,0.17391703753922177,0.02343066644334021,cpd00092_e0,export
S755C1365_Faecalibacterium_prausnitzii,ERR1620339_sub,1e-06,EX_cpd00063_e0,-0.0023499444303130713,0.02343066644334021,cpd00063_e0,import
S755C1365_Faecalibacterium_prausnitzii,ERR1620339_sub,1e-06,EX_cpd00028_e0,-0.0016641191895768515,0.02343066644334021,cpd00028_e0,import
S755C1365_Faecalibacterium_prausnitzii,ERR1620339_sub,1e-06,EX_cpd00211_e0,0.06671603222616741,0.02343066644334021,cpd00211_e0,export
S755C1365_Faecalibacterium_prausnitzii,ERR1620339_sub,1e-06,EX_cpd00033_e0,-0.16007790148839987,0.02343066644334021,cpd00033_e0,import
S755C1365_Faecalibacterium_prausnitzii,ERR1620339_sub,1e-06,EX_cpd00011_e0,0.6238184275018289,0.02343066644334021,cpd00011_e0,export
S755C1365_Faecalibacterium_prausnitzii,ERR1620339_sub,1e-06,EX_cpd00034_e0,-0.0023499444303130713,0.02343066644334021,cpd00034_e0,import
S755C1365_Faecalibacterium_prausnitzii,ERR1620339_sub,1e-06,EX_cpd00220_e0,-0.003328238379153703,0.02343066644334021,cpd00220_e0,import
S801C789_Blautia_A_sp003471165,ERR1620339_sub,1e-06,EX_cpd00051_e0,-0.8089023892875151,0.0023391309733341507,cpd00051_e0,import
S801C789_Blautia_A_sp003471165,ERR1620339_sub,1e-06,EX_cpd00003_e0,-0.0012950501468333986,0.0023391309733341507,cpd00003_e0,import
S801C789_Blautia_A_sp003471165,ERR1620339_sub,1e-06,EX_cpd00030_e0,-0.000914386390887384,0.0023391309733341507,cpd00030_e0,import
S801C789_Blautia_A_sp003471165,ERR1620339_sub,1e-06,EX_cpd00107_e0,-0.06115652496431044,0.0023391309733341507,cpd00107_e0,import
S801C789_Blautia_A_sp003471165,ERR1620339_sub,1e-06,EX_cpd00132_e0,-0.021576842988437633,0.0023391309733341507,cpd00132_e0,import
S801C789_Blautia_A_sp003471165,ERR1620339_sub,1e-06,EX_cpd00182_e0,-0.009070455232736103,0.0023391309733341507,cpd00182_e0,import
S801C789_Blautia_A_sp003471165,ERR1620339_sub,1e-06,EX_cpd00058_e0,-0.000914386390887384,0.0023391309733341507,cpd00058_e0,import
S801C789_Blautia_A_sp003471165,ERR1620339_sub,1e-06,EX_cpd00048_e0,-0.000914386390887384,0.0023391309733341507,cpd00048_e0,import
S801C789_Blautia_A_sp003471165,ERR1620339_sub,1e-06,EX_cpd00099_e0,-0.000914386390887384,0.0023391309733341507,cpd00099_e0,import
S801C789_Blautia_A_sp003471165,ERR1620339_sub,1e-06,EX_cpd00367_e0,-1.5194411871860325,0.0023391309733341507,cpd00367_e0,import
S801C789_Blautia_A_sp003471165,ERR1620339_sub,1e-06,EX_cpd00393_e0,-0.0019425752202500732,0.0023391309733341507,cpd00393_e0,import
S801C789_Blautia_A_sp003471165,ERR1620339_sub,1e-06,EX_cpd00324_e0,-0.001295050146833382,0.0023391309733341507,cpd00324_e0,import
S801C789_Blautia_A_sp003471165,ERR1620339_sub,1e-06,EX_cpd00023_e0,-0.0433855037483776,0.0023391309733341507,cpd00023_e0,import
S801C789_Blautia_A_sp003471165,ERR1620339_sub,1e-06,EX_cpd00082_e0,-0.3180085079640425,0.0023391309733341507,cpd00082_e0,import
S801C789_Blautia_A_sp003471165,ERR1620339_sub,1e-06,EX_cpd00161_e0,-0.07713054132039132,0.0023391309733341507,cpd00161_e0,import
S801C789_Blautia_A_sp003471165,ERR1620339_sub,1e-06,EX_cpd00084_e0,-0.010227606091501001,0.0023391309733341507,cpd00084_e0,import
S801C789_Blautia_A_sp003471165,ERR1620339_sub,1e-06,EX_cpd00149_e0,-0.000914386390887384,0.0023391309733341507,cpd00149_e0,import
S801C789_Blautia_A_sp003471165,ERR1620339_sub,1e-06,EX_cpd00254_e0,-0.000914386390887384,0.0023391309733341507,cpd00254_e0,import
S801C789_Blautia_A_sp003471165,ERR1620339_sub,1e-06,EX_cpd00067_e0,1.415563753612801,0.0023391309733341507,cpd00067_e0,export
S801C789_Blautia_A_sp003471165,ERR1620339_sub,1e-06,EX_cpd00009_e0,-0.165590532361041,0.0023391309733341507,cpd00009_e0,import
S801C789_Blautia_A_sp003471165,ERR1620339_sub,1e-06,EX_cpd00076_e0,-0.012814975808050013,0.0023391309733341507,cpd00076_e0,import
S801C789_Blautia_A_sp003471165,ERR1620339_sub,1e-06,EX_cpd00060_e0,-0.015215407057026422,0.0023391309733341507,cpd00060_e0,import
S801C789_Blautia_A_sp003471165,ERR1620339_sub,1e-06,EX_cpd00035_e0,1.3710301770807796,0.0023391309733341507,cpd00035_e0,export
S801C789_Blautia_A_sp003471165,ERR1620339_sub,1e-06,EX_cpd00036_e0,0.01575484058328707,0.0023391309733341507,cpd00036_e0,export
S801C789_Blautia_A_sp003471165,ERR1620339_sub,1e-06,EX_cpd00053_e0,-0.03861561618842991,0.0023391309733341507,cpd00053_e0,import
S801C789_Blautia_A_sp003471165,ERR1620339_sub,1e-06,EX_cpd00448_e0,0.0032678174353382725,0.0023391309733341507,cpd00448_e0,export
S801C789_Blautia_A_sp003471165,ERR1620339_sub,1e-06,EX_cpd00065_e0,-0.007927403639398362,0.0023391309733341507,cpd00065_e0,import
S801C789_Blautia_A_sp003471165,ERR1620339_sub,1e-06,EX_cpd00239_e0,0.001295050146833382,0.0023391309733341507,cpd00239_e0,export
S801C789_Blautia_A_sp003471165,ERR1620339_sub,1e-06,EX_cpd00069_e0,-0.01615282997200714,0.0023391309733341507,cpd00069_e0,import
S801C789_Blautia_A_sp003471165,ERR1620339_sub,1e-06,EX_cpd00119_e0,-0.011920907728418592,0.0023391309733341507,cpd00119_e0,import
S801C789_Blautia_A_sp003471165,ERR1620339_sub,1e-06,EX_cpd00307_e0,1.5194411871860325,0.0023391309733341507,cpd00307_e0,export
S801C789_Blautia_A_sp003471165,ERR1620339_sub,1e-06,EX_cpd00029_e0,1.6169095956212987,0.0023391309733341507,cpd00029_e0,export
S801C789_Blautia_A_sp003471165,ERR1620339_sub,1e-06,EX_cpd00027_e0,-0.04056325987127696,0.0023391309733341507,cpd00027_e0,import
S801C789_Blautia_A_sp003471165,ERR1620339_sub,1e-06,EX_cpd00039_e0,-0.04708758552725344,0.0023391309733341507,cpd00039_e0,import
S801C789_Blautia_A_sp003471165,ERR1620339_sub,1e-06,EX_cpd00305_e0,-0.000647525073416691,0.0023391309733341507,cpd00305_e0,import
S801C789_Blautia_A_sp003471165,ERR1620339_sub,1e-06,EX_cpd00644_e0,-0.0012950501468333851,0.0023391309733341507,cpd00644_e0,import
S801C789_Blautia_A_sp003471165,ERR1620339_sub,1e-06,EX_cpd10515_e0,-0.001561911464304075,0.0023391309733341507,cpd10515_e0,import
S801C789_Blautia_A_sp003471165,ERR1620339_sub,1e-06,EX_cpd00204_e0,0.05080799038157929,0.0023391309733341507,cpd00204_e0,export
S801C789_Blautia_A_sp003471165,ERR1620339_sub,1e-06,EX_cpd00205_e0,-0.000914386390887384,0.0023391309733341507,cpd00205_e0,import
S801C789_Blautia_A_sp003471165,ERR1620339_sub,1e-06,EX_cpd10516_e0,-0.000914386390887384,0.0023391309733341507,cpd10516_e0,import
S801C789_Blautia_A_sp003471165,ERR1620339_sub,1e-06,EX_cpd00017_e0,-0.0019425752202500732,0.0023391309733341507,cpd00017_e0,import
S801C789_Blautia_A_sp003471165,ERR1620339_sub,1e-06,EX_cpd00063_e0,-0.000914386390887384,0.0023391309733341507,cpd00063_e0,import
S801C789_Blautia_A_sp003471165,ERR1620339_sub,1e-06,EX_cpd00028_e0,-0.000647525073416691,0.0023391309733341507,cpd00028_e0,import
S801C789_Blautia_A_sp003471165,ERR1620339_sub,1e-06,EX_cpd00033_e0,-0.05775520360129424,0.0023391309733341507,cpd00033_e0,import
S801C789_Blautia_A_sp003471165,ERR1620339_sub,1e-06,EX_cpd00011_e0,1.1377623775167074,0.0023391309733341507,cpd00011_e0,export
S801C789_Blautia_A_sp003471165,ERR1620339_sub,1e-06,EX_cpd00311_e0,-0.011661212596473559,0.0023391309733341507,cpd00311_e0,import
S801C789_Blautia_A_sp003471165,ERR1620339_sub,1e-06,EX_cpd00232_e0,-0.026093325063394533,0.0023391309733341507,cpd00232_e0,import
S801C789_Blautia_A_sp003471165,ERR1620339_sub,1e-06,EX_cpd00064_e0,0.7560494132152713,0.0023391309733341507,cpd00064_e0,export
S801C789_Blautia_A_sp003471165,ERR1620339_sub,1e-06,EX_cpd00034_e0,-0.000914386390887384,0.0023391309733341507,cpd00034_e0,import
S801C789_Blautia_A_sp003471165,ERR1620339_sub,1e-06,EX_cpd00220_e0,-0.001295050146833382,0.0023391309733341507,cpd00220_e0,import
S827C501_Bacteroides_finegoldii,ERR1620339_sub,1e-06,EX_cpd00051_e0,-0.01053664638261856,0.0032882683749309353,cpd00051_e0,import
S827C501_Bacteroides_finegoldii,ERR1620339_sub,1e-06,EX_cpd00130_e0,-0.04985865060476273,0.0032882683749309353,cpd00130_e0,import
S827C501_Bacteroides_finegoldii,ERR1620339_sub,1e-06,EX_cpd00003_e0,-0.00029620320028658775,0.0032882683749309353,cpd00003_e0,import
S827C501_Bacteroides_finegoldii,ERR1620339_sub,1e-06,EX_cpd00030_e0,-0.00027372471272756337,0.0032882683749309353,cpd00030_e0,import
S827C501_Bacteroides_finegoldii,ERR1620339_sub,1e-06,EX_cpd00107_e0,-0.019172178702269456,0.0032882683749309353,cpd00107_e0,import
S827C501_Bacteroides_finegoldii,ERR1620339_sub,1e-06,EX_cpd00132_e0,-0.008586804347400888,0.0032882683749309353,cpd00132_e0,import
S827C501_Bacteroides_finegoldii,ERR1620339_sub,1e-06,EX_cpd00182_e0,-0.006691552967926439,0.0032882683749309353,cpd00182_e0,import
S827C501_Bacteroides_finegoldii,ERR1620339_sub,1e-06,EX_cpd00058_e0,-0.00027372471272756337,0.0032882683749309353,cpd00058_e0,import
S827C501_Bacteroides_finegoldii,ERR1620339_sub,1e-06,EX_cpd00048_e0,-0.00027372471272756337,0.0032882683749309353,cpd00048_e0,import
S827C501_Bacteroides_finegoldii,ERR1620339_sub,1e-06,EX_cpd00054_e0,-0.00959868983266732,0.0032882683749309353,cpd00054_e0,import
S827C501_Bacteroides_finegoldii,ERR1620339_sub,1e-06,EX_cpd00099_e0,-0.00027372471272756337,0.0032882683749309353,cpd00099_e0,import
S827C501_Bacteroides_finegoldii,ERR1620339_sub,1e-06,EX_cpd00367_e0,-0.010815897086694448,0.0032882683749309353,cpd00367_e0,import
S827C501_Bacteroides_finegoldii,ERR1620339_sub,1e-06,EX_cpd00322_e0,-0.013176437245192763,0.0032882683749309353,cpd00322_e0,import
S827C501_Bacteroides_finegoldii,ERR1620339_sub,1e-06,EX_cpd00010_e0,-0.0002962032002866324,0.0032882683749309353,cpd00010_e0,import
S827C501_Bacteroides_finegoldii,ERR1620339_sub,1e-06,EX_cpd00023_e0,-0.019858702317877806,0.0032882683749309353,cpd00023_e0,import
S827C501_Bacteroides_finegoldii,ERR1620339_sub,1e-06,EX_cpd00007_e0,-0.14266605252335424,0.0032882683749309353,cpd00007_e0,import
S827C501_Bacteroides_finegoldii,ERR1620339_sub,1e-06,EX_cpd00309_e0,0.25961179792363,0.0032882683749309353,cpd00309_e0,export
S827C501_Bacteroides_finegoldii,ERR1620339_sub,1e-06,EX_cpd00161_e0,-0.009036767893989594,0.0032882683749309353,cpd00161_e0,import
S827C501_Bacteroides_finegoldii,ERR1620339_sub,1e-06,EX_cpd00084_e0,-0.0032622357127680248,0.0032882683749309353,cpd00084_e0,import
S827C501_Bacteroides_finegoldii,ERR1620339_sub,1e-06,EX_cpd00149_e0,-0.00027372471272756337,0.0032882683749309353,cpd00149_e0,import
S827C501_Bacteroides_finegoldii,ERR1620339_sub,1e-06,EX_cpd00254_e0,-0.00027372471272756337,0.0032882683749309353,cpd00254_e0,import
S827C501_Bacteroides_finegoldii,ERR1620339_sub,1e-06,EX_cpd00067_e0,0.42850997249564315,0.0032882683749309353,cpd00067_e0,export
S827C501_Bacteroides_finegoldii,ERR1620339_sub,1e-06,EX_cpd00105_e0,-0.015809746740541634,0.0032882683749309353,cpd00105_e0,import
S827C501_Bacteroides_finegoldii,ERR1620339_sub,1e-06,EX_cpd01741_e0,-0.0031068888566543897,0.0032882683749309353,cpd01741_e0,import
S827C501_Bacteroides_finegoldii,ERR1620339_sub,1e-06,EX_cpd00060_e0,-0.005178353283209144,0.0032882683749309353,cpd00060_e0,import
S827C501_Bacteroides_finegoldii,ERR1620339_sub,1e-06,EX_cpd00012_e0,-0.018136189459431035,0.0032882683749309353,cpd00012_e0,import
S827C501_Bacteroides_finegoldii,ERR1620339_sub,1e-06,EX_cpd00036_e0,0.2015200319575476,0.0032882683749309353,cpd00036_e0,export
S827C501_Bacteroides_finegoldii,ERR1620339_sub,1e-06,EX_cpd00065_e0,-0.0020248359596491154,0.0032882683749309353,cpd00065_e0,import
S827C501_Bacteroides_finegoldii,ERR1620339_sub,1e-06,EX_cpd00069_e0,-0.005060203650403223,0.0032882683749309353,cpd00069_e0,import
S827C501_Bacteroides_finegoldii,ERR1620339_sub,1e-06,EX_cpd00119_e0,-0.0033747265994152034,0.0032882683749309353,cpd00119_e0,import
S827C501_Bacteroides_finegoldii,ERR1620339_sub,1e-06,EX_cpd00277_e0,-0.26864412834111606,0.0032882683749309353,cpd00277_e0,import
S827C501_Bacteroides_finegoldii,ERR1620339_sub,1e-06,EX_cpd00029_e0,0.37715797592876504,0.0032882683749309353,cpd00029_e0,export
S827C501_Bacteroides_finegoldii,ERR1620339_sub,1e-06,EX_cpd00794_e0,-0.042965366977719986,0.0032882683749309353,cpd00794_e0,import
S827C501_Bacteroides_finegoldii,ERR1620339_sub,1e-06,EX_cpd00039_e0,-0.012224009682326174,0.0032882683749309353,cpd00039_e0,import
S827C501_Bacteroides_finegoldii,ERR1620339_sub,1e-06,EX_cpd10515_e0,-0.0004218263128708674,0.0032882683749309353,cpd10515_e0,import
S827C501_Bacteroides_finegoldii,ERR1620339_sub,1e-06,EX_cpd00129_e0,-0.007874362065302128,0.0032882683749309353,cpd00129_e0,import
S827C501_Bacteroides_finegoldii,ERR1620339_sub,1e-06,EX_cpd00204_e0,0.00014810160014330401,0.0032882683749309353,cpd00204_e0,export
S827C501_Bacteroides_finegoldii,ERR1620339_sub,1e-06,EX_cpd00205_e0,-0.00027372471272756337,0.0032882683749309353,cpd00205_e0,import
S827C501_Bacteroides_finegoldii,ERR1620339_sub,1e-06,EX_cpd10516_e0,-0.00027372471272756337,0.0032882683749309353,cpd10516_e0,import
S827C501_Bacteroides_finegoldii,ERR1620339_sub,1e-06,EX_cpd00017_e0,-0.0007405080007165201,0.0032882683749309353,cpd00017_e0,import
S827C501_Bacteroides_finegoldii,ERR1620339_sub,1e-06,EX_cpd00184_e0,-0.0009262585657488154,0.0032882683749309353,cpd00184_e0,import
S827C501_Bacteroides_finegoldii,ERR1620339_sub,1e-06,EX_cpd00063_e0,-0.00027372471272756337,0.0032882683749309353,cpd00063_e0,import
S827C501_Bacteroides_finegoldii,ERR1620339_sub,1e-06,EX_cpd00028_e0,-0.00014810160014330401,0.0032882683749309353,cpd00028_e0,import
S827C501_Bacteroides_finegoldii,ERR1620339_sub,1e-06,EX_cpd00033_e0,-0.02241563841012485,0.0032882683749309353,cpd00033_e0,import
S827C501_Bacteroides_finegoldii,ERR1620339_sub,1e-06,EX_cpd00011_e0,0.05308599088829639,0.0032882683749309353,cpd00011_e0,export
S827C501_Bacteroides_finegoldii,ERR1620339_sub,1e-06,EX_cpd00064_e0,-0.00014810160014330401,0.0032882683749309353,cpd00064_e0,import
S827C501_Bacteroides_finegoldii,ERR1620339_sub,1e-06,EX_cpd00013_e0,0.20779257359076483,0.0032882683749309353,cpd00013_e0,export
S827C501_Bacteroides_finegoldii,ERR1620339_sub,1e-06,EX_cpd00264_e0,-0.00014810160014330401,0.0032882683749309353,cpd00264_e0,import
S827C501_Bacteroides_finegoldii,ERR1620339_sub,1e-06,EX_cpd00034_e0,-0.00027372471272756337,0.0032882683749309353,cpd00034_e0,import
S827C501_Bacteroides_finegoldii,ERR1620339_sub,1e-06,EX_cpd00220_e0,-0.00029620320028660803,0.0032882683749309353,cpd00220_e0,import
S880C852_Phocaeicola_plebeius_A,ERR1620339_sub,1e-06,EX_cpd00051_e0,-0.008206051324604469,0.002561237057667953,cpd00051_e0,import
S880C852_Phocaeicola_plebeius_A,ERR1620339_sub,1e-06,EX_cpd00030_e0,-0.0002131796930340539,0.002561237057667953,cpd00030_e0,import
S880C852_Phocaeicola_plebeius_A,ERR1620339_sub,1e-06,EX_cpd00107_e0,-0.014931494967397098,0.002561237057667953,cpd00107_e0,import
S880C852_Phocaeicola_plebeius_A,ERR1620339_sub,1e-06,EX_cpd00132_e0,-0.006687493784108267,0.002561237057667953,cpd00132_e0,import
S880C852_Phocaeicola_plebeius_A,ERR1620339_sub,1e-06,EX_cpd00182_e0,-0.0052114520220302996,0.002561237057667953,cpd00182_e0,import
S880C852_Phocaeicola_plebeius_A,ERR1620339_sub,1e-06,EX_cpd00058_e0,-0.0002131796930340539,0.002561237057667953,cpd00058_e0,import
S880C852_Phocaeicola_plebeius_A,ERR1620339_sub,1e-06,EX_cpd00048_e0,-0.0002131796930340539,0.002561237057667953,cpd00048_e0,import
S880C852_Phocaeicola_plebeius_A,ERR1620339_sub,1e-06,EX_cpd00054_e0,-0.0073602177834995305,0.002561237057667953,cpd00054_e0,import
S880C852_Phocaeicola_plebeius_A,ERR1620339_sub,1e-06,EX_cpd00099_e0,-0.0002131796930340539,0.002561237057667953,cpd00099_e0,import
S880C852_Phocaeicola_plebeius_A,ERR1620339_sub,1e-06,EX_cpd00367_e0,-0.008423534717978933,0.002561237057667953,cpd00367_e0,import
S880C852_Phocaeicola_plebeius_A,ERR1620339_sub,1e-06,EX_cpd00322_e0,-0.010492634464408223,0.002561237057667953,cpd00322_e0,import
S880C852_Phocaeicola_plebeius_A,ERR1620339_sub,1e-06,EX_cpd00100_e0,0.0009122243579731428,0.002561237057667953,cpd00100_e0,export
S880C852_Phocaeicola_plebeius_A,ERR1620339_sub,1e-06,EX_cpd00010_e0,-0.00023068617620813003,0.002561237057667953,cpd00010_e0,import
S880C852_Phocaeicola_plebeius_A,ERR1620339_sub,1e-06,EX_cpd00023_e0,-0.02585190359678456,0.002561237057667953,cpd00023_e0,import
S880C852_Phocaeicola_plebeius_A,ERR1620339_sub,1e-06,EX_cpd00082_e0,0.12220858078678747,0.002561237057667953,cpd00082_e0,export
S880C852_Phocaeicola_plebeius_A,ERR1620339_sub,1e-06,EX_cpd00007_e0,-0.2070290326076934,0.002561237057667953,cpd00007_e0,import
S880C852_Phocaeicola_plebeius_A,ERR1620339_sub,1e-06,EX_cpd00309_e0,0.1375841368495464,0.002561237057667953,cpd00309_e0,export
S880C852_Phocaeicola_plebeius_A,ERR1620339_sub,1e-06,EX_cpd00161_e0,-0.007037930139607399,0.002561237057667953,cpd00161_e0,import
S880C852_Phocaeicola_plebeius_A,ERR1620339_sub,1e-06,EX_cpd00084_e0,-0.002771349753576822,0.002561237057667953,cpd00084_e0,import
S880C852_Phocaeicola_plebeius_A,ERR1620339_sub,1e-06,EX_cpd00149_e0,-0.0002131796930340539,0.002561237057667953,cpd00149_e0,import
S880C852_Phocaeicola_plebeius_A,ERR1620339_sub,1e-06,EX_cpd00254_e0,-0.0002131796930340539,0.002561237057667953,cpd00254_e0,import
S880C852_Phocaeicola_plebeius_A,ERR1620339_sub,1e-06,EX_cpd00067_e0,0.03783473879515701,0.002561237057667953,cpd00067_e0,export
S880C852_Phocaeicola_plebeius_A,ERR1620339_sub,1e-06,EX_cpd01741_e0,-0.0024196778075047773,0.002561237057667953,cpd01741_e0,import
S880C852_Phocaeicola_plebeius_A,ERR1620339_sub,1e-06,EX_cpd00080_e0,-0.006385570505811999,0.002561237057667953,cpd00080_e0,import
S880C852_Phocaeicola_plebeius_A,ERR1620339_sub,1e-06,EX_cpd00060_e0,-0.0035715837966147903,0.002561237057667953,cpd00060_e0,import
S880C852_Phocaeicola_plebeius_A,ERR1620339_sub,1e-06,EX_cpd00012_e0,-0.011162556542602599,0.002561237057667953,cpd00012_e0,import
S880C852_Phocaeicola_plebeius_A,ERR1620339_sub,1e-06,EX_cpd00036_e0,0.01641772023440738,0.002561237057667953,cpd00036_e0,export
S880C852_Phocaeicola_plebeius_A,ERR1620339_sub,1e-06,EX_cpd00053_e0,-0.00787747284675217,0.002561237057667953,cpd00053_e0,import
S880C852_Phocaeicola_plebeius_A,ERR1620339_sub,1e-06,EX_cpd00065_e0,-0.0015769635997460523,0.002561237057667953,cpd00065_e0,import
S880C852_Phocaeicola_plebeius_A,ERR1620339_sub,1e-06,EX_cpd00069_e0,-0.003940939968969533,0.002561237057667953,cpd00069_e0,import
S880C852_Phocaeicola_plebeius_A,ERR1620339_sub,1e-06,EX_cpd00119_e0,-0.0026282726662434294,0.002561237057667953,cpd00119_e0,import
S880C852_Phocaeicola_plebeius_A,ERR1620339_sub,1e-06,EX_cpd11606_e0,-0.000576715440520445,0.002561237057667953,cpd11606_e0,import
S880C852_Phocaeicola_plebeius_A,ERR1620339_sub,1e-06,EX_cpd00277_e0,-0.13130257145945556,0.002561237057667953,cpd00277_e0,import
S880C852_Phocaeicola_plebeius_A,ERR1620339_sub,1e-06,EX_cpd00029_e0,0.1946135070641423,0.002561237057667953,cpd00029_e0,export
S880C852_Phocaeicola_plebeius_A,ERR1620339_sub,1e-06,EX_cpd00039_e0,-0.009520187657726194,0.002561237057667953,cpd00039_e0,import
S880C852_Phocaeicola_plebeius_A,ERR1620339_sub,1e-06,EX_cpd00066_e0,-0.00513973321398714,0.002561237057667953,cpd00066_e0,import
S880C852_Phocaeicola_plebeius_A,ERR1620339_sub,1e-06,EX_cpd00071_e0,0.13176394381187193,0.002561237057667953,cpd00071_e0,export
S880C852_Phocaeicola_plebeius_A,ERR1620339_sub,1e-06,EX_cpd10515_e0,-0.0004438658692422315,0.002561237057667953,cpd10515_e0,import
S880C852_Phocaeicola_plebeius_A,ERR1620339_sub,1e-06,EX_cpd00129_e0,-0.006132636221234658,0.002561237057667953,cpd00129_e0,import
S880C852_Phocaeicola_plebeius_A,ERR1620339_sub,1e-06,EX_cpd00204_e0,0.00011534308810408883,0.002561237057667953,cpd00204_e0,export
S880C852_Phocaeicola_plebeius_A,ERR1620339_sub,1e-06,EX_cpd00205_e0,-0.0002131796930340539,0.002561237057667953,cpd00205_e0,import
S880C852_Phocaeicola_plebeius_A,ERR1620339_sub,1e-06,EX_cpd00588_e0,0.01578446256922235,0.002561237057667953,cpd00588_e0,export
S880C852_Phocaeicola_plebeius_A,ERR1620339_sub,1e-06,EX_cpd00156_e0,-0.011739617909220632,0.002561237057667953,cpd00156_e0,import
S880C852_Phocaeicola_plebeius_A,ERR1620339_sub,1e-06,EX_cpd10516_e0,-0.0002131796930340539,0.002561237057667953,cpd10516_e0,import
S880C852_Phocaeicola_plebeius_A,ERR1620339_sub,1e-06,EX_cpd00017_e0,-0.0008074016167286217,0.002561237057667953,cpd00017_e0,import
S880C852_Phocaeicola_plebeius_A,ERR1620339_sub,1e-06,EX_cpd11451_e0,0.000576715440520445,0.002561237057667953,cpd11451_e0,export
S880C852_Phocaeicola_plebeius_A,ERR1620339_sub,1e-06,EX_cpd00184_e0,-0.0007213799395344542,0.002561237057667953,cpd00184_e0,import
S880C852_Phocaeicola_plebeius_A,ERR1620339_sub,1e-06,EX_cpd00122_e0,-0.0016131185383365181,0.002561237057667953,cpd00122_e0,import
S880C852_Phocaeicola_plebeius_A,ERR1620339_sub,1e-06,EX_cpd00063_e0,-0.0002131796930340539,0.002561237057667953,cpd00063_e0,import
S880C852_Phocaeicola_plebeius_A,ERR1620339_sub,1e-06,EX_cpd00033_e0,-0.01826493721085248,0.002561237057667953,cpd00033_e0,import
S880C852_Phocaeicola_plebeius_A,ERR1620339_sub,1e-06,EX_cpd28763_e0,-0.017800860742142998,0.002561237057667953,cpd28763_e0,import
S880C852_Phocaeicola_plebeius_A,ERR1620339_sub,1e-06,EX_cpd00011_e0,0.2717541357971491,0.002561237057667953,cpd00011_e0,export
S880C852_Phocaeicola_plebeius_A,ERR1620339_sub,1e-06,EX_cpd00311_e0,-0.013316039576198684,0.002561237057667953,cpd00311_e0,import
S880C852_Phocaeicola_plebeius_A,ERR1620339_sub,1e-06,EX_cpd00064_e0,-0.00011534308810408883,0.002561237057667953,cpd00064_e0,import
S880C852_Phocaeicola_plebeius_A,ERR1620339_sub,1e-06,EX_cpd00013_e0,0.1418599305943911,0.002561237057667953,cpd00013_e0,export
S880C852_Phocaeicola_plebeius_A,ERR1620339_sub,1e-06,EX_cpd00264_e0,-0.00011534308810408883,0.002561237057667953,cpd00264_e0,import
S880C852_Phocaeicola_plebeius_A,ERR1620339_sub,1e-06,EX_cpd00034_e0,-0.0002131796930340539,0.002561237057667953,cpd00034_e0,import
S880C852_Phocaeicola_plebeius_A,ERR1620339_sub,1e-06,EX_cpd00220_e0,-0.00023068617620817765,0.002561237057667953,cpd00220_e0,import
S898C3140_Bacteroides_ovatus,ERR1620339_sub,1e-06,EX_cpd00006_e0,-0.0006610808462978457,0.00733865350627099,cpd00006_e0,import
S898C3140_Bacteroides_ovatus,ERR1620339_sub,1e-06,EX_cpd00051_e0,-0.02351620475748317,0.00733865350627099,cpd00051_e0,import
S898C3140_Bacteroides_ovatus,ERR1620339_sub,1e-06,EX_cpd00130_e0,-0.2569659881465541,0.00733865350627099,cpd00130_e0,import
S898C3140_Bacteroides_ovatus,ERR1620339_sub,1e-06,EX_cpd00030_e0,-0.0006109122540453833,0.00733865350627099,cpd00030_e0,import
S898C3140_Bacteroides_ovatus,ERR1620339_sub,1e-06,EX_cpd00107_e0,-0.04278940980247453,0.00733865350627099,cpd00107_e0,import
S898C3140_Bacteroides_ovatus,ERR1620339_sub,1e-06,EX_cpd00132_e0,-0.01916445156392756,0.00733865350627099,cpd00132_e0,import
S898C3140_Bacteroides_ovatus,ERR1620339_sub,1e-06,EX_cpd00182_e0,-0.014934536476320875,0.00733865350627099,cpd00182_e0,import
S898C3140_Bacteroides_ovatus,ERR1620339_sub,1e-06,EX_cpd00058_e0,-0.0006109122540453833,0.00733865350627099,cpd00058_e0,import
S898C3140_Bacteroides_ovatus,ERR1620339_sub,1e-06,EX_cpd00048_e0,-0.0006109122540453833,0.00733865350627099,cpd00048_e0,import
S898C3140_Bacteroides_ovatus,ERR1620339_sub,1e-06,EX_cpd00054_e0,-0.021422827274619,0.00733865350627099,cpd00054_e0,import
S898C3140_Bacteroides_ovatus,ERR1620339_sub,1e-06,EX_cpd00099_e0,-0.0006109122540453833,0.00733865350627099,cpd00099_e0,import
S898C3140_Bacteroides_ovatus,ERR1620339_sub,1e-06,EX_cpd00367_e0,-0.012713801739736158,0.00733865350627099,cpd00367_e0,import
S898C3140_Bacteroides_ovatus,ERR1620339_sub,1e-06,EX_cpd00393_e0,-0.0009916212694466347,0.00733865350627099,cpd00393_e0,import
S898C3140_Bacteroides_ovatus,ERR1620339_sub,1e-06,EX_cpd90003_e0,-0.00021401565129292605,0.00733865350627099,cpd90003_e0,import
S898C3140_Bacteroides_ovatus,ERR1620339_sub,1e-06,EX_cpd00010_e0,-0.0006610808462977269,0.00733865350627099,cpd00010_e0,import
S898C3140_Bacteroides_ovatus,ERR1620339_sub,1e-06,EX_cpd00023_e0,-0.04333000564739602,0.00733865350627099,cpd00023_e0,import
S898C3140_Bacteroides_ovatus,ERR1620339_sub,1e-06,EX_cpd00185_e0,-0.0034670535509454016,0.00733865350627099,cpd00185_e0,import
S898C3140_Bacteroides_ovatus,ERR1620339_sub,1e-06,EX_cpd00309_e0,0.0868299574013092,0.00733865350627099,cpd00309_e0,export
S898C3140_Bacteroides_ovatus,ERR1620339_sub,1e-06,EX_cpd00161_e0,-0.0495765219220701,0.00733865350627099,cpd00161_e0,import
S898C3140_Bacteroides_ovatus,ERR1620339_sub,1e-06,EX_cpd00084_e0,-0.007280817843064187,0.00733865350627099,cpd00084_e0,import
S898C3140_Bacteroides_ovatus,ERR1620339_sub,1e-06,EX_cpd00149_e0,-0.0006109122540453833,0.00733865350627099,cpd00149_e0,import
S898C3140_Bacteroides_ovatus,ERR1620339_sub,1e-06,EX_cpd00254_e0,-0.0006109122540453833,0.00733865350627099,cpd00254_e0,import
S898C3140_Bacteroides_ovatus,ERR1620339_sub,1e-06,EX_cpd00067_e0,1.9378737439220803,0.00733865350627099,cpd00067_e0,export
S898C3140_Bacteroides_ovatus,ERR1620339_sub,1e-06,EX_cpd00105_e0,-0.07127956599678813,0.00733865350627099,cpd00105_e0,import
S898C3140_Bacteroides_ovatus,ERR1620339_sub,1e-06,EX_cpd01741_e0,-0.006934107101890804,0.00733865350627099,cpd01741_e0,import
S898C3140_Bacteroides_ovatus,ERR1620339_sub,1e-06,EX_cpd00080_e0,-0.08029339543792978,0.00733865350627099,cpd00080_e0,import
S898C3140_Bacteroides_ovatus,ERR1620339_sub,1e-06,EX_cpd00060_e0,-0.011557303120223721,0.00733865350627099,cpd00060_e0,import
S898C3140_Bacteroides_ovatus,ERR1620339_sub,1e-06,EX_cpd00412_e0,-0.434756083943097,0.00733865350627099,cpd00412_e0,import
S898C3140_Bacteroides_ovatus,ERR1620339_sub,1e-06,EX_cpd00036_e0,0.8376720581959997,0.00733865350627099,cpd00036_e0,export
S898C3140_Bacteroides_ovatus,ERR1620339_sub,1e-06,EX_cpd00065_e0,-0.004519128316384659,0.00733865350627099,cpd00065_e0,import
S898C3140_Bacteroides_ovatus,ERR1620339_sub,1e-06,EX_cpd00069_e0,-0.011293610968452463,0.00733865350627099,cpd00069_e0,import
S898C3140_Bacteroides_ovatus,ERR1620339_sub,1e-06,EX_cpd00119_e0,-0.007531880527307791,0.00733865350627099,cpd00119_e0,import
S898C3140_Bacteroides_ovatus,ERR1620339_sub,1e-06,EX_cpd11606_e0,-0.495933285796164,0.00733865350627099,cpd11606_e0,import
S898C3140_Bacteroides_ovatus,ERR1620339_sub,1e-06,EX_cpd00277_e0,-0.10599713465481905,0.00733865350627099,cpd00277_e0,import
S898C3140_Bacteroides_ovatus,ERR1620339_sub,1e-06,EX_cpd00029_e0,0.9165295225603377,0.00733865350627099,cpd00029_e0,export
S898C3140_Bacteroides_ovatus,ERR1620339_sub,1e-06,EX_cpd00039_e0,-0.027282145021137093,0.00733865350627099,cpd00039_e0,import
S898C3140_Bacteroides_ovatus,ERR1620339_sub,1e-06,EX_cpd00001_e0,-0.005564406933616077,0.00733865350627099,cpd00001_e0,import
S898C3140_Bacteroides_ovatus,ERR1620339_sub,1e-06,EX_cpd10515_e0,-0.0009414526771942616,0.00733865350627099,cpd10515_e0,import
S898C3140_Bacteroides_ovatus,ERR1620339_sub,1e-06,EX_cpd00129_e0,-0.01757438789705148,0.00733865350627099,cpd00129_e0,import
S898C3140_Bacteroides_ovatus,ERR1620339_sub,1e-06,EX_cpd00204_e0,0.00033054042314887823,0.00733865350627099,cpd00204_e0,export
S898C3140_Bacteroides_ovatus,ERR1620339_sub,1e-06,EX_cpd00205_e0,-0.0006109122540453833,0.00733865350627099,cpd00205_e0,import
S898C3140_Bacteroides_ovatus,ERR1620339_sub,1e-06,EX_cpd00156_e0,-0.03364239968864141,0.00733865350627099,cpd00156_e0,import
S898C3140_Bacteroides_ovatus,ERR1620339_sub,1e-06,EX_cpd10516_e0,-0.0006109122540453833,0.00733865350627099,cpd10516_e0,import
S898C3140_Bacteroides_ovatus,ERR1620339_sub,1e-06,EX_cpd00017_e0,-0.001652702115744391,0.00733865350627099,cpd00017_e0,import
S898C3140_Bacteroides_ovatus,ERR1620339_sub,1e-06,EX_cpd00092_e0,0.4233304354924813,0.00733865350627099,cpd00092_e0,export
S898C3140_Bacteroides_ovatus,ERR1620339_sub,1e-06,EX_cpd11451_e0,0.495933285796164,0.00733865350627099,cpd11451_e0,export
S898C3140_Bacteroides_ovatus,ERR1620339_sub,1e-06,EX_cpd00184_e0,-0.002067269347337493,0.00733865350627099,cpd00184_e0,import
S898C3140_Bacteroides_ovatus,ERR1620339_sub,1e-06,EX_cpd00122_e0,-0.004622738067927202,0.00733865350627099,cpd00122_e0,import
S898C3140_Bacteroides_ovatus,ERR1620339_sub,1e-06,EX_cpd00063_e0,-0.0006109122540453833,0.00733865350627099,cpd00063_e0,import
S898C3140_Bacteroides_ovatus,ERR1620339_sub,1e-06,EX_cpd00028_e0,-0.00033054042314887823,0.00733865350627099,cpd00028_e0,import
S898C3140_Bacteroides_ovatus,ERR1620339_sub,1e-06,EX_cpd00033_e0,-0.05101994370529917,0.00733865350627099,cpd00033_e0,import
S898C3140_Bacteroides_ovatus,ERR1620339_sub,1e-06,EX_cpd28763_e0,-0.025996280578101754,0.00733865350627099,cpd28763_e0,import
S898C3140_Bacteroides_ovatus,ERR1620339_sub,1e-06,EX_cpd00064_e0,-0.00033054042314887823,0.00733865350627099,cpd00064_e0,import
S898C3140_Bacteroides_ovatus,ERR1620339_sub,1e-06,EX_cpd00264_e0,-0.00033054042314887823,0.00733865350627099,cpd00264_e0,import
S898C3140_Bacteroides_ovatus,ERR1620339_sub,1e-06,EX_cpd00034_e0,-0.0006109122540453833,0.00733865350627099,cpd00034_e0,import
S898C3140_Bacteroides_ovatus,ERR1620339_sub,1e-06,EX_cpd00220_e0,-0.0006610808462977565,0.00733865350627099,cpd00220_e0,import
S975C400_Phocaeicola_dorei,ERR1620339_sub,1e-06,EX_cpd00006_e0,0.02871865554993426,0.0781941554980561,cpd00006_e0,export
S975C400_Phocaeicola_dorei,ERR1620339_sub,1e-06,EX_cpd00051_e0,-0.25054712674587015,0.0781941554980561,cpd00051_e0,import
S975C400_Phocaeicola_dorei,ERR1620339_sub,1e-06,EX_cpd00030_e0,-0.006508801548694094,0.0781941554980561,cpd00030_e0,import
S975C400_Phocaeicola_dorei,ERR1620339_sub,1e-06,EX_cpd00107_e0,-0.4558883455779605,0.0781941554980561,cpd00107_e0,import
S975C400_Phocaeicola_dorei,ERR1620339_sub,1e-06,EX_cpd00132_e0,-0.20418253389610053,0.0781941554980561,cpd00132_e0,import
S975C400_Phocaeicola_dorei,ERR1620339_sub,1e-06,EX_cpd00058_e0,-0.006508801548694094,0.0781941554980561,cpd00058_e0,import
S975C400_Phocaeicola_dorei,ERR1620339_sub,1e-06,EX_cpd00048_e0,-0.006508801548694094,0.0781941554980561,cpd00048_e0,import
S975C400_Phocaeicola_dorei,ERR1620339_sub,1e-06,EX_cpd00106_e0,-0.011180972692344415,0.0781941554980561,cpd00106_e0,import
S975C400_Phocaeicola_dorei,ERR1620339_sub,1e-06,EX_cpd00099_e0,-0.006508801548694094,0.0781941554980561,cpd00099_e0,import
S975C400_Phocaeicola_dorei,ERR1620339_sub,1e-06,EX_cpd00367_e0,-0.28538748628837324,0.0781941554980561,cpd00367_e0,import
S975C400_Phocaeicola_dorei,ERR1620339_sub,1e-06,EX_cpd00322_e0,-0.3203610741709424,0.0781941554980561,cpd00322_e0,import
S975C400_Phocaeicola_dorei,ERR1620339_sub,1e-06,EX_cpd90022_e0,-3.253888290756882e-05,0.0781941554980561,cpd90022_e0,import
S975C400_Phocaeicola_dorei,ERR1620339_sub,1e-06,EX_cpd00010_e0,-0.007043309424064156,0.0781941554980561,cpd00010_e0,import
S975C400_Phocaeicola_dorei,ERR1620339_sub,1e-06,EX_cpd00082_e0,2.7064805553962206,0.0781941554980561,cpd00082_e0,export
S975C400_Phocaeicola_dorei,ERR1620339_sub,1e-06,EX_cpd00185_e0,0.00032538882907568817,0.0781941554980561,cpd00185_e0,export
S975C400_Phocaeicola_dorei,ERR1620339_sub,1e-06,EX_cpd11640_e0,5.795597168336448,0.0781941554980561,cpd11640_e0,export
S975C400_Phocaeicola_dorei,ERR1620339_sub,1e-06,EX_cpd00161_e0,-0.2148820553229707,0.0781941554980561,cpd00161_e0,import
S975C400_Phocaeicola_dorei,ERR1620339_sub,1e-06,EX_cpd00084_e0,-0.3278404949293776,0.0781941554980561,cpd00084_e0,import
S975C400_Phocaeicola_dorei,ERR1620339_sub,1e-06,EX_cpd00149_e0,-0.006508801548694094,0.0781941554980561,cpd00149_e0,import
S975C400_Phocaeicola_dorei,ERR1620339_sub,1e-06,EX_cpd00254_e0,-0.006508801548694094,0.0781941554980561,cpd00254_e0,import
S975C400_Phocaeicola_dorei,ERR1620339_sub,1e-06,EX_cpd00067_e0,28.008899532934525,0.0781941554980561,cpd00067_e0,export
S975C400_Phocaeicola_dorei,ERR1620339_sub,1e-06,EX_cpd00105_e0,0.007043309424065327,0.0781941554980561,cpd00105_e0,export
S975C400_Phocaeicola_dorei,ERR1620339_sub,1e-06,EX_cpd00009_e0,-0.9627504450527521,0.0781941554980561,cpd00009_e0,import
S975C400_Phocaeicola_dorei,ERR1620339_sub,1e-06,EX_cpd00246_e0,-0.19839965231170487,0.0781941554980561,cpd00246_e0,import
S975C400_Phocaeicola_dorei,ERR1620339_sub,1e-06,EX_cpd00060_e0,-0.1196125465574855,0.0781941554980561,cpd00060_e0,import
S975C400_Phocaeicola_dorei,ERR1620339_sub,1e-06,EX_cpd00412_e0,0.0035216547120326632,0.0781941554980561,cpd00412_e0,export
S975C400_Phocaeicola_dorei,ERR1620339_sub,1e-06,EX_cpd00035_e0,-0.2085750283666551,0.0781941554980561,cpd00035_e0,import
S975C400_Phocaeicola_dorei,ERR1620339_sub,1e-06,EX_cpd00036_e0,9.638801679970065,0.0781941554980561,cpd00036_e0,export
S975C400_Phocaeicola_dorei,ERR1620339_sub,1e-06,EX_cpd00065_e0,-0.04814784642091447,0.0781941554980561,cpd00065_e0,import
S975C400_Phocaeicola_dorei,ERR1620339_sub,1e-06,EX_cpd00239_e0,0.24322565516050548,0.0781941554980561,cpd00239_e0,export
S975C400_Phocaeicola_dorei,ERR1620339_sub,1e-06,EX_cpd00069_e0,-0.12032476362202954,0.0781941554980561,cpd00069_e0,import
S975C400_Phocaeicola_dorei,ERR1620339_sub,1e-06,EX_cpd00119_e0,-0.08728972012558972,0.0781941554980561,cpd00119_e0,import
S975C400_Phocaeicola_dorei,ERR1620339_sub,1e-06,EX_cpd00029_e0,8.348795617973686,0.0781941554980561,cpd00029_e0,export
S975C400_Phocaeicola_dorei,ERR1620339_sub,1e-06,EX_cpd00039_e0,-0.2906703320966326,0.0781941554980561,cpd00039_e0,import
S975C400_Phocaeicola_dorei,ERR1620339_sub,1e-06,EX_cpd00066_e0,-0.15692631426075848,0.0781941554980561,cpd00066_e0,import
S975C400_Phocaeicola_dorei,ERR1620339_sub,1e-06,EX_cpd10515_e0,-0.010030456260726758,0.0781941554980561,cpd10515_e0,import
S975C400_Phocaeicola_dorei,ERR1620339_sub,1e-06,EX_cpd00129_e0,-0.18724162497022326,0.0781941554980561,cpd00129_e0,import
S975C400_Phocaeicola_dorei,ERR1620339_sub,1e-06,EX_cpd00205_e0,-0.006508801548694094,0.0781941554980561,cpd00205_e0,import
S975C400_Phocaeicola_dorei,ERR1620339_sub,1e-06,EX_cpd00156_e0,-0.3584339678001417,0.0781941554980561,cpd00156_e0,import
S975C400_Phocaeicola_dorei,ERR1620339_sub,1e-06,EX_cpd10516_e0,-0.006508801548694094,0.0781941554980561,cpd10516_e0,import
S975C400_Phocaeicola_dorei,ERR1620339_sub,1e-06,EX_cpd00017_e0,-0.014086618848130653,0.0781941554980561,cpd00017_e0,import
S975C400_Phocaeicola_dorei,ERR1620339_sub,1e-06,EX_cpd00249_e0,0.0026533332452252033,0.0781941554980561,cpd00249_e0,export
S975C400_Phocaeicola_dorei,ERR1620339_sub,1e-06,EX_cpd00063_e0,-0.006508801548694094,0.0781941554980561,cpd00063_e0,import
S975C400_Phocaeicola_dorei,ERR1620339_sub,1e-06,EX_cpd00028_e0,-0.0035216547120326632,0.0781941554980561,cpd00028_e0,import
S975C400_Phocaeicola_dorei,ERR1620339_sub,1e-06,EX_cpd00033_e0,-0.5109882385766256,0.0781941554980561,cpd00033_e0,import
S975C400_Phocaeicola_dorei,ERR1620339_sub,1e-06,EX_cpd28763_e0,-1.1481093606664132,0.0781941554980561,cpd28763_e0,import
S975C400_Phocaeicola_dorei,ERR1620339_sub,1e-06,EX_cpd00311_e0,-0.21477653816432393,0.0781941554980561,cpd00311_e0,import
S975C400_Phocaeicola_dorei,ERR1620339_sub,1e-06,EX_cpd00013_e0,-1.2186701116005878,0.0781941554980561,cpd00013_e0,import
S975C400_Phocaeicola_dorei,ERR1620339_sub,1e-06,EX_cpd00034_e0,-0.006508801548694094,0.0781941554980561,cpd00034_e0,import
S975C400_Phocaeicola_dorei,ERR1620339_sub,1e-06,EX_cpd00220_e0,-0.0070433094240653265,0.0781941554980561,cpd00220_e0,import
S97C26_Bacteroides_fragilis,ERR1620339_sub,1e-06,EX_cpd00006_e0,-0.0004452373223835515,0.004941555285651916,cpd00006_e0,import
S97C26_Bacteroides_fragilis,ERR1620339_sub,1e-06,EX_cpd00051_e0,-0.015838141579023756,0.004941555285651916,cpd00051_e0,import
S97C26_Bacteroides_fragilis,ERR1620339_sub,1e-06,EX_cpd00130_e0,-0.16566217513157733,0.004941555285651916,cpd00130_e0,import
S97C26_Bacteroides_fragilis,ERR1620339_sub,1e-06,EX_cpd00030_e0,-0.00041144882312918154,0.004941555285651916,cpd00030_e0,import
S97C26_Bacteroides_fragilis,ERR1620339_sub,1e-06,EX_cpd00107_e0,-0.028818626879781865,0.004941555285651916,cpd00107_e0,import
S97C26_Bacteroides_fragilis,ERR1620339_sub,1e-06,EX_cpd00132_e0,-0.012907239934506902,0.004941555285651916,cpd00132_e0,import
S97C26_Bacteroides_fragilis,ERR1620339_sub,1e-06,EX_cpd00182_e0,-0.01005839613868,0.004941555285651916,cpd00182_e0,import
S97C26_Bacteroides_fragilis,ERR1620339_sub,1e-06,EX_cpd00058_e0,-0.00041144882312918154,0.004941555285651916,cpd00058_e0,import
S97C26_Bacteroides_fragilis,ERR1620339_sub,1e-06,EX_cpd00048_e0,-0.00041144882312918154,0.004941555285651916,cpd00048_e0,import
S97C26_Bacteroides_fragilis,ERR1620339_sub,1e-06,EX_cpd00054_e0,-0.01442825383166552,0.004941555285651916,cpd00054_e0,import
S97C26_Bacteroides_fragilis,ERR1620339_sub,1e-06,EX_cpd00099_e0,-0.00041144882312918154,0.004941555285651916,cpd00099_e0,import
S97C26_Bacteroides_fragilis,ERR1620339_sub,1e-06,EX_cpd00367_e0,-0.008562733401847225,0.004941555285651916,cpd00367_e0,import
S97C26_Bacteroides_fragilis,ERR1620339_sub,1e-06,EX_cpd00322_e0,-0.02025137591888649,0.004941555285651916,cpd00322_e0,import
S97C26_Bacteroides_fragilis,ERR1620339_sub,1e-06,EX_cpd00393_e0,-0.0006678559835752997,0.004941555285651916,cpd00393_e0,import
S97C26_Bacteroides_fragilis,ERR1620339_sub,1e-06,EX_cpd00010_e0,-0.0004452373223835732,0.004941555285651916,cpd00010_e0,import
S97C26_Bacteroides_fragilis,ERR1620339_sub,1e-06,EX_cpd00023_e0,-0.030963666957655227,0.004941555285651916,cpd00023_e0,import
S97C26_Bacteroides_fragilis,ERR1620339_sub,1e-06,EX_cpd00309_e0,0.04989237949142876,0.004941555285651916,cpd00309_e0,export
S97C26_Bacteroides_fragilis,ERR1620339_sub,1e-06,EX_cpd00161_e0,-0.013583601852472347,0.004941555285651916,cpd00161_e0,import
S97C26_Bacteroides_fragilis,ERR1620339_sub,1e-06,EX_cpd00084_e0,-0.005348861227632882,0.004941555285651916,cpd00084_e0,import
S97C26_Bacteroides_fragilis,ERR1620339_sub,1e-06,EX_cpd00149_e0,-0.00041144882312918154,0.004941555285651916,cpd00149_e0,import
S97C26_Bacteroides_fragilis,ERR1620339_sub,1e-06,EX_cpd00254_e0,-0.00041144882312918154,0.004941555285651916,cpd00254_e0,import
S97C26_Bacteroides_fragilis,ERR1620339_sub,1e-06,EX_cpd00067_e0,1.2695514656223976,0.004941555285651916,cpd00067_e0,export
S97C26_Bacteroides_fragilis,ERR1620339_sub,1e-06,EX_cpd00105_e0,-0.02549778516893343,0.004941555285651916,cpd00105_e0,import
S97C26_Bacteroides_fragilis,ERR1620339_sub,1e-06,EX_cpd01741_e0,-0.004670114550219393,0.004941555285651916,cpd01741_e0,import
S97C26_Bacteroides_fragilis,ERR1620339_sub,1e-06,EX_cpd00060_e0,-0.007338595357145613,0.004941555285651916,cpd00060_e0,import
S97C26_Bacteroides_fragilis,ERR1620339_sub,1e-06,EX_cpd00412_e0,-0.29146064853386383,0.004941555285651916,cpd00412_e0,import
S97C26_Bacteroides_fragilis,ERR1620339_sub,1e-06,EX_cpd00012_e0,-0.0270387628004011,0.004941555285651916,cpd00012_e0,import
S97C26_Bacteroides_fragilis,ERR1620339_sub,1e-06,EX_cpd00036_e0,0.5319592148552269,0.004941555285651916,cpd00036_e0,export
S97C26_Bacteroides_fragilis,ERR1620339_sub,1e-06,EX_cpd00065_e0,-0.0030436286308444184,0.004941555285651916,cpd00065_e0,import
S97C26_Bacteroides_fragilis,ERR1620339_sub,1e-06,EX_cpd00069_e0,-0.007606236265647711,0.004941555285651916,cpd00069_e0,import
S97C26_Bacteroides_fragilis,ERR1620339_sub,1e-06,EX_cpd00119_e0,-0.005072714384740714,0.004941555285651916,cpd00119_e0,import
S97C26_Bacteroides_fragilis,ERR1620339_sub,1e-06,EX_cpd11606_e0,-0.33096251342818805,0.004941555285651916,cpd11606_e0,import
S97C26_Bacteroides_fragilis,ERR1620339_sub,1e-06,EX_cpd00277_e0,-0.0628014551752817,0.004941555285651916,cpd00277_e0,import
S97C26_Bacteroides_fragilis,ERR1620339_sub,1e-06,EX_cpd00029_e0,0.6060351829600366,0.004941555285651916,cpd00029_e0,export
S97C26_Bacteroides_fragilis,ERR1620339_sub,1e-06,EX_cpd00794_e0,-0.11538178384189968,0.004941555285651916,cpd00794_e0,import
S97C26_Bacteroides_fragilis,ERR1620339_sub,1e-06,EX_cpd00039_e0,-0.018374498771394132,0.004941555285651916,cpd00039_e0,import
S97C26_Bacteroides_fragilis,ERR1620339_sub,1e-06,EX_cpd00066_e0,-0.009919974796826266,0.004941555285651916,cpd00066_e0,import
S97C26_Bacteroides_fragilis,ERR1620339_sub,1e-06,EX_cpd10515_e0,-0.0006340674843209481,0.004941555285651916,cpd10515_e0,import
S97C26_Bacteroides_fragilis,ERR1620339_sub,1e-06,EX_cpd00129_e0,-0.01183633356439498,0.004941555285651916,cpd00129_e0,import
S97C26_Bacteroides_fragilis,ERR1620339_sub,1e-06,EX_cpd00204_e0,0.00022261866119176657,0.004941555285651916,cpd00204_e0,export
S97C26_Bacteroides_fragilis,ERR1620339_sub,1e-06,EX_cpd00205_e0,-0.00041144882312918154,0.004941555285651916,cpd00205_e0,import
S97C26_Bacteroides_fragilis,ERR1620339_sub,1e-06,EX_cpd00156_e0,-0.02265812425184182,0.004941555285651916,cpd00156_e0,import
S97C26_Bacteroides_fragilis,ERR1620339_sub,1e-06,EX_cpd10516_e0,-0.00041144882312918154,0.004941555285651916,cpd10516_e0,import
S97C26_Bacteroides_fragilis,ERR1620339_sub,1e-06,EX_cpd00017_e0,-0.0011130933059588328,0.004941555285651916,cpd00017_e0,import
S97C26_Bacteroides_fragilis,ERR1620339_sub,1e-06,EX_cpd00092_e0,0.2837654851493291,0.004941555285651916,cpd00092_e0,export
S97C26_Bacteroides_fragilis,ERR1620339_sub,1e-06,EX_cpd11451_e0,0.33096251342818805,0.004941555285651916,cpd11451_e0,export
S97C26_Bacteroides_fragilis,ERR1620339_sub,1e-06,EX_cpd00184_e0,-0.0013923039428668186,0.004941555285651916,cpd00184_e0,import
S97C26_Bacteroides_fragilis,ERR1620339_sub,1e-06,EX_cpd00063_e0,-0.00041144882312918154,0.004941555285651916,cpd00063_e0,import
S97C26_Bacteroides_fragilis,ERR1620339_sub,1e-06,EX_cpd00028_e0,-0.00022261866119176657,0.004941555285651916,cpd00028_e0,import
S97C26_Bacteroides_fragilis,ERR1620339_sub,1e-06,EX_cpd00033_e0,-0.033916646327282106,0.004941555285651916,cpd00033_e0,import
S97C26_Bacteroides_fragilis,ERR1620339_sub,1e-06,EX_cpd00064_e0,-0.00022261866119176657,0.004941555285651916,cpd00064_e0,import
S97C26_Bacteroides_fragilis,ERR1620339_sub,1e-06,EX_cpd00264_e0,-0.00022261866119176657,0.004941555285651916,cpd00264_e0,import
S97C26_Bacteroides_fragilis,ERR1620339_sub,1e-06,EX_cpd00034_e0,-0.00041144882312918154,0.004941555285651916,cpd00034_e0,import
S97C26_Bacteroides_fragilis,ERR1620339_sub,1e-06,EX_cpd00220_e0,-0.00044523732238353314,0.004941555285651916,cpd00220_e0,import
medium,ERR1620339_sub,1e-06,EX_cpd00322_m,-0.1,,cpd00322_m,import
medium,ERR1620339_sub,1e-06,EX_cpd00067_m,44.791102673659815,,cpd00067_m,export
medium,ERR1620339_sub,1e-06,EX_cpd00001_m,12.84382442937431,,cpd00001_m,export
medium,ERR1620339_sub,1e-06,EX_cpd00135_m,5.564906464592804e-06,,cpd00135_m,export
medium,ERR1620339_sub,1e-06,EX_cpd00129_m,-0.1,,cpd00129_m,import
medium,ERR1620339_sub,1e-06,EX_cpd00588_m,0.18199990054350357,,cpd00588_m,export
medium,ERR1620339_sub,1e-06,EX_cpd00048_m,-0.007503909578824456,,cpd00048_m,import
medium,ERR1620339_sub,1e-06,EX_cpd10515_m,-0.01740564793462057,,cpd10515_m,import
medium,ERR1620339_sub,1e-06,EX_cpd00141_m,0.000653240735353221,,cpd00141_m,export
medium,ERR1620339_sub,1e-06,EX_cpd00039_m,-0.1,,cpd00039_m,import
medium,ERR1620339_sub,1e-06,EX_cpd00076_m,-0.04783498025875849,,cpd00076_m,import
medium,ERR1620339_sub,1e-06,EX_cpd01262_m,0.30590229229838495,,cpd01262_m,export
medium,ERR1620339_sub,1e-06,EX_cpd00107_m,-0.1,,cpd00107_m,import
medium,ERR1620339_sub,1e-06,EX_cpd11640_m,0.687527229033735,,cpd11640_m,export
medium,ERR1620339_sub,1e-06,EX_cpd00239_m,-0.12570865454479282,,cpd00239_m,import
medium,ERR1620339_sub,1e-06,EX_cpd00363_m,0.30774466869333394,,cpd00363_m,export
medium,ERR1620339_sub,1e-06,EX_cpd00159_m,1.3863277983122542,,cpd00159_m,export
medium,ERR1620339_sub,1e-06,EX_cpd00314_m,0.07659217436993822,,cpd00314_m,export
medium,ERR1620339_sub,1e-06,EX_cpd00007_m,-0.001,,cpd00007_m,import
medium,ERR1620339_sub,1e-06,EX_cpd00305_m,-0.00042282294811274006,,cpd00305_m,import
medium,ERR1620339_sub,1e-06,EX_cpd00054_m,-0.1,,cpd00054_m,import
medium,ERR1620339_sub,1e-06,EX_cpd01981_m,1.96774379426174e-05,,cpd01981_m,export
medium,ERR1620339_sub,1e-06,EX_cpd00053_m,-0.1,,cpd00053_m,import
medium,ERR1620339_sub,1e-06,EX_cpd00324_m,0.08743637538464838,,cpd00324_m,export
medium,ERR1620339_sub,1e-06,EX_cpd00644_m,-0.009642525403280956,,cpd00644_m,import
medium,ERR1620339_sub,1e-06,EX_cpd00216_m,-0.1,,cpd00216_m,import
medium,ERR1620339_sub,1e-06,EX_cpd00069_m,-0.1,,cpd00069_m,import
medium,ERR1620339_sub,1e-06,EX_cpd00149_m,-0.007503909578824455,,cpd00149_m,import
medium,ERR1620339_sub,1e-06,EX_cpd00029_m,3.763131423229534,,cpd00029_m,export
medium,ERR1620339_sub,1e-06,EX_cpd00011_m,0.43817186252418,,cpd00011_m,export
medium,ERR1620339_sub,1e-06,EX_cpd00082_m,-5.0,,cpd00082_m,import
medium,ERR1620339_sub,1e-06,EX_cpd00254_m,-0.007503909578824454,,cpd00254_m,import
medium,ERR1620339_sub,1e-06,EX_cpd00204_m,0.006913866473861957,,cpd00204_m,export
medium,ERR1620339_sub,1e-06,EX_cpd90003_m,-0.18,,cpd90003_m,import
medium,ERR1620339_sub,1e-06,EX_cpd00036_m,2.748531521550712,,cpd00036_m,export
medium,ERR1620339_sub,1e-06,EX_cpd00205_m,-0.007503909578824454,,cpd00205_m,import
medium,ERR1620339_sub,1e-06,EX_cpd00156_m,-0.1,,cpd00156_m,import
medium,ERR1620339_sub,1e-06,EX_cpd00161_m,-0.1,,cpd00161_m,import
medium,ERR1620339_sub,1e-06,EX_cpd28763_m,-0.2653701113530908,,cpd28763_m,import
medium,ERR1620339_sub,1e-06,EX_cpd00066_m,-0.05826777599070116,,cpd00066_m,import
medium,ERR1620339_sub,1e-06,EX_cpd00119_m,-0.1,,cpd00119_m,import
medium,ERR1620339_sub,1e-06,EX_cpd00116_m,-0.0025794724934684304,,cpd00116_m,import
medium,ERR1620339_sub,1e-06,EX_cpd00047_m,19.766350810323825,,cpd00047_m,export
medium,ERR1620339_sub,1e-06,EX_cpd00794_m,-0.8234183952159514,,cpd00794_m,import
medium,ERR1620339_sub,1e-06,EX_cpd00229_m,0.0002062856493711328,,cpd00229_m,export
medium,ERR1620339_sub,1e-06,EX_cpd00065_m,-0.06229187522557792,,cpd00065_m,import
medium,ERR1620339_sub,1e-06,EX_cpd00122_m,-0.038535599176561526,,cpd00122_m,import
medium,ERR1620339_sub,1e-06,EX_cpd00013_m,-6.883947710370715,,cpd00013_m,import
medium,ERR1620339_sub,1e-06,EX_cpd00027_m,-5.0,,cpd00027_m,import
medium,ERR1620339_sub,1e-06,EX_cpd00060_m,-0.1,,cpd00060_m,import
medium,ERR1620339_sub,1e-06,EX_cpd00221_m,0.8946007766792156,,cpd00221_m,export
medium,ERR1620339_sub,1e-06,EX_cpd00084_m,-0.1,,cpd00084_m,import
medium,ERR1620339_sub,1e-06,EX_cpd00099_m,-0.007503909578824452,,cpd00099_m,import
medium,ERR1620339_sub,1e-06,EX_cpd10516_m,-0.007503909578824453,,cpd10516_m,import
medium,ERR1620339_sub,1e-06,EX_cpd00058_m,-0.007503909578824453,,cpd00058_m,import
medium,ERR1620339_sub,1e-06,EX_cpd00034_m,-0.007503909578824453,,cpd00034_m,import
medium,ERR1620339_sub,1e-06,EX_cpd00100_m,6.652415672385511e-05,,cpd00100_m,export
medium,ERR1620339_sub,1e-06,EX_cpd00132_m,-0.1,,cpd00132_m,import
medium,ERR1620339_sub,1e-06,EX_cpd00063_m,-0.007503909578824453,,cpd00063_m,import
medium,ERR1620339_sub,1e-06,EX_cpd00009_m,-1.280223332331666,,cpd00009_m,import
medium,ERR1620339_sub,1e-06,EX_cpd00133_m,0.0014742871976471529,,cpd00133_m,export
medium,ERR1620339_sub,1e-06,EX_cpd00211_m,8.48928640982058,,cpd00211_m,export
medium,ERR1620339_sub,1e-06,EX_cpd00220_m,-0.009856810439042941,,cpd00220_m,import
medium,ERR1620339_sub,1e-06,EX_cpd00030_m,-0.007503909578824453,,cpd00030_m,import
medium,ERR1620339_sub,1e-06,EX_cpd00051_m,-0.1,,cpd00051_m,import
