taxon,sample_id,tolerance,reaction,flux,abundance,metabolite,direction
S1083C200_Klebsiella_pneumoniae,ERR1620330_sub,1e-06,EX_cpd00003_e0,-0.043630958800292774,0.015006258292573169,cpd00003_e0,import
S1083C200_Klebsiella_pneumoniae,ERR1620330_sub,1e-06,EX_cpd00149_e0,-0.0012970388703693462,0.015006258292573169,cpd00149_e0,import
S1083C200_Klebsiella_pneumoniae,ERR1620330_sub,1e-06,EX_cpd00133_e0,0.03441557003148965,0.015006258292573169,cpd00133_e0,export
S1083C200_Klebsiella_pneumoniae,ERR1620330_sub,1e-06,EX_cpd00053_e0,-0.06007463289575596,0.015006258292573169,cpd00053_e0,import
S1083C200_Klebsiella_pneumoniae,ERR1620330_sub,1e-06,EX_cpd00064_e0,-0.000602456093917136,0.015006258292573169,cpd00064_e0,import
S1083C200_Klebsiella_pneumoniae,ERR1620330_sub,1e-06,EX_cpd00066_e0,-0.03127142959533568,0.015006258292573169,cpd00066_e0,import
S1083C200_Klebsiella_pneumoniae,ERR1620330_sub,1e-06,EX_cpd11640_e0,0.30720067829995146,0.015006258292573169,cpd11640_e0,export
S1083C200_Klebsiella_pneumoniae,ERR1620330_sub,1e-06,EX_cpd00010_e0,-0.0012049121878344518,0.015006258292573169,cpd00010_e0,import
S1083C200_Klebsiella_pneumoniae,ERR1620330_sub,1e-06,EX_cpd00047_e0,0.002202350492270428,0.015006258292573169,cpd00047_e0,export
S1083C200_Klebsiella_pneumoniae,ERR1620330_sub,1e-06,EX_cpd00033_e0,-0.08534411899743521,0.015006258292573169,cpd00033_e0,import
S1083C200_Klebsiella_pneumoniae,ERR1620330_sub,1e-06,EX_cpd11606_e0,-1.4153987526870795,0.015006258292573169,cpd11606_e0,import
S1083C200_Klebsiella_pneumoniae,ERR1620330_sub,1e-06,EX_cpd00129_e0,-0.03731250122170736,0.015006258292573169,cpd00129_e0,import
S1083C200_Klebsiella_pneumoniae,ERR1620330_sub,1e-06,EX_cpd00023_e0,-0.055953970800244834,0.015006258292573169,cpd00023_e0,import
S1083C200_Klebsiella_pneumoniae,ERR1620330_sub,1e-06,EX_cpd00367_e0,-0.142337380541393,0.015006258292573169,cpd00367_e0,import
S1083C200_Klebsiella_pneumoniae,ERR1620330_sub,1e-06,EX_cpd00184_e0,-0.004389056990205024,0.015006258292573169,cpd00184_e0,import
S1083C200_Klebsiella_pneumoniae,ERR1620330_sub,1e-06,EX_cpd10516_e0,-0.0012970388703693462,0.015006258292573169,cpd10516_e0,import
S1083C200_Klebsiella_pneumoniae,ERR1620330_sub,1e-06,EX_cpd00028_e0,-0.000602456093917136,0.015006258292573169,cpd00028_e0,import
S1083C200_Klebsiella_pneumoniae,ERR1620330_sub,1e-06,EX_cpd00058_e0,-0.0012970388703693462,0.015006258292573169,cpd00058_e0,import
S1083C200_Klebsiella_pneumoniae,ERR1620330_sub,1e-06,EX_cpd11451_e0,1.4153987526870795,0.015006258292573169,cpd11451_e0,export
S1083C200_Klebsiella_pneumoniae,ERR1620330_sub,1e-06,EX_cpd00036_e0,0.29088369163641103,0.015006258292573169,cpd00036_e0,export
S1083C200_Klebsiella_pneumoniae,ERR1620330_sub,1e-06,EX_cpd01741_e0,-0.02952246818619547,0.015006258292573169,cpd01741_e0,import
S1083C200_Klebsiella_pneumoniae,ERR1620330_sub,1e-06,EX_cpd00322_e0,-0.06383982713935382,0.015006258292573169,cpd00322_e0,import
S1083C200_Klebsiella_pneumoniae,ERR1620330_sub,1e-06,EX_cpd00011_e0,1.0230559429367498,0.015006258292573169,cpd00011_e0,export
S1083C200_Klebsiella_pneumoniae,ERR1620330_sub,1e-06,EX_cpd00305_e0,-0.000602456093917136,0.015006258292573169,cpd00305_e0,import
S1083C200_Klebsiella_pneumoniae,ERR1620330_sub,1e-06,EX_cpd00034_e0,-0.0012970388703693462,0.015006258292573169,cpd00034_e0,import
S1083C200_Klebsiella_pneumoniae,ERR1620330_sub,1e-06,EX_cpd00264_e0,-0.000602456093917136,0.015006258292573169,cpd00264_e0,import
S1083C200_Klebsiella_pneumoniae,ERR1620330_sub,1e-06,EX_cpd00156_e0,-0.07142678805298266,0.015006258292573169,cpd00156_e0,import
S1083C200_Klebsiella_pneumoniae,ERR1620330_sub,1e-06,EX_cpd00122_e0,-0.009814618911200057,0.015006258292573169,cpd00122_e0,import
S1083C200_Klebsiella_pneumoniae,ERR1620330_sub,1e-06,EX_cpd00080_e0,0.03971951610706558,0.015006258292573169,cpd00080_e0,export
S1083C200_Klebsiella_pneumoniae,ERR1620330_sub,1e-06,EX_cpd00051_e0,-0.049927680206189366,0.015006258292573169,cpd00051_e0,import
S1083C200_Klebsiella_pneumoniae,ERR1620330_sub,1e-06,EX_cpd00099_e0,-0.0012970388703693462,0.015006258292573169,cpd00099_e0,import
S1083C200_Klebsiella_pneumoniae,ERR1620330_sub,1e-06,EX_cpd00205_e0,-0.0012970388703693462,0.015006258292573169,cpd00205_e0,import
S1083C200_Klebsiella_pneumoniae,ERR1620330_sub,1e-06,EX_cpd00132_e0,-0.04068839418938563,0.015006258292573169,cpd00132_e0,import
S1083C200_Klebsiella_pneumoniae,ERR1620330_sub,1e-06,EX_cpd00220_e0,-0.001204912187834272,0.015006258292573169,cpd00220_e0,import
S1083C200_Klebsiella_pneumoniae,ERR1620330_sub,1e-06,EX_cpd00794_e0,-0.8545276782819462,0.015006258292573169,cpd00794_e0,import
S1083C200_Klebsiella_pneumoniae,ERR1620330_sub,1e-06,EX_cpd00048_e0,-0.0012970388703693462,0.015006258292573169,cpd00048_e0,import
S1083C200_Klebsiella_pneumoniae,ERR1620330_sub,1e-06,EX_cpd00067_e0,4.000475548152044,0.015006258292573169,cpd00067_e0,export
S1083C200_Klebsiella_pneumoniae,ERR1620330_sub,1e-06,EX_cpd00119_e0,-0.015991071952160325,0.015006258292573169,cpd00119_e0,import
S1083C200_Klebsiella_pneumoniae,ERR1620330_sub,1e-06,EX_cpd00069_e0,-0.023275893619255635,0.015006258292573169,cpd00069_e0,import
S1083C200_Klebsiella_pneumoniae,ERR1620330_sub,1e-06,EX_cpd00063_e0,-0.0012970388703693462,0.015006258292573169,cpd00063_e0,import
S1083C200_Klebsiella_pneumoniae,ERR1620330_sub,1e-06,EX_cpd10515_e0,-0.001899494964286482,0.015006258292573169,cpd10515_e0,import
S1083C200_Klebsiella_pneumoniae,ERR1620330_sub,1e-06,EX_cpd00054_e0,-0.0449865912373353,0.015006258292573169,cpd00054_e0,import
S1083C200_Klebsiella_pneumoniae,ERR1620330_sub,1e-06,EX_cpd00029_e0,3.558182438736119,0.015006258292573169,cpd00029_e0,export
S1083C200_Klebsiella_pneumoniae,ERR1620330_sub,1e-06,EX_cpd00060_e0,-0.024133703996197457,0.015006258292573169,cpd00060_e0,import
S1083C200_Klebsiella_pneumoniae,ERR1620330_sub,1e-06,EX_cpd00107_e0,-0.09084697088077998,0.015006258292573169,cpd00107_e0,import
S1083C200_Klebsiella_pneumoniae,ERR1620330_sub,1e-06,EX_cpd00065_e0,-0.009594643171296163,0.015006258292573169,cpd00065_e0,import
S1083C200_Klebsiella_pneumoniae,ERR1620330_sub,1e-06,EX_cpd00017_e0,-0.002409824375668544,0.015006258292573169,cpd00017_e0,import
S1083C200_Klebsiella_pneumoniae,ERR1620330_sub,1e-06,EX_cpd00084_e0,-0.01606049231433876,0.015006258292573169,cpd00084_e0,import
S1083C200_Klebsiella_pneumoniae,ERR1620330_sub,1e-06,EX_cpd00161_e0,-0.04282053711634039,0.015006258292573169,cpd00161_e0,import
S1083C200_Klebsiella_pneumoniae,ERR1620330_sub,1e-06,EX_cpd00117_e0,-0.0049073094556000285,0.015006258292573169,cpd00117_e0,import
S1083C200_Klebsiella_pneumoniae,ERR1620330_sub,1e-06,EX_cpd00182_e0,0.001807368281751408,0.015006258292573169,cpd00182_e0,export
S1083C200_Klebsiella_pneumoniae,ERR1620330_sub,1e-06,EX_cpd00393_e0,0.013847620302448222,0.015006258292573169,cpd00393_e0,export
S1083C200_Klebsiella_pneumoniae,ERR1620330_sub,1e-06,EX_cpd00039_e0,-0.05792321618226959,0.015006258292573169,cpd00039_e0,import
S1083C200_Klebsiella_pneumoniae,ERR1620330_sub,1e-06,EX_cpd00030_e0,-0.0012970388703693462,0.015006258292573169,cpd00030_e0,import
S1083C200_Klebsiella_pneumoniae,ERR1620330_sub,1e-06,EX_cpd00311_e0,-0.05634916973450049,0.015006258292573169,cpd00311_e0,import
S1083C200_Klebsiella_pneumoniae,ERR1620330_sub,1e-06,EX_cpd00009_e0,-0.1502781660108538,0.015006258292573169,cpd00009_e0,import
S1083C200_Klebsiella_pneumoniae,ERR1620330_sub,1e-06,EX_cpd00006_e0,0.00801047658096989,0.015006258292573169,cpd00006_e0,export
S1083C200_Klebsiella_pneumoniae,ERR1620330_sub,1e-06,EX_cpd00092_e0,0.09108647666951684,0.015006258292573169,cpd00092_e0,export
S1083C200_Klebsiella_pneumoniae,ERR1620330_sub,1e-06,EX_cpd00254_e0,-0.0012970388703693462,0.015006258292573169,cpd00254_e0,import
S1090C749_Collinsella_unk_sp,ERR1620330_sub,1e-06,EX_cpd00003_e0,-0.001193303663771239,0.00417413352396,cpd00003_e0,import
S1090C749_Collinsella_unk_sp,ERR1620330_sub,1e-06,EX_cpd00149_e0,-0.0008425470110300661,0.00417413352396,cpd00149_e0,import
S1090C749_Collinsella_unk_sp,ERR1620330_sub,1e-06,EX_cpd00053_e0,-0.03558175441245486,0.00417413352396,cpd00053_e0,import
S1090C749_Collinsella_unk_sp,ERR1620330_sub,1e-06,EX_cpd00064_e0,0.16256215642369629,0.00417413352396,cpd00064_e0,export
S1090C749_Collinsella_unk_sp,ERR1620330_sub,1e-06,EX_cpd11640_e0,1.299204732153977,0.00417413352396,cpd11640_e0,export
S1090C749_Collinsella_unk_sp,ERR1620330_sub,1e-06,EX_cpd00106_e0,0.009551132499794335,0.00417413352396,cpd00106_e0,export
S1090C749_Collinsella_unk_sp,ERR1620330_sub,1e-06,EX_cpd00033_e0,-0.05546339826514882,0.00417413352396,cpd00033_e0,import
S1090C749_Collinsella_unk_sp,ERR1620330_sub,1e-06,EX_cpd00309_e0,0.126670688298195,0.00417413352396,cpd00309_e0,export
S1090C749_Collinsella_unk_sp,ERR1620330_sub,1e-06,EX_cpd00023_e0,-0.03997689255824821,0.00417413352396,cpd00023_e0,import
S1090C749_Collinsella_unk_sp,ERR1620330_sub,1e-06,EX_cpd00216_e0,-0.023616317283586808,0.00417413352396,cpd00216_e0,import
S1090C749_Collinsella_unk_sp,ERR1620330_sub,1e-06,EX_cpd10516_e0,-0.0008425470110300661,0.00417413352396,cpd10516_e0,import
S1090C749_Collinsella_unk_sp,ERR1620330_sub,1e-06,EX_cpd00028_e0,-0.0005966518318856407,0.00417413352396,cpd00028_e0,import
S1090C749_Collinsella_unk_sp,ERR1620330_sub,1e-06,EX_cpd00058_e0,-0.0008425470110300661,0.00417413352396,cpd00058_e0,import
S1090C749_Collinsella_unk_sp,ERR1620330_sub,1e-06,EX_cpd00322_e0,-0.04602644797457951,0.00417413352396,cpd00322_e0,import
S1090C749_Collinsella_unk_sp,ERR1620330_sub,1e-06,EX_cpd00011_e0,1.5137958632339976,0.00417413352396,cpd00011_e0,export
S1090C749_Collinsella_unk_sp,ERR1620330_sub,1e-06,EX_cpd00305_e0,-0.0005966518318856407,0.00417413352396,cpd00305_e0,import
S1090C749_Collinsella_unk_sp,ERR1620330_sub,1e-06,EX_cpd00034_e0,-0.0008425470110300661,0.00417413352396,cpd00034_e0,import
S1090C749_Collinsella_unk_sp,ERR1620330_sub,1e-06,EX_cpd00156_e0,-0.04124617274412478,0.00417413352396,cpd00156_e0,import
S1090C749_Collinsella_unk_sp,ERR1620330_sub,1e-06,EX_cpd00122_e0,-0.024043285485322405,0.00417413352396,cpd00122_e0,import
S1090C749_Collinsella_unk_sp,ERR1620330_sub,1e-06,EX_cpd00027_e0,-0.037376380163546635,0.00417413352396,cpd00027_e0,import
S1090C749_Collinsella_unk_sp,ERR1620330_sub,1e-06,EX_cpd00051_e0,-0.2112627029951479,0.00417413352396,cpd00051_e0,import
S1090C749_Collinsella_unk_sp,ERR1620330_sub,1e-06,EX_cpd23431_e0,-0.7881596907523183,0.00417413352396,cpd23431_e0,import
S1090C749_Collinsella_unk_sp,ERR1620330_sub,1e-06,EX_cpd00099_e0,-0.0008425470110300661,0.00417413352396,cpd00099_e0,import
S1090C749_Collinsella_unk_sp,ERR1620330_sub,1e-06,EX_cpd00205_e0,-0.0008425470110300661,0.00417413352396,cpd00205_e0,import
S1090C749_Collinsella_unk_sp,ERR1620330_sub,1e-06,EX_cpd00132_e0,-0.019881643852693955,0.00417413352396,cpd00132_e0,import
S1090C749_Collinsella_unk_sp,ERR1620330_sub,1e-06,EX_cpd00526_e0,0.7881596907523183,0.00417413352396,cpd00526_e0,export
S1090C749_Collinsella_unk_sp,ERR1620330_sub,1e-06,EX_cpd00220_e0,-0.0011933036637712814,0.00417413352396,cpd00220_e0,import
S1090C749_Collinsella_unk_sp,ERR1620330_sub,1e-06,EX_cpd00048_e0,-0.0008425470110300661,0.00417413352396,cpd00048_e0,import
S1090C749_Collinsella_unk_sp,ERR1620330_sub,1e-06,EX_cpd00067_e0,2.725686270181588,0.00417413352396,cpd00067_e0,export
S1090C749_Collinsella_unk_sp,ERR1620330_sub,1e-06,EX_cpd00119_e0,-0.010984333620272912,0.00417413352396,cpd00119_e0,import
S1090C749_Collinsella_unk_sp,ERR1620330_sub,1e-06,EX_cpd00069_e0,-0.014883772055469745,0.00417413352396,cpd00069_e0,import
S1090C749_Collinsella_unk_sp,ERR1620330_sub,1e-06,EX_cpd00063_e0,-0.0008425470110300661,0.00417413352396,cpd00063_e0,import
S1090C749_Collinsella_unk_sp,ERR1620330_sub,1e-06,EX_cpd10515_e0,-0.0014391988429157069,0.00417413352396,cpd10515_e0,import
S1090C749_Collinsella_unk_sp,ERR1620330_sub,1e-06,EX_cpd00054_e0,-0.03206464159321991,0.00417413352396,cpd00054_e0,import
S1090C749_Collinsella_unk_sp,ERR1620330_sub,1e-06,EX_cpd00029_e0,2.8987115042520477,0.00417413352396,cpd00029_e0,export
S1090C749_Collinsella_unk_sp,ERR1620330_sub,1e-06,EX_cpd00060_e0,-0.014019998400306752,0.00417413352396,cpd00060_e0,import
S1090C749_Collinsella_unk_sp,ERR1620330_sub,1e-06,EX_cpd00107_e0,-0.05635172157763609,0.00417413352396,cpd00107_e0,import
S1090C749_Collinsella_unk_sp,ERR1620330_sub,1e-06,EX_cpd00065_e0,-0.007304581857481484,0.00417413352396,cpd00065_e0,import
S1090C749_Collinsella_unk_sp,ERR1620330_sub,1e-06,EX_cpd00017_e0,-0.001789955495656922,0.00417413352396,cpd00017_e0,import
S1090C749_Collinsella_unk_sp,ERR1620330_sub,1e-06,EX_cpd00644_e0,-0.001193303663771239,0.00417413352396,cpd00644_e0,import
S1090C749_Collinsella_unk_sp,ERR1620330_sub,1e-06,EX_cpd00084_e0,-0.009424067361746558,0.00417413352396,cpd00084_e0,import
S1090C749_Collinsella_unk_sp,ERR1620330_sub,1e-06,EX_cpd00100_e0,0.003011079167598081,0.00417413352396,cpd00100_e0,export
S1090C749_Collinsella_unk_sp,ERR1620330_sub,1e-06,EX_cpd00161_e0,-0.025044280654222244,0.00417413352396,cpd00161_e0,import
S1090C749_Collinsella_unk_sp,ERR1620330_sub,1e-06,EX_cpd00393_e0,-0.001789955495656922,0.00417413352396,cpd00393_e0,import
S1090C749_Collinsella_unk_sp,ERR1620330_sub,1e-06,EX_cpd00039_e0,-0.043388117800078,0.00417413352396,cpd00039_e0,import
S1090C749_Collinsella_unk_sp,ERR1620330_sub,1e-06,EX_cpd00030_e0,-0.0008425470110300661,0.00417413352396,cpd00030_e0,import
S1090C749_Collinsella_unk_sp,ERR1620330_sub,1e-06,EX_cpd00311_e0,-0.010745041610483699,0.00417413352396,cpd00311_e0,import
S1090C749_Collinsella_unk_sp,ERR1620330_sub,1e-06,EX_cpd00009_e0,-0.15258080116468076,0.00417413352396,cpd00009_e0,import
S1090C749_Collinsella_unk_sp,ERR1620330_sub,1e-06,EX_cpd00035_e0,0.29137167491267574,0.00417413352396,cpd00035_e0,export
S1090C749_Collinsella_unk_sp,ERR1620330_sub,1e-06,EX_cpd00254_e0,-0.0008425470110300661,0.00417413352396,cpd00254_e0,import
S1090C749_Collinsella_unk_sp,ERR1620330_sub,1e-06,EX_cpd01217_e0,-0.13502851713421807,0.00417413352396,cpd01217_e0,import
S1090C749_Collinsella_unk_sp,ERR1620330_sub,1e-06,EX_cpd00249_e0,-0.01451705096990949,0.00417413352396,cpd00249_e0,import
S1090C749_Collinsella_unk_sp,ERR1620330_sub,1e-06,EX_cpd00082_e0,-1.401504239375455,0.00417413352396,cpd00082_e0,import
S111C387_Faecalibacterium_prausnitzii_D,ERR1620330_sub,1e-06,EX_cpd00003_e0,-0.0026853602108110053,0.021936008846604283,cpd00003_e0,import
S111C387_Faecalibacterium_prausnitzii_D,ERR1620330_sub,1e-06,EX_cpd00149_e0,-0.0018960322404514766,0.021936008846604283,cpd00149_e0,import
S111C387_Faecalibacterium_prausnitzii_D,ERR1620330_sub,1e-06,EX_cpd00013_e0,-0.0837357491300824,0.021936008846604283,cpd00013_e0,import
S111C387_Faecalibacterium_prausnitzii_D,ERR1620330_sub,1e-06,EX_cpd00053_e0,-0.17406203109163929,0.021936008846604283,cpd00053_e0,import
S111C387_Faecalibacterium_prausnitzii_D,ERR1620330_sub,1e-06,EX_cpd00130_e0,2.8893125665241706,0.021936008846604283,cpd00130_e0,export
S111C387_Faecalibacterium_prausnitzii_D,ERR1620330_sub,1e-06,EX_cpd00033_e0,-0.122444063066857,0.021936008846604283,cpd00033_e0,import
S111C387_Faecalibacterium_prausnitzii_D,ERR1620330_sub,1e-06,EX_cpd00129_e0,-0.048572207910221495,0.021936008846604283,cpd00129_e0,import
S111C387_Faecalibacterium_prausnitzii_D,ERR1620330_sub,1e-06,EX_cpd00367_e0,-0.03266855892299113,0.021936008846604283,cpd00367_e0,import
S111C387_Faecalibacterium_prausnitzii_D,ERR1620330_sub,1e-06,EX_cpd10516_e0,-0.0018960322404514766,0.021936008846604283,cpd10516_e0,import
S111C387_Faecalibacterium_prausnitzii_D,ERR1620330_sub,1e-06,EX_cpd00028_e0,-0.0013426801054062963,0.021936008846604283,cpd00028_e0,import
S111C387_Faecalibacterium_prausnitzii_D,ERR1620330_sub,1e-06,EX_cpd00058_e0,-0.0018960322404514766,0.021936008846604283,cpd00058_e0,import
S111C387_Faecalibacterium_prausnitzii_D,ERR1620330_sub,1e-06,EX_cpd00036_e0,0.43948436531664337,0.021936008846604283,cpd00036_e0,export
S111C387_Faecalibacterium_prausnitzii_D,ERR1620330_sub,1e-06,EX_cpd00363_e0,0.04911712355501607,0.021936008846604283,cpd00363_e0,export
S111C387_Faecalibacterium_prausnitzii_D,ERR1620330_sub,1e-06,EX_cpd00322_e0,-0.10357597633225857,0.021936008846604283,cpd00322_e0,import
S111C387_Faecalibacterium_prausnitzii_D,ERR1620330_sub,1e-06,EX_cpd00011_e0,0.783062331438093,0.021936008846604283,cpd00011_e0,export
S111C387_Faecalibacterium_prausnitzii_D,ERR1620330_sub,1e-06,EX_cpd00305_e0,-0.0013426801054062963,0.021936008846604283,cpd00305_e0,import
S111C387_Faecalibacterium_prausnitzii_D,ERR1620330_sub,1e-06,EX_cpd00034_e0,-0.0018960322404514766,0.021936008846604283,cpd00034_e0,import
S111C387_Faecalibacterium_prausnitzii_D,ERR1620330_sub,1e-06,EX_cpd00156_e0,-0.09281864666813333,0.021936008846604283,cpd00156_e0,import
S111C387_Faecalibacterium_prausnitzii_D,ERR1620330_sub,1e-06,EX_cpd00027_e0,-0.08411022873942234,0.021936008846604283,cpd00027_e0,import
S111C387_Faecalibacterium_prausnitzii_D,ERR1620330_sub,1e-06,EX_cpd00051_e0,-0.06102144706481924,0.021936008846604283,cpd00051_e0,import
S111C387_Faecalibacterium_prausnitzii_D,ERR1620330_sub,1e-06,EX_cpd23431_e0,-6.378567131198977,0.021936008846604283,cpd23431_e0,import
S111C387_Faecalibacterium_prausnitzii_D,ERR1620330_sub,1e-06,EX_cpd00099_e0,-0.0018960322404514766,0.021936008846604283,cpd00099_e0,import
S111C387_Faecalibacterium_prausnitzii_D,ERR1620330_sub,1e-06,EX_cpd00205_e0,-0.0018960322404514766,0.021936008846604283,cpd00205_e0,import
S111C387_Faecalibacterium_prausnitzii_D,ERR1620330_sub,1e-06,EX_cpd00132_e0,-0.04474081237531856,0.021936008846604283,cpd00132_e0,import
S111C387_Faecalibacterium_prausnitzii_D,ERR1620330_sub,1e-06,EX_cpd00526_e0,6.378567131198977,0.021936008846604283,cpd00526_e0,export
S111C387_Faecalibacterium_prausnitzii_D,ERR1620330_sub,1e-06,EX_cpd00048_e0,-0.0018960322404514766,0.021936008846604283,cpd00048_e0,import
S111C387_Faecalibacterium_prausnitzii_D,ERR1620330_sub,1e-06,EX_cpd00067_e0,9.84565449880428,0.021936008846604283,cpd00067_e0,export
S111C387_Faecalibacterium_prausnitzii_D,ERR1620330_sub,1e-06,EX_cpd00119_e0,-0.024718680870341767,0.021936008846604283,cpd00119_e0,import
S111C387_Faecalibacterium_prausnitzii_D,ERR1620330_sub,1e-06,EX_cpd00069_e0,-0.03349381257931298,0.021936008846604283,cpd00069_e0,import
S111C387_Faecalibacterium_prausnitzii_D,ERR1620330_sub,1e-06,EX_cpd00063_e0,-0.0018960322404514766,0.021936008846604283,cpd00063_e0,import
S111C387_Faecalibacterium_prausnitzii_D,ERR1620330_sub,1e-06,EX_cpd10515_e0,-0.003238712345857773,0.021936008846604283,cpd10515_e0,import
S111C387_Faecalibacterium_prausnitzii_D,ERR1620330_sub,1e-06,EX_cpd00054_e0,-0.10244626843558717,0.021936008846604283,cpd00054_e0,import
S111C387_Faecalibacterium_prausnitzii_D,ERR1620330_sub,1e-06,EX_cpd00029_e0,3.446041518557897,0.021936008846604283,cpd00029_e0,export
S111C387_Faecalibacterium_prausnitzii_D,ERR1620330_sub,1e-06,EX_cpd00041_e0,-0.046575365163411535,0.021936008846604283,cpd00041_e0,import
S111C387_Faecalibacterium_prausnitzii_D,ERR1620330_sub,1e-06,EX_cpd00060_e0,-0.031550012794610865,0.021936008846604283,cpd00060_e0,import
S111C387_Faecalibacterium_prausnitzii_D,ERR1620330_sub,1e-06,EX_cpd00107_e0,-0.12681153635037992,0.021936008846604283,cpd00107_e0,import
S111C387_Faecalibacterium_prausnitzii_D,ERR1620330_sub,1e-06,EX_cpd00065_e0,-0.01643792277877727,0.021936008846604283,cpd00065_e0,import
S111C387_Faecalibacterium_prausnitzii_D,ERR1620330_sub,1e-06,EX_cpd00017_e0,-0.004028040316218889,0.021936008846604283,cpd00017_e0,import
S111C387_Faecalibacterium_prausnitzii_D,ERR1620330_sub,1e-06,EX_cpd00644_e0,-0.0026853602108125596,0.021936008846604283,cpd00644_e0,import
S111C387_Faecalibacterium_prausnitzii_D,ERR1620330_sub,1e-06,EX_cpd00277_e0,-0.04911712355501607,0.021936008846604283,cpd00277_e0,import
S111C387_Faecalibacterium_prausnitzii_D,ERR1620330_sub,1e-06,EX_cpd00161_e0,-0.05635859238437924,0.021936008846604283,cpd00161_e0,import
S111C387_Faecalibacterium_prausnitzii_D,ERR1620330_sub,1e-06,EX_cpd00182_e0,-0.018808105335152946,0.021936008846604283,cpd00182_e0,import
S111C387_Faecalibacterium_prausnitzii_D,ERR1620330_sub,1e-06,EX_cpd00039_e0,-0.09763878943784997,0.021936008846604283,cpd00039_e0,import
S111C387_Faecalibacterium_prausnitzii_D,ERR1620330_sub,1e-06,EX_cpd00030_e0,-0.0018960322404514766,0.021936008846604283,cpd00030_e0,import
S111C387_Faecalibacterium_prausnitzii_D,ERR1620330_sub,1e-06,EX_cpd00311_e0,0.01822353479900665,0.021936008846604283,cpd00311_e0,export
S111C387_Faecalibacterium_prausnitzii_D,ERR1620330_sub,1e-06,EX_cpd00009_e0,-0.3433613964500992,0.021936008846604283,cpd00009_e0,import
S111C387_Faecalibacterium_prausnitzii_D,ERR1620330_sub,1e-06,EX_cpd00239_e0,-0.021207523521106386,0.021936008846604283,cpd00239_e0,import
S111C387_Faecalibacterium_prausnitzii_D,ERR1620330_sub,1e-06,EX_cpd00254_e0,-0.0018960322404514766,0.021936008846604283,cpd00254_e0,import
S111C387_Faecalibacterium_prausnitzii_D,ERR1620330_sub,1e-06,EX_cpd00073_e0,0.0026853602108125926,0.021936008846604283,cpd00073_e0,export
S111C387_Faecalibacterium_prausnitzii_D,ERR1620330_sub,1e-06,EX_cpd00082_e0,-4.019733850416846,0.021936008846604283,cpd00082_e0,import
S1128C749_Collinsella_unk_sp,ERR1620330_sub,1e-06,EX_cpd00003_e0,-0.001252068237932058,0.005492893102636893,cpd00003_e0,import
S1128C749_Collinsella_unk_sp,ERR1620330_sub,1e-06,EX_cpd00149_e0,-0.0008840384752875084,0.005492893102636893,cpd00149_e0,import
S1128C749_Collinsella_unk_sp,ERR1620330_sub,1e-06,EX_cpd00053_e0,-0.037333987904585524,0.005492893102636893,cpd00053_e0,import
S1128C749_Collinsella_unk_sp,ERR1620330_sub,1e-06,EX_cpd00064_e0,0.02605050255087678,0.005492893102636893,cpd00064_e0,export
S1128C749_Collinsella_unk_sp,ERR1620330_sub,1e-06,EX_cpd11640_e0,1.6788943457804937,0.005492893102636893,cpd11640_e0,export
S1128C749_Collinsella_unk_sp,ERR1620330_sub,1e-06,EX_cpd00010_e0,-0.001252068237932346,0.005492893102636893,cpd00010_e0,import
S1128C749_Collinsella_unk_sp,ERR1620330_sub,1e-06,EX_cpd00106_e0,-0.0050082729517283466,0.005492893102636893,cpd00106_e0,import
S1128C749_Collinsella_unk_sp,ERR1620330_sub,1e-06,EX_cpd00138_e0,-0.5408236386619371,0.005492893102636893,cpd00138_e0,import
S1128C749_Collinsella_unk_sp,ERR1620330_sub,1e-06,EX_cpd00023_e0,-0.03693729291137947,0.005492893102636893,cpd00023_e0,import
S1128C749_Collinsella_unk_sp,ERR1620330_sub,1e-06,EX_cpd00216_e0,-0.024779309462820108,0.005492893102636893,cpd00216_e0,import
S1128C749_Collinsella_unk_sp,ERR1620330_sub,1e-06,EX_cpd10516_e0,-0.0008840384752875084,0.005492893102636893,cpd10516_e0,import
S1128C749_Collinsella_unk_sp,ERR1620330_sub,1e-06,EX_cpd00028_e0,-0.0006260341189660433,0.005492893102636893,cpd00028_e0,import
S1128C749_Collinsella_unk_sp,ERR1620330_sub,1e-06,EX_cpd00058_e0,-0.0008840384752875084,0.005492893102636893,cpd00058_e0,import
S1128C749_Collinsella_unk_sp,ERR1620330_sub,1e-06,EX_cpd00363_e0,0.2540730879891203,0.005492893102636893,cpd00363_e0,export
S1128C749_Collinsella_unk_sp,ERR1620330_sub,1e-06,EX_cpd00322_e0,-0.048293033335436185,0.005492893102636893,cpd00322_e0,import
S1128C749_Collinsella_unk_sp,ERR1620330_sub,1e-06,EX_cpd00011_e0,1.7580817426548314,0.005492893102636893,cpd00011_e0,export
S1128C749_Collinsella_unk_sp,ERR1620330_sub,1e-06,EX_cpd00305_e0,-0.0006260341189660433,0.005492893102636893,cpd00305_e0,import
S1128C749_Collinsella_unk_sp,ERR1620330_sub,1e-06,EX_cpd00034_e0,-0.0008840384752875084,0.005492893102636893,cpd00034_e0,import
S1128C749_Collinsella_unk_sp,ERR1620330_sub,1e-06,EX_cpd00156_e0,-0.043277352108320614,0.005492893102636893,cpd00156_e0,import
S1128C749_Collinsella_unk_sp,ERR1620330_sub,1e-06,EX_cpd00122_e0,-0.025227303833599637,0.005492893102636893,cpd00122_e0,import
S1128C749_Collinsella_unk_sp,ERR1620330_sub,1e-06,EX_cpd00051_e0,-0.07714932121983062,0.005492893102636893,cpd00051_e0,import
S1128C749_Collinsella_unk_sp,ERR1620330_sub,1e-06,EX_cpd23431_e0,-0.7198920009569665,0.005492893102636893,cpd23431_e0,import
S1128C749_Collinsella_unk_sp,ERR1620330_sub,1e-06,EX_cpd00099_e0,-0.0008840384752875084,0.005492893102636893,cpd00099_e0,import
S1128C749_Collinsella_unk_sp,ERR1620330_sub,1e-06,EX_cpd00205_e0,-0.0008840384752875084,0.005492893102636893,cpd00205_e0,import
S1128C749_Collinsella_unk_sp,ERR1620330_sub,1e-06,EX_cpd00132_e0,-0.02086072098962989,0.005492893102636893,cpd00132_e0,import
S1128C749_Collinsella_unk_sp,ERR1620330_sub,1e-06,EX_cpd00526_e0,0.7198920009569665,0.005492893102636893,cpd00526_e0,export
S1128C749_Collinsella_unk_sp,ERR1620330_sub,1e-06,EX_cpd00220_e0,-0.0012520682379320866,0.005492893102636893,cpd00220_e0,import
S1128C749_Collinsella_unk_sp,ERR1620330_sub,1e-06,EX_cpd00794_e0,-0.019608495252479714,0.005492893102636893,cpd00794_e0,import
S1128C749_Collinsella_unk_sp,ERR1620330_sub,1e-06,EX_cpd00048_e0,-0.0008840384752875084,0.005492893102636893,cpd00048_e0,import
S1128C749_Collinsella_unk_sp,ERR1620330_sub,1e-06,EX_cpd00067_e0,3.0845352069741234,0.005492893102636893,cpd00067_e0,export
S1128C749_Collinsella_unk_sp,ERR1620330_sub,1e-06,EX_cpd00119_e0,-0.011525260215265143,0.005492893102636893,cpd00119_e0,import
S1128C749_Collinsella_unk_sp,ERR1620330_sub,1e-06,EX_cpd00069_e0,-0.015616727591684216,0.005492893102636893,cpd00069_e0,import
S1128C749_Collinsella_unk_sp,ERR1620330_sub,1e-06,EX_cpd00063_e0,-0.0008840384752875084,0.005492893102636893,cpd00063_e0,import
S1128C749_Collinsella_unk_sp,ERR1620330_sub,1e-06,EX_cpd10515_e0,-0.0015100725942535516,0.005492893102636893,cpd10515_e0,import
S1128C749_Collinsella_unk_sp,ERR1620330_sub,1e-06,EX_cpd00054_e0,-0.042279763845069575,0.005492893102636893,cpd00054_e0,import
S1128C749_Collinsella_unk_sp,ERR1620330_sub,1e-06,EX_cpd00029_e0,3.2834866197384978,0.005492893102636893,cpd00029_e0,export
S1128C749_Collinsella_unk_sp,ERR1620330_sub,1e-06,EX_cpd00060_e0,-0.007193072933103173,0.005492893102636893,cpd00060_e0,import
S1128C749_Collinsella_unk_sp,ERR1620330_sub,1e-06,EX_cpd00107_e0,-0.059126777937785466,0.005492893102636893,cpd00107_e0,import
S1128C749_Collinsella_unk_sp,ERR1620330_sub,1e-06,EX_cpd00065_e0,-0.0076642980431513175,0.005492893102636893,cpd00065_e0,import
S1128C749_Collinsella_unk_sp,ERR1620330_sub,1e-06,EX_cpd00017_e0,-0.009395446584005146,0.005492893102636893,cpd00017_e0,import
S1128C749_Collinsella_unk_sp,ERR1620330_sub,1e-06,EX_cpd00161_e0,-0.09448884808847664,0.005492893102636893,cpd00161_e0,import
S1128C749_Collinsella_unk_sp,ERR1620330_sub,1e-06,EX_cpd00393_e0,-0.0018781023568981148,0.005492893102636893,cpd00393_e0,import
S1128C749_Collinsella_unk_sp,ERR1620330_sub,1e-06,EX_cpd00141_e0,0.0050082729517283466,0.005492893102636893,cpd00141_e0,export
S1128C749_Collinsella_unk_sp,ERR1620330_sub,1e-06,EX_cpd00039_e0,-0.045524777850297314,0.005492893102636893,cpd00039_e0,import
S1128C749_Collinsella_unk_sp,ERR1620330_sub,1e-06,EX_cpd00030_e0,-0.0008840384752875084,0.005492893102636893,cpd00030_e0,import
S1128C749_Collinsella_unk_sp,ERR1620330_sub,1e-06,EX_cpd00311_e0,-0.011274184203228836,0.005492893102636893,cpd00311_e0,import
S1128C749_Collinsella_unk_sp,ERR1620330_sub,1e-06,EX_cpd00009_e0,-0.15633848086921137,0.005492893102636893,cpd00009_e0,import
S1128C749_Collinsella_unk_sp,ERR1620330_sub,1e-06,EX_cpd00239_e0,-0.00863608996857532,0.005492893102636893,cpd00239_e0,import
S1128C749_Collinsella_unk_sp,ERR1620330_sub,1e-06,EX_cpd00254_e0,-0.0008840384752875084,0.005492893102636893,cpd00254_e0,import
S1128C749_Collinsella_unk_sp,ERR1620330_sub,1e-06,EX_cpd00082_e0,-1.0973966467057108,0.005492893102636893,cpd00082_e0,import
S114C345_Streptococcus_salivarius,ERR1620330_sub,1e-06,EX_cpd00003_e0,-0.0003268230753094691,0.005339679006403232,cpd00003_e0,import
S114C345_Streptococcus_salivarius,ERR1620330_sub,1e-06,EX_cpd00149_e0,-0.00046151505873536766,0.005339679006403232,cpd00149_e0,import
S114C345_Streptococcus_salivarius,ERR1620330_sub,1e-06,EX_cpd00053_e0,-0.0194903254804681,0.005339679006403232,cpd00053_e0,import
S114C345_Streptococcus_salivarius,ERR1620330_sub,1e-06,EX_cpd00064_e0,-0.0006536461506180333,0.005339679006403232,cpd00064_e0,import
S114C345_Streptococcus_salivarius,ERR1620330_sub,1e-06,EX_cpd00066_e0,-0.01293611622326283,0.005339679006403232,cpd00066_e0,import
S114C345_Streptococcus_salivarius,ERR1620330_sub,1e-06,EX_cpd00010_e0,-0.0006536461506180466,0.005339679006403232,cpd00010_e0,import
S114C345_Streptococcus_salivarius,ERR1620330_sub,1e-06,EX_cpd00033_e0,-0.028170113556103056,0.005339679006403232,cpd00033_e0,import
S114C345_Streptococcus_salivarius,ERR1620330_sub,1e-06,EX_cpd00129_e0,-0.011823008548237847,0.005339679006403232,cpd00129_e0,import
S114C345_Streptococcus_salivarius,ERR1620330_sub,1e-06,EX_cpd00023_e0,-0.021897814217536886,0.005339679006403232,cpd00023_e0,import
S114C345_Streptococcus_salivarius,ERR1620330_sub,1e-06,EX_cpd00367_e0,-1.0534599413691699,0.005339679006403232,cpd00367_e0,import
S114C345_Streptococcus_salivarius,ERR1620330_sub,1e-06,EX_cpd00221_e0,0.07272408976626332,0.005339679006403232,cpd00221_e0,export
S114C345_Streptococcus_salivarius,ERR1620330_sub,1e-06,EX_cpd10516_e0,-0.00046151505873536766,0.005339679006403232,cpd10516_e0,import
S114C345_Streptococcus_salivarius,ERR1620330_sub,1e-06,EX_cpd00028_e0,-0.00032682307530901663,0.005339679006403232,cpd00028_e0,import
S114C345_Streptococcus_salivarius,ERR1620330_sub,1e-06,EX_cpd00058_e0,-0.00046151505873536766,0.005339679006403232,cpd00058_e0,import
S114C345_Streptococcus_salivarius,ERR1620330_sub,1e-06,EX_cpd00322_e0,-0.01985543420314754,0.005339679006403232,cpd00322_e0,import
S114C345_Streptococcus_salivarius,ERR1620330_sub,1e-06,EX_cpd00011_e0,0.3459779971327789,0.005339679006403232,cpd00011_e0,export
S114C345_Streptococcus_salivarius,ERR1620330_sub,1e-06,EX_cpd00305_e0,-0.00032682307530901663,0.005339679006403232,cpd00305_e0,import
S114C345_Streptococcus_salivarius,ERR1620330_sub,1e-06,EX_cpd00034_e0,-0.00046151505873536766,0.005339679006403232,cpd00034_e0,import
S114C345_Streptococcus_salivarius,ERR1620330_sub,1e-06,EX_cpd00122_e0,-0.013169993089624538,0.005339679006403232,cpd00122_e0,import
S114C345_Streptococcus_salivarius,ERR1620330_sub,1e-06,EX_cpd00051_e0,-0.014199643854372212,0.005339679006403232,cpd00051_e0,import
S114C345_Streptococcus_salivarius,ERR1620330_sub,1e-06,EX_cpd00099_e0,-0.00046151505873536766,0.005339679006403232,cpd00099_e0,import
S114C345_Streptococcus_salivarius,ERR1620330_sub,1e-06,EX_cpd00205_e0,-0.00046151505873536766,0.005339679006403232,cpd00205_e0,import
S114C345_Streptococcus_salivarius,ERR1620330_sub,1e-06,EX_cpd00132_e0,-0.010890404820514257,0.005339679006403232,cpd00132_e0,import
S114C345_Streptococcus_salivarius,ERR1620330_sub,1e-06,EX_cpd00220_e0,-0.0006536461506180333,0.005339679006403232,cpd00220_e0,import
S114C345_Streptococcus_salivarius,ERR1620330_sub,1e-06,EX_cpd00048_e0,-0.00046151505873536766,0.005339679006403232,cpd00048_e0,import
S114C345_Streptococcus_salivarius,ERR1620330_sub,1e-06,EX_cpd00119_e0,-0.006016798243378048,0.005339679006403232,cpd00119_e0,import
S114C345_Streptococcus_salivarius,ERR1620330_sub,1e-06,EX_cpd00069_e0,-0.008152761619777227,0.005339679006403232,cpd00069_e0,import
S114C345_Streptococcus_salivarius,ERR1620330_sub,1e-06,EX_cpd00063_e0,-0.00046151505873536766,0.005339679006403232,cpd00063_e0,import
S114C345_Streptococcus_salivarius,ERR1620330_sub,1e-06,EX_cpd10515_e0,-0.0007883381340443843,0.005339679006403232,cpd10515_e0,import
S114C345_Streptococcus_salivarius,ERR1620330_sub,1e-06,EX_cpd00054_e0,-0.01977440221262612,0.005339679006403232,cpd00054_e0,import
S114C345_Streptococcus_salivarius,ERR1620330_sub,1e-06,EX_cpd00029_e0,0.023918352614560656,0.005339679006403232,cpd00029_e0,export
S114C345_Streptococcus_salivarius,ERR1620330_sub,1e-06,EX_cpd00041_e0,-0.011336955105728951,0.005339679006403232,cpd00041_e0,import
S114C345_Streptococcus_salivarius,ERR1620330_sub,1e-06,EX_cpd00060_e0,-0.003755166285186435,0.005339679006403232,cpd00060_e0,import
S114C345_Streptococcus_salivarius,ERR1620330_sub,1e-06,EX_cpd00107_e0,-0.03086731986853342,0.005339679006403232,cpd00107_e0,import
S114C345_Streptococcus_salivarius,ERR1620330_sub,1e-06,EX_cpd00065_e0,-0.004001170831846401,0.005339679006403232,cpd00065_e0,import
S114C345_Streptococcus_salivarius,ERR1620330_sub,1e-06,EX_cpd00017_e0,-0.004904922357201204,0.005339679006403232,cpd00017_e0,import
S114C345_Streptococcus_salivarius,ERR1620330_sub,1e-06,EX_cpd00277_e0,-0.0058857232238159266,0.005339679006403232,cpd00277_e0,import
S114C345_Streptococcus_salivarius,ERR1620330_sub,1e-06,EX_cpd00084_e0,-0.004508497854456762,0.005339679006403232,cpd00084_e0,import
S114C345_Streptococcus_salivarius,ERR1620330_sub,1e-06,EX_cpd00161_e0,-0.019074395311512442,0.005339679006403232,cpd00161_e0,import
S114C345_Streptococcus_salivarius,ERR1620330_sub,1e-06,EX_cpd00393_e0,-0.00098046922592705,0.005339679006403232,cpd00393_e0,import
S114C345_Streptococcus_salivarius,ERR1620330_sub,1e-06,EX_cpd00039_e0,-0.02376635306134329,0.005339679006403232,cpd00039_e0,import
S114C345_Streptococcus_salivarius,ERR1620330_sub,1e-06,EX_cpd00030_e0,-0.00046151505873536766,0.005339679006403232,cpd00030_e0,import
S114C345_Streptococcus_salivarius,ERR1620330_sub,1e-06,EX_cpd00001_e0,-0.24034760721130247,0.005339679006403232,cpd00001_e0,import
S114C345_Streptococcus_salivarius,ERR1620330_sub,1e-06,EX_cpd00009_e0,-0.08129017120482301,0.005339679006403232,cpd00009_e0,import
S114C345_Streptococcus_salivarius,ERR1620330_sub,1e-06,EX_cpd00006_e0,-0.0003268230753090129,0.005339679006403232,cpd00006_e0,import
S114C345_Streptococcus_salivarius,ERR1620330_sub,1e-06,EX_cpd00035_e0,1.342269675592732,0.005339679006403232,cpd00035_e0,export
S114C345_Streptococcus_salivarius,ERR1620330_sub,1e-06,EX_cpd00092_e0,1.045508055547569,0.005339679006403232,cpd00092_e0,export
S114C345_Streptococcus_salivarius,ERR1620330_sub,1e-06,EX_cpd00254_e0,-0.00046151505873536766,0.005339679006403232,cpd00254_e0,import
S114C345_Streptococcus_salivarius,ERR1620330_sub,1e-06,EX_cpd00073_e0,-0.16890818216370918,0.005339679006403232,cpd00073_e0,import
S120C566_Prevotella_sp900548535,ERR1620330_sub,1e-06,EX_cpd00149_e0,-0.00035090489186337994,0.0040600617150853046,cpd00149_e0,import
S120C566_Prevotella_sp900548535,ERR1620330_sub,1e-06,EX_cpd00053_e0,-0.013156591846938265,0.0040600617150853046,cpd00053_e0,import
S120C566_Prevotella_sp900548535,ERR1620330_sub,1e-06,EX_cpd00007_e0,-0.07227282384454231,0.0040600617150853046,cpd00007_e0,import
S120C566_Prevotella_sp900548535,ERR1620330_sub,1e-06,EX_cpd00208_e0,-0.0026552772367833687,0.0040600617150853046,cpd00208_e0,import
S120C566_Prevotella_sp900548535,ERR1620330_sub,1e-06,EX_cpd00010_e0,-0.0003797214761152917,0.0040600617150853046,cpd00010_e0,import
S120C566_Prevotella_sp900548535,ERR1620330_sub,1e-06,EX_cpd00229_e0,0.0005695822141730183,0.0040600617150853046,cpd00229_e0,export
S120C566_Prevotella_sp900548535,ERR1620330_sub,1e-06,EX_cpd00033_e0,-0.029115735458828812,0.0040600617150853046,cpd00033_e0,import
S120C566_Prevotella_sp900548535,ERR1620330_sub,1e-06,EX_cpd11606_e0,-0.534209582903396,0.0040600617150853046,cpd11606_e0,import
S120C566_Prevotella_sp900548535,ERR1620330_sub,1e-06,EX_cpd00129_e0,-0.010094639031617484,0.0040600617150853046,cpd00129_e0,import
S120C566_Prevotella_sp900548535,ERR1620330_sub,1e-06,EX_cpd00309_e0,0.4306347818489149,0.0040600617150853046,cpd00309_e0,export
S120C566_Prevotella_sp900548535,ERR1620330_sub,1e-06,EX_cpd00023_e0,-0.012301525251672718,0.0040600617150853046,cpd00023_e0,import
S120C566_Prevotella_sp900548535,ERR1620330_sub,1e-06,EX_cpd00367_e0,-0.01386557742555548,0.0040600617150853046,cpd00367_e0,import
S120C566_Prevotella_sp900548535,ERR1620330_sub,1e-06,EX_cpd00184_e0,-0.0011874289997889837,0.0040600617150853046,cpd00184_e0,import
S120C566_Prevotella_sp900548535,ERR1620330_sub,1e-06,EX_cpd10516_e0,-0.00035090489186337994,0.0040600617150853046,cpd10516_e0,import
S120C566_Prevotella_sp900548535,ERR1620330_sub,1e-06,EX_cpd00028_e0,-0.00018986073805767276,0.0040600617150853046,cpd00028_e0,import
S120C566_Prevotella_sp900548535,ERR1620330_sub,1e-06,EX_cpd00058_e0,-0.00035090489186337994,0.0040600617150853046,cpd00058_e0,import
S120C566_Prevotella_sp900548535,ERR1620330_sub,1e-06,EX_cpd11451_e0,0.534209582903396,0.0040600617150853046,cpd11451_e0,export
S120C566_Prevotella_sp900548535,ERR1620330_sub,1e-06,EX_cpd00036_e0,0.05746056723894713,0.0040600617150853046,cpd00036_e0,export
S120C566_Prevotella_sp900548535,ERR1620330_sub,1e-06,EX_cpd01741_e0,-0.003982915855175053,0.0040600617150853046,cpd01741_e0,import
S120C566_Prevotella_sp900548535,ERR1620330_sub,1e-06,EX_cpd00071_e0,0.0003797214761153455,0.0040600617150853046,cpd00071_e0,export
S120C566_Prevotella_sp900548535,ERR1620330_sub,1e-06,EX_cpd00011_e0,0.4974553021776157,0.0040600617150853046,cpd00011_e0,export
S120C566_Prevotella_sp900548535,ERR1620330_sub,1e-06,EX_cpd00034_e0,-0.00035090489186337994,0.0040600617150853046,cpd00034_e0,import
S120C566_Prevotella_sp900548535,ERR1620330_sub,1e-06,EX_cpd00264_e0,-0.00018986073805767276,0.0040600617150853046,cpd00264_e0,import
S120C566_Prevotella_sp900548535,ERR1620330_sub,1e-06,EX_cpd00051_e0,-0.013697449156555352,0.0040600617150853046,cpd00051_e0,import
S120C566_Prevotella_sp900548535,ERR1620330_sub,1e-06,EX_cpd00099_e0,-0.00035090489186337994,0.0040600617150853046,cpd00099_e0,import
S120C566_Prevotella_sp900548535,ERR1620330_sub,1e-06,EX_cpd00205_e0,-0.00035090489186337994,0.0040600617150853046,cpd00205_e0,import
S120C566_Prevotella_sp900548535,ERR1620330_sub,1e-06,EX_cpd00204_e0,0.00018986073805767276,0.0040600617150853046,cpd00204_e0,export
S120C566_Prevotella_sp900548535,ERR1620330_sub,1e-06,EX_cpd00132_e0,-0.01100796351543049,0.0040600617150853046,cpd00132_e0,import
S120C566_Prevotella_sp900548535,ERR1620330_sub,1e-06,EX_cpd00232_e0,-0.0026552772367833687,0.0040600617150853046,cpd00232_e0,import
S120C566_Prevotella_sp900548535,ERR1620330_sub,1e-06,EX_cpd00220_e0,-0.0003797214761153455,0.0040600617150853046,cpd00220_e0,import
S120C566_Prevotella_sp900548535,ERR1620330_sub,1e-06,EX_cpd00048_e0,-0.00035090489186337994,0.0040600617150853046,cpd00048_e0,import
S120C566_Prevotella_sp900548535,ERR1620330_sub,1e-06,EX_cpd00067_e0,0.3879761570060495,0.0040600617150853046,cpd00067_e0,export
S120C566_Prevotella_sp900548535,ERR1620330_sub,1e-06,EX_cpd00119_e0,-0.004326273870693215,0.0040600617150853046,cpd00119_e0,import
S120C566_Prevotella_sp900548535,ERR1620330_sub,1e-06,EX_cpd00069_e0,-0.006486992705400034,0.0040600617150853046,cpd00069_e0,import
S120C566_Prevotella_sp900548535,ERR1620330_sub,1e-06,EX_cpd00063_e0,-0.00035090489186337994,0.0040600617150853046,cpd00063_e0,import
S120C566_Prevotella_sp900548535,ERR1620330_sub,1e-06,EX_cpd10515_e0,-0.0005407656299210527,0.0040600617150853046,cpd10515_e0,import
S120C566_Prevotella_sp900548535,ERR1620330_sub,1e-06,EX_cpd00054_e0,-0.012115302300380246,0.0040600617150853046,cpd00054_e0,import
S120C566_Prevotella_sp900548535,ERR1620330_sub,1e-06,EX_cpd00029_e0,0.34357759032425783,0.0040600617150853046,cpd00029_e0,export
S120C566_Prevotella_sp900548535,ERR1620330_sub,1e-06,EX_cpd00060_e0,-0.006258734660227162,0.0040600617150853046,cpd00060_e0,import
S120C566_Prevotella_sp900548535,ERR1620330_sub,1e-06,EX_cpd00065_e0,-0.0025957643224159203,0.0040600617150853046,cpd00065_e0,import
S120C566_Prevotella_sp900548535,ERR1620330_sub,1e-06,EX_cpd00017_e0,-0.0009493036902883638,0.0040600617150853046,cpd00017_e0,import
S120C566_Prevotella_sp900548535,ERR1620330_sub,1e-06,EX_cpd00084_e0,-0.0045617862177854485,0.0040600617150853046,cpd00084_e0,import
S120C566_Prevotella_sp900548535,ERR1620330_sub,1e-06,EX_cpd00161_e0,-0.028856223541392525,0.0040600617150853046,cpd00161_e0,import
S120C566_Prevotella_sp900548535,ERR1620330_sub,1e-06,EX_cpd00182_e0,-0.008958043276915675,0.0040600617150853046,cpd00182_e0,import
S120C566_Prevotella_sp900548535,ERR1620330_sub,1e-06,EX_cpd00039_e0,-0.015670725353844304,0.0040600617150853046,cpd00039_e0,import
S120C566_Prevotella_sp900548535,ERR1620330_sub,1e-06,EX_cpd00030_e0,-0.00035090489186337994,0.0040600617150853046,cpd00030_e0,import
S120C566_Prevotella_sp900548535,ERR1620330_sub,1e-06,EX_cpd00311_e0,-0.08658571744917415,0.0040600617150853046,cpd00311_e0,import
S120C566_Prevotella_sp900548535,ERR1620330_sub,1e-06,EX_cpd00009_e0,-0.04725928242715477,0.0040600617150853046,cpd00009_e0,import
S120C566_Prevotella_sp900548535,ERR1620330_sub,1e-06,EX_cpd00254_e0,-0.00035090489186337994,0.0040600617150853046,cpd00254_e0,import
S120C566_Prevotella_sp900548535,ERR1620330_sub,1e-06,EX_cpd01217_e0,-0.35562817575157857,0.0040600617150853046,cpd01217_e0,import
S121C65_Clostridium_Q_sp003024715,ERR1620330_sub,1e-06,EX_cpd00003_e0,-0.0004669567533900354,0.007629167311582449,cpd00003_e0,import
S121C65_Clostridium_Q_sp003024715,ERR1620330_sub,1e-06,EX_cpd00149_e0,-0.0006594013389779262,0.007629167311582449,cpd00149_e0,import
S121C65_Clostridium_Q_sp003024715,ERR1620330_sub,1e-06,EX_cpd00229_e0,0.001400870260169914,0.007629167311582449,cpd00229_e0,export
S121C65_Clostridium_Q_sp003024715,ERR1620330_sub,1e-06,EX_cpd00047_e0,0.0023817499403543854,0.007629167311582449,cpd00047_e0,export
S121C65_Clostridium_Q_sp003024715,ERR1620330_sub,1e-06,EX_cpd00033_e0,-0.04398441784634265,0.007629167311582449,cpd00033_e0,import
S121C65_Clostridium_Q_sp003024715,ERR1620330_sub,1e-06,EX_cpd00129_e0,-0.01689242316126847,0.007629167311582449,cpd00129_e0,import
S121C65_Clostridium_Q_sp003024715,ERR1620330_sub,1e-06,EX_cpd00309_e0,0.07037588857108669,0.007629167311582449,cpd00309_e0,export
S121C65_Clostridium_Q_sp003024715,ERR1620330_sub,1e-06,EX_cpd00023_e0,-0.056799569962380586,0.007629167311582449,cpd00023_e0,import
S121C65_Clostridium_Q_sp003024715,ERR1620330_sub,1e-06,EX_cpd00367_e0,-1.3056171000542238,0.007629167311582449,cpd00367_e0,import
S121C65_Clostridium_Q_sp003024715,ERR1620330_sub,1e-06,EX_cpd10516_e0,-0.0006594013389779262,0.007629167311582449,cpd10516_e0,import
S121C65_Clostridium_Q_sp003024715,ERR1620330_sub,1e-06,EX_cpd00028_e0,-0.0004669567533899713,0.007629167311582449,cpd00028_e0,import
S121C65_Clostridium_Q_sp003024715,ERR1620330_sub,1e-06,EX_cpd00058_e0,-0.0006594013389779262,0.007629167311582449,cpd00058_e0,import
S121C65_Clostridium_Q_sp003024715,ERR1620330_sub,1e-06,EX_cpd00036_e0,-0.0037356540271197836,0.007629167311582449,cpd00036_e0,import
S121C65_Clostridium_Q_sp003024715,ERR1620330_sub,1e-06,EX_cpd00363_e0,0.0004669567533899713,0.007629167311582449,cpd00363_e0,export
S121C65_Clostridium_Q_sp003024715,ERR1620330_sub,1e-06,EX_cpd00322_e0,-0.028368954927321114,0.007629167311582449,cpd00322_e0,import
S121C65_Clostridium_Q_sp003024715,ERR1620330_sub,1e-06,EX_cpd00011_e0,0.7959928764099766,0.007629167311582449,cpd00011_e0,export
S121C65_Clostridium_Q_sp003024715,ERR1620330_sub,1e-06,EX_cpd00034_e0,-0.0006594013389779262,0.007629167311582449,cpd00034_e0,import
S121C65_Clostridium_Q_sp003024715,ERR1620330_sub,1e-06,EX_cpd00264_e0,-0.0004669567533899713,0.007629167311582449,cpd00264_e0,import
S121C65_Clostridium_Q_sp003024715,ERR1620330_sub,1e-06,EX_cpd00051_e0,-0.020755057852928756,0.007629167311582449,cpd00051_e0,import
S121C65_Clostridium_Q_sp003024715,ERR1620330_sub,1e-06,EX_cpd23431_e0,-0.4527333229711905,0.007629167311582449,cpd23431_e0,import
S121C65_Clostridium_Q_sp003024715,ERR1620330_sub,1e-06,EX_cpd00099_e0,-0.0006594013389779262,0.007629167311582449,cpd00099_e0,import
S121C65_Clostridium_Q_sp003024715,ERR1620330_sub,1e-06,EX_cpd00205_e0,-0.0006594013389779262,0.007629167311582449,cpd00205_e0,import
S121C65_Clostridium_Q_sp003024715,ERR1620330_sub,1e-06,EX_cpd00132_e0,-0.015559941944985218,0.007629167311582449,cpd00132_e0,import
S121C65_Clostridium_Q_sp003024715,ERR1620330_sub,1e-06,EX_cpd00526_e0,0.4527333229711905,0.007629167311582449,cpd00526_e0,export
S121C65_Clostridium_Q_sp003024715,ERR1620330_sub,1e-06,EX_cpd00220_e0,-0.0009339135067799426,0.007629167311582449,cpd00220_e0,import
S121C65_Clostridium_Q_sp003024715,ERR1620330_sub,1e-06,EX_cpd00048_e0,-0.0006594013389779262,0.007629167311582449,cpd00048_e0,import
S121C65_Clostridium_Q_sp003024715,ERR1620330_sub,1e-06,EX_cpd00067_e0,0.08299462047440859,0.007629167311582449,cpd00067_e0,export
S121C65_Clostridium_Q_sp003024715,ERR1620330_sub,1e-06,EX_cpd00119_e0,-0.008596653008279134,0.007629167311582449,cpd00119_e0,import
S121C65_Clostridium_Q_sp003024715,ERR1620330_sub,1e-06,EX_cpd00069_e0,-0.012115421579608156,0.007629167311582449,cpd00069_e0,import
S121C65_Clostridium_Q_sp003024715,ERR1620330_sub,1e-06,EX_cpd00063_e0,-0.0006594013389779262,0.007629167311582449,cpd00063_e0,import
S121C65_Clostridium_Q_sp003024715,ERR1620330_sub,1e-06,EX_cpd10515_e0,-0.0011263580923678977,0.007629167311582449,cpd10515_e0,import
S121C65_Clostridium_Q_sp003024715,ERR1620330_sub,1e-06,EX_cpd00054_e0,-0.02872013517019747,0.007629167311582449,cpd00054_e0,import
S121C65_Clostridium_Q_sp003024715,ERR1620330_sub,1e-06,EX_cpd00060_e0,-0.010505494156296724,0.007629167311582449,cpd00060_e0,import
S121C65_Clostridium_Q_sp003024715,ERR1620330_sub,1e-06,EX_cpd00107_e0,-0.044102465708798944,0.007629167311582449,cpd00107_e0,import
S121C65_Clostridium_Q_sp003024715,ERR1620330_sub,1e-06,EX_cpd00065_e0,-0.005716774250505622,0.007629167311582449,cpd00065_e0,import
S121C65_Clostridium_Q_sp003024715,ERR1620330_sub,1e-06,EX_cpd00211_e0,0.2741090965012069,0.007629167311582449,cpd00211_e0,export
S121C65_Clostridium_Q_sp003024715,ERR1620330_sub,1e-06,EX_cpd00017_e0,-0.0018678270135598853,0.007629167311582449,cpd00017_e0,import
S121C65_Clostridium_Q_sp003024715,ERR1620330_sub,1e-06,EX_cpd00644_e0,-0.000933913506779932,0.007629167311582449,cpd00644_e0,import
S121C65_Clostridium_Q_sp003024715,ERR1620330_sub,1e-06,EX_cpd00084_e0,-0.007842500854313875,0.007629167311582449,cpd00084_e0,import
S121C65_Clostridium_Q_sp003024715,ERR1620330_sub,1e-06,EX_cpd00161_e0,-0.02725302581257184,0.007629167311582449,cpd00161_e0,import
S121C65_Clostridium_Q_sp003024715,ERR1620330_sub,1e-06,EX_cpd00182_e0,-0.006074118644514374,0.007629167311582449,cpd00182_e0,import
S121C65_Clostridium_Q_sp003024715,ERR1620330_sub,1e-06,EX_cpd00030_e0,-0.0006594013389779262,0.007629167311582449,cpd00030_e0,import
S121C65_Clostridium_Q_sp003024715,ERR1620330_sub,1e-06,EX_cpd00001_e0,-0.23720836284654068,0.007629167311582449,cpd00001_e0,import
S121C65_Clostridium_Q_sp003024715,ERR1620330_sub,1e-06,EX_cpd00311_e0,-0.009810246511667465,0.007629167311582449,cpd00311_e0,import
S121C65_Clostridium_Q_sp003024715,ERR1620330_sub,1e-06,EX_cpd00009_e0,-0.11894713322993204,0.007629167311582449,cpd00009_e0,import
S121C65_Clostridium_Q_sp003024715,ERR1620330_sub,1e-06,EX_cpd00006_e0,-0.00046695675338992437,0.007629167311582449,cpd00006_e0,import
S121C65_Clostridium_Q_sp003024715,ERR1620330_sub,1e-06,EX_cpd00035_e0,1.0849381820069728,0.007629167311582449,cpd00035_e0,export
S121C65_Clostridium_Q_sp003024715,ERR1620330_sub,1e-06,EX_cpd00092_e0,1.294255641616592,0.007629167311582449,cpd00092_e0,export
S121C65_Clostridium_Q_sp003024715,ERR1620330_sub,1e-06,EX_cpd00254_e0,-0.0006594013389779262,0.007629167311582449,cpd00254_e0,import
S121C65_Clostridium_Q_sp003024715,ERR1620330_sub,1e-06,EX_cpd00073_e0,0.0004669567533899713,0.007629167311582449,cpd00073_e0,export
S121C65_Clostridium_Q_sp003024715,ERR1620330_sub,1e-06,EX_cpd01217_e0,-0.07037588857108669,0.007629167311582449,cpd01217_e0,import
S160C1228_Collinsella_sp002232035,ERR1620330_sub,1e-06,EX_cpd00149_e0,-0.000619172713428715,0.0051517960270802,cpd00149_e0,import
S160C1228_Collinsella_sp002232035,ERR1620330_sub,1e-06,EX_cpd00013_e0,0.7453654784664273,0.0051517960270802,cpd00013_e0,export
S160C1228_Collinsella_sp002232035,ERR1620330_sub,1e-06,EX_cpd00053_e0,-0.026148394261323475,0.0051517960270802,cpd00053_e0,import
S160C1228_Collinsella_sp002232035,ERR1620330_sub,1e-06,EX_cpd00064_e0,0.8813762997473198,0.0051517960270802,cpd00064_e0,export
S160C1228_Collinsella_sp002232035,ERR1620330_sub,1e-06,EX_cpd00281_e0,-0.002630812492723909,0.0051517960270802,cpd00281_e0,import
S160C1228_Collinsella_sp002232035,ERR1620330_sub,1e-06,EX_cpd00106_e0,-0.0008769374975746147,0.0051517960270802,cpd00106_e0,import
S160C1228_Collinsella_sp002232035,ERR1620330_sub,1e-06,EX_cpd00047_e0,0.06712355022812004,0.0051517960270802,cpd00047_e0,export
S160C1228_Collinsella_sp002232035,ERR1620330_sub,1e-06,EX_cpd00033_e0,-0.04426680835764724,0.0051517960270802,cpd00033_e0,import
S160C1228_Collinsella_sp002232035,ERR1620330_sub,1e-06,EX_cpd00324_e0,-0.000876937497574631,0.0051517960270802,cpd00324_e0,import
S160C1228_Collinsella_sp002232035,ERR1620330_sub,1e-06,EX_cpd00309_e0,0.06565146269947224,0.0051517960270802,cpd00309_e0,export
S160C1228_Collinsella_sp002232035,ERR1620330_sub,1e-06,EX_cpd00023_e0,-0.025870552603733943,0.0051517960270802,cpd00023_e0,import
S160C1228_Collinsella_sp002232035,ERR1620330_sub,1e-06,EX_cpd00216_e0,-0.017355208744726174,0.0051517960270802,cpd00216_e0,import
S160C1228_Collinsella_sp002232035,ERR1620330_sub,1e-06,EX_cpd10516_e0,-0.000619172713428715,0.0051517960270802,cpd10516_e0,import
S160C1228_Collinsella_sp002232035,ERR1620330_sub,1e-06,EX_cpd00028_e0,-0.0004384687487873155,0.0051517960270802,cpd00028_e0,import
S160C1228_Collinsella_sp002232035,ERR1620330_sub,1e-06,EX_cpd00058_e0,-0.000619172713428715,0.0051517960270802,cpd00058_e0,import
S160C1228_Collinsella_sp002232035,ERR1620330_sub,1e-06,EX_cpd00322_e0,-0.03382401255814202,0.0051517960270802,cpd00322_e0,import
S160C1228_Collinsella_sp002232035,ERR1620330_sub,1e-06,EX_cpd00011_e0,1.0764611528012145,0.0051517960270802,cpd00011_e0,export
S160C1228_Collinsella_sp002232035,ERR1620330_sub,1e-06,EX_cpd00305_e0,-0.0004384687487873155,0.0051517960270802,cpd00305_e0,import
S160C1228_Collinsella_sp002232035,ERR1620330_sub,1e-06,EX_cpd00034_e0,-0.000619172713428715,0.0051517960270802,cpd00034_e0,import
S160C1228_Collinsella_sp002232035,ERR1620330_sub,1e-06,EX_cpd00156_e0,-0.030311073877417046,0.0051517960270802,cpd00156_e0,import
S160C1228_Collinsella_sp002232035,ERR1620330_sub,1e-06,EX_cpd00122_e0,-0.017668980031735077,0.0051517960270802,cpd00122_e0,import
S160C1228_Collinsella_sp002232035,ERR1620330_sub,1e-06,EX_cpd00051_e0,-0.9171654594871923,0.0051517960270802,cpd00051_e0,import
S160C1228_Collinsella_sp002232035,ERR1620330_sub,1e-06,EX_cpd00099_e0,-0.000619172713428715,0.0051517960270802,cpd00099_e0,import
S160C1228_Collinsella_sp002232035,ERR1620330_sub,1e-06,EX_cpd00205_e0,-0.000619172713428715,0.0051517960270802,cpd00205_e0,import
S160C1228_Collinsella_sp002232035,ERR1620330_sub,1e-06,EX_cpd00132_e0,-0.014610664106025248,0.0051517960270802,cpd00132_e0,import
S160C1228_Collinsella_sp002232035,ERR1620330_sub,1e-06,EX_cpd00220_e0,-0.000876937497574631,0.0051517960270802,cpd00220_e0,import
S160C1228_Collinsella_sp002232035,ERR1620330_sub,1e-06,EX_cpd00794_e0,-0.013733616297394084,0.0051517960270802,cpd00794_e0,import
S160C1228_Collinsella_sp002232035,ERR1620330_sub,1e-06,EX_cpd00048_e0,-0.0006191727134287148,0.0051517960270802,cpd00048_e0,import
S160C1228_Collinsella_sp002232035,ERR1620330_sub,1e-06,EX_cpd00067_e0,0.6320081747569571,0.0051517960270802,cpd00067_e0,export
S160C1228_Collinsella_sp002232035,ERR1620330_sub,1e-06,EX_cpd00119_e0,-0.00807219011382611,0.0051517960270802,cpd00119_e0,import
S160C1228_Collinsella_sp002232035,ERR1620330_sub,1e-06,EX_cpd00069_e0,-0.010937817604234342,0.0051517960270802,cpd00069_e0,import
S160C1228_Collinsella_sp002232035,ERR1620330_sub,1e-06,EX_cpd00063_e0,-0.000619172713428715,0.0051517960270802,cpd00063_e0,import
S160C1228_Collinsella_sp002232035,ERR1620330_sub,1e-06,EX_cpd10515_e0,-0.0010576414622160304,0.0051517960270802,cpd10515_e0,import
S160C1228_Collinsella_sp002232035,ERR1620330_sub,1e-06,EX_cpd00054_e0,-0.024440668518495356,0.0051517960270802,cpd00054_e0,import
S160C1228_Collinsella_sp002232035,ERR1620330_sub,1e-06,EX_cpd00029_e0,1.452318099705118,0.0051517960270802,cpd00029_e0,export
S160C1228_Collinsella_sp002232035,ERR1620330_sub,1e-06,EX_cpd00060_e0,-0.010303045810074568,0.0051517960270802,cpd00060_e0,import
S160C1228_Collinsella_sp002232035,ERR1620330_sub,1e-06,EX_cpd00107_e0,-0.041411871265138595,0.0051517960270802,cpd00107_e0,import
S160C1228_Collinsella_sp002232035,ERR1620330_sub,1e-06,EX_cpd00065_e0,-0.0053680064256943615,0.0051517960270802,cpd00065_e0,import
S160C1228_Collinsella_sp002232035,ERR1620330_sub,1e-06,EX_cpd00017_e0,-0.0013154062463619463,0.0051517960270802,cpd00017_e0,import
S160C1228_Collinsella_sp002232035,ERR1620330_sub,1e-06,EX_cpd00644_e0,-0.0008769374975746286,0.0051517960270802,cpd00644_e0,import
S160C1228_Collinsella_sp002232035,ERR1620330_sub,1e-06,EX_cpd00084_e0,-0.006048640877896462,0.0051517960270802,cpd00084_e0,import
S160C1228_Collinsella_sp002232035,ERR1620330_sub,1e-06,EX_cpd00100_e0,0.0022127881698506793,0.0051517960270802,cpd00100_e0,export
S160C1228_Collinsella_sp002232035,ERR1620330_sub,1e-06,EX_cpd00161_e0,-0.018404593459523538,0.0051517960270802,cpd00161_e0,import
S160C1228_Collinsella_sp002232035,ERR1620330_sub,1e-06,EX_cpd00182_e0,-0.007018956270444504,0.0051517960270802,cpd00182_e0,import
S160C1228_Collinsella_sp002232035,ERR1620330_sub,1e-06,EX_cpd00393_e0,-0.0013154062463619466,0.0051517960270802,cpd00393_e0,import
S160C1228_Collinsella_sp002232035,ERR1620330_sub,1e-06,EX_cpd00039_e0,-0.03188515094961313,0.0051517960270802,cpd00039_e0,import
S160C1228_Collinsella_sp002232035,ERR1620330_sub,1e-06,EX_cpd00030_e0,-0.000619172713428715,0.0051517960270802,cpd00030_e0,import
S160C1228_Collinsella_sp002232035,ERR1620330_sub,1e-06,EX_cpd00311_e0,-0.00789633870012059,0.0051517960270802,cpd00311_e0,import
S160C1228_Collinsella_sp002232035,ERR1620330_sub,1e-06,EX_cpd00009_e0,-0.11388277396157984,0.0051517960270802,cpd00009_e0,import
S160C1228_Collinsella_sp002232035,ERR1620330_sub,1e-06,EX_cpd00035_e0,0.9996018679882892,0.0051517960270802,cpd00035_e0,export
S160C1228_Collinsella_sp002232035,ERR1620330_sub,1e-06,EX_cpd00254_e0,-0.000619172713428715,0.0051517960270802,cpd00254_e0,import
S160C1228_Collinsella_sp002232035,ERR1620330_sub,1e-06,EX_cpd01217_e0,-0.06565146269947224,0.0051517960270802,cpd01217_e0,import
S160C1228_Collinsella_sp002232035,ERR1620330_sub,1e-06,EX_cpd00249_e0,-0.010668320844237187,0.0051517960270802,cpd00249_e0,import
S160C1228_Collinsella_sp002232035,ERR1620330_sub,1e-06,EX_cpd00082_e0,-1.0939782872479464,0.0051517960270802,cpd00082_e0,import
S161C58_Fusicatenibacter_saccharivorans,ERR1620330_sub,1e-06,EX_cpd00149_e0,-0.000895281893706186,0.005846068369721495,cpd00149_e0,import
S161C58_Fusicatenibacter_saccharivorans,ERR1620330_sub,1e-06,EX_cpd00066_e0,-0.025094458805529175,0.005846068369721495,cpd00066_e0,import
S161C58_Fusicatenibacter_saccharivorans,ERR1620330_sub,1e-06,EX_cpd00129_e0,-0.022935168164123092,0.005846068369721495,cpd00129_e0,import
S161C58_Fusicatenibacter_saccharivorans,ERR1620330_sub,1e-06,EX_cpd00309_e0,1.2861986031201005,0.005846068369721495,cpd00309_e0,export
S161C58_Fusicatenibacter_saccharivorans,ERR1620330_sub,1e-06,EX_cpd00023_e0,-0.08028785060088972,0.005846068369721495,cpd00023_e0,import
S161C58_Fusicatenibacter_saccharivorans,ERR1620330_sub,1e-06,EX_cpd00367_e0,-0.015425670868478078,0.005846068369721495,cpd00367_e0,import
S161C58_Fusicatenibacter_saccharivorans,ERR1620330_sub,1e-06,EX_cpd10516_e0,-0.000895281893706186,0.005846068369721495,cpd10516_e0,import
S161C58_Fusicatenibacter_saccharivorans,ERR1620330_sub,1e-06,EX_cpd00028_e0,-0.0006339961746238746,0.005846068369721495,cpd00028_e0,import
S161C58_Fusicatenibacter_saccharivorans,ERR1620330_sub,1e-06,EX_cpd00058_e0,-0.000895281893706186,0.005846068369721495,cpd00058_e0,import
S161C58_Fusicatenibacter_saccharivorans,ERR1620330_sub,1e-06,EX_cpd00036_e0,0.001267992349247779,0.005846068369721495,cpd00036_e0,export
S161C58_Fusicatenibacter_saccharivorans,ERR1620330_sub,1e-06,EX_cpd00363_e0,1.2836626184216051,0.005846068369721495,cpd00363_e0,export
S161C58_Fusicatenibacter_saccharivorans,ERR1620330_sub,1e-06,EX_cpd00322_e0,-0.047639243643285305,0.005846068369721495,cpd00322_e0,import
S161C58_Fusicatenibacter_saccharivorans,ERR1620330_sub,1e-06,EX_cpd00011_e0,0.07208165358094697,0.005846068369721495,cpd00011_e0,export
S161C58_Fusicatenibacter_saccharivorans,ERR1620330_sub,1e-06,EX_cpd00305_e0,-0.0006339961746238746,0.005846068369721495,cpd00305_e0,import
S161C58_Fusicatenibacter_saccharivorans,ERR1620330_sub,1e-06,EX_cpd00034_e0,-0.000895281893706186,0.005846068369721495,cpd00034_e0,import
S161C58_Fusicatenibacter_saccharivorans,ERR1620330_sub,1e-06,EX_cpd00156_e0,-0.043827764099889234,0.005846068369721495,cpd00156_e0,import
S161C58_Fusicatenibacter_saccharivorans,ERR1620330_sub,1e-06,EX_cpd00027_e0,-0.039715761820568934,0.005846068369721495,cpd00027_e0,import
S161C58_Fusicatenibacter_saccharivorans,ERR1620330_sub,1e-06,EX_cpd00051_e0,-0.028813537828805334,0.005846068369721495,cpd00051_e0,import
S161C58_Fusicatenibacter_saccharivorans,ERR1620330_sub,1e-06,EX_cpd00099_e0,-0.000895281893706186,0.005846068369721495,cpd00099_e0,import
S161C58_Fusicatenibacter_saccharivorans,ERR1620330_sub,1e-06,EX_cpd00205_e0,-0.000895281893706186,0.005846068369721495,cpd00205_e0,import
S161C58_Fusicatenibacter_saccharivorans,ERR1620330_sub,1e-06,EX_cpd00204_e0,1.393625866409001,0.005846068369721495,cpd00204_e0,export
S161C58_Fusicatenibacter_saccharivorans,ERR1620330_sub,1e-06,EX_cpd00132_e0,-0.021126032761864033,0.005846068369721495,cpd00132_e0,import
S161C58_Fusicatenibacter_saccharivorans,ERR1620330_sub,1e-06,EX_cpd00220_e0,-0.0012679923492477491,0.005846068369721495,cpd00220_e0,import
S161C58_Fusicatenibacter_saccharivorans,ERR1620330_sub,1e-06,EX_cpd00048_e0,-0.000895281893706186,0.005846068369721495,cpd00048_e0,import
S161C58_Fusicatenibacter_saccharivorans,ERR1620330_sub,1e-06,EX_cpd00119_e0,-0.011671841304897266,0.005846068369721495,cpd00119_e0,import
S161C58_Fusicatenibacter_saccharivorans,ERR1620330_sub,1e-06,EX_cpd00069_e0,-0.01581534496813574,0.005846068369721495,cpd00069_e0,import
S161C58_Fusicatenibacter_saccharivorans,ERR1620330_sub,1e-06,EX_cpd00063_e0,-0.000895281893706186,0.005846068369721495,cpd00063_e0,import
S161C58_Fusicatenibacter_saccharivorans,ERR1620330_sub,1e-06,EX_cpd10515_e0,-0.0015292780683300606,0.005846068369721495,cpd10515_e0,import
S161C58_Fusicatenibacter_saccharivorans,ERR1620330_sub,1e-06,EX_cpd00054_e0,-0.0942743982244382,0.005846068369721495,cpd00054_e0,import
S161C58_Fusicatenibacter_saccharivorans,ERR1620330_sub,1e-06,EX_cpd00029_e0,1.4672081635605725,0.005846068369721495,cpd00029_e0,export
S161C58_Fusicatenibacter_saccharivorans,ERR1620330_sub,1e-06,EX_cpd00041_e0,0.14239348499232893,0.005846068369721495,cpd00041_e0,export
S161C58_Fusicatenibacter_saccharivorans,ERR1620330_sub,1e-06,EX_cpd00060_e0,-0.016165500207282767,0.005846068369721495,cpd00060_e0,import
S161C58_Fusicatenibacter_saccharivorans,ERR1620330_sub,1e-06,EX_cpd00107_e0,-0.059878766819136536,0.005846068369721495,cpd00107_e0,import
S161C58_Fusicatenibacter_saccharivorans,ERR1620330_sub,1e-06,EX_cpd00065_e0,-0.00776177446775668,0.005846068369721495,cpd00065_e0,import
S161C58_Fusicatenibacter_saccharivorans,ERR1620330_sub,1e-06,EX_cpd00017_e0,-0.0019019885238716237,0.005846068369721495,cpd00017_e0,import
S161C58_Fusicatenibacter_saccharivorans,ERR1620330_sub,1e-06,EX_cpd00644_e0,-0.0012679923492477374,0.005846068369721495,cpd00644_e0,import
S161C58_Fusicatenibacter_saccharivorans,ERR1620330_sub,1e-06,EX_cpd00277_e0,-1.2854149556492396,0.005846068369721495,cpd00277_e0,import
S161C58_Fusicatenibacter_saccharivorans,ERR1620330_sub,1e-06,EX_cpd00084_e0,-0.008745925881527467,0.005846068369721495,cpd00084_e0,import
S161C58_Fusicatenibacter_saccharivorans,ERR1620330_sub,1e-06,EX_cpd00161_e0,-0.026611798175165773,0.005846068369721495,cpd00161_e0,import
S161C58_Fusicatenibacter_saccharivorans,ERR1620330_sub,1e-06,EX_cpd00182_e0,-0.010148936355490079,0.005846068369721495,cpd00182_e0,import
S161C58_Fusicatenibacter_saccharivorans,ERR1620330_sub,1e-06,EX_cpd00393_e0,-0.00190198852387162,0.005846068369721495,cpd00393_e0,import
S161C58_Fusicatenibacter_saccharivorans,ERR1620330_sub,1e-06,EX_cpd00039_e0,-0.0461037731543442,0.005846068369721495,cpd00039_e0,import
S161C58_Fusicatenibacter_saccharivorans,ERR1620330_sub,1e-06,EX_cpd00030_e0,-0.000895281893706186,0.005846068369721495,cpd00030_e0,import
S161C58_Fusicatenibacter_saccharivorans,ERR1620330_sub,1e-06,EX_cpd00311_e0,-0.011417572046484099,0.005846068369721495,cpd00311_e0,import
S161C58_Fusicatenibacter_saccharivorans,ERR1620330_sub,1e-06,EX_cpd00009_e0,-0.16466679380659738,0.005846068369721495,cpd00009_e0,import
S161C58_Fusicatenibacter_saccharivorans,ERR1620330_sub,1e-06,EX_cpd00035_e0,1.0218588833916844,0.005846068369721495,cpd00035_e0,export
S161C58_Fusicatenibacter_saccharivorans,ERR1620330_sub,1e-06,EX_cpd00254_e0,-0.000895281893706186,0.005846068369721495,cpd00254_e0,import
S161C58_Fusicatenibacter_saccharivorans,ERR1620330_sub,1e-06,EX_cpd01217_e0,-0.0007836474708608279,0.005846068369721495,cpd01217_e0,import
S161C58_Fusicatenibacter_saccharivorans,ERR1620330_sub,1e-06,EX_cpd00082_e0,-0.9031007233594008,0.005846068369721495,cpd00082_e0,import
S189C697_Escherichia_coli,ERR1620330_sub,1e-06,EX_cpd00003_e0,-0.060018203921647785,0.003288623148793478,cpd00003_e0,import
S189C697_Escherichia_coli,ERR1620330_sub,1e-06,EX_cpd00149_e0,-0.0002842420207691841,0.003288623148793478,cpd00149_e0,import
S189C697_Escherichia_coli,ERR1620330_sub,1e-06,EX_cpd00013_e0,0.019354906898965275,0.003288623148793478,cpd00013_e0,export
S189C697_Escherichia_coli,ERR1620330_sub,1e-06,EX_cpd00133_e0,0.05988617754875195,0.003288623148793478,cpd00133_e0,export
S189C697_Escherichia_coli,ERR1620330_sub,1e-06,EX_cpd00053_e0,-0.00973442643038893,0.003288623148793478,cpd00053_e0,import
S189C697_Escherichia_coli,ERR1620330_sub,1e-06,EX_cpd00066_e0,-0.0068530362069938126,0.003288623148793478,cpd00066_e0,import
S189C697_Escherichia_coli,ERR1620330_sub,1e-06,EX_cpd11640_e0,0.01226733814170275,0.003288623148793478,cpd11640_e0,export
S189C697_Escherichia_coli,ERR1620330_sub,1e-06,EX_cpd00007_e0,-0.04525617139287078,0.003288623148793478,cpd00007_e0,import
S189C697_Escherichia_coli,ERR1620330_sub,1e-06,EX_cpd00010_e0,-0.0002640527457915959,0.003288623148793478,cpd00010_e0,import
S189C697_Escherichia_coli,ERR1620330_sub,1e-06,EX_cpd00139_e0,-0.003781202889812337,0.003288623148793478,cpd00139_e0,import
S189C697_Escherichia_coli,ERR1620330_sub,1e-06,EX_cpd00033_e0,-0.01835243634854999,0.003288623148793478,cpd00033_e0,import
S189C697_Escherichia_coli,ERR1620330_sub,1e-06,EX_cpd00129_e0,-0.00817691820152671,0.003288623148793478,cpd00129_e0,import
S189C697_Escherichia_coli,ERR1620330_sub,1e-06,EX_cpd00309_e0,0.0527401918957885,0.003288623148793478,cpd00309_e0,export
S189C697_Escherichia_coli,ERR1620330_sub,1e-06,EX_cpd00367_e0,-0.01123147564470521,0.003288623148793478,cpd00367_e0,import
S189C697_Escherichia_coli,ERR1620330_sub,1e-06,EX_cpd00184_e0,-0.000961848142462943,0.003288623148793478,cpd00184_e0,import
S189C697_Escherichia_coli,ERR1620330_sub,1e-06,EX_cpd00028_e0,-0.0001320263728957889,0.003288623148793478,cpd00028_e0,import
S189C697_Escherichia_coli,ERR1620330_sub,1e-06,EX_cpd00024_e0,-0.011724427308713894,0.003288623148793478,cpd00024_e0,import
S189C697_Escherichia_coli,ERR1620330_sub,1e-06,EX_cpd00058_e0,-0.0002842420207691841,0.003288623148793478,cpd00058_e0,import
S189C697_Escherichia_coli,ERR1620330_sub,1e-06,EX_cpd00036_e0,0.18390225033636792,0.003288623148793478,cpd00036_e0,export
S189C697_Escherichia_coli,ERR1620330_sub,1e-06,EX_cpd01741_e0,-0.006469756772168758,0.003288623148793478,cpd01741_e0,import
S189C697_Escherichia_coli,ERR1620330_sub,1e-06,EX_cpd00322_e0,-0.013990298892490453,0.003288623148793478,cpd00322_e0,import
S189C697_Escherichia_coli,ERR1620330_sub,1e-06,EX_cpd00305_e0,-0.0001320263728957889,0.003288623148793478,cpd00305_e0,import
S189C697_Escherichia_coli,ERR1620330_sub,1e-06,EX_cpd00034_e0,-0.0002842420207691841,0.003288623148793478,cpd00034_e0,import
S189C697_Escherichia_coli,ERR1620330_sub,1e-06,EX_cpd00264_e0,-0.0001320263728957889,0.003288623148793478,cpd00264_e0,import
S189C697_Escherichia_coli,ERR1620330_sub,1e-06,EX_cpd00156_e0,-0.015652957700065417,0.003288623148793478,cpd00156_e0,import
S189C697_Escherichia_coli,ERR1620330_sub,1e-06,EX_cpd00122_e0,-0.0021508431058851365,0.003288623148793478,cpd00122_e0,import
S189C697_Escherichia_coli,ERR1620330_sub,1e-06,EX_cpd00080_e0,-0.008514166797520263,0.003288623148793478,cpd00080_e0,import
S189C697_Escherichia_coli,ERR1620330_sub,1e-06,EX_cpd00051_e0,-0.011073521680652957,0.003288623148793478,cpd00051_e0,import
S189C697_Escherichia_coli,ERR1620330_sub,1e-06,EX_cpd00099_e0,-0.0002842420207691841,0.003288623148793478,cpd00099_e0,import
S189C697_Escherichia_coli,ERR1620330_sub,1e-06,EX_cpd00205_e0,-0.0002842420207691841,0.003288623148793478,cpd00205_e0,import
S189C697_Escherichia_coli,ERR1620330_sub,1e-06,EX_cpd00132_e0,-0.008916734610236267,0.003288623148793478,cpd00132_e0,import
S189C697_Escherichia_coli,ERR1620330_sub,1e-06,EX_cpd00220_e0,-0.00026405274579157777,0.003288623148793478,cpd00220_e0,import
S189C697_Escherichia_coli,ERR1620330_sub,1e-06,EX_cpd00794_e0,-0.15208339233074347,0.003288623148793478,cpd00794_e0,import
S189C697_Escherichia_coli,ERR1620330_sub,1e-06,EX_cpd00048_e0,-0.0002842420207691841,0.003288623148793478,cpd00048_e0,import
S189C697_Escherichia_coli,ERR1620330_sub,1e-06,EX_cpd00067_e0,1.1372235643528619,0.003288623148793478,cpd00067_e0,export
S189C697_Escherichia_coli,ERR1620330_sub,1e-06,EX_cpd00119_e0,-0.003504393514940025,0.003288623148793478,cpd00119_e0,import
S189C697_Escherichia_coli,ERR1620330_sub,1e-06,EX_cpd00069_e0,-0.0051008394495238255,0.003288623148793478,cpd00069_e0,import
S189C697_Escherichia_coli,ERR1620330_sub,1e-06,EX_cpd00063_e0,-0.0002842420207691841,0.003288623148793478,cpd00063_e0,import
S189C697_Escherichia_coli,ERR1620330_sub,1e-06,EX_cpd10515_e0,-0.0007005104144341571,0.003288623148793478,cpd10515_e0,import
S189C697_Escherichia_coli,ERR1620330_sub,1e-06,EX_cpd00054_e0,-0.009858671079900785,0.003288623148793478,cpd00054_e0,import
S189C697_Escherichia_coli,ERR1620330_sub,1e-06,EX_cpd00029_e0,0.6849032675734905,0.003288623148793478,cpd00029_e0,export
S189C697_Escherichia_coli,ERR1620330_sub,1e-06,EX_cpd00060_e0,-0.005288825916659762,0.003288623148793478,cpd00060_e0,import
S189C697_Escherichia_coli,ERR1620330_sub,1e-06,EX_cpd00107_e0,-0.019908830162166904,0.003288623148793478,cpd00107_e0,import
S189C697_Escherichia_coli,ERR1620330_sub,1e-06,EX_cpd00065_e0,-0.002102636108964008,0.003288623148793478,cpd00065_e0,import
S189C697_Escherichia_coli,ERR1620330_sub,1e-06,EX_cpd00017_e0,-0.0005281054915831557,0.003288623148793478,cpd00017_e0,import
S189C697_Escherichia_coli,ERR1620330_sub,1e-06,EX_cpd00084_e0,-0.0035196067706711413,0.003288623148793478,cpd00084_e0,import
S189C697_Escherichia_coli,ERR1620330_sub,1e-06,EX_cpd00100_e0,0.0012163095425028949,0.003288623148793478,cpd00100_e0,export
S189C697_Escherichia_coli,ERR1620330_sub,1e-06,EX_cpd00161_e0,-0.009383987078894948,0.003288623148793478,cpd00161_e0,import
S189C697_Escherichia_coli,ERR1620330_sub,1e-06,EX_cpd00393_e0,-0.0003960791186873668,0.003288623148793478,cpd00393_e0,import
S189C697_Escherichia_coli,ERR1620330_sub,1e-06,EX_cpd00039_e0,-0.012693692065227195,0.003288623148793478,cpd00039_e0,import
S189C697_Escherichia_coli,ERR1620330_sub,1e-06,EX_cpd00030_e0,-0.0002842420207691841,0.003288623148793478,cpd00030_e0,import
S189C697_Escherichia_coli,ERR1620330_sub,1e-06,EX_cpd00311_e0,-0.008918002804661457,0.003288623148793478,cpd00311_e0,import
S189C697_Escherichia_coli,ERR1620330_sub,1e-06,EX_cpd00009_e0,0.09086130656324867,0.003288623148793478,cpd00009_e0,export
S189C697_Escherichia_coli,ERR1620330_sub,1e-06,EX_cpd00006_e0,-0.000132026372895791,0.003288623148793478,cpd00006_e0,import
S189C697_Escherichia_coli,ERR1620330_sub,1e-06,EX_cpd00254_e0,-0.0002842420207691841,0.003288623148793478,cpd00254_e0,import
S18C615_Streptococcus_thermophilus,ERR1620330_sub,1e-06,EX_cpd00003_e0,-0.13645947618480483,0.019444546338652814,cpd00003_e0,import
S18C615_Streptococcus_thermophilus,ERR1620330_sub,1e-06,EX_cpd00149_e0,-0.0016806773442667462,0.019444546338652814,cpd00149_e0,import
S18C615_Streptococcus_thermophilus,ERR1620330_sub,1e-06,EX_cpd00053_e0,-0.07454751525648842,0.019444546338652814,cpd00053_e0,import
S18C615_Streptococcus_thermophilus,ERR1620330_sub,1e-06,EX_cpd00066_e0,-0.047108836532473504,0.019444546338652814,cpd00066_e0,import
S18C615_Streptococcus_thermophilus,ERR1620330_sub,1e-06,EX_cpd00010_e0,-0.0023803519640747672,0.019444546338652814,cpd00010_e0,import
S18C615_Streptococcus_thermophilus,ERR1620330_sub,1e-06,EX_cpd00246_e0,0.09597352162574323,0.019444546338652814,cpd00246_e0,export
S18C615_Streptococcus_thermophilus,ERR1620330_sub,1e-06,EX_cpd00033_e0,-0.10853663684929402,0.019444546338652814,cpd00033_e0,import
S18C615_Streptococcus_thermophilus,ERR1620330_sub,1e-06,EX_cpd00129_e0,-0.0430552854820047,0.019444546338652814,cpd00129_e0,import
S18C615_Streptococcus_thermophilus,ERR1620330_sub,1e-06,EX_cpd00309_e0,1.9937108038982352,0.019444546338652814,cpd00309_e0,export
S18C615_Streptococcus_thermophilus,ERR1620330_sub,1e-06,EX_cpd00023_e0,-0.07974422404595768,0.019444546338652814,cpd00023_e0,import
S18C615_Streptococcus_thermophilus,ERR1620330_sub,1e-06,EX_cpd00367_e0,-0.03252853070593913,0.019444546338652814,cpd00367_e0,import
S18C615_Streptococcus_thermophilus,ERR1620330_sub,1e-06,EX_cpd10516_e0,-0.0016806773442667462,0.019444546338652814,cpd10516_e0,import
S18C615_Streptococcus_thermophilus,ERR1620330_sub,1e-06,EX_cpd00028_e0,-0.0011901759820374743,0.019444546338652814,cpd00028_e0,import
S18C615_Streptococcus_thermophilus,ERR1620330_sub,1e-06,EX_cpd01981_e0,0.0011901759820374743,0.019444546338652814,cpd01981_e0,export
S18C615_Streptococcus_thermophilus,ERR1620330_sub,1e-06,EX_cpd00058_e0,-0.0016806773442667462,0.019444546338652814,cpd00058_e0,import
S18C615_Streptococcus_thermophilus,ERR1620330_sub,1e-06,EX_cpd00011_e0,0.8376117858361678,0.019444546338652814,cpd00011_e0,export
S18C615_Streptococcus_thermophilus,ERR1620330_sub,1e-06,EX_cpd00305_e0,-0.0011901759820374743,0.019444546338652814,cpd00305_e0,import
S18C615_Streptococcus_thermophilus,ERR1620330_sub,1e-06,EX_cpd00034_e0,-0.0016806773442667462,0.019444546338652814,cpd00034_e0,import
S18C615_Streptococcus_thermophilus,ERR1620330_sub,1e-06,EX_cpd00122_e0,-0.047960534745137055,0.019444546338652814,cpd00122_e0,import
S18C615_Streptococcus_thermophilus,ERR1620330_sub,1e-06,EX_cpd00027_e0,-0.07455683128562214,0.019444546338652814,cpd00027_e0,import
S18C615_Streptococcus_thermophilus,ERR1620330_sub,1e-06,EX_cpd00051_e0,-0.054090516715999314,0.019444546338652814,cpd00051_e0,import
S18C615_Streptococcus_thermophilus,ERR1620330_sub,1e-06,EX_cpd00099_e0,-0.0016806773442667462,0.019444546338652814,cpd00099_e0,import
S18C615_Streptococcus_thermophilus,ERR1620330_sub,1e-06,EX_cpd00205_e0,-0.0016806773442667462,0.019444546338652814,cpd00205_e0,import
S18C615_Streptococcus_thermophilus,ERR1620330_sub,1e-06,EX_cpd00132_e0,-0.039659067034314786,0.019444546338652814,cpd00132_e0,import
S18C615_Streptococcus_thermophilus,ERR1620330_sub,1e-06,EX_cpd00220_e0,-0.0023803519640749485,0.019444546338652814,cpd00220_e0,import
S18C615_Streptococcus_thermophilus,ERR1620330_sub,1e-06,EX_cpd00048_e0,-0.0016806773442667462,0.019444546338652814,cpd00048_e0,import
S18C615_Streptococcus_thermophilus,ERR1620330_sub,1e-06,EX_cpd00067_e0,7.783307596764613,0.019444546338652814,cpd00067_e0,export
S18C615_Streptococcus_thermophilus,ERR1620330_sub,1e-06,EX_cpd00119_e0,-0.021911086759289957,0.019444546338652814,cpd00119_e0,import
S18C615_Streptococcus_thermophilus,ERR1620330_sub,1e-06,EX_cpd00069_e0,-0.029689522558837788,0.019444546338652814,cpd00069_e0,import
S18C615_Streptococcus_thermophilus,ERR1620330_sub,1e-06,EX_cpd00063_e0,-0.0016806773442667462,0.019444546338652814,cpd00063_e0,import
S18C615_Streptococcus_thermophilus,ERR1620330_sub,1e-06,EX_cpd10515_e0,-0.0028708533263042202,0.019444546338652814,cpd10515_e0,import
S18C615_Streptococcus_thermophilus,ERR1620330_sub,1e-06,EX_cpd00054_e0,-0.07201149597641952,0.019444546338652814,cpd00054_e0,import
S18C615_Streptococcus_thermophilus,ERR1620330_sub,1e-06,EX_cpd00029_e0,0.08456913516017917,0.019444546338652814,cpd00029_e0,export
S18C615_Streptococcus_thermophilus,ERR1620330_sub,1e-06,EX_cpd00041_e0,-0.040095071895634216,0.019444546338652814,cpd00041_e0,import
S18C615_Streptococcus_thermophilus,ERR1620330_sub,1e-06,EX_cpd00060_e0,-0.02796650319754174,0.019444546338652814,cpd00060_e0,import
S18C615_Streptococcus_thermophilus,ERR1620330_sub,1e-06,EX_cpd00107_e0,-0.11240804432998085,0.019444546338652814,cpd00107_e0,import
S18C615_Streptococcus_thermophilus,ERR1620330_sub,1e-06,EX_cpd00065_e0,-0.014570872694927817,0.019444546338652814,cpd00065_e0,import
S18C615_Streptococcus_thermophilus,ERR1620330_sub,1e-06,EX_cpd00017_e0,-0.004760703928149897,0.019444546338652814,cpd00017_e0,import
S18C615_Streptococcus_thermophilus,ERR1620330_sub,1e-06,EX_cpd00159_e0,7.519130216485784,0.019444546338652814,cpd00159_e0,export
S18C615_Streptococcus_thermophilus,ERR1620330_sub,1e-06,EX_cpd00084_e0,-0.016418381279744,0.019444546338652814,cpd00084_e0,import
S18C615_Streptococcus_thermophilus,ERR1620330_sub,1e-06,EX_cpd00100_e0,0.01072124115210465,0.019444546338652814,cpd00100_e0,export
S18C615_Streptococcus_thermophilus,ERR1620330_sub,1e-06,EX_cpd00161_e0,-0.1417689005874293,0.019444546338652814,cpd00161_e0,import
S18C615_Streptococcus_thermophilus,ERR1620330_sub,1e-06,EX_cpd00218_e0,0.13407912422072982,0.019444546338652814,cpd00218_e0,export
S18C615_Streptococcus_thermophilus,ERR1620330_sub,1e-06,EX_cpd00039_e0,-0.08654879269919533,0.019444546338652814,cpd00039_e0,import
S18C615_Streptococcus_thermophilus,ERR1620330_sub,1e-06,EX_cpd00030_e0,-0.0016806773442667462,0.019444546338652814,cpd00030_e0,import
S18C615_Streptococcus_thermophilus,ERR1620330_sub,1e-06,EX_cpd00009_e0,-0.029062461040141194,0.019444546338652814,cpd00009_e0,import
S18C615_Streptococcus_thermophilus,ERR1620330_sub,1e-06,EX_cpd00035_e0,0.24799614990594004,0.019444546338652814,cpd00035_e0,export
S18C615_Streptococcus_thermophilus,ERR1620330_sub,1e-06,EX_cpd00092_e0,0.0035705279461124228,0.019444546338652814,cpd00092_e0,export
S18C615_Streptococcus_thermophilus,ERR1620330_sub,1e-06,EX_cpd00254_e0,-0.0016806773442667462,0.019444546338652814,cpd00254_e0,import
S18C615_Streptococcus_thermophilus,ERR1620330_sub,1e-06,EX_cpd00073_e0,-0.07658424673553667,0.019444546338652814,cpd00073_e0,import
S18C615_Streptococcus_thermophilus,ERR1620330_sub,1e-06,EX_cpd01217_e0,-1.9937108038982352,0.019444546338652814,cpd01217_e0,import
S18C615_Streptococcus_thermophilus,ERR1620330_sub,1e-06,EX_cpd00082_e0,-2.678206032459461,0.019444546338652814,cpd00082_e0,import
S229C71_Roseburia_intestinalis,ERR1620330_sub,1e-06,EX_cpd00149_e0,-0.00061127328812826,0.00707245215023123,cpd00149_e0,import
S229C71_Roseburia_intestinalis,ERR1620330_sub,1e-06,EX_cpd00013_e0,0.2530439867599303,0.00707245215023123,cpd00013_e0,export
S229C71_Roseburia_intestinalis,ERR1620330_sub,1e-06,EX_cpd00064_e0,0.21409602102625955,0.00707245215023123,cpd00064_e0,export
S229C71_Roseburia_intestinalis,ERR1620330_sub,1e-06,EX_cpd00246_e0,-0.0060636587007307135,0.00707245215023123,cpd00246_e0,import
S229C71_Roseburia_intestinalis,ERR1620330_sub,1e-06,EX_cpd00106_e0,0.006929408201636511,0.00707245215023123,cpd00106_e0,export
S229C71_Roseburia_intestinalis,ERR1620330_sub,1e-06,EX_cpd00033_e0,-0.04077410544087662,0.00707245215023123,cpd00033_e0,import
S229C71_Roseburia_intestinalis,ERR1620330_sub,1e-06,EX_cpd00324_e0,0.002138876039496955,0.00707245215023123,cpd00324_e0,export
S229C71_Roseburia_intestinalis,ERR1620330_sub,1e-06,EX_cpd00129_e0,-0.015659487537965432,0.00707245215023123,cpd00129_e0,import
S229C71_Roseburia_intestinalis,ERR1620330_sub,1e-06,EX_cpd00367_e0,-0.010532214065365007,0.00707245215023123,cpd00367_e0,import
S229C71_Roseburia_intestinalis,ERR1620330_sub,1e-06,EX_cpd00221_e0,1.0027900350036854,0.00707245215023123,cpd00221_e0,export
S229C71_Roseburia_intestinalis,ERR1620330_sub,1e-06,EX_cpd10516_e0,-0.00061127328812826,0.00707245215023123,cpd10516_e0,import
S229C71_Roseburia_intestinalis,ERR1620330_sub,1e-06,EX_cpd00028_e0,-0.00043287475045291035,0.00707245215023123,cpd00028_e0,import
S229C71_Roseburia_intestinalis,ERR1620330_sub,1e-06,EX_cpd00024_e0,-0.05395253597830751,0.00707245215023123,cpd00024_e0,import
S229C71_Roseburia_intestinalis,ERR1620330_sub,1e-06,EX_cpd00058_e0,-0.00061127328812826,0.00707245215023123,cpd00058_e0,import
S229C71_Roseburia_intestinalis,ERR1620330_sub,1e-06,EX_cpd00363_e0,0.0008657495009058207,0.00707245215023123,cpd00363_e0,export
S229C71_Roseburia_intestinalis,ERR1620330_sub,1e-06,EX_cpd00322_e0,-0.026298376017957228,0.00707245215023123,cpd00322_e0,import
S229C71_Roseburia_intestinalis,ERR1620330_sub,1e-06,EX_cpd00011_e0,0.4774205530900114,0.00707245215023123,cpd00011_e0,export
S229C71_Roseburia_intestinalis,ERR1620330_sub,1e-06,EX_cpd00034_e0,-0.00061127328812826,0.00707245215023123,cpd00034_e0,import
S229C71_Roseburia_intestinalis,ERR1620330_sub,1e-06,EX_cpd00122_e0,-0.017443558618825877,0.00707245215023123,cpd00122_e0,import
S229C71_Roseburia_intestinalis,ERR1620330_sub,1e-06,EX_cpd00051_e0,-0.23376909398243179,0.00707245215023123,cpd00051_e0,import
S229C71_Roseburia_intestinalis,ERR1620330_sub,1e-06,EX_cpd23431_e0,-1.4323072401262182e-05,0.00707245215023123,cpd23431_e0,import
S229C71_Roseburia_intestinalis,ERR1620330_sub,1e-06,EX_cpd00099_e0,-0.00061127328812826,0.00707245215023123,cpd00099_e0,import
S229C71_Roseburia_intestinalis,ERR1620330_sub,1e-06,EX_cpd00205_e0,-0.00061127328812826,0.00707245215023123,cpd00205_e0,import
S229C71_Roseburia_intestinalis,ERR1620330_sub,1e-06,EX_cpd00204_e0,0.00043287475045291035,0.00707245215023123,cpd00204_e0,export
S229C71_Roseburia_intestinalis,ERR1620330_sub,1e-06,EX_cpd00132_e0,-0.014424260785606845,0.00707245215023123,cpd00132_e0,import
S229C71_Roseburia_intestinalis,ERR1620330_sub,1e-06,EX_cpd00526_e0,1.4323072401262182e-05,0.00707245215023123,cpd00526_e0,export
S229C71_Roseburia_intestinalis,ERR1620330_sub,1e-06,EX_cpd00220_e0,-0.0008657495009058207,0.00707245215023123,cpd00220_e0,import
S229C71_Roseburia_intestinalis,ERR1620330_sub,1e-06,EX_cpd00794_e0,-0.6473524337277775,0.00707245215023123,cpd00794_e0,import
S229C71_Roseburia_intestinalis,ERR1620330_sub,1e-06,EX_cpd00048_e0,-0.00061127328812826,0.00707245215023123,cpd00048_e0,import
S229C71_Roseburia_intestinalis,ERR1620330_sub,1e-06,EX_cpd00067_e0,2.252942373906433,0.00707245215023123,cpd00067_e0,export
S229C71_Roseburia_intestinalis,ERR1620330_sub,1e-06,EX_cpd00119_e0,-0.00796920485392644,0.00707245215023123,cpd00119_e0,import
S229C71_Roseburia_intestinalis,ERR1620330_sub,1e-06,EX_cpd00069_e0,-0.011231147327523198,0.00707245215023123,cpd00069_e0,import
S229C71_Roseburia_intestinalis,ERR1620330_sub,1e-06,EX_cpd00063_e0,-0.00061127328812826,0.00707245215023123,cpd00063_e0,import
S229C71_Roseburia_intestinalis,ERR1620330_sub,1e-06,EX_cpd10515_e0,-0.0010441480385811703,0.00707245215023123,cpd10515_e0,import
S229C71_Roseburia_intestinalis,ERR1620330_sub,1e-06,EX_cpd00054_e0,-0.026623924495188776,0.00707245215023123,cpd00054_e0,import
S229C71_Roseburia_intestinalis,ERR1620330_sub,1e-06,EX_cpd00029_e0,1.6965732149400985,0.00707245215023123,cpd00029_e0,export
S229C71_Roseburia_intestinalis,ERR1620330_sub,1e-06,EX_cpd00060_e0,-0.011444725760373468,0.00707245215023123,cpd00060_e0,import
S229C71_Roseburia_intestinalis,ERR1620330_sub,1e-06,EX_cpd00107_e0,-0.040883537285755826,0.00707245215023123,cpd00107_e0,import
S229C71_Roseburia_intestinalis,ERR1620330_sub,1e-06,EX_cpd00065_e0,-0.005299521227861081,0.00707245215023123,cpd00065_e0,import
S229C71_Roseburia_intestinalis,ERR1620330_sub,1e-06,EX_cpd00017_e0,-0.0021643737522645517,0.00707245215023123,cpd00017_e0,import
S229C71_Roseburia_intestinalis,ERR1620330_sub,1e-06,EX_cpd00644_e0,-0.0008657495009058366,0.00707245215023123,cpd00644_e0,import
S229C71_Roseburia_intestinalis,ERR1620330_sub,1e-06,EX_cpd00084_e0,-0.007270096375290536,0.00707245215023123,cpd00084_e0,import
S229C71_Roseburia_intestinalis,ERR1620330_sub,1e-06,EX_cpd00100_e0,0.002184557347538322,0.00707245215023123,cpd00100_e0,export
S229C71_Roseburia_intestinalis,ERR1620330_sub,1e-06,EX_cpd00161_e0,-0.018169787066952287,0.00707245215023123,cpd00161_e0,import
S229C71_Roseburia_intestinalis,ERR1620330_sub,1e-06,EX_cpd00393_e0,-0.001298624251358731,0.00707245215023123,cpd00393_e0,import
S229C71_Roseburia_intestinalis,ERR1620330_sub,1e-06,EX_cpd00141_e0,-0.004955232665610755,0.00707245215023123,cpd00141_e0,import
S229C71_Roseburia_intestinalis,ERR1620330_sub,1e-06,EX_cpd00039_e0,-0.03147835917300944,0.00707245215023123,cpd00039_e0,import
S229C71_Roseburia_intestinalis,ERR1620330_sub,1e-06,EX_cpd00030_e0,-0.00061127328812826,0.00707245215023123,cpd00030_e0,import
S229C71_Roseburia_intestinalis,ERR1620330_sub,1e-06,EX_cpd00311_e0,-0.0077955969581867774,0.00707245215023123,cpd00311_e0,import
S229C71_Roseburia_intestinalis,ERR1620330_sub,1e-06,EX_cpd00009_e0,-0.11242985388547025,0.00707245215023123,cpd00009_e0,import
S229C71_Roseburia_intestinalis,ERR1620330_sub,1e-06,EX_cpd00076_e0,-0.02711680476199295,0.00707245215023123,cpd00076_e0,import
S229C71_Roseburia_intestinalis,ERR1620330_sub,1e-06,EX_cpd00254_e0,-0.00061127328812826,0.00707245215023123,cpd00254_e0,import
S229C71_Roseburia_intestinalis,ERR1620330_sub,1e-06,EX_cpd00082_e0,0.02711680476199295,0.00707245215023123,cpd00082_e0,export
S252C237_TF01_11_sp001414325,ERR1620330_sub,1e-06,EX_cpd00003_e0,-0.001665216225848476,0.002407362507683072,cpd00003_e0,import
S252C237_TF01_11_sp001414325,ERR1620330_sub,1e-06,EX_cpd00149_e0,-0.001175746791368611,0.002407362507683072,cpd00149_e0,import
S252C237_TF01_11_sp001414325,ERR1620330_sub,1e-06,EX_cpd00013_e0,1.7074203264241201,0.002407362507683072,cpd00013_e0,export
S252C237_TF01_11_sp001414325,ERR1620330_sub,1e-06,EX_cpd00053_e0,-0.08320479264335717,0.002407362507683072,cpd00053_e0,import
S252C237_TF01_11_sp001414325,ERR1620330_sub,1e-06,EX_cpd00064_e0,1.7723308505607365,0.002407362507683072,cpd00064_e0,export
S252C237_TF01_11_sp001414325,ERR1620330_sub,1e-06,EX_cpd00066_e0,-0.03295579820071239,0.002407362507683072,cpd00066_e0,import
S252C237_TF01_11_sp001414325,ERR1620330_sub,1e-06,EX_cpd00010_e0,-0.0016652162258484204,0.002407362507683072,cpd00010_e0,import
S252C237_TF01_11_sp001414325,ERR1620330_sub,1e-06,EX_cpd00033_e0,-0.07343084986916831,0.002407362507683072,cpd00033_e0,import
S252C237_TF01_11_sp001414325,ERR1620330_sub,1e-06,EX_cpd00129_e0,-0.03012006672762773,0.002407362507683072,cpd00129_e0,import
S252C237_TF01_11_sp001414325,ERR1620330_sub,1e-06,EX_cpd00023_e0,-0.022234827428818868,0.002407362507683072,cpd00023_e0,import
S252C237_TF01_11_sp001414325,ERR1620330_sub,1e-06,EX_cpd00367_e0,-0.02025806972733603,0.002407362507683072,cpd00367_e0,import
S252C237_TF01_11_sp001414325,ERR1620330_sub,1e-06,EX_cpd10516_e0,-0.001175746791368611,0.002407362507683072,cpd10516_e0,import
S252C237_TF01_11_sp001414325,ERR1620330_sub,1e-06,EX_cpd00028_e0,-0.0008326081129242918,0.002407362507683072,cpd00028_e0,import
S252C237_TF01_11_sp001414325,ERR1620330_sub,1e-06,EX_cpd00058_e0,-0.001175746791368611,0.002407362507683072,cpd00058_e0,import
S252C237_TF01_11_sp001414325,ERR1620330_sub,1e-06,EX_cpd00011_e0,2.2787534247498837,0.002407362507683072,cpd00011_e0,export
S252C237_TF01_11_sp001414325,ERR1620330_sub,1e-06,EX_cpd00305_e0,-0.0008326081129242918,0.002407362507683072,cpd00305_e0,import
S252C237_TF01_11_sp001414325,ERR1620330_sub,1e-06,EX_cpd00034_e0,-0.001175746791368611,0.002407362507683072,cpd00034_e0,import
S252C237_TF01_11_sp001414325,ERR1620330_sub,1e-06,EX_cpd00051_e0,-1.8101708034162043,0.002407362507683072,cpd00051_e0,import
S252C237_TF01_11_sp001414325,ERR1620330_sub,1e-06,EX_cpd00099_e0,-0.001175746791368611,0.002407362507683072,cpd00099_e0,import
S252C237_TF01_11_sp001414325,ERR1620330_sub,1e-06,EX_cpd00205_e0,-0.001175746791368611,0.002407362507683072,cpd00205_e0,import
S252C237_TF01_11_sp001414325,ERR1620330_sub,1e-06,EX_cpd00132_e0,-0.027744183601529887,0.002407362507683072,cpd00132_e0,import
S252C237_TF01_11_sp001414325,ERR1620330_sub,1e-06,EX_cpd00220_e0,-0.0016652162258485835,0.002407362507683072,cpd00220_e0,import
S252C237_TF01_11_sp001414325,ERR1620330_sub,1e-06,EX_cpd00048_e0,-0.001175746791368611,0.002407362507683072,cpd00048_e0,import
S252C237_TF01_11_sp001414325,ERR1620330_sub,1e-06,EX_cpd00067_e0,0.746294725551484,0.002407362507683072,cpd00067_e0,export
S252C237_TF01_11_sp001414325,ERR1620330_sub,1e-06,EX_cpd00119_e0,-0.015328278232889453,0.002407362507683072,cpd00119_e0,import
S252C237_TF01_11_sp001414325,ERR1620330_sub,1e-06,EX_cpd00069_e0,-0.020769817005565138,0.002407362507683072,cpd00069_e0,import
S252C237_TF01_11_sp001414325,ERR1620330_sub,1e-06,EX_cpd00063_e0,-0.001175746791368611,0.002407362507683072,cpd00063_e0,import
S252C237_TF01_11_sp001414325,ERR1620330_sub,1e-06,EX_cpd90003_e0,-0.0019317598448936957,0.002407362507683072,cpd90003_e0,import
S252C237_TF01_11_sp001414325,ERR1620330_sub,1e-06,EX_cpd10515_e0,-0.0020083549042929027,0.002407362507683072,cpd10515_e0,import
S252C237_TF01_11_sp001414325,ERR1620330_sub,1e-06,EX_cpd00054_e0,-0.060197427903751065,0.002407362507683072,cpd00054_e0,import
S252C237_TF01_11_sp001414325,ERR1620330_sub,1e-06,EX_cpd00029_e0,2.6573044403452553,0.002407362507683072,cpd00029_e0,export
S252C237_TF01_11_sp001414325,ERR1620330_sub,1e-06,EX_cpd00060_e0,-0.02122966535255196,0.002407362507683072,cpd00060_e0,import
S252C237_TF01_11_sp001414325,ERR1620330_sub,1e-06,EX_cpd00107_e0,-0.07863698400876368,0.002407362507683072,cpd00107_e0,import
S252C237_TF01_11_sp001414325,ERR1620330_sub,1e-06,EX_cpd00065_e0,-0.010193305024871483,0.002407362507683072,cpd00065_e0,import
S252C237_TF01_11_sp001414325,ERR1620330_sub,1e-06,EX_cpd00017_e0,-0.0024978243387728753,0.002407362507683072,cpd00017_e0,import
S252C237_TF01_11_sp001414325,ERR1620330_sub,1e-06,EX_cpd00161_e0,-0.0975116606149869,0.002407362507683072,cpd00161_e0,import
S252C237_TF01_11_sp001414325,ERR1620330_sub,1e-06,EX_cpd00182_e0,-0.009997860502352521,0.002407362507683072,cpd00182_e0,import
S252C237_TF01_11_sp001414325,ERR1620330_sub,1e-06,EX_cpd00393_e0,-0.002497824338772875,0.002407362507683072,cpd00393_e0,import
S252C237_TF01_11_sp001414325,ERR1620330_sub,1e-06,EX_cpd00039_e0,-0.06054669901991334,0.002407362507683072,cpd00039_e0,import
S252C237_TF01_11_sp001414325,ERR1620330_sub,1e-06,EX_cpd00030_e0,-0.001175746791368611,0.002407362507683072,cpd00030_e0,import
S252C237_TF01_11_sp001414325,ERR1620330_sub,1e-06,EX_cpd00311_e0,-0.014994354061268632,0.002407362507683072,cpd00311_e0,import
S252C237_TF01_11_sp001414325,ERR1620330_sub,1e-06,EX_cpd00009_e0,-0.20792586792067683,0.002407362507683072,cpd00009_e0,import
S252C237_TF01_11_sp001414325,ERR1620330_sub,1e-06,EX_cpd00239_e0,-0.009820545258933883,0.002407362507683072,cpd00239_e0,import
S252C237_TF01_11_sp001414325,ERR1620330_sub,1e-06,EX_cpd00035_e0,1.7070997323297254,0.002407362507683072,cpd00035_e0,export
S252C237_TF01_11_sp001414325,ERR1620330_sub,1e-06,EX_cpd00254_e0,-0.001175746791368611,0.002407362507683072,cpd00254_e0,import
S252C237_TF01_11_sp001414325,ERR1620330_sub,1e-06,EX_cpd00082_e0,-2.1738346385107654,0.002407362507683072,cpd00082_e0,import
S255C374_Gemmiger_formicilis,ERR1620330_sub,1e-06,EX_cpd00149_e0,-0.002873681722987325,0.03324947191462596,cpd00149_e0,import
S255C374_Gemmiger_formicilis,ERR1620330_sub,1e-06,EX_cpd00053_e0,-0.2638134873144298,0.03324947191462596,cpd00053_e0,import
S255C374_Gemmiger_formicilis,ERR1620330_sub,1e-06,EX_cpd00130_e0,0.4929799357000714,0.03324947191462596,cpd00130_e0,export
S255C374_Gemmiger_formicilis,ERR1620330_sub,1e-06,EX_cpd00106_e0,-0.004070010199622054,0.03324947191462596,cpd00106_e0,import
S255C374_Gemmiger_formicilis,ERR1620330_sub,1e-06,EX_cpd00047_e0,8.348775531653196,0.03324947191462596,cpd00047_e0,export
S255C374_Gemmiger_formicilis,ERR1620330_sub,1e-06,EX_cpd00033_e0,-0.16929974978553178,0.03324947191462596,cpd00033_e0,import
S255C374_Gemmiger_formicilis,ERR1620330_sub,1e-06,EX_cpd00129_e0,-0.07361745393290745,0.03324947191462596,cpd00129_e0,import
S255C374_Gemmiger_formicilis,ERR1620330_sub,1e-06,EX_cpd00216_e0,-0.1394525781777889,0.03324947191462596,cpd00216_e0,import
S255C374_Gemmiger_formicilis,ERR1620330_sub,1e-06,EX_cpd00367_e0,-3.491704617396062,0.03324947191462596,cpd00367_e0,import
S255C374_Gemmiger_formicilis,ERR1620330_sub,1e-06,EX_cpd10516_e0,-0.002873681722987325,0.03324947191462596,cpd10516_e0,import
S255C374_Gemmiger_formicilis,ERR1620330_sub,1e-06,EX_cpd00028_e0,-0.002035005099810967,0.03324947191462596,cpd00028_e0,import
S255C374_Gemmiger_formicilis,ERR1620330_sub,1e-06,EX_cpd00058_e0,-0.002873681722987325,0.03324947191462596,cpd00058_e0,import
S255C374_Gemmiger_formicilis,ERR1620330_sub,1e-06,EX_cpd00036_e0,0.004070010199622054,0.03324947191462596,cpd00036_e0,export
S255C374_Gemmiger_formicilis,ERR1620330_sub,1e-06,EX_cpd00363_e0,0.04478821840428483,0.03324947191462596,cpd00363_e0,export
S255C374_Gemmiger_formicilis,ERR1620330_sub,1e-06,EX_cpd00034_e0,-0.002873681722987325,0.03324947191462596,cpd00034_e0,import
S255C374_Gemmiger_formicilis,ERR1620330_sub,1e-06,EX_cpd00027_e0,-0.12747991404787876,0.03324947191462596,cpd00027_e0,import
S255C374_Gemmiger_formicilis,ERR1620330_sub,1e-06,EX_cpd00051_e0,-0.09248588362540415,0.03324947191462596,cpd00051_e0,import
S255C374_Gemmiger_formicilis,ERR1620330_sub,1e-06,EX_cpd00099_e0,-0.002873681722987325,0.03324947191462596,cpd00099_e0,import
S255C374_Gemmiger_formicilis,ERR1620330_sub,1e-06,EX_cpd00205_e0,-0.002873681722987325,0.03324947191462596,cpd00205_e0,import
S255C374_Gemmiger_formicilis,ERR1620330_sub,1e-06,EX_cpd00132_e0,-0.06781047919519724,0.03324947191462596,cpd00132_e0,import
S255C374_Gemmiger_formicilis,ERR1620330_sub,1e-06,EX_cpd00307_e0,3.0206849484939298,0.03324947191462596,cpd00307_e0,export
S255C374_Gemmiger_formicilis,ERR1620330_sub,1e-06,EX_cpd00220_e0,-0.004070010199621934,0.03324947191462596,cpd00220_e0,import
S255C374_Gemmiger_formicilis,ERR1620330_sub,1e-06,EX_cpd00048_e0,-0.002873681722987325,0.03324947191462596,cpd00048_e0,import
S255C374_Gemmiger_formicilis,ERR1620330_sub,1e-06,EX_cpd00067_e0,12.953108512680123,0.03324947191462596,cpd00067_e0,export
S255C374_Gemmiger_formicilis,ERR1620330_sub,1e-06,EX_cpd00119_e0,-0.03746435314651784,0.03324947191462596,cpd00119_e0,import
S255C374_Gemmiger_formicilis,ERR1620330_sub,1e-06,EX_cpd00063_e0,-0.002873681722987325,0.03324947191462596,cpd00063_e0,import
S255C374_Gemmiger_formicilis,ERR1620330_sub,1e-06,EX_cpd10515_e0,-0.004908686822798292,0.03324947191462596,cpd10515_e0,import
S255C374_Gemmiger_formicilis,ERR1620330_sub,1e-06,EX_cpd00054_e0,-0.159340560410044,0.03324947191462596,cpd00054_e0,import
S255C374_Gemmiger_formicilis,ERR1620330_sub,1e-06,EX_cpd00029_e0,1.1364528942040728,0.03324947191462596,cpd00029_e0,export
S255C374_Gemmiger_formicilis,ERR1620330_sub,1e-06,EX_cpd00060_e0,-0.04578311380849448,0.03324947191462596,cpd00060_e0,import
S255C374_Gemmiger_formicilis,ERR1620330_sub,1e-06,EX_cpd00107_e0,-0.19219926038138258,0.03324947191462596,cpd00107_e0,import
S255C374_Gemmiger_formicilis,ERR1620330_sub,1e-06,EX_cpd00065_e0,-0.024913794842434358,0.03324947191462596,cpd00065_e0,import
S255C374_Gemmiger_formicilis,ERR1620330_sub,1e-06,EX_cpd00211_e0,3.2264651243652303,0.03324947191462596,cpd00211_e0,export
S255C374_Gemmiger_formicilis,ERR1620330_sub,1e-06,EX_cpd00017_e0,-0.008140020399243868,0.03324947191462596,cpd00017_e0,import
S255C374_Gemmiger_formicilis,ERR1620330_sub,1e-06,EX_cpd00644_e0,-0.004070010199621832,0.03324947191462596,cpd00644_e0,import
S255C374_Gemmiger_formicilis,ERR1620330_sub,1e-06,EX_cpd00277_e0,-0.04275321330447387,0.03324947191462596,cpd00277_e0,import
S255C374_Gemmiger_formicilis,ERR1620330_sub,1e-06,EX_cpd00161_e0,-0.24240149359771634,0.03324947191462596,cpd00161_e0,import
S255C374_Gemmiger_formicilis,ERR1620330_sub,1e-06,EX_cpd00182_e0,-0.030541117703026102,0.03324947191462596,cpd00182_e0,import
S255C374_Gemmiger_formicilis,ERR1620330_sub,1e-06,EX_cpd00039_e0,-0.14798419492874545,0.03324947191462596,cpd00039_e0,import
S255C374_Gemmiger_formicilis,ERR1620330_sub,1e-06,EX_cpd00030_e0,-0.002873681722987325,0.03324947191462596,cpd00030_e0,import
S255C374_Gemmiger_formicilis,ERR1620330_sub,1e-06,EX_cpd00009_e0,-0.5285485600362377,0.03324947191462596,cpd00009_e0,import
S255C374_Gemmiger_formicilis,ERR1620330_sub,1e-06,EX_cpd00239_e0,-0.03417774583607368,0.03324947191462596,cpd00239_e0,import
S255C374_Gemmiger_formicilis,ERR1620330_sub,1e-06,EX_cpd00092_e0,0.4215062488819225,0.03324947191462596,cpd00092_e0,export
S255C374_Gemmiger_formicilis,ERR1620330_sub,1e-06,EX_cpd00254_e0,-0.002873681722987325,0.03324947191462596,cpd00254_e0,import
S255C374_Gemmiger_formicilis,ERR1620330_sub,1e-06,EX_cpd00073_e0,0.004070010199621934,0.03324947191462596,cpd00073_e0,export
S255C374_Gemmiger_formicilis,ERR1620330_sub,1e-06,EX_cpd00082_e0,-2.234593212542903,0.03324947191462596,cpd00082_e0,import
S257C1228_Collinsella_sp900756765,ERR1620330_sub,1e-06,EX_cpd00003_e0,-0.000723921137474548,0.002602402933837456,cpd00003_e0,import
S257C1228_Collinsella_sp900756765,ERR1620330_sub,1e-06,EX_cpd00149_e0,-0.0005111335941708849,0.002602402933837456,cpd00149_e0,import
S257C1228_Collinsella_sp900756765,ERR1620330_sub,1e-06,EX_cpd00053_e0,-0.021585774777729043,0.002602402933837456,cpd00053_e0,import
S257C1228_Collinsella_sp900756765,ERR1620330_sub,1e-06,EX_cpd00064_e0,0.11123337989075735,0.002602402933837456,cpd00064_e0,export
S257C1228_Collinsella_sp900756765,ERR1620330_sub,1e-06,EX_cpd00281_e0,-0.002895684549898354,0.002602402933837456,cpd00281_e0,import
S257C1228_Collinsella_sp900756765,ERR1620330_sub,1e-06,EX_cpd11640_e0,0.7647679176990092,0.002602402933837456,cpd11640_e0,export
S257C1228_Collinsella_sp900756765,ERR1620330_sub,1e-06,EX_cpd00033_e0,-0.03654271638203086,0.002602402933837456,cpd00033_e0,import
S257C1228_Collinsella_sp900756765,ERR1620330_sub,1e-06,EX_cpd00309_e0,0.0652566967778965,0.002602402933837456,cpd00309_e0,export
S257C1228_Collinsella_sp900756765,ERR1620330_sub,1e-06,EX_cpd00023_e0,-0.021356413564009177,0.002602402933837456,cpd00023_e0,import
S257C1228_Collinsella_sp900756765,ERR1620330_sub,1e-06,EX_cpd00216_e0,-0.014326907550810786,0.002602402933837456,cpd00216_e0,import
S257C1228_Collinsella_sp900756765,ERR1620330_sub,1e-06,EX_cpd10516_e0,-0.0005111335941708849,0.002602402933837456,cpd10516_e0,import
S257C1228_Collinsella_sp900756765,ERR1620330_sub,1e-06,EX_cpd00028_e0,-0.0003619605687372943,0.002602402933837456,cpd00028_e0,import
S257C1228_Collinsella_sp900756765,ERR1620330_sub,1e-06,EX_cpd00058_e0,-0.0005111335941708849,0.002602402933837456,cpd00058_e0,import
S257C1228_Collinsella_sp900756765,ERR1620330_sub,1e-06,EX_cpd00322_e0,-0.02792207849791439,0.002602402933837456,cpd00322_e0,import
S257C1228_Collinsella_sp900756765,ERR1620330_sub,1e-06,EX_cpd00011_e0,0.9169786543439363,0.002602402933837456,cpd00011_e0,export
S257C1228_Collinsella_sp900756765,ERR1620330_sub,1e-06,EX_cpd00305_e0,-0.0003619605687372943,0.002602402933837456,cpd00305_e0,import
S257C1228_Collinsella_sp900756765,ERR1620330_sub,1e-06,EX_cpd00034_e0,-0.0005111335941708849,0.002602402933837456,cpd00034_e0,import
S257C1228_Collinsella_sp900756765,ERR1620330_sub,1e-06,EX_cpd00156_e0,-0.02502211062943925,0.002602402933837456,cpd00156_e0,import
S257C1228_Collinsella_sp900756765,ERR1620330_sub,1e-06,EX_cpd00122_e0,-0.014585929051917275,0.002602402933837456,cpd00122_e0,import
S257C1228_Collinsella_sp900756765,ERR1620330_sub,1e-06,EX_cpd00051_e0,-0.1407777080781187,0.002602402933837456,cpd00051_e0,import
S257C1228_Collinsella_sp900756765,ERR1620330_sub,1e-06,EX_cpd23431_e0,-0.4677743910115354,0.002602402933837456,cpd23431_e0,import
S257C1228_Collinsella_sp900756765,ERR1620330_sub,1e-06,EX_cpd00099_e0,-0.0005111335941708849,0.002602402933837456,cpd00099_e0,import
S257C1228_Collinsella_sp900756765,ERR1620330_sub,1e-06,EX_cpd00205_e0,-0.0005111335941708849,0.002602402933837456,cpd00205_e0,import
S257C1228_Collinsella_sp900756765,ERR1620330_sub,1e-06,EX_cpd00132_e0,-0.012061257054403463,0.002602402933837456,cpd00132_e0,import
S257C1228_Collinsella_sp900756765,ERR1620330_sub,1e-06,EX_cpd00526_e0,0.4677743910115354,0.002602402933837456,cpd00526_e0,export
S257C1228_Collinsella_sp900756765,ERR1620330_sub,1e-06,EX_cpd00220_e0,-0.0007239211374745886,0.002602402933837456,cpd00220_e0,import
S257C1228_Collinsella_sp900756765,ERR1620330_sub,1e-06,EX_cpd00048_e0,-0.0005111335941708849,0.002602402933837456,cpd00048_e0,import
S257C1228_Collinsella_sp900756765,ERR1620330_sub,1e-06,EX_cpd00067_e0,1.633252306725627,0.002602402933837456,cpd00067_e0,export
S257C1228_Collinsella_sp900756765,ERR1620330_sub,1e-06,EX_cpd00119_e0,-0.006663677930609654,0.002602402933837456,cpd00119_e0,import
S257C1228_Collinsella_sp900756765,ERR1620330_sub,1e-06,EX_cpd00069_e0,-0.00902928359597605,0.002602402933837456,cpd00069_e0,import
S257C1228_Collinsella_sp900756765,ERR1620330_sub,1e-06,EX_cpd00063_e0,-0.0005111335941708849,0.002602402933837456,cpd00063_e0,import
S257C1228_Collinsella_sp900756765,ERR1620330_sub,1e-06,EX_cpd10515_e0,-0.0008730941629081792,0.002602402933837456,cpd10515_e0,import
S257C1228_Collinsella_sp900756765,ERR1620330_sub,1e-06,EX_cpd00054_e0,-0.020176029196473908,0.002602402933837456,cpd00054_e0,import
S257C1228_Collinsella_sp900756765,ERR1620330_sub,1e-06,EX_cpd00029_e0,1.744015643598475,0.002602402933837456,cpd00029_e0,export
S257C1228_Collinsella_sp900756765,ERR1620330_sub,1e-06,EX_cpd00060_e0,-0.009229193933894401,0.002602402933837456,cpd00060_e0,import
S257C1228_Collinsella_sp900756765,ERR1620330_sub,1e-06,EX_cpd00107_e0,-0.03418593575268918,0.002602402933837456,cpd00107_e0,import
S257C1228_Collinsella_sp900756765,ERR1620330_sub,1e-06,EX_cpd00065_e0,-0.0044313458238554185,0.002602402933837456,cpd00065_e0,import
S257C1228_Collinsella_sp900756765,ERR1620330_sub,1e-06,EX_cpd00017_e0,-0.0010858817062118827,0.002602402933837456,cpd00017_e0,import
S257C1228_Collinsella_sp900756765,ERR1620330_sub,1e-06,EX_cpd00644_e0,-0.0007239211374745905,0.002602402933837456,cpd00644_e0,import
S257C1228_Collinsella_sp900756765,ERR1620330_sub,1e-06,EX_cpd00084_e0,-0.0049932167305110076,0.002602402933837456,cpd00084_e0,import
S257C1228_Collinsella_sp900756765,ERR1620330_sub,1e-06,EX_cpd00100_e0,0.0018266799325367994,0.002602402933837456,cpd00100_e0,export
S257C1228_Collinsella_sp900756765,ERR1620330_sub,1e-06,EX_cpd00161_e0,-0.01736494909421378,0.002602402933837456,cpd00161_e0,import
S257C1228_Collinsella_sp900756765,ERR1620330_sub,1e-06,EX_cpd00182_e0,-0.005070301165982949,0.002602402933837456,cpd00182_e0,import
S257C1228_Collinsella_sp900756765,ERR1620330_sub,1e-06,EX_cpd00393_e0,-0.0010858817062118827,0.002602402933837456,cpd00393_e0,import
S257C1228_Collinsella_sp900756765,ERR1620330_sub,1e-06,EX_cpd00141_e0,0.002895684549898354,0.002602402933837456,cpd00141_e0,export
S257C1228_Collinsella_sp900756765,ERR1620330_sub,1e-06,EX_cpd00039_e0,-0.026321527825908134,0.002602402933837456,cpd00039_e0,import
S257C1228_Collinsella_sp900756765,ERR1620330_sub,1e-06,EX_cpd00030_e0,-0.0005111335941708849,0.002602402933837456,cpd00030_e0,import
S257C1228_Collinsella_sp900756765,ERR1620330_sub,1e-06,EX_cpd00311_e0,-0.006518510737065874,0.002602402933837456,cpd00311_e0,import
S257C1228_Collinsella_sp900756765,ERR1620330_sub,1e-06,EX_cpd00009_e0,-0.09256358669580787,0.002602402933837456,cpd00009_e0,import
S257C1228_Collinsella_sp900756765,ERR1620330_sub,1e-06,EX_cpd00076_e0,-0.022674489707980493,0.002602402933837456,cpd00076_e0,import
S257C1228_Collinsella_sp900756765,ERR1620330_sub,1e-06,EX_cpd00035_e0,0.21285229409942813,0.002602402933837456,cpd00035_e0,export
S257C1228_Collinsella_sp900756765,ERR1620330_sub,1e-06,EX_cpd00254_e0,-0.0005111335941708849,0.002602402933837456,cpd00254_e0,import
S257C1228_Collinsella_sp900756765,ERR1620330_sub,1e-06,EX_cpd01217_e0,-0.0652566967778965,0.002602402933837456,cpd01217_e0,import
S257C1228_Collinsella_sp900756765,ERR1620330_sub,1e-06,EX_cpd00249_e0,-0.008806811183081822,0.002602402933837456,cpd00249_e0,import
S257C1228_Collinsella_sp900756765,ERR1620330_sub,1e-06,EX_cpd00082_e0,-0.8431430795365433,0.002602402933837456,cpd00082_e0,import
S269C115_Eubacterium_I_ramulus_A,ERR1620330_sub,1e-06,EX_cpd00149_e0,-0.0017189606975226985,0.01988786070176977,cpd00149_e0,import
S269C115_Eubacterium_I_ramulus_A,ERR1620330_sub,1e-06,EX_cpd00130_e0,-0.0024345728741292927,0.01988786070176977,cpd00130_e0,import
S269C115_Eubacterium_I_ramulus_A,ERR1620330_sub,1e-06,EX_cpd11640_e0,2.0249529445058676,0.01988786070176977,cpd11640_e0,export
S269C115_Eubacterium_I_ramulus_A,ERR1620330_sub,1e-06,EX_cpd00010_e0,-0.0024345728741288486,0.01988786070176977,cpd00010_e0,import
S269C115_Eubacterium_I_ramulus_A,ERR1620330_sub,1e-06,EX_cpd00047_e0,5.609130347419869,0.01988786070176977,cpd00047_e0,export
S269C115_Eubacterium_I_ramulus_A,ERR1620330_sub,1e-06,EX_cpd00033_e0,-0.10370522287472442,0.01988786070176977,cpd00033_e0,import
S269C115_Eubacterium_I_ramulus_A,ERR1620330_sub,1e-06,EX_cpd00129_e0,-0.044036021439008144,0.01988786070176977,cpd00129_e0,import
S269C115_Eubacterium_I_ramulus_A,ERR1620330_sub,1e-06,EX_cpd00309_e0,0.5156395570954664,0.01988786070176977,cpd00309_e0,export
S269C115_Eubacterium_I_ramulus_A,ERR1620330_sub,1e-06,EX_cpd00023_e0,-0.15780627775942047,0.01988786070176977,cpd00023_e0,import
S269C115_Eubacterium_I_ramulus_A,ERR1620330_sub,1e-06,EX_cpd00367_e0,-0.01918242718696122,0.01988786070176977,cpd00367_e0,import
S269C115_Eubacterium_I_ramulus_A,ERR1620330_sub,1e-06,EX_cpd10516_e0,-0.0017189606975226985,0.01988786070176977,cpd10516_e0,import
S269C115_Eubacterium_I_ramulus_A,ERR1620330_sub,1e-06,EX_cpd00028_e0,-0.0012172864370647415,0.01988786070176977,cpd00028_e0,import
S269C115_Eubacterium_I_ramulus_A,ERR1620330_sub,1e-06,EX_cpd00058_e0,-0.0017189606975226985,0.01988786070176977,cpd00058_e0,import
S269C115_Eubacterium_I_ramulus_A,ERR1620330_sub,1e-06,EX_cpd00036_e0,0.0024345728741292927,0.01988786070176977,cpd00036_e0,export
S269C115_Eubacterium_I_ramulus_A,ERR1620330_sub,1e-06,EX_cpd00011_e0,0.45334292001604165,0.01988786070176977,cpd00011_e0,export
S269C115_Eubacterium_I_ramulus_A,ERR1620330_sub,1e-06,EX_cpd00034_e0,-0.0017189606975226985,0.01988786070176977,cpd00034_e0,import
S269C115_Eubacterium_I_ramulus_A,ERR1620330_sub,1e-06,EX_cpd00027_e0,-0.07625512603534831,0.01988786070176977,cpd00027_e0,import
S269C115_Eubacterium_I_ramulus_A,ERR1620330_sub,1e-06,EX_cpd00051_e0,-0.055322618978994376,0.01988786070176977,cpd00051_e0,import
S269C115_Eubacterium_I_ramulus_A,ERR1620330_sub,1e-06,EX_cpd00099_e0,-0.0017189606975226985,0.01988786070176977,cpd00099_e0,import
S269C115_Eubacterium_I_ramulus_A,ERR1620330_sub,1e-06,EX_cpd00205_e0,-0.0017189606975226985,0.01988786070176977,cpd00205_e0,import
S269C115_Eubacterium_I_ramulus_A,ERR1620330_sub,1e-06,EX_cpd00204_e0,0.0012172864370647415,0.01988786070176977,cpd00204_e0,export
S269C115_Eubacterium_I_ramulus_A,ERR1620330_sub,1e-06,EX_cpd00132_e0,-0.04056244213974799,0.01988786070176977,cpd00132_e0,import
S269C115_Eubacterium_I_ramulus_A,ERR1620330_sub,1e-06,EX_cpd00307_e0,0.01918242718696122,0.01988786070176977,cpd00307_e0,export
S269C115_Eubacterium_I_ramulus_A,ERR1620330_sub,1e-06,EX_cpd00048_e0,-0.0017189606975226985,0.01988786070176977,cpd00048_e0,import
S269C115_Eubacterium_I_ramulus_A,ERR1620330_sub,1e-06,EX_cpd00067_e0,9.176055002272225,0.01988786070176977,cpd00067_e0,export
S269C115_Eubacterium_I_ramulus_A,ERR1620330_sub,1e-06,EX_cpd00119_e0,-0.022410189027485095,0.01988786070176977,cpd00119_e0,import
S269C115_Eubacterium_I_ramulus_A,ERR1620330_sub,1e-06,EX_cpd00069_e0,-0.03158309256930694,0.01988786070176977,cpd00069_e0,import
S269C115_Eubacterium_I_ramulus_A,ERR1620330_sub,1e-06,EX_cpd00063_e0,-0.0017189606975226985,0.01988786070176977,cpd00063_e0,import
S269C115_Eubacterium_I_ramulus_A,ERR1620330_sub,1e-06,EX_cpd10515_e0,-0.00293624713458744,0.01988786070176977,cpd10515_e0,import
S269C115_Eubacterium_I_ramulus_A,ERR1620330_sub,1e-06,EX_cpd00054_e0,-0.0904441795497755,0.01988786070176977,cpd00054_e0,import
S269C115_Eubacterium_I_ramulus_A,ERR1620330_sub,1e-06,EX_cpd00029_e0,2.4373031106584926,0.01988786070176977,cpd00029_e0,export
S269C115_Eubacterium_I_ramulus_A,ERR1620330_sub,1e-06,EX_cpd00060_e0,-0.028603538928937477,0.01988786070176977,cpd00060_e0,import
S269C115_Eubacterium_I_ramulus_A,ERR1620330_sub,1e-06,EX_cpd00065_e0,-0.014902775703277586,0.01988786070176977,cpd00065_e0,import
S269C115_Eubacterium_I_ramulus_A,ERR1620330_sub,1e-06,EX_cpd00211_e0,1.551353817098915,0.01988786070176977,cpd00211_e0,export
S269C115_Eubacterium_I_ramulus_A,ERR1620330_sub,1e-06,EX_cpd00017_e0,-0.006086432185323707,0.01988786070176977,cpd00017_e0,import
S269C115_Eubacterium_I_ramulus_A,ERR1620330_sub,1e-06,EX_cpd00277_e0,-0.5436479758048255,0.01988786070176977,cpd00277_e0,import
S269C115_Eubacterium_I_ramulus_A,ERR1620330_sub,1e-06,EX_cpd00161_e0,-0.14256361435800344,0.01988786070176977,cpd00161_e0,import
S269C115_Eubacterium_I_ramulus_A,ERR1620330_sub,1e-06,EX_cpd00182_e0,-0.014617032671514658,0.01988786070176977,cpd00182_e0,import
S269C115_Eubacterium_I_ramulus_A,ERR1620330_sub,1e-06,EX_cpd00039_e0,-0.08852024665856613,0.01988786070176977,cpd00039_e0,import
S269C115_Eubacterium_I_ramulus_A,ERR1620330_sub,1e-06,EX_cpd00030_e0,-0.0017189606975226985,0.01988786070176977,cpd00030_e0,import
S269C115_Eubacterium_I_ramulus_A,ERR1620330_sub,1e-06,EX_cpd00009_e0,-0.3088601050073603,0.01988786070176977,cpd00009_e0,import
S269C115_Eubacterium_I_ramulus_A,ERR1620330_sub,1e-06,EX_cpd00239_e0,-0.015575081374102146,0.01988786070176977,cpd00239_e0,import
S269C115_Eubacterium_I_ramulus_A,ERR1620330_sub,1e-06,EX_cpd00092_e0,-0.029617623390177348,0.01988786070176977,cpd00092_e0,import
S269C115_Eubacterium_I_ramulus_A,ERR1620330_sub,1e-06,EX_cpd00254_e0,-0.0017189606975226985,0.01988786070176977,cpd00254_e0,import
S269C115_Eubacterium_I_ramulus_A,ERR1620330_sub,1e-06,EX_cpd00082_e0,-3.1471608329056417,0.01988786070176977,cpd00082_e0,import
S276C106_Agathobacter_faecis,ERR1620330_sub,1e-06,EX_cpd00149_e0,-0.016410169216084354,0.18986313172296745,cpd00149_e0,import
S276C106_Agathobacter_faecis,ERR1620330_sub,1e-06,EX_cpd00013_e0,-11.636386567670735,0.18986313172296745,cpd00013_e0,import
S276C106_Agathobacter_faecis,ERR1620330_sub,1e-06,EX_cpd00053_e0,0.3686481442919796,0.18986313172296745,cpd00053_e0,export
S276C106_Agathobacter_faecis,ERR1620330_sub,1e-06,EX_cpd00007_e0,6.890525082878994e-05,0.18986313172296745,cpd00007_e0,export
S276C106_Agathobacter_faecis,ERR1620330_sub,1e-06,EX_cpd00229_e0,0.03486271055318246,0.18986313172296745,cpd00229_e0,export
S276C106_Agathobacter_faecis,ERR1620330_sub,1e-06,EX_cpd00047_e0,24.246285752561167,0.18986313172296745,cpd00047_e0,export
S276C106_Agathobacter_faecis,ERR1620330_sub,1e-06,EX_cpd00020_e0,0.016468427728558704,0.18986313172296745,cpd00020_e0,export
S276C106_Agathobacter_faecis,ERR1620330_sub,1e-06,EX_cpd00033_e0,1.3510699060594655,0.18986313172296745,cpd00033_e0,export
S276C106_Agathobacter_faecis,ERR1620330_sub,1e-06,EX_cpd00324_e0,0.7857312958349915,0.18986313172296745,cpd00324_e0,export
S276C106_Agathobacter_faecis,ERR1620330_sub,1e-06,EX_cpd11606_e0,3.8279374381440467,0.18986313172296745,cpd11606_e0,export
S276C106_Agathobacter_faecis,ERR1620330_sub,1e-06,EX_cpd00129_e0,0.4127644768491641,0.18986313172296745,cpd00129_e0,export
S276C106_Agathobacter_faecis,ERR1620330_sub,1e-06,EX_cpd00448_e0,0.0586463639612243,0.18986313172296745,cpd00448_e0,export
S276C106_Agathobacter_faecis,ERR1620330_sub,1e-06,EX_cpd00309_e0,-0.14366941208146583,0.18986313172296745,cpd00309_e0,import
S276C106_Agathobacter_faecis,ERR1620330_sub,1e-06,EX_cpd00023_e0,0.281616935731523,0.18986313172296745,cpd00023_e0,export
S276C106_Agathobacter_faecis,ERR1620330_sub,1e-06,EX_cpd00367_e0,0.2841665362334922,0.18986313172296745,cpd00367_e0,export
S276C106_Agathobacter_faecis,ERR1620330_sub,1e-06,EX_cpd10516_e0,-0.016410169216084354,0.18986313172296745,cpd10516_e0,import
S276C106_Agathobacter_faecis,ERR1620330_sub,1e-06,EX_cpd00028_e0,0.02009683652685734,0.18986313172296745,cpd00028_e0,export
S276C106_Agathobacter_faecis,ERR1620330_sub,1e-06,EX_cpd00058_e0,-0.016410169216084354,0.18986313172296745,cpd00058_e0,import
S276C106_Agathobacter_faecis,ERR1620330_sub,1e-06,EX_cpd11451_e0,-3.8279374381440467,0.18986313172296745,cpd11451_e0,import
S276C106_Agathobacter_faecis,ERR1620330_sub,1e-06,EX_cpd00363_e0,0.06343548008916966,0.18986313172296745,cpd00363_e0,export
S276C106_Agathobacter_faecis,ERR1620330_sub,1e-06,EX_cpd00305_e0,-0.01162090351772749,0.18986313172296745,cpd00305_e0,import
S276C106_Agathobacter_faecis,ERR1620330_sub,1e-06,EX_cpd00034_e0,-0.016410169216084354,0.18986313172296745,cpd00034_e0,import
S276C106_Agathobacter_faecis,ERR1620330_sub,1e-06,EX_cpd00051_e0,0.7414325919769705,0.18986313172296745,cpd00051_e0,export
S276C106_Agathobacter_faecis,ERR1620330_sub,1e-06,EX_cpd00099_e0,-0.016410169216084354,0.18986313172296745,cpd00099_e0,import
S276C106_Agathobacter_faecis,ERR1620330_sub,1e-06,EX_cpd00205_e0,-0.016410169216084354,0.18986313172296745,cpd00205_e0,import
S276C106_Agathobacter_faecis,ERR1620330_sub,1e-06,EX_cpd00132_e0,-0.3872319712080593,0.18986313172296745,cpd00132_e0,import
S276C106_Agathobacter_faecis,ERR1620330_sub,1e-06,EX_cpd00232_e0,-25.481940814380252,0.18986313172296745,cpd00232_e0,import
S276C106_Agathobacter_faecis,ERR1620330_sub,1e-06,EX_cpd00220_e0,-0.02324180703545498,0.18986313172296745,cpd00220_e0,import
S276C106_Agathobacter_faecis,ERR1620330_sub,1e-06,EX_cpd00048_e0,-0.01641016921608429,0.18986313172296745,cpd00048_e0,import
S276C106_Agathobacter_faecis,ERR1620330_sub,1e-06,EX_cpd00067_e0,119.64840947710218,0.18986313172296745,cpd00067_e0,export
S276C106_Agathobacter_faecis,ERR1620330_sub,1e-06,EX_cpd00119_e0,-0.21394031558456333,0.18986313172296745,cpd00119_e0,import
S276C106_Agathobacter_faecis,ERR1620330_sub,1e-06,EX_cpd00069_e0,-0.28988912761708235,0.18986313172296745,cpd00069_e0,import
S276C106_Agathobacter_faecis,ERR1620330_sub,1e-06,EX_cpd00063_e0,-0.016410169216084354,0.18986313172296745,cpd00063_e0,import
S276C106_Agathobacter_faecis,ERR1620330_sub,1e-06,EX_cpd10515_e0,-0.05974881277839667,0.18986313172296745,cpd10515_e0,import
S276C106_Agathobacter_faecis,ERR1620330_sub,1e-06,EX_cpd00054_e0,2.967637382467556,0.18986313172296745,cpd00054_e0,export
S276C106_Agathobacter_faecis,ERR1620330_sub,1e-06,EX_cpd00029_e0,111.85982944252423,0.18986313172296745,cpd00029_e0,export
S276C106_Agathobacter_faecis,ERR1620330_sub,1e-06,EX_cpd00041_e0,5.072863380576626,0.18986313172296745,cpd00041_e0,export
S276C106_Agathobacter_faecis,ERR1620330_sub,1e-06,EX_cpd00025_e0,-0.00013781050165757988,0.18986313172296745,cpd00025_e0,import
S276C106_Agathobacter_faecis,ERR1620330_sub,1e-06,EX_cpd00060_e0,1.3573580656103734,0.18986313172296745,cpd00060_e0,export
S276C106_Agathobacter_faecis,ERR1620330_sub,1e-06,EX_cpd00065_e0,-0.1422703098637346,0.18986313172296745,cpd00065_e0,import
S276C106_Agathobacter_faecis,ERR1620330_sub,1e-06,EX_cpd00017_e0,-0.09829819064235212,0.18986313172296745,cpd00017_e0,import
S276C106_Agathobacter_faecis,ERR1620330_sub,1e-06,EX_cpd00644_e0,-0.023241807035454087,0.18986313172296745,cpd00644_e0,import
S276C106_Agathobacter_faecis,ERR1620330_sub,1e-06,EX_cpd00161_e0,0.7247265428378397,0.18986313172296745,cpd00161_e0,export
S276C106_Agathobacter_faecis,ERR1620330_sub,1e-06,EX_cpd00182_e0,0.08667728712462464,0.18986313172296745,cpd00182_e0,export
S276C106_Agathobacter_faecis,ERR1620330_sub,1e-06,EX_cpd00039_e0,1.058632972453032,0.18986313172296745,cpd00039_e0,export
S276C106_Agathobacter_faecis,ERR1620330_sub,1e-06,EX_cpd00030_e0,-0.016410169216084354,0.18986313172296745,cpd00030_e0,import
S276C106_Agathobacter_faecis,ERR1620330_sub,1e-06,EX_cpd00009_e0,-3.0182783429808118,0.18986313172296745,cpd00009_e0,import
S276C106_Agathobacter_faecis,ERR1620330_sub,1e-06,EX_cpd00239_e0,-2.5362706412898146,0.18986313172296745,cpd00239_e0,import
S276C106_Agathobacter_faecis,ERR1620330_sub,1e-06,EX_cpd00035_e0,1.7816364443965653,0.18986313172296745,cpd00035_e0,export
S276C106_Agathobacter_faecis,ERR1620330_sub,1e-06,EX_cpd00254_e0,-0.016410169216084354,0.18986313172296745,cpd00254_e0,import
S276C106_Agathobacter_faecis,ERR1620330_sub,1e-06,EX_cpd00082_e0,-19.30297681742226,0.18986313172296745,cpd00082_e0,import
S285C141_Phocaeicola_sp900554435,ERR1620330_sub,1e-06,EX_cpd00105_e0,-0.01613188798744336,0.010592350299762817,cpd00105_e0,import
S285C141_Phocaeicola_sp900554435,ERR1620330_sub,1e-06,EX_cpd00149_e0,-0.0009155191750074072,0.010592350299762817,cpd00149_e0,import
S285C141_Phocaeicola_sp900554435,ERR1620330_sub,1e-06,EX_cpd00013_e0,0.14943116379500523,0.010592350299762817,cpd00013_e0,export
S285C141_Phocaeicola_sp900554435,ERR1620330_sub,1e-06,EX_cpd00064_e0,-0.0009907023259198844,0.010592350299762817,cpd00064_e0,import
S285C141_Phocaeicola_sp900554435,ERR1620330_sub,1e-06,EX_cpd00066_e0,-0.022073041971572793,0.010592350299762817,cpd00066_e0,import
S285C141_Phocaeicola_sp900554435,ERR1620330_sub,1e-06,EX_cpd00208_e0,-0.3419448341028764,0.010592350299762817,cpd00208_e0,import
S285C141_Phocaeicola_sp900554435,ERR1620330_sub,1e-06,EX_cpd00010_e0,-0.00099070232591986,0.010592350299762817,cpd00010_e0,import
S285C141_Phocaeicola_sp900554435,ERR1620330_sub,1e-06,EX_cpd00012_e0,-0.060164240169597205,0.010592350299762817,cpd00012_e0,import
S285C141_Phocaeicola_sp900554435,ERR1620330_sub,1e-06,EX_cpd00033_e0,-0.07398223884555274,0.010592350299762817,cpd00033_e0,import
S285C141_Phocaeicola_sp900554435,ERR1620330_sub,1e-06,EX_cpd11606_e0,-0.8240266981363671,0.010592350299762817,cpd11606_e0,import
S285C141_Phocaeicola_sp900554435,ERR1620330_sub,1e-06,EX_cpd00129_e0,-0.026337152352444815,0.010592350299762817,cpd00129_e0,import
S285C141_Phocaeicola_sp900554435,ERR1620330_sub,1e-06,EX_cpd00309_e0,0.6246125390074266,0.010592350299762817,cpd00309_e0,export
S285C141_Phocaeicola_sp900554435,ERR1620330_sub,1e-06,EX_cpd00023_e0,-0.06642083055495482,0.010592350299762817,cpd00023_e0,import
S285C141_Phocaeicola_sp900554435,ERR1620330_sub,1e-06,EX_cpd00367_e0,-0.019053029633788125,0.010592350299762817,cpd00367_e0,import
S285C141_Phocaeicola_sp900554435,ERR1620330_sub,1e-06,EX_cpd00184_e0,-0.003098030387931822,0.010592350299762817,cpd00184_e0,import
S285C141_Phocaeicola_sp900554435,ERR1620330_sub,1e-06,EX_cpd10516_e0,-0.0009155191750074072,0.010592350299762817,cpd10516_e0,import
S285C141_Phocaeicola_sp900554435,ERR1620330_sub,1e-06,EX_cpd00028_e0,-0.0004953511629599422,0.010592350299762817,cpd00028_e0,import
S285C141_Phocaeicola_sp900554435,ERR1620330_sub,1e-06,EX_cpd00058_e0,-0.0009155191750074072,0.010592350299762817,cpd00058_e0,import
S285C141_Phocaeicola_sp900554435,ERR1620330_sub,1e-06,EX_cpd11451_e0,0.8240266981363671,0.010592350299762817,cpd11451_e0,export
S285C141_Phocaeicola_sp900554435,ERR1620330_sub,1e-06,EX_cpd00036_e0,1.007091765804935,0.010592350299762817,cpd00036_e0,export
S285C141_Phocaeicola_sp900554435,ERR1620330_sub,1e-06,EX_cpd01741_e0,-0.010391521812336197,0.010592350299762817,cpd01741_e0,import
S285C141_Phocaeicola_sp900554435,ERR1620330_sub,1e-06,EX_cpd00322_e0,-0.045061553057845816,0.010592350299762817,cpd00322_e0,import
S285C141_Phocaeicola_sp900554435,ERR1620330_sub,1e-06,EX_cpd00034_e0,-0.0009155191750074072,0.010592350299762817,cpd00034_e0,import
S285C141_Phocaeicola_sp900554435,ERR1620330_sub,1e-06,EX_cpd00156_e0,-0.05041683450325151,0.010592350299762817,cpd00156_e0,import
S285C141_Phocaeicola_sp900554435,ERR1620330_sub,1e-06,EX_cpd00051_e0,-0.0352416181477952,0.010592350299762817,cpd00051_e0,import
S285C141_Phocaeicola_sp900554435,ERR1620330_sub,1e-06,EX_cpd00099_e0,-0.0009155191750074072,0.010592350299762817,cpd00099_e0,import
S285C141_Phocaeicola_sp900554435,ERR1620330_sub,1e-06,EX_cpd00205_e0,-0.0009155191750074072,0.010592350299762817,cpd00205_e0,import
S285C141_Phocaeicola_sp900554435,ERR1620330_sub,1e-06,EX_cpd00204_e0,0.0004953511629599422,0.010592350299762817,cpd00204_e0,export
S285C141_Phocaeicola_sp900554435,ERR1620330_sub,1e-06,EX_cpd00132_e0,-0.028720037565285052,0.010592350299762817,cpd00132_e0,import
S285C141_Phocaeicola_sp900554435,ERR1620330_sub,1e-06,EX_cpd00220_e0,-0.0009907023259198844,0.010592350299762817,cpd00220_e0,import
S285C141_Phocaeicola_sp900554435,ERR1620330_sub,1e-06,EX_cpd00048_e0,-0.0009155191750074072,0.010592350299762817,cpd00048_e0,import
S285C141_Phocaeicola_sp900554435,ERR1620330_sub,1e-06,EX_cpd00067_e0,2.7854586988800274,0.010592350299762817,cpd00067_e0,export
S285C141_Phocaeicola_sp900554435,ERR1620330_sub,1e-06,EX_cpd00119_e0,-0.011287351008190656,0.010592350299762817,cpd00119_e0,import
S285C141_Phocaeicola_sp900554435,ERR1620330_sub,1e-06,EX_cpd00069_e0,-0.01692471763043749,0.010592350299762817,cpd00069_e0,import
S285C141_Phocaeicola_sp900554435,ERR1620330_sub,1e-06,EX_cpd00063_e0,-0.0009155191750074072,0.010592350299762817,cpd00063_e0,import
S285C141_Phocaeicola_sp900554435,ERR1620330_sub,1e-06,EX_cpd00412_e0,-0.017122590313363245,0.010592350299762817,cpd00412_e0,import
S285C141_Phocaeicola_sp900554435,ERR1620330_sub,1e-06,EX_cpd10515_e0,-0.0014108703379673493,0.010592350299762817,cpd10515_e0,import
S285C141_Phocaeicola_sp900554435,ERR1620330_sub,1e-06,EX_cpd00054_e0,-0.03210446184850692,0.010592350299762817,cpd00054_e0,import
S285C141_Phocaeicola_sp900554435,ERR1620330_sub,1e-06,EX_cpd00029_e0,1.0699539147124542,0.010592350299762817,cpd00029_e0,export
S285C141_Phocaeicola_sp900554435,ERR1620330_sub,1e-06,EX_cpd00060_e0,-0.016329186983669444,0.010592350299762817,cpd00060_e0,import
S285C141_Phocaeicola_sp900554435,ERR1620330_sub,1e-06,EX_cpd00107_e0,-0.06412463476056769,0.010592350299762817,cpd00107_e0,import
S285C141_Phocaeicola_sp900554435,ERR1620330_sub,1e-06,EX_cpd00065_e0,-0.006772410604914371,0.010592350299762817,cpd00065_e0,import
S285C141_Phocaeicola_sp900554435,ERR1620330_sub,1e-06,EX_cpd00017_e0,-0.002476755814799711,0.010592350299762817,cpd00017_e0,import
S285C141_Phocaeicola_sp900554435,ERR1620330_sub,1e-06,EX_cpd00277_e0,-0.2946238334241831,0.010592350299762817,cpd00277_e0,import
S285C141_Phocaeicola_sp900554435,ERR1620330_sub,1e-06,EX_cpd00084_e0,-0.011901808300504168,0.010592350299762817,cpd00084_e0,import
S285C141_Phocaeicola_sp900554435,ERR1620330_sub,1e-06,EX_cpd00161_e0,-0.030225017699710508,0.010592350299762817,cpd00161_e0,import
S285C141_Phocaeicola_sp900554435,ERR1620330_sub,1e-06,EX_cpd00117_e0,-0.003463840604112065,0.010592350299762817,cpd00117_e0,import
S285C141_Phocaeicola_sp900554435,ERR1620330_sub,1e-06,EX_cpd00182_e0,-0.022381044779145542,0.010592350299762817,cpd00182_e0,import
S285C141_Phocaeicola_sp900554435,ERR1620330_sub,1e-06,EX_cpd00039_e0,-0.04088529365189057,0.010592350299762817,cpd00039_e0,import
S285C141_Phocaeicola_sp900554435,ERR1620330_sub,1e-06,EX_cpd00030_e0,-0.0009155191750074072,0.010592350299762817,cpd00030_e0,import
S285C141_Phocaeicola_sp900554435,ERR1620330_sub,1e-06,EX_cpd00006_e0,-0.0009907023259199121,0.010592350299762817,cpd00006_e0,import
S285C141_Phocaeicola_sp900554435,ERR1620330_sub,1e-06,EX_cpd00254_e0,-0.0009155191750074072,0.010592350299762817,cpd00254_e0,import
S285C141_Phocaeicola_sp900554435,ERR1620330_sub,1e-06,EX_cpd01217_e0,-0.3601988813829036,0.010592350299762817,cpd01217_e0,import
S287C140_Eisenbergiella_sp900066775,ERR1620330_sub,1e-06,EX_cpd00149_e0,-0.001104667261857592,0.003232481925210048,cpd00149_e0,import
S287C140_Eisenbergiella_sp900066775,ERR1620330_sub,1e-06,EX_cpd00053_e0,-0.07817466408373133,0.003232481925210048,cpd00053_e0,import
S287C140_Eisenbergiella_sp900066775,ERR1620330_sub,1e-06,EX_cpd00064_e0,-0.0015645459227388015,0.003232481925210048,cpd00064_e0,import
S287C140_Eisenbergiella_sp900066775,ERR1620330_sub,1e-06,EX_cpd00033_e0,-0.06820933004052135,0.003232481925210048,cpd00033_e0,import
S287C140_Eisenbergiella_sp900066775,ERR1620330_sub,1e-06,EX_cpd00129_e0,-0.02829916431262036,0.003232481925210048,cpd00129_e0,import
S287C140_Eisenbergiella_sp900066775,ERR1620330_sub,1e-06,EX_cpd00309_e0,0.17852897446985613,0.003232481925210048,cpd00309_e0,export
S287C140_Eisenbergiella_sp900066775,ERR1620330_sub,1e-06,EX_cpd00023_e0,-0.020890625527523965,0.003232481925210048,cpd00023_e0,import
S287C140_Eisenbergiella_sp900066775,ERR1620330_sub,1e-06,EX_cpd00216_e0,-0.030963462225004575,0.003232481925210048,cpd00216_e0,import
S287C140_Eisenbergiella_sp900066775,ERR1620330_sub,1e-06,EX_cpd00367_e0,-1.356170426836688,0.003232481925210048,cpd00367_e0,import
S287C140_Eisenbergiella_sp900066775,ERR1620330_sub,1e-06,EX_cpd10516_e0,-0.001104667261857592,0.003232481925210048,cpd10516_e0,import
S287C140_Eisenbergiella_sp900066775,ERR1620330_sub,1e-06,EX_cpd00028_e0,-0.0007822729613694007,0.003232481925210048,cpd00028_e0,import
S287C140_Eisenbergiella_sp900066775,ERR1620330_sub,1e-06,EX_cpd00058_e0,-0.001104667261857592,0.003232481925210048,cpd00058_e0,import
S287C140_Eisenbergiella_sp900066775,ERR1620330_sub,1e-06,EX_cpd00011_e0,2.5985034173255195,0.003232481925210048,cpd00011_e0,export
S287C140_Eisenbergiella_sp900066775,ERR1620330_sub,1e-06,EX_cpd00305_e0,-0.0007822729613694007,0.003232481925210048,cpd00305_e0,import
S287C140_Eisenbergiella_sp900066775,ERR1620330_sub,1e-06,EX_cpd00034_e0,-0.001104667261857592,0.003232481925210048,cpd00034_e0,import
S287C140_Eisenbergiella_sp900066775,ERR1620330_sub,1e-06,EX_cpd00080_e0,-0.15229505147161373,0.003232481925210048,cpd00080_e0,import
S287C140_Eisenbergiella_sp900066775,ERR1620330_sub,1e-06,EX_cpd00051_e0,-0.03398780039581895,0.003232481925210048,cpd00051_e0,import
S287C140_Eisenbergiella_sp900066775,ERR1620330_sub,1e-06,EX_cpd23431_e0,-2.161162023578988,0.003232481925210048,cpd23431_e0,import
S287C140_Eisenbergiella_sp900066775,ERR1620330_sub,1e-06,EX_cpd00099_e0,-0.001104667261857592,0.003232481925210048,cpd00099_e0,import
S287C140_Eisenbergiella_sp900066775,ERR1620330_sub,1e-06,EX_cpd00205_e0,-0.001104667261857592,0.003232481925210048,cpd00205_e0,import
S287C140_Eisenbergiella_sp900066775,ERR1620330_sub,1e-06,EX_cpd00132_e0,-0.026066914710352614,0.003232481925210048,cpd00132_e0,import
S287C140_Eisenbergiella_sp900066775,ERR1620330_sub,1e-06,EX_cpd00526_e0,2.161162023578988,0.003232481925210048,cpd00526_e0,export
S287C140_Eisenbergiella_sp900066775,ERR1620330_sub,1e-06,EX_cpd00307_e0,1.356170426836688,0.003232481925210048,cpd00307_e0,export
S287C140_Eisenbergiella_sp900066775,ERR1620330_sub,1e-06,EX_cpd00220_e0,-0.0015645459227387466,0.003232481925210048,cpd00220_e0,import
S287C140_Eisenbergiella_sp900066775,ERR1620330_sub,1e-06,EX_cpd00048_e0,-0.001104667261857592,0.003232481925210048,cpd00048_e0,import
S287C140_Eisenbergiella_sp900066775,ERR1620330_sub,1e-06,EX_cpd00067_e0,0.8037462912569642,0.003232481925210048,cpd00067_e0,export
S287C140_Eisenbergiella_sp900066775,ERR1620330_sub,1e-06,EX_cpd00119_e0,-0.0144016103372114,0.003232481925210048,cpd00119_e0,import
S287C140_Eisenbergiella_sp900066775,ERR1620330_sub,1e-06,EX_cpd00069_e0,-0.01951418200692138,0.003232481925210048,cpd00069_e0,import
S287C140_Eisenbergiella_sp900066775,ERR1620330_sub,1e-06,EX_cpd00063_e0,-0.001104667261857592,0.003232481925210048,cpd00063_e0,import
S287C140_Eisenbergiella_sp900066775,ERR1620330_sub,1e-06,EX_cpd10515_e0,-0.0018869402232269926,0.003232481925210048,cpd10515_e0,import
S287C140_Eisenbergiella_sp900066775,ERR1620330_sub,1e-06,EX_cpd00054_e0,-0.058905023713143136,0.003232481925210048,cpd00054_e0,import
S287C140_Eisenbergiella_sp900066775,ERR1620330_sub,1e-06,EX_cpd00060_e0,-0.02072850327840725,0.003232481925210048,cpd00060_e0,import
S287C140_Eisenbergiella_sp900066775,ERR1620330_sub,1e-06,EX_cpd00107_e0,-0.07388300137700834,0.003232481925210048,cpd00107_e0,import
S287C140_Eisenbergiella_sp900066775,ERR1620330_sub,1e-06,EX_cpd00065_e0,-0.009577070874245579,0.003232481925210048,cpd00065_e0,import
S287C140_Eisenbergiella_sp900066775,ERR1620330_sub,1e-06,EX_cpd00211_e0,1.0718178359046753,0.003232481925210048,cpd00211_e0,export
S287C140_Eisenbergiella_sp900066775,ERR1620330_sub,1e-06,EX_cpd00644_e0,-0.0015645459227388026,0.003232481925210048,cpd00644_e0,import
S287C140_Eisenbergiella_sp900066775,ERR1620330_sub,1e-06,EX_cpd00161_e0,-0.09318115922887157,0.003232481925210048,cpd00161_e0,import
S287C140_Eisenbergiella_sp900066775,ERR1620330_sub,1e-06,EX_cpd00182_e0,-0.014869352639567015,0.003232481925210048,cpd00182_e0,import
S287C140_Eisenbergiella_sp900066775,ERR1620330_sub,1e-06,EX_cpd00393_e0,-0.0023468188841082017,0.003232481925210048,cpd00393_e0,import
S287C140_Eisenbergiella_sp900066775,ERR1620330_sub,1e-06,EX_cpd00039_e0,-0.056886360831985026,0.003232481925210048,cpd00039_e0,import
S287C140_Eisenbergiella_sp900066775,ERR1620330_sub,1e-06,EX_cpd00030_e0,-0.001104667261857592,0.003232481925210048,cpd00030_e0,import
S287C140_Eisenbergiella_sp900066775,ERR1620330_sub,1e-06,EX_cpd00311_e0,-0.1926168479522954,0.003232481925210048,cpd00311_e0,import
S287C140_Eisenbergiella_sp900066775,ERR1620330_sub,1e-06,EX_cpd00009_e0,-0.05088343064890033,0.003232481925210048,cpd00009_e0,import
S287C140_Eisenbergiella_sp900066775,ERR1620330_sub,1e-06,EX_cpd00076_e0,-0.09210795960390411,0.003232481925210048,cpd00076_e0,import
S287C140_Eisenbergiella_sp900066775,ERR1620330_sub,1e-06,EX_cpd00239_e0,-0.012355938068470131,0.003232481925210048,cpd00239_e0,import
S287C140_Eisenbergiella_sp900066775,ERR1620330_sub,1e-06,EX_cpd00092_e0,-0.019033372304735036,0.003232481925210048,cpd00092_e0,import
S287C140_Eisenbergiella_sp900066775,ERR1620330_sub,1e-06,EX_cpd00254_e0,-0.001104667261857592,0.003232481925210048,cpd00254_e0,import
S292C240_Faecalibacterium_sp900539945,ERR1620330_sub,1e-06,EX_cpd00003_e0,-0.005481243818152945,0.04477542168545349,cpd00003_e0,import
S292C240_Faecalibacterium_sp900539945,ERR1620330_sub,1e-06,EX_cpd00149_e0,-0.0038701009105397218,0.04477542168545349,cpd00149_e0,import
S292C240_Faecalibacterium_sp900539945,ERR1620330_sub,1e-06,EX_cpd00013_e0,-1.160015298332447,0.04477542168545349,cpd00013_e0,import
S292C240_Faecalibacterium_sp900539945,ERR1620330_sub,1e-06,EX_cpd00053_e0,-0.3552880645414248,0.04477542168545349,cpd00053_e0,import
S292C240_Faecalibacterium_sp900539945,ERR1620330_sub,1e-06,EX_cpd00066_e0,-0.1084776633544342,0.04477542168545349,cpd00066_e0,import
S292C240_Faecalibacterium_sp900539945,ERR1620330_sub,1e-06,EX_cpd00229_e0,0.008221865727229105,0.04477542168545349,cpd00229_e0,export
S292C240_Faecalibacterium_sp900539945,ERR1620330_sub,1e-06,EX_cpd00047_e0,14.043173144713949,0.04477542168545349,cpd00047_e0,export
S292C240_Faecalibacterium_sp900539945,ERR1620330_sub,1e-06,EX_cpd00033_e0,-0.4294518525320316,0.04477542168545349,cpd00033_e0,import
S292C240_Faecalibacterium_sp900539945,ERR1620330_sub,1e-06,EX_cpd00129_e0,-0.09914353883323834,0.04477542168545349,cpd00129_e0,import
S292C240_Faecalibacterium_sp900539945,ERR1620330_sub,1e-06,EX_cpd00216_e0,-1.5891735636194408,0.04477542168545349,cpd00216_e0,import
S292C240_Faecalibacterium_sp900539945,ERR1620330_sub,1e-06,EX_cpd00367_e0,-0.14618410208749408,0.04477542168545349,cpd00367_e0,import
S292C240_Faecalibacterium_sp900539945,ERR1620330_sub,1e-06,EX_cpd10516_e0,-0.0038701009105397218,0.04477542168545349,cpd10516_e0,import
S292C240_Faecalibacterium_sp900539945,ERR1620330_sub,1e-06,EX_cpd00028_e0,-0.0027406219090763723,0.04477542168545349,cpd00028_e0,import
S292C240_Faecalibacterium_sp900539945,ERR1620330_sub,1e-06,EX_cpd00058_e0,-0.0038701009105397218,0.04477542168545349,cpd00058_e0,import
S292C240_Faecalibacterium_sp900539945,ERR1620330_sub,1e-06,EX_cpd00363_e0,0.0630586882562726,0.04477542168545349,cpd00363_e0,export
S292C240_Faecalibacterium_sp900539945,ERR1620330_sub,1e-06,EX_cpd00322_e0,-0.20593366346109565,0.04477542168545349,cpd00322_e0,import
S292C240_Faecalibacterium_sp900539945,ERR1620330_sub,1e-06,EX_cpd00011_e0,1.8033280584785714,0.04477542168545349,cpd00011_e0,export
S292C240_Faecalibacterium_sp900539945,ERR1620330_sub,1e-06,EX_cpd00305_e0,-0.0027406219090763723,0.04477542168545349,cpd00305_e0,import
S292C240_Faecalibacterium_sp900539945,ERR1620330_sub,1e-06,EX_cpd00034_e0,-0.0038701009105397218,0.04477542168545349,cpd00034_e0,import
S292C240_Faecalibacterium_sp900539945,ERR1620330_sub,1e-06,EX_cpd00156_e0,-0.18945750041669748,0.04477542168545349,cpd00156_e0,import
S292C240_Faecalibacterium_sp900539945,ERR1620330_sub,1e-06,EX_cpd00027_e0,-0.17168224563134665,0.04477542168545349,cpd00027_e0,import
S292C240_Faecalibacterium_sp900539945,ERR1620330_sub,1e-06,EX_cpd00051_e0,-0.12455439987232231,0.04477542168545349,cpd00051_e0,import
S292C240_Faecalibacterium_sp900539945,ERR1620330_sub,1e-06,EX_cpd23431_e0,-5.06491305655406,0.04477542168545349,cpd23431_e0,import
S292C240_Faecalibacterium_sp900539945,ERR1620330_sub,1e-06,EX_cpd00099_e0,-0.0038701009105397218,0.04477542168545349,cpd00099_e0,import
S292C240_Faecalibacterium_sp900539945,ERR1620330_sub,1e-06,EX_cpd00205_e0,-0.0038701009105397218,0.04477542168545349,cpd00205_e0,import
S292C240_Faecalibacterium_sp900539945,ERR1620330_sub,1e-06,EX_cpd00132_e0,-0.09132305612629085,0.04477542168545349,cpd00132_e0,import
S292C240_Faecalibacterium_sp900539945,ERR1620330_sub,1e-06,EX_cpd00526_e0,5.06491305655406,0.04477542168545349,cpd00526_e0,export
S292C240_Faecalibacterium_sp900539945,ERR1620330_sub,1e-06,EX_cpd00232_e0,-0.11043887145876095,0.04477542168545349,cpd00232_e0,import
S292C240_Faecalibacterium_sp900539945,ERR1620330_sub,1e-06,EX_cpd00048_e0,-0.0038701009105397218,0.04477542168545349,cpd00048_e0,import
S292C240_Faecalibacterium_sp900539945,ERR1620330_sub,1e-06,EX_cpd00067_e0,21.20267176488975,0.04477542168545349,cpd00067_e0,export
S292C240_Faecalibacterium_sp900539945,ERR1620330_sub,1e-06,EX_cpd00119_e0,-0.0504547271415972,0.04477542168545349,cpd00119_e0,import
S292C240_Faecalibacterium_sp900539945,ERR1620330_sub,1e-06,EX_cpd00069_e0,1.5125855426153478,0.04477542168545349,cpd00069_e0,export
S292C240_Faecalibacterium_sp900539945,ERR1620330_sub,1e-06,EX_cpd00063_e0,-0.0038701009105397218,0.04477542168545349,cpd00063_e0,import
S292C240_Faecalibacterium_sp900539945,ERR1620330_sub,1e-06,EX_cpd10515_e0,-0.006610722819616094,0.04477542168545349,cpd10515_e0,import
S292C240_Faecalibacterium_sp900539945,ERR1620330_sub,1e-06,EX_cpd00029_e0,6.615634841544493,0.04477542168545349,cpd00029_e0,export
S292C240_Faecalibacterium_sp900539945,ERR1620330_sub,1e-06,EX_cpd00041_e0,-0.09506766777590142,0.04477542168545349,cpd00041_e0,import
S292C240_Faecalibacterium_sp900539945,ERR1620330_sub,1e-06,EX_cpd00060_e0,-0.07810166281834147,0.04477542168545349,cpd00060_e0,import
S292C240_Faecalibacterium_sp900539945,ERR1620330_sub,1e-06,EX_cpd00107_e0,-0.25884235079234996,0.04477542168545349,cpd00107_e0,import
S292C240_Faecalibacterium_sp900539945,ERR1620330_sub,1e-06,EX_cpd00065_e0,-0.03355239354916213,0.04477542168545349,cpd00065_e0,import
S292C240_Faecalibacterium_sp900539945,ERR1620330_sub,1e-06,EX_cpd00211_e0,3.3350659980642603,0.04477542168545349,cpd00211_e0,export
S292C240_Faecalibacterium_sp900539945,ERR1620330_sub,1e-06,EX_cpd00644_e0,-0.005481243818152716,0.04477542168545349,cpd00644_e0,import
S292C240_Faecalibacterium_sp900539945,ERR1620330_sub,1e-06,EX_cpd00277_e0,-0.0630586882562726,0.04477542168545349,cpd00277_e0,import
S292C240_Faecalibacterium_sp900539945,ERR1620330_sub,1e-06,EX_cpd00084_e0,-0.037806657272486416,0.04477542168545349,cpd00084_e0,import
S292C240_Faecalibacterium_sp900539945,ERR1620330_sub,1e-06,EX_cpd00161_e0,-0.11503677788284164,0.04477542168545349,cpd00161_e0,import
S292C240_Faecalibacterium_sp900539945,ERR1620330_sub,1e-06,EX_cpd00182_e0,-0.046612175781110314,0.04477542168545349,cpd00182_e0,import
S292C240_Faecalibacterium_sp900539945,ERR1620330_sub,1e-06,EX_cpd00039_e0,-0.19929617220930892,0.04477542168545349,cpd00039_e0,import
S292C240_Faecalibacterium_sp900539945,ERR1620330_sub,1e-06,EX_cpd00030_e0,-0.0038701009105397218,0.04477542168545349,cpd00030_e0,import
S292C240_Faecalibacterium_sp900539945,ERR1620330_sub,1e-06,EX_cpd00009_e0,-0.700854776989059,0.04477542168545349,cpd00009_e0,import
S292C240_Faecalibacterium_sp900539945,ERR1620330_sub,1e-06,EX_cpd00035_e0,-0.28521345298141787,0.04477542168545349,cpd00035_e0,import
S292C240_Faecalibacterium_sp900539945,ERR1620330_sub,1e-06,EX_cpd00092_e0,0.07950241971073083,0.04477542168545349,cpd00092_e0,export
S292C240_Faecalibacterium_sp900539945,ERR1620330_sub,1e-06,EX_cpd00254_e0,-0.0038701009105397218,0.04477542168545349,cpd00254_e0,import
S292C240_Faecalibacterium_sp900539945,ERR1620330_sub,1e-06,EX_cpd00073_e0,0.0054812438181527446,0.04477542168545349,cpd00073_e0,export
S292C240_Faecalibacterium_sp900539945,ERR1620330_sub,1e-06,EX_cpd00082_e0,-7.299643203918521,0.04477542168545349,cpd00082_e0,import
S321C1228_Collinsella_sp900757495,ERR1620330_sub,1e-06,EX_cpd00003_e0,-0.0007812569724960361,0.0030047856478876136,cpd00003_e0,import
S321C1228_Collinsella_sp900757495,ERR1620330_sub,1e-06,EX_cpd00149_e0,-0.0005516162792484415,0.0030047856478876136,cpd00149_e0,import
S321C1228_Collinsella_sp900757495,ERR1620330_sub,1e-06,EX_cpd00064_e0,0.18108313348497881,0.0030047856478876136,cpd00064_e0,export
S321C1228_Collinsella_sp900757495,ERR1620330_sub,1e-06,EX_cpd11640_e0,0.02988223469732096,0.0030047856478876136,cpd11640_e0,export
S321C1228_Collinsella_sp900757495,ERR1620330_sub,1e-06,EX_cpd00047_e0,0.6996725169616619,0.0030047856478876136,cpd00047_e0,export
S321C1228_Collinsella_sp900757495,ERR1620330_sub,1e-06,EX_cpd00033_e0,-0.03943696417955998,0.0030047856478876136,cpd00033_e0,import
S321C1228_Collinsella_sp900757495,ERR1620330_sub,1e-06,EX_cpd00324_e0,-0.0007812569724961711,0.0030047856478876136,cpd00324_e0,import
S321C1228_Collinsella_sp900757495,ERR1620330_sub,1e-06,EX_cpd00023_e0,-0.04634328564194525,0.0030047856478876136,cpd00023_e0,import
S321C1228_Collinsella_sp900757495,ERR1620330_sub,1e-06,EX_cpd00216_e0,-0.015461623979410147,0.0030047856478876136,cpd00216_e0,import
S321C1228_Collinsella_sp900757495,ERR1620330_sub,1e-06,EX_cpd10516_e0,-0.0005516162792484415,0.0030047856478876136,cpd10516_e0,import
S321C1228_Collinsella_sp900757495,ERR1620330_sub,1e-06,EX_cpd00028_e0,-0.00039062848624808554,0.0030047856478876136,cpd00028_e0,import
S321C1228_Collinsella_sp900757495,ERR1620330_sub,1e-06,EX_cpd00058_e0,-0.0005516162792484415,0.0030047856478876136,cpd00058_e0,import
S321C1228_Collinsella_sp900757495,ERR1620330_sub,1e-06,EX_cpd00036_e0,-0.0031250278899846843,0.0030047856478876136,cpd00036_e0,import
S321C1228_Collinsella_sp900757495,ERR1620330_sub,1e-06,EX_cpd00322_e0,-0.030133556521338745,0.0030047856478876136,cpd00322_e0,import
S321C1228_Collinsella_sp900757495,ERR1620330_sub,1e-06,EX_cpd00011_e0,0.3839746218483674,0.0030047856478876136,cpd00011_e0,export
S321C1228_Collinsella_sp900757495,ERR1620330_sub,1e-06,EX_cpd00305_e0,-0.00039062848624808554,0.0030047856478876136,cpd00305_e0,import
S321C1228_Collinsella_sp900757495,ERR1620330_sub,1e-06,EX_cpd00034_e0,-0.0005516162792484415,0.0030047856478876136,cpd00034_e0,import
S321C1228_Collinsella_sp900757495,ERR1620330_sub,1e-06,EX_cpd00156_e0,-0.02700390606636511,0.0030047856478876136,cpd00156_e0,import
S321C1228_Collinsella_sp900757495,ERR1620330_sub,1e-06,EX_cpd00122_e0,-0.015741160441726763,0.0030047856478876136,cpd00122_e0,import
S321C1228_Collinsella_sp900757495,ERR1620330_sub,1e-06,EX_cpd00051_e0,-0.2129674247416372,0.0030047856478876136,cpd00051_e0,import
S321C1228_Collinsella_sp900757495,ERR1620330_sub,1e-06,EX_cpd23431_e0,-0.6654579759717721,0.0030047856478876136,cpd23431_e0,import
S321C1228_Collinsella_sp900757495,ERR1620330_sub,1e-06,EX_cpd00099_e0,-0.0005516162792484415,0.0030047856478876136,cpd00099_e0,import
S321C1228_Collinsella_sp900757495,ERR1620330_sub,1e-06,EX_cpd00205_e0,-0.0005516162792484415,0.0030047856478876136,cpd00205_e0,import
S321C1228_Collinsella_sp900757495,ERR1620330_sub,1e-06,EX_cpd00132_e0,-0.013016529954759203,0.0030047856478876136,cpd00132_e0,import
S321C1228_Collinsella_sp900757495,ERR1620330_sub,1e-06,EX_cpd00526_e0,0.6654579759717721,0.0030047856478876136,cpd00526_e0,export
S321C1228_Collinsella_sp900757495,ERR1620330_sub,1e-06,EX_cpd00220_e0,-0.0007812569724961711,0.0030047856478876136,cpd00220_e0,import
S321C1228_Collinsella_sp900757495,ERR1620330_sub,1e-06,EX_cpd00794_e0,-0.07756748414063828,0.0030047856478876136,cpd00794_e0,import
S321C1228_Collinsella_sp900757495,ERR1620330_sub,1e-06,EX_cpd00048_e0,-0.0005516162792484415,0.0030047856478876136,cpd00048_e0,import
S321C1228_Collinsella_sp900757495,ERR1620330_sub,1e-06,EX_cpd00067_e0,2.6903495124400383,0.0030047856478876136,cpd00067_e0,export
S321C1228_Collinsella_sp900757495,ERR1620330_sub,1e-06,EX_cpd00119_e0,-0.007191453013679123,0.0030047856478876136,cpd00119_e0,import
S321C1228_Collinsella_sp900757495,ERR1620330_sub,1e-06,EX_cpd00069_e0,-0.00974441883353518,0.0030047856478876136,cpd00069_e0,import
S321C1228_Collinsella_sp900757495,ERR1620330_sub,1e-06,EX_cpd00063_e0,-0.0005516162792484415,0.0030047856478876136,cpd00063_e0,import
S321C1228_Collinsella_sp900757495,ERR1620330_sub,1e-06,EX_cpd10515_e0,-0.0009422447654965271,0.0030047856478876136,cpd10515_e0,import
S321C1228_Collinsella_sp900757495,ERR1620330_sub,1e-06,EX_cpd00054_e0,-0.02716269473982319,0.0030047856478876136,cpd00054_e0,import
S321C1228_Collinsella_sp900757495,ERR1620330_sub,1e-06,EX_cpd00029_e0,2.1482721629559385,0.0030047856478876136,cpd00029_e0,export
S321C1228_Collinsella_sp900757495,ERR1620330_sub,1e-06,EX_cpd00060_e0,-0.009178905451449447,0.0030047856478876136,cpd00060_e0,import
S321C1228_Collinsella_sp900757495,ERR1620330_sub,1e-06,EX_cpd00107_e0,-0.036893522354197156,0.0030047856478876136,cpd00107_e0,import
S321C1228_Collinsella_sp900757495,ERR1620330_sub,1e-06,EX_cpd00065_e0,-0.004782316254096616,0.0030047856478876136,cpd00065_e0,import
S321C1228_Collinsella_sp900757495,ERR1620330_sub,1e-06,EX_cpd00017_e0,-0.0011718854587442567,0.0030047856478876136,cpd00017_e0,import
S321C1228_Collinsella_sp900757495,ERR1620330_sub,1e-06,EX_cpd00644_e0,-0.0007812569724961749,0.0030047856478876136,cpd00644_e0,import
S321C1228_Collinsella_sp900757495,ERR1620330_sub,1e-06,EX_cpd00161_e0,-0.016396512871188408,0.0030047856478876136,cpd00161_e0,import
S321C1228_Collinsella_sp900757495,ERR1620330_sub,1e-06,EX_cpd00117_e0,0.24279716442705188,0.0030047856478876136,cpd00117_e0,export
S321C1228_Collinsella_sp900757495,ERR1620330_sub,1e-06,EX_cpd00182_e0,-0.005471877989911476,0.0030047856478876136,cpd00182_e0,import
S321C1228_Collinsella_sp900757495,ERR1620330_sub,1e-06,EX_cpd00393_e0,-0.0011718854587442565,0.0030047856478876136,cpd00393_e0,import
S321C1228_Collinsella_sp900757495,ERR1620330_sub,1e-06,EX_cpd00039_e0,-0.028406239404032536,0.0030047856478876136,cpd00039_e0,import
S321C1228_Collinsella_sp900757495,ERR1620330_sub,1e-06,EX_cpd00030_e0,-0.0005516162792484415,0.0030047856478876136,cpd00030_e0,import
S321C1228_Collinsella_sp900757495,ERR1620330_sub,1e-06,EX_cpd00311_e0,-0.0070347883215423224,0.0030047856478876136,cpd00311_e0,import
S321C1228_Collinsella_sp900757495,ERR1620330_sub,1e-06,EX_cpd00009_e0,-0.09989478654764437,0.0030047856478876136,cpd00009_e0,import
S321C1228_Collinsella_sp900757495,ERR1620330_sub,1e-06,EX_cpd00239_e0,-0.005388688330755082,0.0030047856478876136,cpd00239_e0,import
S321C1228_Collinsella_sp900757495,ERR1620330_sub,1e-06,EX_cpd00035_e0,0.07944769205181115,0.0030047856478876136,cpd00035_e0,export
S321C1228_Collinsella_sp900757495,ERR1620330_sub,1e-06,EX_cpd00092_e0,-0.00950432621188856,0.0030047856478876136,cpd00092_e0,import
S321C1228_Collinsella_sp900757495,ERR1620330_sub,1e-06,EX_cpd00254_e0,-0.0005516162792484415,0.0030047856478876136,cpd00254_e0,import
S321C1228_Collinsella_sp900757495,ERR1620330_sub,1e-06,EX_cpd00082_e0,-1.0103469378654397,0.0030047856478876136,cpd00082_e0,import
S347C11_Mediterraneibacter_lactaris,ERR1620330_sub,1e-06,EX_cpd00003_e0,-0.001995959176844031,0.01630511122225035,cpd00003_e0,import
S347C11_Mediterraneibacter_lactaris,ERR1620330_sub,1e-06,EX_cpd00149_e0,-0.0014092719981045106,0.01630511122225035,cpd00149_e0,import
S347C11_Mediterraneibacter_lactaris,ERR1620330_sub,1e-06,EX_cpd00053_e0,-0.06151117848264878,0.01630511122225035,cpd00053_e0,import
S347C11_Mediterraneibacter_lactaris,ERR1620330_sub,1e-06,EX_cpd00064_e0,1.8220640380883548,0.01630511122225035,cpd00064_e0,export
S347C11_Mediterraneibacter_lactaris,ERR1620330_sub,1e-06,EX_cpd00012_e0,-0.1276058473383355,0.01630511122225035,cpd00012_e0,import
S347C11_Mediterraneibacter_lactaris,ERR1620330_sub,1e-06,EX_cpd00033_e0,-0.08601962485649661,0.01630511122225035,cpd00033_e0,import
S347C11_Mediterraneibacter_lactaris,ERR1620330_sub,1e-06,EX_cpd00129_e0,-0.036102472855464814,0.01630511122225035,cpd00129_e0,import
S347C11_Mediterraneibacter_lactaris,ERR1620330_sub,1e-06,EX_cpd00309_e0,2.0992010238771757,0.01630511122225035,cpd00309_e0,export
S347C11_Mediterraneibacter_lactaris,ERR1620330_sub,1e-06,EX_cpd00023_e0,-0.06487071356192009,0.01630511122225035,cpd00023_e0,import
S347C11_Mediterraneibacter_lactaris,ERR1620330_sub,1e-06,EX_cpd00367_e0,-0.024281699607405394,0.01630511122225035,cpd00367_e0,import
S347C11_Mediterraneibacter_lactaris,ERR1620330_sub,1e-06,EX_cpd10516_e0,-0.0014092719981045106,0.01630511122225035,cpd10516_e0,import
S347C11_Mediterraneibacter_lactaris,ERR1620330_sub,1e-06,EX_cpd00028_e0,-0.0009979795884222631,0.01630511122225035,cpd00028_e0,import
S347C11_Mediterraneibacter_lactaris,ERR1620330_sub,1e-06,EX_cpd00058_e0,-0.0014092719981045106,0.01630511122225035,cpd00058_e0,import
S347C11_Mediterraneibacter_lactaris,ERR1620330_sub,1e-06,EX_cpd00363_e0,0.0019959591768445263,0.01630511122225035,cpd00363_e0,export
S347C11_Mediterraneibacter_lactaris,ERR1620330_sub,1e-06,EX_cpd00011_e0,2.5337484529824796,0.01630511122225035,cpd00011_e0,export
S347C11_Mediterraneibacter_lactaris,ERR1620330_sub,1e-06,EX_cpd00034_e0,-0.0014092719981045106,0.01630511122225035,cpd00034_e0,import
S347C11_Mediterraneibacter_lactaris,ERR1620330_sub,1e-06,EX_cpd00122_e0,-0.040215594540502574,0.01630511122225035,cpd00122_e0,import
S347C11_Mediterraneibacter_lactaris,ERR1620330_sub,1e-06,EX_cpd00027_e0,-0.06251696969478125,0.01630511122225035,cpd00027_e0,import
S347C11_Mediterraneibacter_lactaris,ERR1620330_sub,1e-06,EX_cpd00051_e0,-1.8674197102112031,0.01630511122225035,cpd00051_e0,import
S347C11_Mediterraneibacter_lactaris,ERR1620330_sub,1e-06,EX_cpd23431_e0,-0.1173771729594471,0.01630511122225035,cpd23431_e0,import
S347C11_Mediterraneibacter_lactaris,ERR1620330_sub,1e-06,EX_cpd00099_e0,-0.0014092719981045106,0.01630511122225035,cpd00099_e0,import
S347C11_Mediterraneibacter_lactaris,ERR1620330_sub,1e-06,EX_cpd00205_e0,-0.0014092719981045106,0.01630511122225035,cpd00205_e0,import
S347C11_Mediterraneibacter_lactaris,ERR1620330_sub,1e-06,EX_cpd00204_e0,0.0009979795884222631,0.01630511122225035,cpd00204_e0,export
S347C11_Mediterraneibacter_lactaris,ERR1620330_sub,1e-06,EX_cpd00132_e0,-0.03325469509841799,0.01630511122225035,cpd00132_e0,import
S347C11_Mediterraneibacter_lactaris,ERR1620330_sub,1e-06,EX_cpd00526_e0,0.1173771729594471,0.01630511122225035,cpd00526_e0,export
S347C11_Mediterraneibacter_lactaris,ERR1620330_sub,1e-06,EX_cpd00220_e0,-0.0019959591768445263,0.01630511122225035,cpd00220_e0,import
S347C11_Mediterraneibacter_lactaris,ERR1620330_sub,1e-06,EX_cpd00048_e0,-0.0014092719981045106,0.01630511122225035,cpd00048_e0,import
S347C11_Mediterraneibacter_lactaris,ERR1620330_sub,1e-06,EX_cpd00119_e0,-0.018372759722882884,0.01630511122225035,cpd00119_e0,import
S347C11_Mediterraneibacter_lactaris,ERR1620330_sub,1e-06,EX_cpd00069_e0,-0.025893069012928486,0.01630511122225035,cpd00069_e0,import
S347C11_Mediterraneibacter_lactaris,ERR1620330_sub,1e-06,EX_cpd00063_e0,-0.0014092719981045106,0.01630511122225035,cpd00063_e0,import
S347C11_Mediterraneibacter_lactaris,ERR1620330_sub,1e-06,EX_cpd10515_e0,-0.0024072515865267738,0.01630511122225035,cpd10515_e0,import
S347C11_Mediterraneibacter_lactaris,ERR1620330_sub,1e-06,EX_cpd00054_e0,-0.07814163557219583,0.01630511122225035,cpd00054_e0,import
S347C11_Mediterraneibacter_lactaris,ERR1620330_sub,1e-06,EX_cpd00029_e0,0.16561759550322852,0.01630511122225035,cpd00029_e0,export
S347C11_Mediterraneibacter_lactaris,ERR1620330_sub,1e-06,EX_cpd00060_e0,-0.021454353862503824,0.01630511122225035,cpd00060_e0,import
S347C11_Mediterraneibacter_lactaris,ERR1620330_sub,1e-06,EX_cpd00107_e0,-0.09425575335820685,0.01630511122225035,cpd00107_e0,import
S347C11_Mediterraneibacter_lactaris,ERR1620330_sub,1e-06,EX_cpd00065_e0,-0.012217885215717114,0.01630511122225035,cpd00065_e0,import
S347C11_Mediterraneibacter_lactaris,ERR1620330_sub,1e-06,EX_cpd00017_e0,-0.004989897942111316,0.01630511122225035,cpd00017_e0,import
S347C11_Mediterraneibacter_lactaris,ERR1620330_sub,1e-06,EX_cpd00644_e0,-0.0019959591768445306,0.01630511122225035,cpd00644_e0,import
S347C11_Mediterraneibacter_lactaris,ERR1620330_sub,1e-06,EX_cpd00161_e0,-0.11887525138686983,0.01630511122225035,cpd00161_e0,import
S347C11_Mediterraneibacter_lactaris,ERR1620330_sub,1e-06,EX_cpd00182_e0,-0.01198362177159685,0.01630511122225035,cpd00182_e0,import
S347C11_Mediterraneibacter_lactaris,ERR1620330_sub,1e-06,EX_cpd00393_e0,-0.00299393876526679,0.01630511122225035,cpd00393_e0,import
S347C11_Mediterraneibacter_lactaris,ERR1620330_sub,1e-06,EX_cpd00039_e0,-0.07257240090538739,0.01630511122225035,cpd00039_e0,import
S347C11_Mediterraneibacter_lactaris,ERR1620330_sub,1e-06,EX_cpd00030_e0,-0.0014092719981045106,0.01630511122225035,cpd00030_e0,import
S347C11_Mediterraneibacter_lactaris,ERR1620330_sub,1e-06,EX_cpd00311_e0,-0.017972511992665665,0.01630511122225035,cpd00311_e0,import
S347C11_Mediterraneibacter_lactaris,ERR1620330_sub,1e-06,EX_cpd00239_e0,-0.016760986361092668,0.01630511122225035,cpd00239_e0,import
S347C11_Mediterraneibacter_lactaris,ERR1620330_sub,1e-06,EX_cpd00035_e0,3.449634426408505,0.01630511122225035,cpd00035_e0,export
S347C11_Mediterraneibacter_lactaris,ERR1620330_sub,1e-06,EX_cpd00254_e0,-0.0014092719981045106,0.01630511122225035,cpd00254_e0,import
S347C11_Mediterraneibacter_lactaris,ERR1620330_sub,1e-06,EX_cpd01217_e0,-2.0992010238771757,0.01630511122225035,cpd01217_e0,import
S347C11_Mediterraneibacter_lactaris,ERR1620330_sub,1e-06,EX_cpd00082_e0,-0.5757504252603156,0.01630511122225035,cpd00082_e0,import
S34C503_Megasphaera_sp000417505,ERR1620330_sub,1e-06,EX_cpd00003_e0,-0.00045506497883510133,0.004865498153826058,cpd00003_e0,import
S34C503_Megasphaera_sp000417505,ERR1620330_sub,1e-06,EX_cpd00149_e0,-0.000420530671118633,0.004865498153826058,cpd00149_e0,import
S34C503_Megasphaera_sp000417505,ERR1620330_sub,1e-06,EX_cpd00064_e0,0.485648575420947,0.004865498153826058,cpd00064_e0,export
S34C503_Megasphaera_sp000417505,ERR1620330_sub,1e-06,EX_cpd00066_e0,-0.010138936908514407,0.004865498153826058,cpd00066_e0,import
S34C503_Megasphaera_sp000417505,ERR1620330_sub,1e-06,EX_cpd00106_e0,0.04985378115941408,0.004865498153826058,cpd00106_e0,export
S34C503_Megasphaera_sp000417505,ERR1620330_sub,1e-06,EX_cpd00033_e0,-0.03142198738674039,0.004865498153826058,cpd00033_e0,import
S34C503_Megasphaera_sp000417505,ERR1620330_sub,1e-06,EX_cpd00129_e0,-0.012097595174931966,0.004865498153826058,cpd00129_e0,import
S34C503_Megasphaera_sp000417505,ERR1620330_sub,1e-06,EX_cpd00309_e0,0.6736390931247708,0.004865498153826058,cpd00309_e0,export
S34C503_Megasphaera_sp000417505,ERR1620330_sub,1e-06,EX_cpd00023_e0,-0.026529457166661885,0.004865498153826058,cpd00023_e0,import
S34C503_Megasphaera_sp000417505,ERR1620330_sub,1e-06,EX_cpd10516_e0,-0.000420530671118633,0.004865498153826058,cpd10516_e0,import
S34C503_Megasphaera_sp000417505,ERR1620330_sub,1e-06,EX_cpd00028_e0,-0.0002275324894175531,0.004865498153826058,cpd00028_e0,import
S34C503_Megasphaera_sp000417505,ERR1620330_sub,1e-06,EX_cpd00024_e0,-0.005117666154695666,0.004865498153826058,cpd00024_e0,import
S34C503_Megasphaera_sp000417505,ERR1620330_sub,1e-06,EX_cpd00058_e0,-0.000420530671118633,0.004865498153826058,cpd00058_e0,import
S34C503_Megasphaera_sp000417505,ERR1620330_sub,1e-06,EX_cpd00322_e0,-0.015899696515624884,0.004865498153826058,cpd00322_e0,import
S34C503_Megasphaera_sp000417505,ERR1620330_sub,1e-06,EX_cpd00011_e0,0.6078483581155315,0.004865498153826058,cpd00011_e0,export
S34C503_Megasphaera_sp000417505,ERR1620330_sub,1e-06,EX_cpd00305_e0,-0.0002275324894175531,0.004865498153826058,cpd00305_e0,import
S34C503_Megasphaera_sp000417505,ERR1620330_sub,1e-06,EX_cpd00034_e0,-0.000420530671118633,0.004865498153826058,cpd00034_e0,import
S34C503_Megasphaera_sp000417505,ERR1620330_sub,1e-06,EX_cpd00027_e0,-0.003977664405236058,0.004865498153826058,cpd00027_e0,import
S34C503_Megasphaera_sp000417505,ERR1620330_sub,1e-06,EX_cpd00080_e0,-0.012596548067341045,0.004865498153826058,cpd00080_e0,import
S34C503_Megasphaera_sp000417505,ERR1620330_sub,1e-06,EX_cpd00051_e0,-0.5022913748957626,0.004865498153826058,cpd00051_e0,import
S34C503_Megasphaera_sp000417505,ERR1620330_sub,1e-06,EX_cpd00099_e0,-0.000420530671118633,0.004865498153826058,cpd00099_e0,import
S34C503_Megasphaera_sp000417505,ERR1620330_sub,1e-06,EX_cpd00205_e0,-0.000420530671118633,0.004865498153826058,cpd00205_e0,import
S34C503_Megasphaera_sp000417505,ERR1620330_sub,1e-06,EX_cpd00132_e0,-0.013192139500282949,0.004865498153826058,cpd00132_e0,import
S34C503_Megasphaera_sp000417505,ERR1620330_sub,1e-06,EX_cpd00220_e0,-0.0004550649788351062,0.004865498153826058,cpd00220_e0,import
S34C503_Megasphaera_sp000417505,ERR1620330_sub,1e-06,EX_cpd00048_e0,-0.000420530671118633,0.004865498153826058,cpd00048_e0,import
S34C503_Megasphaera_sp000417505,ERR1620330_sub,1e-06,EX_cpd00119_e0,-0.005184683646399423,0.004865498153826058,cpd00119_e0,import
S34C503_Megasphaera_sp000417505,ERR1620330_sub,1e-06,EX_cpd00069_e0,-0.007546595085314733,0.004865498153826058,cpd00069_e0,import
S34C503_Megasphaera_sp000417505,ERR1620330_sub,1e-06,EX_cpd00063_e0,-0.000420530671118633,0.004865498153826058,cpd00063_e0,import
S34C503_Megasphaera_sp000417505,ERR1620330_sub,1e-06,EX_cpd10515_e0,-0.0006480631605361861,0.004865498153826058,cpd10515_e0,import
S34C503_Megasphaera_sp000417505,ERR1620330_sub,1e-06,EX_cpd00054_e0,-0.021636688403838283,0.004865498153826058,cpd00054_e0,import
S34C503_Megasphaera_sp000417505,ERR1620330_sub,1e-06,EX_cpd00029_e0,0.006389750740129107,0.004865498153826058,cpd00029_e0,export
S34C503_Megasphaera_sp000417505,ERR1620330_sub,1e-06,EX_cpd00060_e0,-0.007955644047546145,0.004865498153826058,cpd00060_e0,import
S34C503_Megasphaera_sp000417505,ERR1620330_sub,1e-06,EX_cpd00107_e0,-0.029454736096467427,0.004865498153826058,cpd00107_e0,import
S34C503_Megasphaera_sp000417505,ERR1620330_sub,1e-06,EX_cpd00065_e0,-0.0031108101878396435,0.004865498153826058,cpd00065_e0,import
S34C503_Megasphaera_sp000417505,ERR1620330_sub,1e-06,EX_cpd00017_e0,-0.0006825974682526594,0.004865498153826058,cpd00017_e0,import
S34C503_Megasphaera_sp000417505,ERR1620330_sub,1e-06,EX_cpd00644_e0,-0.0004550649788350788,0.004865498153826058,cpd00644_e0,import
S34C503_Megasphaera_sp000417505,ERR1620330_sub,1e-06,EX_cpd00161_e0,-0.013883430653136223,0.004865498153826058,cpd00161_e0,import
S34C503_Megasphaera_sp000417505,ERR1620330_sub,1e-06,EX_cpd00393_e0,-0.0006825974682526596,0.004865498153826058,cpd00393_e0,import
S34C503_Megasphaera_sp000417505,ERR1620330_sub,1e-06,EX_cpd00039_e0,-0.018780076319180123,0.004865498153826058,cpd00039_e0,import
S34C503_Megasphaera_sp000417505,ERR1620330_sub,1e-06,EX_cpd00030_e0,-0.000420530671118633,0.004865498153826058,cpd00030_e0,import
S34C503_Megasphaera_sp000417505,ERR1620330_sub,1e-06,EX_cpd00311_e0,-0.0131940157698482,0.004865498153826058,cpd00311_e0,import
S34C503_Megasphaera_sp000417505,ERR1620330_sub,1e-06,EX_cpd00009_e0,-0.04449488253792265,0.004865498153826058,cpd00009_e0,import
S34C503_Megasphaera_sp000417505,ERR1620330_sub,1e-06,EX_cpd00239_e0,-0.005694458326438734,0.004865498153826058,cpd00239_e0,import
S34C503_Megasphaera_sp000417505,ERR1620330_sub,1e-06,EX_cpd00035_e0,0.8663764887611152,0.004865498153826058,cpd00035_e0,export
S34C503_Megasphaera_sp000417505,ERR1620330_sub,1e-06,EX_cpd00254_e0,-0.000420530671118633,0.004865498153826058,cpd00254_e0,import
S34C503_Megasphaera_sp000417505,ERR1620330_sub,1e-06,EX_cpd01217_e0,-0.6848296366862688,0.004865498153826058,cpd01217_e0,import
S34C503_Megasphaera_sp000417505,ERR1620330_sub,1e-06,EX_cpd00249_e0,-0.018039790955287675,0.004865498153826058,cpd00249_e0,import
S34C503_Megasphaera_sp000417505,ERR1620330_sub,1e-06,EX_cpd00082_e0,-0.036964720428000176,0.004865498153826058,cpd00082_e0,import
S365C151_Anaerostipes_hadrus,ERR1620330_sub,1e-06,EX_cpd00003_e0,-0.002208687419111399,0.018042805110774912,cpd00003_e0,import
S365C151_Anaerostipes_hadrus,ERR1620330_sub,1e-06,EX_cpd00149_e0,-0.0015594714403125074,0.018042805110774912,cpd00149_e0,import
S365C151_Anaerostipes_hadrus,ERR1620330_sub,1e-06,EX_cpd00053_e0,-0.07138003752109895,0.018042805110774912,cpd00053_e0,import
S365C151_Anaerostipes_hadrus,ERR1620330_sub,1e-06,EX_cpd00064_e0,-0.002208687419110891,0.018042805110774912,cpd00064_e0,import
S365C151_Anaerostipes_hadrus,ERR1620330_sub,1e-06,EX_cpd00066_e0,-0.04371147466784859,0.018042805110774912,cpd00066_e0,import
S365C151_Anaerostipes_hadrus,ERR1620330_sub,1e-06,EX_cpd00047_e0,3.379919435390579,0.018042805110774912,cpd00047_e0,export
S365C151_Anaerostipes_hadrus,ERR1620330_sub,1e-06,EX_cpd00033_e0,-0.09187451850726576,0.018042805110774912,cpd00033_e0,import
S365C151_Anaerostipes_hadrus,ERR1620330_sub,1e-06,EX_cpd00129_e0,-0.039950254754568454,0.018042805110774912,cpd00129_e0,import
S365C151_Anaerostipes_hadrus,ERR1620330_sub,1e-06,EX_cpd00309_e0,0.2083908688706349,0.018042805110774912,cpd00309_e0,export
S365C151_Anaerostipes_hadrus,ERR1620330_sub,1e-06,EX_cpd00023_e0,-0.07178459889118255,0.018042805110774912,cpd00023_e0,import
S365C151_Anaerostipes_hadrus,ERR1620330_sub,1e-06,EX_cpd00367_e0,-0.02686962993015346,0.018042805110774912,cpd00367_e0,import
S365C151_Anaerostipes_hadrus,ERR1620330_sub,1e-06,EX_cpd10516_e0,-0.0015594714403125074,0.018042805110774912,cpd10516_e0,import
S365C151_Anaerostipes_hadrus,ERR1620330_sub,1e-06,EX_cpd00028_e0,-0.0011043437095554455,0.018042805110774912,cpd00028_e0,import
S365C151_Anaerostipes_hadrus,ERR1620330_sub,1e-06,EX_cpd00058_e0,-0.0015594714403125074,0.018042805110774912,cpd00058_e0,import
S365C151_Anaerostipes_hadrus,ERR1620330_sub,1e-06,EX_cpd00036_e0,0.008839102246565034,0.018042805110774912,cpd00036_e0,export
S365C151_Anaerostipes_hadrus,ERR1620330_sub,1e-06,EX_cpd00363_e0,0.11549526635714498,0.018042805110774912,cpd00363_e0,export
S365C151_Anaerostipes_hadrus,ERR1620330_sub,1e-06,EX_cpd00322_e0,-0.06709203088553484,0.018042805110774912,cpd00322_e0,import
S365C151_Anaerostipes_hadrus,ERR1620330_sub,1e-06,EX_cpd00011_e0,0.0750958920641087,0.018042805110774912,cpd00011_e0,export
S365C151_Anaerostipes_hadrus,ERR1620330_sub,1e-06,EX_cpd00034_e0,-0.0015594714403125074,0.018042805110774912,cpd00034_e0,import
S365C151_Anaerostipes_hadrus,ERR1620330_sub,1e-06,EX_cpd00156_e0,-0.05526993301689387,0.018042805110774912,cpd00156_e0,import
S365C151_Anaerostipes_hadrus,ERR1620330_sub,1e-06,EX_cpd00122_e0,-0.044501750709198755,0.018042805110774912,cpd00122_e0,import
S365C151_Anaerostipes_hadrus,ERR1620330_sub,1e-06,EX_cpd00051_e0,-0.047980967542382603,0.018042805110774912,cpd00051_e0,import
S365C151_Anaerostipes_hadrus,ERR1620330_sub,1e-06,EX_cpd00099_e0,-0.0015594714403125074,0.018042805110774912,cpd00099_e0,import
S365C151_Anaerostipes_hadrus,ERR1620330_sub,1e-06,EX_cpd00205_e0,-0.0015594714403125074,0.018042805110774912,cpd00205_e0,import
S365C151_Anaerostipes_hadrus,ERR1620330_sub,1e-06,EX_cpd00204_e0,0.0011043437095554455,0.018042805110774912,cpd00204_e0,export
S365C151_Anaerostipes_hadrus,ERR1620330_sub,1e-06,EX_cpd00132_e0,-0.036798962394793355,0.018042805110774912,cpd00132_e0,import
S365C151_Anaerostipes_hadrus,ERR1620330_sub,1e-06,EX_cpd00220_e0,-0.002208687419110891,0.018042805110774912,cpd00220_e0,import
S365C151_Anaerostipes_hadrus,ERR1620330_sub,1e-06,EX_cpd00048_e0,-0.0015594714403125074,0.018042805110774912,cpd00048_e0,import
S365C151_Anaerostipes_hadrus,ERR1620330_sub,1e-06,EX_cpd00067_e0,9.076916171324239,0.018042805110774912,cpd00067_e0,export
S365C151_Anaerostipes_hadrus,ERR1620330_sub,1e-06,EX_cpd00119_e0,-0.02033091845016209,0.018042805110774912,cpd00119_e0,import
S365C151_Anaerostipes_hadrus,ERR1620330_sub,1e-06,EX_cpd00069_e0,-0.028652738209524988,0.018042805110774912,cpd00069_e0,import
S365C151_Anaerostipes_hadrus,ERR1620330_sub,1e-06,EX_cpd00063_e0,-0.0015594714403125074,0.018042805110774912,cpd00063_e0,import
S365C151_Anaerostipes_hadrus,ERR1620330_sub,1e-06,EX_cpd10515_e0,-0.002663815149867953,0.018042805110774912,cpd10515_e0,import
S365C151_Anaerostipes_hadrus,ERR1620330_sub,1e-06,EX_cpd00054_e0,-0.08646992854328336,0.018042805110774912,cpd00054_e0,import
S365C151_Anaerostipes_hadrus,ERR1620330_sub,1e-06,EX_cpd00029_e0,5.247970929464659,0.018042805110774912,cpd00029_e0,export
S365C151_Anaerostipes_hadrus,ERR1620330_sub,1e-06,EX_cpd00041_e0,-0.04714696972099746,0.018042805110774912,cpd00041_e0,import
S365C151_Anaerostipes_hadrus,ERR1620330_sub,1e-06,EX_cpd00060_e0,-0.023740947215252807,0.018042805110774912,cpd00060_e0,import
S365C151_Anaerostipes_hadrus,ERR1620330_sub,1e-06,EX_cpd00107_e0,-0.10430148022877458,0.018042805110774912,cpd00107_e0,import
S365C151_Anaerostipes_hadrus,ERR1620330_sub,1e-06,EX_cpd00065_e0,-0.013520060769357788,0.018042805110774912,cpd00065_e0,import
S365C151_Anaerostipes_hadrus,ERR1620330_sub,1e-06,EX_cpd00211_e0,0.7963435471586598,0.018042805110774912,cpd00211_e0,export
S365C151_Anaerostipes_hadrus,ERR1620330_sub,1e-06,EX_cpd00017_e0,-0.005521718547777227,0.018042805110774912,cpd00017_e0,import
S365C151_Anaerostipes_hadrus,ERR1620330_sub,1e-06,EX_cpd00644_e0,-0.002208687419110844,0.018042805110774912,cpd00644_e0,import
S365C151_Anaerostipes_hadrus,ERR1620330_sub,1e-06,EX_cpd00277_e0,-0.1132865789380341,0.018042805110774912,cpd00277_e0,import
S365C151_Anaerostipes_hadrus,ERR1620330_sub,1e-06,EX_cpd00100_e0,0.005573210639781855,0.018042805110774912,cpd00100_e0,export
S365C151_Anaerostipes_hadrus,ERR1620330_sub,1e-06,EX_cpd00161_e0,-0.06445288006645686,0.018042805110774912,cpd00161_e0,import
S365C151_Anaerostipes_hadrus,ERR1620330_sub,1e-06,EX_cpd00039_e0,-0.08030712787814026,0.018042805110774912,cpd00039_e0,import
S365C151_Anaerostipes_hadrus,ERR1620330_sub,1e-06,EX_cpd00030_e0,-0.0015594714403125074,0.018042805110774912,cpd00030_e0,import
S365C151_Anaerostipes_hadrus,ERR1620330_sub,1e-06,EX_cpd00009_e0,-0.28241201813226197,0.018042805110774912,cpd00009_e0,import
S365C151_Anaerostipes_hadrus,ERR1620330_sub,1e-06,EX_cpd00076_e0,-0.6816344462664188,0.018042805110774912,cpd00076_e0,import
S365C151_Anaerostipes_hadrus,ERR1620330_sub,1e-06,EX_cpd00239_e0,-0.018547363161084397,0.018042805110774912,cpd00239_e0,import
S365C151_Anaerostipes_hadrus,ERR1620330_sub,1e-06,EX_cpd00588_e0,0.6816344462664188,0.018042805110774912,cpd00588_e0,export
S365C151_Anaerostipes_hadrus,ERR1620330_sub,1e-06,EX_cpd00254_e0,-0.0015594714403125074,0.018042805110774912,cpd00254_e0,import
S365C151_Anaerostipes_hadrus,ERR1620330_sub,1e-06,EX_cpd01217_e0,-0.13156616325096904,0.018042805110774912,cpd01217_e0,import
S365C151_Anaerostipes_hadrus,ERR1620330_sub,1e-06,EX_cpd00082_e0,-2.4265415885139268,0.018042805110774912,cpd00082_e0,import
S393C109_Bifidobacterium_longum,ERR1620330_sub,1e-06,EX_cpd00003_e0,-0.008592269309486172,0.008254101888045005,cpd00003_e0,import
S393C109_Bifidobacterium_longum,ERR1620330_sub,1e-06,EX_cpd00149_e0,-0.0007133962043393647,0.008254101888045005,cpd00149_e0,import
S393C109_Bifidobacterium_longum,ERR1620330_sub,1e-06,EX_cpd00133_e0,0.008087075953380209,0.008254101888045005,cpd00133_e0,export
S393C109_Bifidobacterium_longum,ERR1620330_sub,1e-06,EX_cpd00053_e0,-0.031137950170715432,0.008254101888045005,cpd00053_e0,import
S393C109_Bifidobacterium_longum,ERR1620330_sub,1e-06,EX_cpd00064_e0,-0.0010103867122119683,0.008254101888045005,cpd00064_e0,import
S393C109_Bifidobacterium_longum,ERR1620330_sub,1e-06,EX_cpd00066_e0,-0.01999626239251326,0.008254101888045005,cpd00066_e0,import
S393C109_Bifidobacterium_longum,ERR1620330_sub,1e-06,EX_cpd00246_e0,0.002020773424423937,0.008254101888045005,cpd00246_e0,export
S393C109_Bifidobacterium_longum,ERR1620330_sub,1e-06,EX_cpd00047_e0,0.2943454865977982,0.008254101888045005,cpd00047_e0,export
S393C109_Bifidobacterium_longum,ERR1620330_sub,1e-06,EX_cpd00020_e0,0.09671424003807184,0.008254101888045005,cpd00020_e0,export
S393C109_Bifidobacterium_longum,ERR1620330_sub,1e-06,EX_cpd00033_e0,-0.0475860676751035,0.008254101888045005,cpd00033_e0,import
S393C109_Bifidobacterium_longum,ERR1620330_sub,1e-06,EX_cpd00129_e0,-0.01827565376804112,0.008254101888045005,cpd00129_e0,import
S393C109_Bifidobacterium_longum,ERR1620330_sub,1e-06,EX_cpd00023_e0,-0.03302367173490093,0.008254101888045005,cpd00023_e0,import
S393C109_Bifidobacterium_longum,ERR1620330_sub,1e-06,EX_cpd10516_e0,-0.0007133962043393647,0.008254101888045005,cpd10516_e0,import
S393C109_Bifidobacterium_longum,ERR1620330_sub,1e-06,EX_cpd00028_e0,-0.0005051933561059841,0.008254101888045005,cpd00028_e0,import
S393C109_Bifidobacterium_longum,ERR1620330_sub,1e-06,EX_cpd00058_e0,-0.0007133962043393647,0.008254101888045005,cpd00058_e0,import
S393C109_Bifidobacterium_longum,ERR1620330_sub,1e-06,EX_cpd00036_e0,0.0001850707479337711,0.008254101888045005,cpd00036_e0,export
S393C109_Bifidobacterium_longum,ERR1620330_sub,1e-06,EX_cpd00322_e0,-0.038971229918844906,0.008254101888045005,cpd00322_e0,import
S393C109_Bifidobacterium_longum,ERR1620330_sub,1e-06,EX_cpd00011_e0,0.11390633094206429,0.008254101888045005,cpd00011_e0,export
S393C109_Bifidobacterium_longum,ERR1620330_sub,1e-06,EX_cpd00034_e0,-0.0007133962043393647,0.008254101888045005,cpd00034_e0,import
S393C109_Bifidobacterium_longum,ERR1620330_sub,1e-06,EX_cpd00051_e0,-0.021949385695968025,0.008254101888045005,cpd00051_e0,import
S393C109_Bifidobacterium_longum,ERR1620330_sub,1e-06,EX_cpd00099_e0,-0.0007133962043393647,0.008254101888045005,cpd00099_e0,import
S393C109_Bifidobacterium_longum,ERR1620330_sub,1e-06,EX_cpd00205_e0,-0.0007133962043393647,0.008254101888045005,cpd00205_e0,import
S393C109_Bifidobacterium_longum,ERR1620330_sub,1e-06,EX_cpd00204_e0,0.0005051933561059841,0.008254101888045005,cpd00204_e0,export
S393C109_Bifidobacterium_longum,ERR1620330_sub,1e-06,EX_cpd00132_e0,-0.016834062758348322,0.008254101888045005,cpd00132_e0,import
S393C109_Bifidobacterium_longum,ERR1620330_sub,1e-06,EX_cpd00232_e0,-0.020357782272714828,0.008254101888045005,cpd00232_e0,import
S393C109_Bifidobacterium_longum,ERR1620330_sub,1e-06,EX_cpd00307_e0,-0.03119465915249768,0.008254101888045005,cpd00307_e0,import
S393C109_Bifidobacterium_longum,ERR1620330_sub,1e-06,EX_cpd00220_e0,-0.0010103867122119683,0.008254101888045005,cpd00220_e0,import
S393C109_Bifidobacterium_longum,ERR1620330_sub,1e-06,EX_cpd00048_e0,-0.0007133962043393647,0.008254101888045005,cpd00048_e0,import
S393C109_Bifidobacterium_longum,ERR1620330_sub,1e-06,EX_cpd00067_e0,3.8539067189676723,0.008254101888045005,cpd00067_e0,export
S393C109_Bifidobacterium_longum,ERR1620330_sub,1e-06,EX_cpd00119_e0,-0.009300587159308472,0.008254101888045005,cpd00119_e0,import
S393C109_Bifidobacterium_longum,ERR1620330_sub,1e-06,EX_cpd00069_e0,-0.013107488956968921,0.008254101888045005,cpd00069_e0,import
S393C109_Bifidobacterium_longum,ERR1620330_sub,1e-06,EX_cpd00063_e0,-0.0007133962043393647,0.008254101888045005,cpd00063_e0,import
S393C109_Bifidobacterium_longum,ERR1620330_sub,1e-06,EX_cpd10515_e0,-0.001218589560445349,0.008254101888045005,cpd10515_e0,import
S393C109_Bifidobacterium_longum,ERR1620330_sub,1e-06,EX_cpd00054_e0,-0.03107187414919435,0.008254101888045005,cpd00054_e0,import
S393C109_Bifidobacterium_longum,ERR1620330_sub,1e-06,EX_cpd00029_e0,2.5925174327684295,0.008254101888045005,cpd00029_e0,export
S393C109_Bifidobacterium_longum,ERR1620330_sub,1e-06,EX_cpd00041_e0,-0.017524326862388077,0.008254101888045005,cpd00041_e0,import
S393C109_Bifidobacterium_longum,ERR1620330_sub,1e-06,EX_cpd00060_e0,-0.01086053979121834,0.008254101888045005,cpd00060_e0,import
S393C109_Bifidobacterium_longum,ERR1620330_sub,1e-06,EX_cpd00107_e0,-0.047713781848594906,0.008254101888045005,cpd00107_e0,import
S393C109_Bifidobacterium_longum,ERR1620330_sub,1e-06,EX_cpd00065_e0,-0.006184890460940133,0.008254101888045005,cpd00065_e0,import
S393C109_Bifidobacterium_longum,ERR1620330_sub,1e-06,EX_cpd00017_e0,-0.0025259667805299204,0.008254101888045005,cpd00017_e0,import
S393C109_Bifidobacterium_longum,ERR1620330_sub,1e-06,EX_cpd00159_e0,1.0237151224169652,0.008254101888045005,cpd00159_e0,export
S393C109_Bifidobacterium_longum,ERR1620330_sub,1e-06,EX_cpd00644_e0,-0.0010103867122119858,0.008254101888045005,cpd00644_e0,import
S393C109_Bifidobacterium_longum,ERR1620330_sub,1e-06,EX_cpd00084_e0,-0.008484681500143346,0.008254101888045005,cpd00084_e0,import
S393C109_Bifidobacterium_longum,ERR1620330_sub,1e-06,EX_cpd00100_e0,0.002549522366121301,0.008254101888045005,cpd00100_e0,export
S393C109_Bifidobacterium_longum,ERR1620330_sub,1e-06,EX_cpd00161_e0,-0.021205338723223322,0.008254101888045005,cpd00161_e0,import
S393C109_Bifidobacterium_longum,ERR1620330_sub,1e-06,EX_cpd00393_e0,-0.0015155800683179527,0.008254101888045005,cpd00393_e0,import
S393C109_Bifidobacterium_longum,ERR1620330_sub,1e-06,EX_cpd00039_e0,-0.03673731927926847,0.008254101888045005,cpd00039_e0,import
S393C109_Bifidobacterium_longum,ERR1620330_sub,1e-06,EX_cpd00030_e0,-0.0007133962043393647,0.008254101888045005,cpd00030_e0,import
S393C109_Bifidobacterium_longum,ERR1620330_sub,1e-06,EX_cpd00311_e0,-0.009097975305871761,0.008254101888045005,cpd00311_e0,import
S393C109_Bifidobacterium_longum,ERR1620330_sub,1e-06,EX_cpd00009_e0,-0.11251292885470376,0.008254101888045005,cpd00009_e0,import
S393C109_Bifidobacterium_longum,ERR1620330_sub,1e-06,EX_cpd00006_e0,-0.0005051933561059374,0.008254101888045005,cpd00006_e0,import
S393C109_Bifidobacterium_longum,ERR1620330_sub,1e-06,EX_cpd00076_e0,-0.8328672882513363,0.008254101888045005,cpd00076_e0,import
S393C109_Bifidobacterium_longum,ERR1620330_sub,1e-06,EX_cpd00254_e0,-0.0007133962043393647,0.008254101888045005,cpd00254_e0,import
S397C250_Faecalibacillus_intestinalis,ERR1620330_sub,1e-06,EX_cpd00149_e0,-0.0005742748301300693,0.0066443473616308955,cpd00149_e0,import
S397C250_Faecalibacillus_intestinalis,ERR1620330_sub,1e-06,EX_cpd00013_e0,-0.014942741075973022,0.0066443473616308955,cpd00013_e0,import
S397C250_Faecalibacillus_intestinalis,ERR1620330_sub,1e-06,EX_cpd00053_e0,-0.02506565206839785,0.0066443473616308955,cpd00053_e0,import
S397C250_Faecalibacillus_intestinalis,ERR1620330_sub,1e-06,EX_cpd00064_e0,-0.0008133483946112861,0.0066443473616308955,cpd00064_e0,import
S397C250_Faecalibacillus_intestinalis,ERR1620330_sub,1e-06,EX_cpd00047_e0,1.4509615365857609,0.0066443473616308955,cpd00047_e0,export
S397C250_Faecalibacillus_intestinalis,ERR1620330_sub,1e-06,EX_cpd00033_e0,-0.035052782939531214,0.0066443473616308955,cpd00033_e0,import
S397C250_Faecalibacillus_intestinalis,ERR1620330_sub,1e-06,EX_cpd11606_e0,-0.0008133483946112241,0.0066443473616308955,cpd11606_e0,import
S397C250_Faecalibacillus_intestinalis,ERR1620330_sub,1e-06,EX_cpd00023_e0,-0.041146322041116234,0.0066443473616308955,cpd00023_e0,import
S397C250_Faecalibacillus_intestinalis,ERR1620330_sub,1e-06,EX_cpd10516_e0,-0.0005742748301300693,0.0066443473616308955,cpd10516_e0,import
S397C250_Faecalibacillus_intestinalis,ERR1620330_sub,1e-06,EX_cpd00028_e0,-0.00040667419730564306,0.0066443473616308955,cpd00028_e0,import
S397C250_Faecalibacillus_intestinalis,ERR1620330_sub,1e-06,EX_cpd00058_e0,-0.0005742748301300693,0.0066443473616308955,cpd00058_e0,import
S397C250_Faecalibacillus_intestinalis,ERR1620330_sub,1e-06,EX_cpd11451_e0,0.0008133483946112241,0.0066443473616308955,cpd11451_e0,export
S397C250_Faecalibacillus_intestinalis,ERR1620330_sub,1e-06,EX_cpd00363_e0,0.00040667419730564306,0.0066443473616308955,cpd00363_e0,export
S397C250_Faecalibacillus_intestinalis,ERR1620330_sub,1e-06,EX_cpd00011_e0,0.6115768132586209,0.0066443473616308955,cpd00011_e0,export
S397C250_Faecalibacillus_intestinalis,ERR1620330_sub,1e-06,EX_cpd00034_e0,-0.0005742748301300693,0.0066443473616308955,cpd00034_e0,import
S397C250_Faecalibacillus_intestinalis,ERR1620330_sub,1e-06,EX_cpd00122_e0,-0.016387754638132076,0.0066443473616308955,cpd00122_e0,import
S397C250_Faecalibacillus_intestinalis,ERR1620330_sub,1e-06,EX_cpd00027_e0,-0.025475509482914407,0.0066443473616308955,cpd00027_e0,import
S397C250_Faecalibacillus_intestinalis,ERR1620330_sub,1e-06,EX_cpd00051_e0,-0.01766897505949609,0.0066443473616308955,cpd00051_e0,import
S397C250_Faecalibacillus_intestinalis,ERR1620330_sub,1e-06,EX_cpd23431_e0,-1.9011684193961975,0.0066443473616308955,cpd23431_e0,import
S397C250_Faecalibacillus_intestinalis,ERR1620330_sub,1e-06,EX_cpd00099_e0,-0.0005742748301300693,0.0066443473616308955,cpd00099_e0,import
S397C250_Faecalibacillus_intestinalis,ERR1620330_sub,1e-06,EX_cpd00205_e0,-0.0005742748301300693,0.0066443473616308955,cpd00205_e0,import
S397C250_Faecalibacillus_intestinalis,ERR1620330_sub,1e-06,EX_cpd00132_e0,-0.013551205448172818,0.0066443473616308955,cpd00132_e0,import
S397C250_Faecalibacillus_intestinalis,ERR1620330_sub,1e-06,EX_cpd00526_e0,1.9011684193961975,0.0066443473616308955,cpd00526_e0,export
S397C250_Faecalibacillus_intestinalis,ERR1620330_sub,1e-06,EX_cpd00220_e0,-0.0008133483946112861,0.0066443473616308955,cpd00220_e0,import
S397C250_Faecalibacillus_intestinalis,ERR1620330_sub,1e-06,EX_cpd00048_e0,-0.0005742748301300693,0.0066443473616308955,cpd00048_e0,import
S397C250_Faecalibacillus_intestinalis,ERR1620330_sub,1e-06,EX_cpd00067_e0,3.0673953211493665,0.0066443473616308955,cpd00067_e0,export
S397C250_Faecalibacillus_intestinalis,ERR1620330_sub,1e-06,EX_cpd00119_e0,-0.007486853838769519,0.0066443473616308955,cpd00119_e0,import
S397C250_Faecalibacillus_intestinalis,ERR1620330_sub,1e-06,EX_cpd00069_e0,-0.010551361148838307,0.0066443473616308955,cpd00069_e0,import
S397C250_Faecalibacillus_intestinalis,ERR1620330_sub,1e-06,EX_cpd00063_e0,-0.0005742748301300693,0.0066443473616308955,cpd00063_e0,import
S397C250_Faecalibacillus_intestinalis,ERR1620330_sub,1e-06,EX_cpd10515_e0,-0.0009809490274357124,0.0066443473616308955,cpd10515_e0,import
S397C250_Faecalibacillus_intestinalis,ERR1620330_sub,1e-06,EX_cpd00054_e0,-0.12315393820533671,0.0066443473616308955,cpd00054_e0,import
S397C250_Faecalibacillus_intestinalis,ERR1620330_sub,1e-06,EX_cpd00029_e0,1.7251972004623715,0.0066443473616308955,cpd00029_e0,export
S397C250_Faecalibacillus_intestinalis,ERR1620330_sub,1e-06,EX_cpd00060_e0,-0.0030459513502448937,0.0066443473616308955,cpd00060_e0,import
S397C250_Faecalibacillus_intestinalis,ERR1620330_sub,1e-06,EX_cpd00065_e0,-0.004978757802781729,0.0066443473616308955,cpd00065_e0,import
S397C250_Faecalibacillus_intestinalis,ERR1620330_sub,1e-06,EX_cpd00017_e0,-0.007730015413756567,0.0066443473616308955,cpd00017_e0,import
S397C250_Faecalibacillus_intestinalis,ERR1620330_sub,1e-06,EX_cpd00644_e0,-0.0008133483946112796,0.0066443473616308955,cpd00644_e0,import
S397C250_Faecalibacillus_intestinalis,ERR1620330_sub,1e-06,EX_cpd00084_e0,-0.006830060207167379,0.0066443473616308955,cpd00084_e0,import
S397C250_Faecalibacillus_intestinalis,ERR1620330_sub,1e-06,EX_cpd00161_e0,-0.04844136893990944,0.0066443473616308955,cpd00161_e0,import
S397C250_Faecalibacillus_intestinalis,ERR1620330_sub,1e-06,EX_cpd00117_e0,-0.017728570926706516,0.0066443473616308955,cpd00117_e0,import
S397C250_Faecalibacillus_intestinalis,ERR1620330_sub,1e-06,EX_cpd00393_e0,-0.0012200225919169292,0.0066443473616308955,cpd00393_e0,import
S397C250_Faecalibacillus_intestinalis,ERR1620330_sub,1e-06,EX_cpd00039_e0,-0.0295730726631396,0.0066443473616308955,cpd00039_e0,import
S397C250_Faecalibacillus_intestinalis,ERR1620330_sub,1e-06,EX_cpd00030_e0,-0.0005742748301300693,0.0066443473616308955,cpd00030_e0,import
S397C250_Faecalibacillus_intestinalis,ERR1620330_sub,1e-06,EX_cpd00001_e0,-0.6154292485431246,0.0066443473616308955,cpd00001_e0,import
S397C250_Faecalibacillus_intestinalis,ERR1620330_sub,1e-06,EX_cpd00311_e0,-0.0073237538853257594,0.0066443473616308955,cpd00311_e0,import
S397C250_Faecalibacillus_intestinalis,ERR1620330_sub,1e-06,EX_cpd00009_e0,-0.10562482689098325,0.0066443473616308955,cpd00009_e0,import
S397C250_Faecalibacillus_intestinalis,ERR1620330_sub,1e-06,EX_cpd00254_e0,-0.0005742748301300693,0.0066443473616308955,cpd00254_e0,import
S397C250_Faecalibacillus_intestinalis,ERR1620330_sub,1e-06,EX_cpd00249_e0,-0.009894732128409155,0.0066443473616308955,cpd00249_e0,import
S397C250_Faecalibacillus_intestinalis,ERR1620330_sub,1e-06,EX_cpd00082_e0,-1.0744957257527616,0.0066443473616308955,cpd00082_e0,import
S3C1104_Prevotella_hominis,ERR1620330_sub,1e-06,EX_cpd00149_e0,-0.001349109970065772,0.015609273188114699,cpd00149_e0,import
S3C1104_Prevotella_hominis,ERR1620330_sub,1e-06,EX_cpd00013_e0,0.024139606626299173,0.015609273188114699,cpd00013_e0,export
S3C1104_Prevotella_hominis,ERR1620330_sub,1e-06,EX_cpd00064_e0,-0.0014598999362903046,0.015609273188114699,cpd00064_e0,import
S3C1104_Prevotella_hominis,ERR1620330_sub,1e-06,EX_cpd00066_e0,-0.03252685668029637,0.015609273188114699,cpd00066_e0,import
S3C1104_Prevotella_hominis,ERR1620330_sub,1e-06,EX_cpd28763_e0,-0.15132382632394908,0.015609273188114699,cpd28763_e0,import
S3C1104_Prevotella_hominis,ERR1620330_sub,1e-06,EX_cpd00033_e0,-0.10245075129078231,0.015609273188114699,cpd00033_e0,import
S3C1104_Prevotella_hominis,ERR1620330_sub,1e-06,EX_cpd11606_e0,-1.7717252183582353,0.015609273188114699,cpd11606_e0,import
S3C1104_Prevotella_hominis,ERR1620330_sub,1e-06,EX_cpd00129_e0,-0.03881045399353545,0.015609273188114699,cpd00129_e0,import
S3C1104_Prevotella_hominis,ERR1620330_sub,1e-06,EX_cpd00309_e0,0.018235422189740003,0.015609273188114699,cpd00309_e0,export
S3C1104_Prevotella_hominis,ERR1620330_sub,1e-06,EX_cpd00023_e0,-0.26987894096750065,0.015609273188114699,cpd00023_e0,import
S3C1104_Prevotella_hominis,ERR1620330_sub,1e-06,EX_cpd00367_e0,-0.05330842966081759,0.015609273188114699,cpd00367_e0,import
S3C1104_Prevotella_hominis,ERR1620330_sub,1e-06,EX_cpd00184_e0,-0.004565260671784113,0.015609273188114699,cpd00184_e0,import
S3C1104_Prevotella_hominis,ERR1620330_sub,1e-06,EX_cpd10516_e0,-0.001349109970065772,0.015609273188114699,cpd10516_e0,import
S3C1104_Prevotella_hominis,ERR1620330_sub,1e-06,EX_cpd00028_e0,-0.0007299499681451523,0.015609273188114699,cpd00028_e0,import
S3C1104_Prevotella_hominis,ERR1620330_sub,1e-06,EX_cpd00058_e0,-0.001349109970065772,0.015609273188114699,cpd00058_e0,import
S3C1104_Prevotella_hominis,ERR1620330_sub,1e-06,EX_cpd11451_e0,1.7717252183582353,0.015609273188114699,cpd11451_e0,export
S3C1104_Prevotella_hominis,ERR1620330_sub,1e-06,EX_cpd00036_e0,1.6840756842685536,0.015609273188114699,cpd00036_e0,export
S3C1104_Prevotella_hominis,ERR1620330_sub,1e-06,EX_cpd01741_e0,-0.015312956914381694,0.015609273188114699,cpd01741_e0,import
S3C1104_Prevotella_hominis,ERR1620330_sub,1e-06,EX_cpd00071_e0,0.0007299499681451523,0.015609273188114699,cpd00071_e0,export
S3C1104_Prevotella_hominis,ERR1620330_sub,1e-06,EX_cpd00322_e0,-0.06640274956173989,0.015609273188114699,cpd00322_e0,import
S3C1104_Prevotella_hominis,ERR1620330_sub,1e-06,EX_cpd00011_e0,0.49294279029466376,0.015609273188114699,cpd00011_e0,export
S3C1104_Prevotella_hominis,ERR1620330_sub,1e-06,EX_cpd00034_e0,-0.001349109970065772,0.015609273188114699,cpd00034_e0,import
S3C1104_Prevotella_hominis,ERR1620330_sub,1e-06,EX_cpd00156_e0,-0.07575419758105818,0.015609273188114699,cpd00156_e0,import
S3C1104_Prevotella_hominis,ERR1620330_sub,1e-06,EX_cpd00122_e0,-0.01020863794292113,0.015609273188114699,cpd00122_e0,import
S3C1104_Prevotella_hominis,ERR1620330_sub,1e-06,EX_cpd00051_e0,-0.051932083677064096,0.015609273188114699,cpd00051_e0,import
S3C1104_Prevotella_hominis,ERR1620330_sub,1e-06,EX_cpd00099_e0,-0.001349109970065772,0.015609273188114699,cpd00099_e0,import
S3C1104_Prevotella_hominis,ERR1620330_sub,1e-06,EX_cpd00205_e0,-0.001349109970065772,0.015609273188114699,cpd00205_e0,import
S3C1104_Prevotella_hominis,ERR1620330_sub,1e-06,EX_cpd00132_e0,-0.04232187602152197,0.015609273188114699,cpd00132_e0,import
S3C1104_Prevotella_hominis,ERR1620330_sub,1e-06,EX_cpd00220_e0,-0.0014598999362903046,0.015609273188114699,cpd00220_e0,import
S3C1104_Prevotella_hominis,ERR1620330_sub,1e-06,EX_cpd00048_e0,-0.001349109970065772,0.015609273188114699,cpd00048_e0,import
S3C1104_Prevotella_hominis,ERR1620330_sub,1e-06,EX_cpd00067_e0,4.342809669598186,0.015609273188114699,cpd00067_e0,export
S3C1104_Prevotella_hominis,ERR1620330_sub,1e-06,EX_cpd00119_e0,-0.01663305171151522,0.015609273188114699,cpd00119_e0,import
S3C1104_Prevotella_hominis,ERR1620330_sub,1e-06,EX_cpd00069_e0,-0.024940280792684028,0.015609273188114699,cpd00069_e0,import
S3C1104_Prevotella_hominis,ERR1620330_sub,1e-06,EX_cpd00063_e0,-0.001349109970065772,0.015609273188114699,cpd00063_e0,import
S3C1104_Prevotella_hominis,ERR1620330_sub,1e-06,EX_cpd10515_e0,-0.002079059938210924,0.015609273188114699,cpd10515_e0,import
S3C1104_Prevotella_hominis,ERR1620330_sub,1e-06,EX_cpd00054_e0,-0.04803911699139887,0.015609273188114699,cpd00054_e0,import
S3C1104_Prevotella_hominis,ERR1620330_sub,1e-06,EX_cpd00029_e0,1.4866880187256846,0.015609273188114699,cpd00029_e0,export
S3C1104_Prevotella_hominis,ERR1620330_sub,1e-06,EX_cpd00060_e0,-0.02479265620535579,0.015609273188114699,cpd00060_e0,import
S3C1104_Prevotella_hominis,ERR1620330_sub,1e-06,EX_cpd00107_e0,-0.09449412578563207,0.015609273188114699,cpd00107_e0,import
S3C1104_Prevotella_hominis,ERR1620330_sub,1e-06,EX_cpd00065_e0,-0.0099798310269091,0.015609273188114699,cpd00065_e0,import
S3C1104_Prevotella_hominis,ERR1620330_sub,1e-06,EX_cpd00017_e0,-0.002919799872580609,0.015609273188114699,cpd00017_e0,import
S3C1104_Prevotella_hominis,ERR1620330_sub,1e-06,EX_cpd00084_e0,-0.018998416527045304,0.015609273188114699,cpd00084_e0,import
S3C1104_Prevotella_hominis,ERR1620330_sub,1e-06,EX_cpd00161_e0,-0.04453961624972406,0.015609273188114699,cpd00161_e0,import
S3C1104_Prevotella_hominis,ERR1620330_sub,1e-06,EX_cpd00182_e0,-0.03663047976568449,0.015609273188114699,cpd00182_e0,import
S3C1104_Prevotella_hominis,ERR1620330_sub,1e-06,EX_cpd00039_e0,-0.06024860953282177,0.015609273188114699,cpd00039_e0,import
S3C1104_Prevotella_hominis,ERR1620330_sub,1e-06,EX_cpd00030_e0,-0.001349109970065772,0.015609273188114699,cpd00030_e0,import
S3C1104_Prevotella_hominis,ERR1620330_sub,1e-06,EX_cpd00311_e0,-0.044517745210996204,0.015609273188114699,cpd00311_e0,import
S3C1104_Prevotella_hominis,ERR1620330_sub,1e-06,EX_cpd00009_e0,-0.18607556834481898,0.015609273188114699,cpd00009_e0,import
S3C1104_Prevotella_hominis,ERR1620330_sub,1e-06,EX_cpd00254_e0,-0.001349109970065772,0.015609273188114699,cpd00254_e0,import
S3C1104_Prevotella_hominis,ERR1620330_sub,1e-06,EX_cpd01217_e0,-0.01823542218974,0.015609273188114699,cpd01217_e0,import
S415C847_Dorea_formicigenerans,ERR1620330_sub,1e-06,EX_cpd00003_e0,-0.0004811557486935625,0.0039305566614805,cpd00003_e0,import
S415C847_Dorea_formicigenerans,ERR1620330_sub,1e-06,EX_cpd00149_e0,-0.0003397260481211859,0.0039305566614805,cpd00149_e0,import
S415C847_Dorea_formicigenerans,ERR1620330_sub,1e-06,EX_cpd00013_e0,0.9044693019351076,0.0039305566614805,cpd00013_e0,export
S415C847_Dorea_formicigenerans,ERR1620330_sub,1e-06,EX_cpd00066_e0,-0.009522410069582104,0.0039305566614805,cpd00066_e0,import
S415C847_Dorea_formicigenerans,ERR1620330_sub,1e-06,EX_cpd00139_e0,-0.024609519360689006,0.0039305566614805,cpd00139_e0,import
S415C847_Dorea_formicigenerans,ERR1620330_sub,1e-06,EX_cpd00012_e0,-0.030761293981368287,0.0039305566614805,cpd00012_e0,import
S415C847_Dorea_formicigenerans,ERR1620330_sub,1e-06,EX_cpd00033_e0,-0.9966045426208052,0.0039305566614805,cpd00033_e0,import
S415C847_Dorea_formicigenerans,ERR1620330_sub,1e-06,EX_cpd00129_e0,-0.008703039900804078,0.0039305566614805,cpd00129_e0,import
S415C847_Dorea_formicigenerans,ERR1620330_sub,1e-06,EX_cpd00367_e0,-0.008018666956848358,0.0039305566614805,cpd00367_e0,import
S415C847_Dorea_formicigenerans,ERR1620330_sub,1e-06,EX_cpd10516_e0,-0.0003397260481211859,0.0039305566614805,cpd10516_e0,import
S415C847_Dorea_formicigenerans,ERR1620330_sub,1e-06,EX_cpd00028_e0,-0.0002405778743466952,0.0039305566614805,cpd00028_e0,import
S415C847_Dorea_formicigenerans,ERR1620330_sub,1e-06,EX_cpd00024_e0,-0.03046624129062961,0.0039305566614805,cpd00024_e0,import
S415C847_Dorea_formicigenerans,ERR1620330_sub,1e-06,EX_cpd00058_e0,-0.0003397260481211859,0.0039305566614805,cpd00058_e0,import
S415C847_Dorea_formicigenerans,ERR1620330_sub,1e-06,EX_cpd00322_e0,-0.01855846982394823,0.0039305566614805,cpd00322_e0,import
S415C847_Dorea_formicigenerans,ERR1620330_sub,1e-06,EX_cpd00011_e0,0.6242237103209077,0.0039305566614805,cpd00011_e0,export
S415C847_Dorea_formicigenerans,ERR1620330_sub,1e-06,EX_cpd00034_e0,-0.0003397260481211859,0.0039305566614805,cpd00034_e0,import
S415C847_Dorea_formicigenerans,ERR1620330_sub,1e-06,EX_cpd00156_e0,-0.016630999912223596,0.0039305566614805,cpd00156_e0,import
S415C847_Dorea_formicigenerans,ERR1620330_sub,1e-06,EX_cpd00051_e0,-0.010933661685536996,0.0039305566614805,cpd00051_e0,import
S415C847_Dorea_formicigenerans,ERR1620330_sub,1e-06,EX_cpd00099_e0,-0.0003397260481211859,0.0039305566614805,cpd00099_e0,import
S415C847_Dorea_formicigenerans,ERR1620330_sub,1e-06,EX_cpd00205_e0,-0.0003397260481211859,0.0039305566614805,cpd00205_e0,import
S415C847_Dorea_formicigenerans,ERR1620330_sub,1e-06,EX_cpd00204_e0,0.0002405778743466952,0.0039305566614805,cpd00204_e0,export
S415C847_Dorea_formicigenerans,ERR1620330_sub,1e-06,EX_cpd00132_e0,-0.008016540570206307,0.0039305566614805,cpd00132_e0,import
S415C847_Dorea_formicigenerans,ERR1620330_sub,1e-06,EX_cpd00232_e0,-0.009694569270137225,0.0039305566614805,cpd00232_e0,import
S415C847_Dorea_formicigenerans,ERR1620330_sub,1e-06,EX_cpd00307_e0,0.008018666956848358,0.0039305566614805,cpd00307_e0,export
S415C847_Dorea_formicigenerans,ERR1620330_sub,1e-06,EX_cpd00048_e0,-0.0003397260481211859,0.0039305566614805,cpd00048_e0,import
S415C847_Dorea_formicigenerans,ERR1620330_sub,1e-06,EX_cpd00067_e0,0.5173426985236925,0.0039305566614805,cpd00067_e0,export
S415C847_Dorea_formicigenerans,ERR1620330_sub,1e-06,EX_cpd00119_e0,-0.004429027939340504,0.0039305566614805,cpd00119_e0,import
S415C847_Dorea_formicigenerans,ERR1620330_sub,1e-06,EX_cpd00069_e0,-0.0062419107321530585,0.0039305566614805,cpd00069_e0,import
S415C847_Dorea_formicigenerans,ERR1620330_sub,1e-06,EX_cpd00063_e0,-0.0003397260481211859,0.0039305566614805,cpd00063_e0,import
S415C847_Dorea_formicigenerans,ERR1620330_sub,1e-06,EX_cpd10515_e0,-0.0005803039224678811,0.0039305566614805,cpd10515_e0,import
S415C847_Dorea_formicigenerans,ERR1620330_sub,1e-06,EX_cpd00054_e0,-0.014796721580821794,0.0039305566614805,cpd00054_e0,import
S415C847_Dorea_formicigenerans,ERR1620330_sub,1e-06,EX_cpd00029_e0,1.5368134695170679,0.0039305566614805,cpd00029_e0,export
S415C847_Dorea_formicigenerans,ERR1620330_sub,1e-06,EX_cpd00060_e0,-0.005171892198599837,0.0039305566614805,cpd00060_e0,import
S415C847_Dorea_formicigenerans,ERR1620330_sub,1e-06,EX_cpd00107_e0,-0.02272175608692832,0.0039305566614805,cpd00107_e0,import
S415C847_Dorea_formicigenerans,ERR1620330_sub,1e-06,EX_cpd00065_e0,-0.0029453035796614345,0.0039305566614805,cpd00065_e0,import
S415C847_Dorea_formicigenerans,ERR1620330_sub,1e-06,EX_cpd00017_e0,-0.001202889371733476,0.0039305566614805,cpd00017_e0,import
S415C847_Dorea_formicigenerans,ERR1620330_sub,1e-06,EX_cpd00644_e0,-0.00048115574869338207,0.0039305566614805,cpd00644_e0,import
S415C847_Dorea_formicigenerans,ERR1620330_sub,1e-06,EX_cpd00084_e0,-0.004040485915228425,0.0039305566614805,cpd00084_e0,import
S415C847_Dorea_formicigenerans,ERR1620330_sub,1e-06,EX_cpd00161_e0,-0.010098183701696352,0.0039305566614805,cpd00161_e0,import
S415C847_Dorea_formicigenerans,ERR1620330_sub,1e-06,EX_cpd00182_e0,-0.002888830880139218,0.0039305566614805,cpd00182_e0,import
S415C847_Dorea_formicigenerans,ERR1620330_sub,1e-06,EX_cpd00393_e0,-0.0007217336230400855,0.0039305566614805,cpd00393_e0,import
S415C847_Dorea_formicigenerans,ERR1620330_sub,1e-06,EX_cpd00039_e0,-0.01749466036039499,0.0039305566614805,cpd00039_e0,import
S415C847_Dorea_formicigenerans,ERR1620330_sub,1e-06,EX_cpd00030_e0,-0.0003397260481211859,0.0039305566614805,cpd00030_e0,import
S415C847_Dorea_formicigenerans,ERR1620330_sub,1e-06,EX_cpd00311_e0,-0.004813697999083105,0.0039305566614805,cpd00311_e0,import
S415C847_Dorea_formicigenerans,ERR1620330_sub,1e-06,EX_cpd00092_e0,-0.0058534660877281,0.0039305566614805,cpd00092_e0,import
S415C847_Dorea_formicigenerans,ERR1620330_sub,1e-06,EX_cpd00254_e0,-0.0003397260481211859,0.0039305566614805,cpd00254_e0,import
S415C847_Dorea_formicigenerans,ERR1620330_sub,1e-06,EX_cpd00082_e0,-0.360108439622417,0.0039305566614805,cpd00082_e0,import
S419C749_Collinsella_unk_sp,ERR1620330_sub,1e-06,EX_cpd00003_e0,-0.0006356884065049292,0.005193175016573963,cpd00003_e0,import
S419C749_Collinsella_unk_sp,ERR1620330_sub,1e-06,EX_cpd00149_e0,-0.0004488357683864646,0.005193175016573963,cpd00149_e0,import
S419C749_Collinsella_unk_sp,ERR1620330_sub,1e-06,EX_cpd00013_e0,0.02644861823243055,0.005193175016573963,cpd00013_e0,export
S419C749_Collinsella_unk_sp,ERR1620330_sub,1e-06,EX_cpd11640_e0,0.6804385575022073,0.005193175016573963,cpd11640_e0,export
S419C749_Collinsella_unk_sp,ERR1620330_sub,1e-06,EX_cpd00020_e0,-0.7558066966489451,0.005193175016573963,cpd00020_e0,import
S419C749_Collinsella_unk_sp,ERR1620330_sub,1e-06,EX_cpd00324_e0,-0.0006356884065048968,0.005193175016573963,cpd00324_e0,import
S419C749_Collinsella_unk_sp,ERR1620330_sub,1e-06,EX_cpd00448_e0,-1.4152858367979173,0.005193175016573963,cpd00448_e0,import
S419C749_Collinsella_unk_sp,ERR1620330_sub,1e-06,EX_cpd00023_e0,-0.03770832189542324,0.005193175016573963,cpd00023_e0,import
S419C749_Collinsella_unk_sp,ERR1620330_sub,1e-06,EX_cpd10516_e0,-0.0004488357683864646,0.005193175016573963,cpd10516_e0,import
S419C749_Collinsella_unk_sp,ERR1620330_sub,1e-06,EX_cpd00028_e0,-0.0003178442032524484,0.005193175016573963,cpd00028_e0,import
S419C749_Collinsella_unk_sp,ERR1620330_sub,1e-06,EX_cpd00058_e0,-0.0004488357683864646,0.005193175016573963,cpd00058_e0,import
S419C749_Collinsella_unk_sp,ERR1620330_sub,1e-06,EX_cpd00322_e0,-0.01930994211031075,0.005193175016573963,cpd00322_e0,import
S419C749_Collinsella_unk_sp,ERR1620330_sub,1e-06,EX_cpd00011_e0,0.9018486816705001,0.005193175016573963,cpd00011_e0,export
S419C749_Collinsella_unk_sp,ERR1620330_sub,1e-06,EX_cpd00305_e0,-0.0003178442032524484,0.005193175016573963,cpd00305_e0,import
S419C749_Collinsella_unk_sp,ERR1620330_sub,1e-06,EX_cpd00034_e0,-0.0004488357683864646,0.005193175016573963,cpd00034_e0,import
S419C749_Collinsella_unk_sp,ERR1620330_sub,1e-06,EX_cpd00156_e0,-0.021972373522489982,0.005193175016573963,cpd00156_e0,import
S419C749_Collinsella_unk_sp,ERR1620330_sub,1e-06,EX_cpd00122_e0,-0.012808171382801,0.005193175016573963,cpd00122_e0,import
S419C749_Collinsella_unk_sp,ERR1620330_sub,1e-06,EX_cpd00051_e0,-0.025943415566230376,0.005193175016573963,cpd00051_e0,import
S419C749_Collinsella_unk_sp,ERR1620330_sub,1e-06,EX_cpd00099_e0,-0.0004488357683864646,0.005193175016573963,cpd00099_e0,import
S419C749_Collinsella_unk_sp,ERR1620330_sub,1e-06,EX_cpd00205_e0,-0.0004488357683864646,0.005193175016573963,cpd00205_e0,import
S419C749_Collinsella_unk_sp,ERR1620330_sub,1e-06,EX_cpd00132_e0,-0.010591210672624989,0.005193175016573963,cpd00132_e0,import
S419C749_Collinsella_unk_sp,ERR1620330_sub,1e-06,EX_cpd00220_e0,-0.0006356884065048968,0.005193175016573963,cpd00220_e0,import
S419C749_Collinsella_unk_sp,ERR1620330_sub,1e-06,EX_cpd00048_e0,-0.0004488357683864646,0.005193175016573963,cpd00048_e0,import
S419C749_Collinsella_unk_sp,ERR1620330_sub,1e-06,EX_cpd00067_e0,1.850308871933387,0.005193175016573963,cpd00067_e0,export
S419C749_Collinsella_unk_sp,ERR1620330_sub,1e-06,EX_cpd00119_e0,-0.0058514976091850815,0.005193175016573963,cpd00119_e0,import
S419C749_Collinsella_unk_sp,ERR1620330_sub,1e-06,EX_cpd00063_e0,-0.0004488357683864646,0.005193175016573963,cpd00063_e0,import
S419C749_Collinsella_unk_sp,ERR1620330_sub,1e-06,EX_cpd10515_e0,-0.000766679971638913,0.005193175016573963,cpd10515_e0,import
S419C749_Collinsella_unk_sp,ERR1620330_sub,1e-06,EX_cpd00054_e0,-0.017716940679816787,0.005193175016573963,cpd00054_e0,import
S419C749_Collinsella_unk_sp,ERR1620330_sub,1e-06,EX_cpd00029_e0,2.7955668399254274,0.005193175016573963,cpd00029_e0,export
S419C749_Collinsella_unk_sp,ERR1620330_sub,1e-06,EX_cpd00041_e0,-0.06940316082494517,0.005193175016573963,cpd00041_e0,import
S419C749_Collinsella_unk_sp,ERR1620330_sub,1e-06,EX_cpd00060_e0,-0.007468635782216467,0.005193175016573963,cpd00060_e0,import
S419C749_Collinsella_unk_sp,ERR1620330_sub,1e-06,EX_cpd00107_e0,-0.030019296161618983,0.005193175016573963,cpd00107_e0,import
S419C749_Collinsella_unk_sp,ERR1620330_sub,1e-06,EX_cpd00065_e0,-0.003891245910108078,0.005193175016573963,cpd00065_e0,import
S419C749_Collinsella_unk_sp,ERR1620330_sub,1e-06,EX_cpd00017_e0,-0.0009535326097573453,0.005193175016573963,cpd00017_e0,import
S419C749_Collinsella_unk_sp,ERR1620330_sub,1e-06,EX_cpd00644_e0,-0.0006356884065048946,0.005193175016573963,cpd00644_e0,import
S419C749_Collinsella_unk_sp,ERR1620330_sub,1e-06,EX_cpd00084_e0,-0.00438463504163608,0.005193175016573963,cpd00084_e0,import
S419C749_Collinsella_unk_sp,ERR1620330_sub,1e-06,EX_cpd00100_e0,-0.08139762989328123,0.005193175016573963,cpd00100_e0,import
S419C749_Collinsella_unk_sp,ERR1620330_sub,1e-06,EX_cpd00161_e0,-0.04809643560874814,0.005193175016573963,cpd00161_e0,import
S419C749_Collinsella_unk_sp,ERR1620330_sub,1e-06,EX_cpd00182_e0,-0.0044523242959130915,0.005193175016573963,cpd00182_e0,import
S419C749_Collinsella_unk_sp,ERR1620330_sub,1e-06,EX_cpd00393_e0,-0.0009535326097573451,0.005193175016573963,cpd00393_e0,import
S419C749_Collinsella_unk_sp,ERR1620330_sub,1e-06,EX_cpd00039_e0,-0.02311341555628107,0.005193175016573963,cpd00039_e0,import
S419C749_Collinsella_unk_sp,ERR1620330_sub,1e-06,EX_cpd00030_e0,-0.0004488357683864646,0.005193175016573963,cpd00030_e0,import
S419C749_Collinsella_unk_sp,ERR1620330_sub,1e-06,EX_cpd00311_e0,-0.0057240236383841216,0.005193175016573963,cpd00311_e0,import
S419C749_Collinsella_unk_sp,ERR1620330_sub,1e-06,EX_cpd00009_e0,-0.08128178040539757,0.005193175016573963,cpd00009_e0,import
S419C749_Collinsella_unk_sp,ERR1620330_sub,1e-06,EX_cpd00254_e0,-0.0004488357683864646,0.005193175016573963,cpd00254_e0,import
S419C749_Collinsella_unk_sp,ERR1620330_sub,1e-06,EX_cpd00249_e0,-0.007733422161000679,0.005193175016573963,cpd00249_e0,import
S419C749_Collinsella_unk_sp,ERR1620330_sub,1e-06,EX_cpd00082_e0,-0.042654733472403616,0.005193175016573963,cpd00082_e0,import
S41C1711_Prevotella_sp900546535,ERR1620330_sub,1e-06,EX_cpd00003_e0,-0.0011136270281494332,0.011906860144383597,cpd00003_e0,import
S41C1711_Prevotella_sp900546535,ERR1620330_sub,1e-06,EX_cpd00149_e0,-0.001029115276509125,0.011906860144383597,cpd00149_e0,import
S41C1711_Prevotella_sp900546535,ERR1620330_sub,1e-06,EX_cpd00053_e0,-0.0385849555547121,0.011906860144383597,cpd00053_e0,import
S41C1711_Prevotella_sp900546535,ERR1620330_sub,1e-06,EX_cpd00130_e0,-0.8430125217657256,0.011906860144383597,cpd00130_e0,import
S41C1711_Prevotella_sp900546535,ERR1620330_sub,1e-06,EX_cpd00208_e0,-0.00973407050992537,0.011906860144383597,cpd00208_e0,import
S41C1711_Prevotella_sp900546535,ERR1620330_sub,1e-06,EX_cpd00010_e0,-0.001113627028149572,0.011906860144383597,cpd00010_e0,import
S41C1711_Prevotella_sp900546535,ERR1620330_sub,1e-06,EX_cpd00033_e0,-0.08427545942307343,0.011906860144383597,cpd00033_e0,import
S41C1711_Prevotella_sp900546535,ERR1620330_sub,1e-06,EX_cpd11606_e0,-1.8534819236197948,0.011906860144383597,cpd11606_e0,import
S41C1711_Prevotella_sp900546535,ERR1620330_sub,1e-06,EX_cpd00129_e0,-0.029605022555021756,0.011906860144383597,cpd00129_e0,import
S41C1711_Prevotella_sp900546535,ERR1620330_sub,1e-06,EX_cpd00309_e0,1.1021705024500106,0.011906860144383597,cpd00309_e0,export
S41C1711_Prevotella_sp900546535,ERR1620330_sub,1e-06,EX_cpd00023_e0,-0.12674226378409853,0.011906860144383597,cpd00023_e0,import
S41C1711_Prevotella_sp900546535,ERR1620330_sub,1e-06,EX_cpd00367_e0,-0.0406642308988236,0.011906860144383597,cpd00367_e0,import
S41C1711_Prevotella_sp900546535,ERR1620330_sub,1e-06,EX_cpd00184_e0,-0.003482428862600649,0.011906860144383597,cpd00184_e0,import
S41C1711_Prevotella_sp900546535,ERR1620330_sub,1e-06,EX_cpd10516_e0,-0.001029115276509125,0.011906860144383597,cpd10516_e0,import
S41C1711_Prevotella_sp900546535,ERR1620330_sub,1e-06,EX_cpd00028_e0,-0.0005568135140746923,0.011906860144383597,cpd00028_e0,import
S41C1711_Prevotella_sp900546535,ERR1620330_sub,1e-06,EX_cpd00058_e0,-0.001029115276509125,0.011906860144383597,cpd00058_e0,import
S41C1711_Prevotella_sp900546535,ERR1620330_sub,1e-06,EX_cpd11451_e0,1.8534819236197948,0.011906860144383597,cpd11451_e0,export
S41C1711_Prevotella_sp900546535,ERR1620330_sub,1e-06,EX_cpd00036_e0,0.9292230158931272,0.011906860144383597,cpd00036_e0,export
S41C1711_Prevotella_sp900546535,ERR1620330_sub,1e-06,EX_cpd01741_e0,-0.011680884611910445,0.011906860144383597,cpd01741_e0,import
S41C1711_Prevotella_sp900546535,ERR1620330_sub,1e-06,EX_cpd00071_e0,0.0011136270281493846,0.011906860144383597,cpd00071_e0,export
S41C1711_Prevotella_sp900546535,ERR1620330_sub,1e-06,EX_cpd00011_e0,1.76874619070741,0.011906860144383597,cpd00011_e0,export
S41C1711_Prevotella_sp900546535,ERR1620330_sub,1e-06,EX_cpd00034_e0,-0.001029115276509125,0.011906860144383597,cpd00034_e0,import
S41C1711_Prevotella_sp900546535,ERR1620330_sub,1e-06,EX_cpd00264_e0,-0.0005568135140746923,0.011906860144383597,cpd00264_e0,import
S41C1711_Prevotella_sp900546535,ERR1620330_sub,1e-06,EX_cpd00156_e0,-0.12875358488503866,0.011906860144383597,cpd00156_e0,import
S41C1711_Prevotella_sp900546535,ERR1620330_sub,1e-06,EX_cpd00051_e0,-0.04017115321865142,0.011906860144383597,cpd00051_e0,import
S41C1711_Prevotella_sp900546535,ERR1620330_sub,1e-06,EX_cpd00099_e0,-0.001029115276509125,0.011906860144383597,cpd00099_e0,import
S41C1711_Prevotella_sp900546535,ERR1620330_sub,1e-06,EX_cpd00205_e0,-0.001029115276509125,0.011906860144383597,cpd00205_e0,import
S41C1711_Prevotella_sp900546535,ERR1620330_sub,1e-06,EX_cpd00204_e0,0.0005568135140746923,0.011906860144383597,cpd00204_e0,export
S41C1711_Prevotella_sp900546535,ERR1620330_sub,1e-06,EX_cpd00132_e0,-0.03228357221476181,0.011906860144383597,cpd00132_e0,import
S41C1711_Prevotella_sp900546535,ERR1620330_sub,1e-06,EX_cpd00232_e0,-0.007787256407940296,0.011906860144383597,cpd00232_e0,import
S41C1711_Prevotella_sp900546535,ERR1620330_sub,1e-06,EX_cpd00220_e0,-0.0011136270281493846,0.011906860144383597,cpd00220_e0,import
S41C1711_Prevotella_sp900546535,ERR1620330_sub,1e-06,EX_cpd00048_e0,-0.001029115276509125,0.011906860144383597,cpd00048_e0,import
S41C1711_Prevotella_sp900546535,ERR1620330_sub,1e-06,EX_cpd00067_e0,1.0602937595817628,0.011906860144383597,cpd00067_e0,export
S41C1711_Prevotella_sp900546535,ERR1620330_sub,1e-06,EX_cpd00119_e0,-0.01268786680929506,0.011906860144383597,cpd00119_e0,import
S41C1711_Prevotella_sp900546535,ERR1620330_sub,1e-06,EX_cpd00069_e0,-0.0190247085364931,0.011906860144383597,cpd00069_e0,import
S41C1711_Prevotella_sp900546535,ERR1620330_sub,1e-06,EX_cpd00063_e0,-0.001029115276509125,0.011906860144383597,cpd00063_e0,import
S41C1711_Prevotella_sp900546535,ERR1620330_sub,1e-06,EX_cpd10515_e0,-0.0015859287905838173,0.011906860144383597,cpd10515_e0,import
S41C1711_Prevotella_sp900546535,ERR1620330_sub,1e-06,EX_cpd00054_e0,-0.036087930252400806,0.011906860144383597,cpd00054_e0,import
S41C1711_Prevotella_sp900546535,ERR1620330_sub,1e-06,EX_cpd00029_e0,1.1820217431485218,0.011906860144383597,cpd00029_e0,export
S41C1711_Prevotella_sp900546535,ERR1620330_sub,1e-06,EX_cpd00060_e0,-0.019468912462484743,0.011906860144383597,cpd00060_e0,import
S41C1711_Prevotella_sp900546535,ERR1620330_sub,1e-06,EX_cpd00065_e0,-0.0076127200855770115,0.011906860144383597,cpd00065_e0,import
S41C1711_Prevotella_sp900546535,ERR1620330_sub,1e-06,EX_cpd00017_e0,-0.0027840675703734614,0.011906860144383597,cpd00017_e0,import
S41C1711_Prevotella_sp900546535,ERR1620330_sub,1e-06,EX_cpd00084_e0,-0.012264937915651874,0.011906860144383597,cpd00084_e0,import
S41C1711_Prevotella_sp900546535,ERR1620330_sub,1e-06,EX_cpd00161_e0,-0.08351437662011887,0.011906860144383597,cpd00161_e0,import
S41C1711_Prevotella_sp900546535,ERR1620330_sub,1e-06,EX_cpd00182_e0,-0.02515804771240171,0.011906860144383597,cpd00182_e0,import
S41C1711_Prevotella_sp900546535,ERR1620330_sub,1e-06,EX_cpd00039_e0,-0.045958273109224304,0.011906860144383597,cpd00039_e0,import
S41C1711_Prevotella_sp900546535,ERR1620330_sub,1e-06,EX_cpd00030_e0,-0.001029115276509125,0.011906860144383597,cpd00030_e0,import
S41C1711_Prevotella_sp900546535,ERR1620330_sub,1e-06,EX_cpd00311_e0,-0.03395860433093058,0.011906860144383597,cpd00311_e0,import
S41C1711_Prevotella_sp900546535,ERR1620330_sub,1e-06,EX_cpd00009_e0,-0.13637226572918515,0.011906860144383597,cpd00009_e0,import
S41C1711_Prevotella_sp900546535,ERR1620330_sub,1e-06,EX_cpd00254_e0,-0.001029115276509125,0.011906860144383597,cpd00254_e0,import
S41C1711_Prevotella_sp900546535,ERR1620330_sub,1e-06,EX_cpd01217_e0,-1.1021705024500106,0.011906860144383597,cpd01217_e0,import
S433C19_Lachnospira_sp900316325,ERR1620330_sub,1e-06,EX_cpd00003_e0,-0.0010144586108773446,0.007243336193329796,cpd00003_e0,import
S433C19_Lachnospira_sp900316325,ERR1620330_sub,1e-06,EX_cpd00149_e0,-0.0007162712194372272,0.007243336193329796,cpd00149_e0,import
S433C19_Lachnospira_sp900316325,ERR1620330_sub,1e-06,EX_cpd00064_e0,0.4973742070830826,0.007243336193329796,cpd00064_e0,export
S433C19_Lachnospira_sp900316325,ERR1620330_sub,1e-06,EX_cpd00033_e0,-0.044734465589208246,0.007243336193329796,cpd00033_e0,import
S433C19_Lachnospira_sp900316325,ERR1620330_sub,1e-06,EX_cpd00129_e0,-0.01834930538012824,0.007243336193329796,cpd00129_e0,import
S433C19_Lachnospira_sp900316325,ERR1620330_sub,1e-06,EX_cpd00309_e0,0.9052941902562962,0.007243336193329796,cpd00309_e0,export
S433C19_Lachnospira_sp900316325,ERR1620330_sub,1e-06,EX_cpd00367_e0,-0.3132798241658836,0.007243336193329796,cpd00367_e0,import
S433C19_Lachnospira_sp900316325,ERR1620330_sub,1e-06,EX_cpd10516_e0,-0.0007162712194372272,0.007243336193329796,cpd10516_e0,import
S433C19_Lachnospira_sp900316325,ERR1620330_sub,1e-06,EX_cpd00028_e0,-0.0005072293054386408,0.007243336193329796,cpd00028_e0,import
S433C19_Lachnospira_sp900316325,ERR1620330_sub,1e-06,EX_cpd00024_e0,-0.06423437920522293,0.007243336193329796,cpd00024_e0,import
S433C19_Lachnospira_sp900316325,ERR1620330_sub,1e-06,EX_cpd00058_e0,-0.0007162712194372272,0.007243336193329796,cpd00058_e0,import
S433C19_Lachnospira_sp900316325,ERR1620330_sub,1e-06,EX_cpd00011_e0,0.9432264219892998,0.007243336193329796,cpd00011_e0,export
S433C19_Lachnospira_sp900316325,ERR1620330_sub,1e-06,EX_cpd00305_e0,-0.0005072293054386408,0.007243336193329796,cpd00305_e0,import
S433C19_Lachnospira_sp900316325,ERR1620330_sub,1e-06,EX_cpd00034_e0,-0.0007162712194372272,0.007243336193329796,cpd00034_e0,import
S433C19_Lachnospira_sp900316325,ERR1620330_sub,1e-06,EX_cpd00051_e0,-0.5204265082879054,0.007243336193329796,cpd00051_e0,import
S433C19_Lachnospira_sp900316325,ERR1620330_sub,1e-06,EX_cpd23431_e0,-0.02197875998965726,0.007243336193329796,cpd23431_e0,import
S433C19_Lachnospira_sp900316325,ERR1620330_sub,1e-06,EX_cpd00099_e0,-0.0007162712194372272,0.007243336193329796,cpd00099_e0,import
S433C19_Lachnospira_sp900316325,ERR1620330_sub,1e-06,EX_cpd00205_e0,-0.0007162712194372272,0.007243336193329796,cpd00205_e0,import
S433C19_Lachnospira_sp900316325,ERR1620330_sub,1e-06,EX_cpd00132_e0,-0.01690190470128862,0.007243336193329796,cpd00132_e0,import
S433C19_Lachnospira_sp900316325,ERR1620330_sub,1e-06,EX_cpd00526_e0,0.02197875998965726,0.007243336193329796,cpd00526_e0,export
S433C19_Lachnospira_sp900316325,ERR1620330_sub,1e-06,EX_cpd00220_e0,-0.0010144586108772817,0.007243336193329796,cpd00220_e0,import
S433C19_Lachnospira_sp900316325,ERR1620330_sub,1e-06,EX_cpd00048_e0,-0.0007162712194372272,0.007243336193329796,cpd00048_e0,import
S433C19_Lachnospira_sp900316325,ERR1620330_sub,1e-06,EX_cpd00067_e0,0.9864386574359219,0.007243336193329796,cpd00067_e0,export
S433C19_Lachnospira_sp900316325,ERR1620330_sub,1e-06,EX_cpd00119_e0,-0.009338068895739576,0.007243336193329796,cpd00119_e0,import
S433C19_Lachnospira_sp900316325,ERR1620330_sub,1e-06,EX_cpd00069_e0,-0.012653083353727083,0.007243336193329796,cpd00069_e0,import
S433C19_Lachnospira_sp900316325,ERR1620330_sub,1e-06,EX_cpd00063_e0,-0.0007162712194372272,0.007243336193329796,cpd00063_e0,import
S433C19_Lachnospira_sp900316325,ERR1620330_sub,1e-06,EX_cpd10515_e0,-0.001223500524875868,0.007243336193329796,cpd10515_e0,import
S433C19_Lachnospira_sp900316325,ERR1620330_sub,1e-06,EX_cpd00054_e0,-0.03768705292126774,0.007243336193329796,cpd00054_e0,import
S433C19_Lachnospira_sp900316325,ERR1620330_sub,1e-06,EX_cpd00029_e0,1.230969104493363,0.007243336193329796,cpd00029_e0,export
S433C19_Lachnospira_sp900316325,ERR1620330_sub,1e-06,EX_cpd00060_e0,-0.014454913336915278,0.007243336193329796,cpd00060_e0,import
S433C19_Lachnospira_sp900316325,ERR1620330_sub,1e-06,EX_cpd00065_e0,-0.006209815815666817,0.007243336193329796,cpd00065_e0,import
S433C19_Lachnospira_sp900316325,ERR1620330_sub,1e-06,EX_cpd00644_e0,-0.001014458610877289,0.007243336193329796,cpd00644_e0,import
S433C19_Lachnospira_sp900316325,ERR1620330_sub,1e-06,EX_cpd00100_e0,0.00255979704273207,0.007243336193329796,cpd00100_e0,export
S433C19_Lachnospira_sp900316325,ERR1620330_sub,1e-06,EX_cpd00161_e0,-0.05940462399794763,0.007243336193329796,cpd00161_e0,import
S433C19_Lachnospira_sp900316325,ERR1620330_sub,1e-06,EX_cpd00182_e0,-0.008626896496789882,0.007243336193329796,cpd00182_e0,import
S433C19_Lachnospira_sp900316325,ERR1620330_sub,1e-06,EX_cpd00393_e0,-0.0015216879163159225,0.007243336193329796,cpd00393_e0,import
S433C19_Lachnospira_sp900316325,ERR1620330_sub,1e-06,EX_cpd00039_e0,-0.03688537213817132,0.007243336193329796,cpd00039_e0,import
S433C19_Lachnospira_sp900316325,ERR1620330_sub,1e-06,EX_cpd00030_e0,-0.0007162712194372272,0.007243336193329796,cpd00030_e0,import
S433C19_Lachnospira_sp900316325,ERR1620330_sub,1e-06,EX_cpd00311_e0,-0.009134640508469221,0.007243336193329796,cpd00311_e0,import
S433C19_Lachnospira_sp900316325,ERR1620330_sub,1e-06,EX_cpd00009_e0,-0.1297129241243345,0.007243336193329796,cpd00009_e0,import
S433C19_Lachnospira_sp900316325,ERR1620330_sub,1e-06,EX_cpd00239_e0,-0.006997187187977656,0.007243336193329796,cpd00239_e0,import
S433C19_Lachnospira_sp900316325,ERR1620330_sub,1e-06,EX_cpd00035_e0,1.033497829842572,0.007243336193329796,cpd00035_e0,export
S433C19_Lachnospira_sp900316325,ERR1620330_sub,1e-06,EX_cpd00092_e0,0.3009384999848898,0.007243336193329796,cpd00092_e0,export
S433C19_Lachnospira_sp900316325,ERR1620330_sub,1e-06,EX_cpd00254_e0,-0.0007162712194372272,0.007243336193329796,cpd00254_e0,import
S433C19_Lachnospira_sp900316325,ERR1620330_sub,1e-06,EX_cpd01217_e0,-0.9052941902562962,0.007243336193329796,cpd01217_e0,import
S433C19_Lachnospira_sp900316325,ERR1620330_sub,1e-06,EX_cpd00082_e0,-0.3203841697944211,0.007243336193329796,cpd00082_e0,import
S478C49_Prevotella_sp900313215,ERR1620330_sub,1e-06,EX_cpd00149_e0,-0.0020438695801997886,0.023660506192533532,cpd00149_e0,import
S478C49_Prevotella_sp900313215,ERR1620330_sub,1e-06,EX_cpd00013_e0,0.14159294787723858,0.023660506192533532,cpd00013_e0,export
S478C49_Prevotella_sp900313215,ERR1620330_sub,1e-06,EX_cpd00130_e0,-1.4055908478383463,0.023660506192533532,cpd00130_e0,import
S478C49_Prevotella_sp900313215,ERR1620330_sub,1e-06,EX_cpd00066_e0,-0.049277415765547235,0.023660506192533532,cpd00066_e0,import
S478C49_Prevotella_sp900313215,ERR1620330_sub,1e-06,EX_cpd00007_e0,-0.0011058568745785395,0.023660506192533532,cpd00007_e0,import
S478C49_Prevotella_sp900313215,ERR1620330_sub,1e-06,EX_cpd00208_e0,-0.6002391744600792,0.023660506192533532,cpd00208_e0,import
S478C49_Prevotella_sp900313215,ERR1620330_sub,1e-06,EX_cpd28763_e0,-0.06652771947147593,0.023660506192533532,cpd28763_e0,import
S478C49_Prevotella_sp900313215,ERR1620330_sub,1e-06,EX_cpd00033_e0,-0.16295145440652575,0.023660506192533532,cpd00033_e0,import
S478C49_Prevotella_sp900313215,ERR1620330_sub,1e-06,EX_cpd11606_e0,-4.7592948690478645,0.023660506192533532,cpd11606_e0,import
S478C49_Prevotella_sp900313215,ERR1620330_sub,1e-06,EX_cpd00055_e0,-0.004423427498314153,0.023660506192533532,cpd00055_e0,import
S478C49_Prevotella_sp900313215,ERR1620330_sub,1e-06,EX_cpd00129_e0,-0.058796916538437057,0.023660506192533532,cpd00129_e0,import
S478C49_Prevotella_sp900313215,ERR1620330_sub,1e-06,EX_cpd00309_e0,0.054695497050315414,0.023660506192533532,cpd00309_e0,export
S478C49_Prevotella_sp900313215,ERR1620330_sub,1e-06,EX_cpd00023_e0,-0.7828467914705203,0.023660506192533532,cpd00023_e0,import
S478C49_Prevotella_sp900313215,ERR1620330_sub,1e-06,EX_cpd00367_e0,-0.08076100552918858,0.023660506192533532,cpd00367_e0,import
S478C49_Prevotella_sp900313215,ERR1620330_sub,1e-06,EX_cpd00184_e0,-0.00691626155004036,0.023660506192533532,cpd00184_e0,import
S478C49_Prevotella_sp900313215,ERR1620330_sub,1e-06,EX_cpd10516_e0,-0.0020438695801997886,0.023660506192533532,cpd10516_e0,import
S478C49_Prevotella_sp900313215,ERR1620330_sub,1e-06,EX_cpd00028_e0,-0.0011058568745785395,0.023660506192533532,cpd00028_e0,import
S478C49_Prevotella_sp900313215,ERR1620330_sub,1e-06,EX_cpd00058_e0,-0.0020438695801997886,0.023660506192533532,cpd00058_e0,import
S478C49_Prevotella_sp900313215,ERR1620330_sub,1e-06,EX_cpd11451_e0,4.7592948690478645,0.023660506192533532,cpd11451_e0,export
S478C49_Prevotella_sp900313215,ERR1620330_sub,1e-06,EX_cpd00036_e0,2.031308237349988,0.023660506192533532,cpd00036_e0,export
S478C49_Prevotella_sp900313215,ERR1620330_sub,1e-06,EX_cpd01741_e0,-0.023198766234518997,0.023660506192533532,cpd01741_e0,import
S478C49_Prevotella_sp900313215,ERR1620330_sub,1e-06,EX_cpd00011_e0,4.117931768922099,0.023660506192533532,cpd00011_e0,export
S478C49_Prevotella_sp900313215,ERR1620330_sub,1e-06,EX_cpd00034_e0,-0.0020438695801997886,0.023660506192533532,cpd00034_e0,import
S478C49_Prevotella_sp900313215,ERR1620330_sub,1e-06,EX_cpd00051_e0,-0.08088758778392284,0.023660506192533532,cpd00051_e0,import
S478C49_Prevotella_sp900313215,ERR1620330_sub,1e-06,EX_cpd00099_e0,-0.0020438695801997886,0.023660506192533532,cpd00099_e0,import
S478C49_Prevotella_sp900313215,ERR1620330_sub,1e-06,EX_cpd00205_e0,-0.0020438695801997886,0.023660506192533532,cpd00205_e0,import
S478C49_Prevotella_sp900313215,ERR1620330_sub,1e-06,EX_cpd00132_e0,-0.06411663755858134,0.023660506192533532,cpd00132_e0,import
S478C49_Prevotella_sp900313215,ERR1620330_sub,1e-06,EX_cpd00220_e0,-0.002211713749157079,0.023660506192533532,cpd00220_e0,import
S478C49_Prevotella_sp900313215,ERR1620330_sub,1e-06,EX_cpd00048_e0,-0.0020438695801997886,0.023660506192533532,cpd00048_e0,import
S478C49_Prevotella_sp900313215,ERR1620330_sub,1e-06,EX_cpd00067_e0,2.3512927989101335,0.023660506192533532,cpd00067_e0,export
S478C49_Prevotella_sp900313215,ERR1620330_sub,1e-06,EX_cpd00119_e0,-0.025198678516473068,0.023660506192533532,cpd00119_e0,import
S478C49_Prevotella_sp900313215,ERR1620330_sub,1e-06,EX_cpd00069_e0,-0.036678076507310885,0.023660506192533532,cpd00069_e0,import
S478C49_Prevotella_sp900313215,ERR1620330_sub,1e-06,EX_cpd00063_e0,-0.0020438695801997886,0.023660506192533532,cpd00063_e0,import
S478C49_Prevotella_sp900313215,ERR1620330_sub,1e-06,EX_cpd10515_e0,-0.003149726454778328,0.023660506192533532,cpd10515_e0,import
S478C49_Prevotella_sp900313215,ERR1620330_sub,1e-06,EX_cpd00029_e0,2.2873306693172366,0.023660506192533532,cpd00029_e0,export
S478C49_Prevotella_sp900313215,ERR1620330_sub,1e-06,EX_cpd00025_e0,0.0011058568745785395,0.023660506192533532,cpd00025_e0,export
S478C49_Prevotella_sp900313215,ERR1620330_sub,1e-06,EX_cpd00060_e0,-0.04087785626005614,0.023660506192533532,cpd00060_e0,import
S478C49_Prevotella_sp900313215,ERR1620330_sub,1e-06,EX_cpd00065_e0,-0.01511920710988379,0.023660506192533532,cpd00065_e0,import
S478C49_Prevotella_sp900313215,ERR1620330_sub,1e-06,EX_cpd00017_e0,-0.0033175706237356184,0.023660506192533532,cpd00017_e0,import
S478C49_Prevotella_sp900313215,ERR1620330_sub,1e-06,EX_cpd00084_e0,-0.09492513073190782,0.023660506192533532,cpd00084_e0,import
S478C49_Prevotella_sp900313215,ERR1620330_sub,1e-06,EX_cpd00161_e0,-0.1658633369647544,0.023660506192533532,cpd00161_e0,import
S478C49_Prevotella_sp900313215,ERR1620330_sub,1e-06,EX_cpd00182_e0,-0.05660016420487867,0.023660506192533532,cpd00182_e0,import
S478C49_Prevotella_sp900313215,ERR1620330_sub,1e-06,EX_cpd00039_e0,-0.0912752132930024,0.023660506192533532,cpd00039_e0,import
S478C49_Prevotella_sp900313215,ERR1620330_sub,1e-06,EX_cpd00030_e0,-0.0020438695801997886,0.023660506192533532,cpd00030_e0,import
S478C49_Prevotella_sp900313215,ERR1620330_sub,1e-06,EX_cpd00311_e0,-0.06744332725626813,0.023660506192533532,cpd00311_e0,import
S478C49_Prevotella_sp900313215,ERR1620330_sub,1e-06,EX_cpd00009_e0,-0.2819000690802218,0.023660506192533532,cpd00009_e0,import
S478C49_Prevotella_sp900313215,ERR1620330_sub,1e-06,EX_cpd00239_e0,0.06835469441682682,0.023660506192533532,cpd00239_e0,export
S478C49_Prevotella_sp900313215,ERR1620330_sub,1e-06,EX_cpd00254_e0,-0.0020438695801997886,0.023660506192533532,cpd00254_e0,import
S478C49_Prevotella_sp900313215,ERR1620330_sub,1e-06,EX_cpd01217_e0,-0.054695497050315414,0.023660506192533532,cpd01217_e0,import
S541C3158_Prevotella_sp900557255,ERR1620330_sub,1e-06,EX_cpd00105_e0,0.0007730019421444451,0.2210532719820849,cpd00105_e0,export
S541C3158_Prevotella_sp900557255,ERR1620330_sub,1e-06,EX_cpd00149_e0,-0.01910530765702222,0.2210532719820849,cpd00149_e0,import
S541C3158_Prevotella_sp900557255,ERR1620330_sub,1e-06,EX_cpd00013_e0,-11.418551223016246,0.2210532719820849,cpd00013_e0,import
S541C3158_Prevotella_sp900557255,ERR1620330_sub,1e-06,EX_cpd00130_e0,-0.16471421856536658,0.2210532719820849,cpd00130_e0,import
S541C3158_Prevotella_sp900557255,ERR1620330_sub,1e-06,EX_cpd00064_e0,-0.3357821876606004,0.2210532719820849,cpd00064_e0,import
S541C3158_Prevotella_sp900557255,ERR1620330_sub,1e-06,EX_cpd00010_e0,0.0018933985357362237,0.2210532719820849,cpd00010_e0,export
S541C3158_Prevotella_sp900557255,ERR1620330_sub,1e-06,EX_cpd00139_e0,0.0004938359909079213,0.2210532719820849,cpd00139_e0,export
S541C3158_Prevotella_sp900557255,ERR1620330_sub,1e-06,EX_cpd28763_e0,-1.8312509915127226,0.2210532719820849,cpd28763_e0,import
S541C3158_Prevotella_sp900557255,ERR1620330_sub,1e-06,EX_cpd00106_e0,-0.002211026878531624,0.2210532719820849,cpd00106_e0,import
S541C3158_Prevotella_sp900557255,ERR1620330_sub,1e-06,EX_cpd00033_e0,-1.3968083029941203,0.2210532719820849,cpd00033_e0,import
S541C3158_Prevotella_sp900557255,ERR1620330_sub,1e-06,EX_cpd00324_e0,0.9403569670361183,0.2210532719820849,cpd00324_e0,export
S541C3158_Prevotella_sp900557255,ERR1620330_sub,1e-06,EX_cpd11606_e0,-2.196949490202554,0.2210532719820849,cpd11606_e0,import
S541C3158_Prevotella_sp900557255,ERR1620330_sub,1e-06,EX_cpd00055_e0,0.0004734629475403886,0.2210532719820849,cpd00055_e0,export
S541C3158_Prevotella_sp900557255,ERR1620330_sub,1e-06,EX_cpd00129_e0,-0.549610988212512,0.2210532719820849,cpd00129_e0,import
S541C3158_Prevotella_sp900557255,ERR1620330_sub,1e-06,EX_cpd00448_e0,-0.006950627714300243,0.2210532719820849,cpd00448_e0,import
S541C3158_Prevotella_sp900557255,ERR1620330_sub,1e-06,EX_cpd00184_e0,0.00325049756159471,0.2210532719820849,cpd00184_e0,export
S541C3158_Prevotella_sp900557255,ERR1620330_sub,1e-06,EX_cpd10516_e0,-0.01910530765702222,0.2210532719820849,cpd10516_e0,import
S541C3158_Prevotella_sp900557255,ERR1620330_sub,1e-06,EX_cpd00028_e0,-0.010337125234473516,0.2210532719820849,cpd00028_e0,import
S541C3158_Prevotella_sp900557255,ERR1620330_sub,1e-06,EX_cpd00024_e0,0.1951595769077141,0.2210532719820849,cpd00024_e0,export
S541C3158_Prevotella_sp900557255,ERR1620330_sub,1e-06,EX_cpd00058_e0,-0.01910530765702222,0.2210532719820849,cpd00058_e0,import
S541C3158_Prevotella_sp900557255,ERR1620330_sub,1e-06,EX_cpd00116_e0,-0.0004734629475403886,0.2210532719820849,cpd00116_e0,import
S541C3158_Prevotella_sp900557255,ERR1620330_sub,1e-06,EX_cpd11451_e0,2.196949490202554,0.2210532719820849,cpd11451_e0,export
S541C3158_Prevotella_sp900557255,ERR1620330_sub,1e-06,EX_cpd00036_e0,37.24730851596118,0.2210532719820849,cpd00036_e0,export
S541C3158_Prevotella_sp900557255,ERR1620330_sub,1e-06,EX_cpd01741_e0,0.011955924624412473,0.2210532719820849,cpd01741_e0,export
S541C3158_Prevotella_sp900557255,ERR1620330_sub,1e-06,EX_cpd00071_e0,-0.00046525152300679745,0.2210532719820849,cpd00071_e0,import
S541C3158_Prevotella_sp900557255,ERR1620330_sub,1e-06,EX_cpd00034_e0,-0.01910530765702222,0.2210532719820849,cpd00034_e0,import
S541C3158_Prevotella_sp900557255,ERR1620330_sub,1e-06,EX_cpd00314_e0,20.047010063124898,0.2210532719820849,cpd00314_e0,export
S541C3158_Prevotella_sp900557255,ERR1620330_sub,1e-06,EX_cpd00156_e0,-0.3232531425781082,0.2210532719820849,cpd00156_e0,import
S541C3158_Prevotella_sp900557255,ERR1620330_sub,1e-06,EX_cpd00179_e0,-5.472503805203116,0.2210532719820849,cpd00179_e0,import
S541C3158_Prevotella_sp900557255,ERR1620330_sub,1e-06,EX_cpd00027_e0,1.7088616990894179,0.2210532719820849,cpd00027_e0,export
S541C3158_Prevotella_sp900557255,ERR1620330_sub,1e-06,EX_cpd00051_e0,-0.4203239089403267,0.2210532719820849,cpd00051_e0,import
S541C3158_Prevotella_sp900557255,ERR1620330_sub,1e-06,EX_cpd23431_e0,1.8271854021589549,0.2210532719820849,cpd23431_e0,export
S541C3158_Prevotella_sp900557255,ERR1620330_sub,1e-06,EX_cpd00099_e0,-0.01910530765702222,0.2210532719820849,cpd00099_e0,import
S541C3158_Prevotella_sp900557255,ERR1620330_sub,1e-06,EX_cpd00205_e0,-0.01910530765702222,0.2210532719820849,cpd00205_e0,import
S541C3158_Prevotella_sp900557255,ERR1620330_sub,1e-06,EX_cpd00132_e0,0.5773884408792386,0.2210532719820849,cpd00132_e0,export
S541C3158_Prevotella_sp900557255,ERR1620330_sub,1e-06,EX_cpd00526_e0,-1.8271854021589549,0.2210532719820849,cpd00526_e0,import
S541C3158_Prevotella_sp900557255,ERR1620330_sub,1e-06,EX_cpd00232_e0,-0.14456876977134048,0.2210532719820849,cpd00232_e0,import
S541C3158_Prevotella_sp900557255,ERR1620330_sub,1e-06,EX_cpd00220_e0,-0.020674250468947032,0.2210532719820849,cpd00220_e0,import
S541C3158_Prevotella_sp900557255,ERR1620330_sub,1e-06,EX_cpd00048_e0,-0.019105307657021342,0.2210532719820849,cpd00048_e0,import
S541C3158_Prevotella_sp900557255,ERR1620330_sub,1e-06,EX_cpd00067_e0,107.40682237485375,0.2210532719820849,cpd00067_e0,export
S541C3158_Prevotella_sp900557255,ERR1620330_sub,1e-06,EX_cpd00119_e0,-0.13855328107894485,0.2210532719820849,cpd00119_e0,import
S541C3158_Prevotella_sp900557255,ERR1620330_sub,1e-06,EX_cpd00069_e0,-0.35318969407180373,0.2210532719820849,cpd00069_e0,import
S541C3158_Prevotella_sp900557255,ERR1620330_sub,1e-06,EX_cpd00063_e0,-0.01910530765702222,0.2210532719820849,cpd00063_e0,import
S541C3158_Prevotella_sp900557255,ERR1620330_sub,1e-06,EX_cpd90003_e0,-0.5696205663631393,0.2210532719820849,cpd90003_e0,import
S541C3158_Prevotella_sp900557255,ERR1620330_sub,1e-06,EX_cpd10515_e0,-0.029442432891495736,0.2210532719820849,cpd10515_e0,import
S541C3158_Prevotella_sp900557255,ERR1620330_sub,1e-06,EX_cpd00054_e0,-2.326128459885426,0.2210532719820849,cpd00054_e0,import
S541C3158_Prevotella_sp900557255,ERR1620330_sub,1e-06,EX_cpd00029_e0,28.835595877954795,0.2210532719820849,cpd00029_e0,export
S541C3158_Prevotella_sp900557255,ERR1620330_sub,1e-06,EX_cpd00041_e0,-4.325010514199249,0.2210532719820849,cpd00041_e0,import
S541C3158_Prevotella_sp900557255,ERR1620330_sub,1e-06,EX_cpd00060_e0,-1.4383496451165323,0.2210532719820849,cpd00060_e0,import
S541C3158_Prevotella_sp900557255,ERR1620330_sub,1e-06,EX_cpd00065_e0,-0.14132853982607427,0.2210532719820849,cpd00065_e0,import
S541C3158_Prevotella_sp900557255,ERR1620330_sub,1e-06,EX_cpd00017_e0,0.10554505627914736,0.2210532719820849,cpd00017_e0,export
S541C3158_Prevotella_sp900557255,ERR1620330_sub,1e-06,EX_cpd00277_e0,0.17821896327351278,0.2210532719820849,cpd00277_e0,export
S541C3158_Prevotella_sp900557255,ERR1620330_sub,1e-06,EX_cpd00084_e0,-0.3508310771560237,0.2210532719820849,cpd00084_e0,import
S541C3158_Prevotella_sp900557255,ERR1620330_sub,1e-06,EX_cpd00161_e0,-0.6878427156568128,0.2210532719820849,cpd00161_e0,import
S541C3158_Prevotella_sp900557255,ERR1620330_sub,1e-06,EX_cpd00182_e0,0.031011375703420548,0.2210532719820849,cpd00182_e0,export
S541C3158_Prevotella_sp900557255,ERR1620330_sub,1e-06,EX_cpd00039_e0,-0.8532056293203767,0.2210532719820849,cpd00039_e0,import
S541C3158_Prevotella_sp900557255,ERR1620330_sub,1e-06,EX_cpd00030_e0,-0.01910530765702222,0.2210532719820849,cpd00030_e0,import
S541C3158_Prevotella_sp900557255,ERR1620330_sub,1e-06,EX_cpd00001_e0,13.109181787996198,0.2210532719820849,cpd00001_e0,export
S541C3158_Prevotella_sp900557255,ERR1620330_sub,1e-06,EX_cpd00311_e0,0.13839707961350442,0.2210532719820849,cpd00311_e0,export
S541C3158_Prevotella_sp900557255,ERR1620330_sub,1e-06,EX_cpd00009_e0,-2.6407737458458134,0.2210532719820849,cpd00009_e0,import
S541C3158_Prevotella_sp900557255,ERR1620330_sub,1e-06,EX_cpd00076_e0,-8.157219418930788,0.2210532719820849,cpd00076_e0,import
S541C3158_Prevotella_sp900557255,ERR1620330_sub,1e-06,EX_cpd00239_e0,0.07989319685148688,0.2210532719820849,cpd00239_e0,export
S541C3158_Prevotella_sp900557255,ERR1620330_sub,1e-06,EX_cpd00035_e0,-2.1346575611766987,0.2210532719820849,cpd00035_e0,import
S541C3158_Prevotella_sp900557255,ERR1620330_sub,1e-06,EX_cpd00092_e0,-0.1632025399588797,0.2210532719820849,cpd00092_e0,import
S541C3158_Prevotella_sp900557255,ERR1620330_sub,1e-06,EX_cpd00254_e0,-0.01910530765702222,0.2210532719820849,cpd00254_e0,import
S545C749_Collinsella_unk_sp,ERR1620330_sub,1e-06,EX_cpd00149_e0,-0.00044897721799999895,0.0034040369789490542,cpd00149_e0,import
S545C749_Collinsella_unk_sp,ERR1620330_sub,1e-06,EX_cpd00053_e0,-0.01896083767258548,0.0034040369789490542,cpd00053_e0,import
S545C749_Collinsella_unk_sp,ERR1620330_sub,1e-06,EX_cpd00064_e0,0.6358706210379008,0.0034040369789490542,cpd00064_e0,export
S545C749_Collinsella_unk_sp,ERR1620330_sub,1e-06,EX_cpd00106_e0,-0.0006358887423198456,0.0034040369789490542,cpd00106_e0,import
S545C749_Collinsella_unk_sp,ERR1620330_sub,1e-06,EX_cpd00047_e0,0.023287359107995106,0.0034040369789490542,cpd00047_e0,export
S545C749_Collinsella_unk_sp,ERR1620330_sub,1e-06,EX_cpd00129_e0,-0.011501816432433653,0.0034040369789490542,cpd00129_e0,import
S545C749_Collinsella_unk_sp,ERR1620330_sub,1e-06,EX_cpd00309_e0,0.8797575391084037,0.0034040369789490542,cpd00309_e0,export
S545C749_Collinsella_unk_sp,ERR1620330_sub,1e-06,EX_cpd00023_e0,-0.02130292288752378,0.0034040369789490542,cpd00023_e0,import
S545C749_Collinsella_unk_sp,ERR1620330_sub,1e-06,EX_cpd00216_e0,-0.01258468464617427,0.0034040369789490542,cpd00216_e0,import
S545C749_Collinsella_unk_sp,ERR1620330_sub,1e-06,EX_cpd10516_e0,-0.00044897721799999895,0.0034040369789490542,cpd10516_e0,import
S545C749_Collinsella_unk_sp,ERR1620330_sub,1e-06,EX_cpd00028_e0,-0.00031794437115991223,0.0034040369789490542,cpd00028_e0,import
S545C749_Collinsella_unk_sp,ERR1620330_sub,1e-06,EX_cpd00058_e0,-0.00044897721799999895,0.0034040369789490542,cpd00058_e0,import
S545C749_Collinsella_unk_sp,ERR1620330_sub,1e-06,EX_cpd00036_e0,0.0006358887423198456,0.0034040369789490542,cpd00036_e0,export
S545C749_Collinsella_unk_sp,ERR1620330_sub,1e-06,EX_cpd00322_e0,-0.024526615483193463,0.0034040369789490542,cpd00322_e0,import
S545C749_Collinsella_unk_sp,ERR1620330_sub,1e-06,EX_cpd00305_e0,-0.00031794437115991223,0.0034040369789490542,cpd00305_e0,import
S545C749_Collinsella_unk_sp,ERR1620330_sub,1e-06,EX_cpd00034_e0,-0.00044897721799999895,0.0034040369789490542,cpd00034_e0,import
S545C749_Collinsella_unk_sp,ERR1620330_sub,1e-06,EX_cpd00156_e0,-0.021979298068085715,0.0034040369789490542,cpd00156_e0,import
S545C749_Collinsella_unk_sp,ERR1620330_sub,1e-06,EX_cpd00122_e0,-0.012812207850078758,0.0034040369789490542,cpd00122_e0,import
S545C749_Collinsella_unk_sp,ERR1620330_sub,1e-06,EX_cpd00027_e0,-0.019917159476031523,0.0034040369789490542,cpd00027_e0,import
S545C749_Collinsella_unk_sp,ERR1620330_sub,1e-06,EX_cpd00051_e0,-0.6503203961825329,0.0034040369789490542,cpd00051_e0,import
S545C749_Collinsella_unk_sp,ERR1620330_sub,1e-06,EX_cpd00099_e0,-0.00044897721799999895,0.0034040369789490542,cpd00099_e0,import
S545C749_Collinsella_unk_sp,ERR1620330_sub,1e-06,EX_cpd00205_e0,-0.00044897721799999895,0.0034040369789490542,cpd00205_e0,import
S545C749_Collinsella_unk_sp,ERR1620330_sub,1e-06,EX_cpd00132_e0,-0.010594548469569937,0.0034040369789490542,cpd00132_e0,import
S545C749_Collinsella_unk_sp,ERR1620330_sub,1e-06,EX_cpd00220_e0,-0.0006358887423198245,0.0034040369789490542,cpd00220_e0,import
S545C749_Collinsella_unk_sp,ERR1620330_sub,1e-06,EX_cpd00048_e0,-0.00044897721799999895,0.0034040369789490542,cpd00048_e0,import
S545C749_Collinsella_unk_sp,ERR1620330_sub,1e-06,EX_cpd00067_e0,0.7235251606808808,0.0034040369789490542,cpd00067_e0,export
S545C749_Collinsella_unk_sp,ERR1620330_sub,1e-06,EX_cpd00119_e0,-0.005853341695894998,0.0034040369789490542,cpd00119_e0,import
S545C749_Collinsella_unk_sp,ERR1620330_sub,1e-06,EX_cpd00069_e0,-0.007931277997937695,0.0034040369789490542,cpd00069_e0,import
S545C749_Collinsella_unk_sp,ERR1620330_sub,1e-06,EX_cpd00063_e0,-0.00044897721799999895,0.0034040369789490542,cpd00063_e0,import
S545C749_Collinsella_unk_sp,ERR1620330_sub,1e-06,EX_cpd10515_e0,-0.0007669215891599112,0.0034040369789490542,cpd10515_e0,import
S545C749_Collinsella_unk_sp,ERR1620330_sub,1e-06,EX_cpd00054_e0,-0.018919252606476925,0.0034040369789490542,cpd00054_e0,import
S545C749_Collinsella_unk_sp,ERR1620330_sub,1e-06,EX_cpd00029_e0,0.051215820304714776,0.0034040369789490542,cpd00029_e0,export
S545C749_Collinsella_unk_sp,ERR1620330_sub,1e-06,EX_cpd00041_e0,0.7648125404781917,0.0034040369789490542,cpd00041_e0,export
S545C749_Collinsella_unk_sp,ERR1620330_sub,1e-06,EX_cpd00060_e0,-0.007470989506494774,0.0034040369789490542,cpd00060_e0,import
S545C749_Collinsella_unk_sp,ERR1620330_sub,1e-06,EX_cpd00107_e0,-0.030028756677334786,0.0034040369789490542,cpd00107_e0,import
S545C749_Collinsella_unk_sp,ERR1620330_sub,1e-06,EX_cpd00065_e0,-0.0038924722277701726,0.0034040369789490542,cpd00065_e0,import
S545C749_Collinsella_unk_sp,ERR1620330_sub,1e-06,EX_cpd00017_e0,-0.0009538331134797367,0.0034040369789490542,cpd00017_e0,import
S545C749_Collinsella_unk_sp,ERR1620330_sub,1e-06,EX_cpd00644_e0,-0.0006358887423198178,0.0034040369789490542,cpd00644_e0,import
S545C749_Collinsella_unk_sp,ERR1620330_sub,1e-06,EX_cpd00084_e0,-0.005021905592126756,0.0034040369789490542,cpd00084_e0,import
S545C749_Collinsella_unk_sp,ERR1620330_sub,1e-06,EX_cpd00161_e0,-0.04361194296431145,0.0034040369789490542,cpd00161_e0,import
S545C749_Collinsella_unk_sp,ERR1620330_sub,1e-06,EX_cpd00182_e0,-0.005089616178525734,0.0034040369789490542,cpd00182_e0,import
S545C749_Collinsella_unk_sp,ERR1620330_sub,1e-06,EX_cpd00393_e0,-0.0009538331134797367,0.0034040369789490542,cpd00393_e0,import
S545C749_Collinsella_unk_sp,ERR1620330_sub,1e-06,EX_cpd00039_e0,-0.02312069969878524,0.0034040369789490542,cpd00039_e0,import
S545C749_Collinsella_unk_sp,ERR1620330_sub,1e-06,EX_cpd00030_e0,-0.00044897721799999895,0.0034040369789490542,cpd00030_e0,import
S545C749_Collinsella_unk_sp,ERR1620330_sub,1e-06,EX_cpd00001_e0,-0.29516868665341744,0.0034040369789490542,cpd00001_e0,import
S545C749_Collinsella_unk_sp,ERR1620330_sub,1e-06,EX_cpd00311_e0,-0.00572582755195015,0.0034040369789490542,cpd00311_e0,import
S545C749_Collinsella_unk_sp,ERR1620330_sub,1e-06,EX_cpd00009_e0,-0.08257917366586587,0.0034040369789490542,cpd00009_e0,import
S545C749_Collinsella_unk_sp,ERR1620330_sub,1e-06,EX_cpd00035_e0,0.46016262080181863,0.0034040369789490542,cpd00035_e0,export
S545C749_Collinsella_unk_sp,ERR1620330_sub,1e-06,EX_cpd00254_e0,-0.00044897721799999895,0.0034040369789490542,cpd00254_e0,import
S545C749_Collinsella_unk_sp,ERR1620330_sub,1e-06,EX_cpd01217_e0,-0.8797575391084037,0.0034040369789490542,cpd01217_e0,import
S545C749_Collinsella_unk_sp,ERR1620330_sub,1e-06,EX_cpd00249_e0,-0.0077358593321287614,0.0034040369789490542,cpd00249_e0,import
S57C3106_Prevotella_copri_A,ERR1620330_sub,1e-06,EX_cpd00003_e0,-0.0009807539738853066,0.010486106948359913,cpd00003_e0,import
S57C3106_Prevotella_copri_A,ERR1620330_sub,1e-06,EX_cpd00149_e0,-0.0009063257908705777,0.010486106948359913,cpd00149_e0,import
S57C3106_Prevotella_copri_A,ERR1620330_sub,1e-06,EX_cpd00013_e0,0.46845893080515694,0.010486106948359913,cpd00013_e0,export
S57C3106_Prevotella_copri_A,ERR1620330_sub,1e-06,EX_cpd00208_e0,-0.008572644245671007,0.010486106948359913,cpd00208_e0,import
S57C3106_Prevotella_copri_A,ERR1620330_sub,1e-06,EX_cpd11606_e0,-0.5820057630593978,0.010486106948359913,cpd11606_e0,import
S57C3106_Prevotella_copri_A,ERR1620330_sub,1e-06,EX_cpd00129_e0,-0.026072682131333097,0.010486106948359913,cpd00129_e0,import
S57C3106_Prevotella_copri_A,ERR1620330_sub,1e-06,EX_cpd00448_e0,0.003878289019580034,0.010486106948359913,cpd00448_e0,export
S57C3106_Prevotella_copri_A,ERR1620330_sub,1e-06,EX_cpd00309_e0,1.2486587418248565,0.010486106948359913,cpd00309_e0,export
S57C3106_Prevotella_copri_A,ERR1620330_sub,1e-06,EX_cpd00023_e0,-0.651964222269875,0.010486106948359913,cpd00023_e0,import
S57C3106_Prevotella_copri_A,ERR1620330_sub,1e-06,EX_cpd00367_e0,-0.03581235462225041,0.010486106948359913,cpd00367_e0,import
S57C3106_Prevotella_copri_A,ERR1620330_sub,1e-06,EX_cpd00184_e0,-0.0030669208446242255,0.010486106948359913,cpd00184_e0,import
S57C3106_Prevotella_copri_A,ERR1620330_sub,1e-06,EX_cpd10516_e0,-0.0009063257908705777,0.010486106948359913,cpd10516_e0,import
S57C3106_Prevotella_copri_A,ERR1620330_sub,1e-06,EX_cpd00028_e0,-0.0004903769869426249,0.010486106948359913,cpd00028_e0,import
S57C3106_Prevotella_copri_A,ERR1620330_sub,1e-06,EX_cpd00024_e0,-0.01715642081211044,0.010486106948359913,cpd00024_e0,import
S57C3106_Prevotella_copri_A,ERR1620330_sub,1e-06,EX_cpd00058_e0,-0.0009063257908705777,0.010486106948359913,cpd00058_e0,import
S57C3106_Prevotella_copri_A,ERR1620330_sub,1e-06,EX_cpd11451_e0,0.5820057630593978,0.010486106948359913,cpd11451_e0,export
S57C3106_Prevotella_copri_A,ERR1620330_sub,1e-06,EX_cpd00036_e0,1.8665107863762926,0.010486106948359913,cpd00036_e0,export
S57C3106_Prevotella_copri_A,ERR1620330_sub,1e-06,EX_cpd01741_e0,-0.010287173094805209,0.010486106948359913,cpd01741_e0,import
S57C3106_Prevotella_copri_A,ERR1620330_sub,1e-06,EX_cpd00071_e0,0.0004903769869426249,0.010486106948359913,cpd00071_e0,export
S57C3106_Prevotella_copri_A,ERR1620330_sub,1e-06,EX_cpd00034_e0,-0.0009063257908705777,0.010486106948359913,cpd00034_e0,import
S57C3106_Prevotella_copri_A,ERR1620330_sub,1e-06,EX_cpd00264_e0,-0.0004903769869426249,0.010486106948359913,cpd00264_e0,import
S57C3106_Prevotella_copri_A,ERR1620330_sub,1e-06,EX_cpd00156_e0,-0.11339127628557752,0.010486106948359913,cpd00156_e0,import
S57C3106_Prevotella_copri_A,ERR1620330_sub,1e-06,EX_cpd00051_e0,-0.035378108791250244,0.010486106948359913,cpd00051_e0,import
S57C3106_Prevotella_copri_A,ERR1620330_sub,1e-06,EX_cpd00099_e0,-0.0009063257908705777,0.010486106948359913,cpd00099_e0,import
S57C3106_Prevotella_copri_A,ERR1620330_sub,1e-06,EX_cpd00205_e0,-0.0009063257908705777,0.010486106948359913,cpd00205_e0,import
S57C3106_Prevotella_copri_A,ERR1620330_sub,1e-06,EX_cpd00132_e0,-0.028431639086072748,0.010486106948359913,cpd00132_e0,import
S57C3106_Prevotella_copri_A,ERR1620330_sub,1e-06,EX_cpd00232_e0,-0.006858115396536806,0.010486106948359913,cpd00232_e0,import
S57C3106_Prevotella_copri_A,ERR1620330_sub,1e-06,EX_cpd00220_e0,-0.0009807539738852498,0.010486106948359913,cpd00220_e0,import
S57C3106_Prevotella_copri_A,ERR1620330_sub,1e-06,EX_cpd00048_e0,-0.0009063257908705777,0.010486106948359913,cpd00048_e0,import
S57C3106_Prevotella_copri_A,ERR1620330_sub,1e-06,EX_cpd00067_e0,2.732391953321015,0.010486106948359913,cpd00067_e0,export
S57C3106_Prevotella_copri_A,ERR1620330_sub,1e-06,EX_cpd00119_e0,-0.011174006627714204,0.010486106948359913,cpd00119_e0,import
S57C3106_Prevotella_copri_A,ERR1620330_sub,1e-06,EX_cpd00069_e0,-0.016754764411726672,0.010486106948359913,cpd00069_e0,import
S57C3106_Prevotella_copri_A,ERR1620330_sub,1e-06,EX_cpd00063_e0,-0.0009063257908705777,0.010486106948359913,cpd00063_e0,import
S57C3106_Prevotella_copri_A,ERR1620330_sub,1e-06,EX_cpd10515_e0,-0.0013967027778132026,0.010486106948359913,cpd10515_e0,import
S57C3106_Prevotella_copri_A,ERR1620330_sub,1e-06,EX_cpd00054_e0,-0.03129170095269954,0.010486106948359913,cpd00054_e0,import
S57C3106_Prevotella_copri_A,ERR1620330_sub,1e-06,EX_cpd00029_e0,0.30448111683709106,0.010486106948359913,cpd00029_e0,export
S57C3106_Prevotella_copri_A,ERR1620330_sub,1e-06,EX_cpd00060_e0,-0.017636344875793675,0.010486106948359913,cpd00060_e0,import
S57C3106_Prevotella_copri_A,ERR1620330_sub,1e-06,EX_cpd00065_e0,-0.0067044039766285,0.010486106948359913,cpd00065_e0,import
S57C3106_Prevotella_copri_A,ERR1620330_sub,1e-06,EX_cpd00017_e0,-0.0019615079477704996,0.010486106948359913,cpd00017_e0,import
S57C3106_Prevotella_copri_A,ERR1620330_sub,1e-06,EX_cpd00644_e0,-0.000980753973885251,0.010486106948359913,cpd00644_e0,import
S57C3106_Prevotella_copri_A,ERR1620330_sub,1e-06,EX_cpd00084_e0,-0.011782293714008968,0.010486106948359913,cpd00084_e0,import
S57C3106_Prevotella_copri_A,ERR1620330_sub,1e-06,EX_cpd00161_e0,-0.1443372556048103,0.010486106948359913,cpd00161_e0,import
S57C3106_Prevotella_copri_A,ERR1620330_sub,1e-06,EX_cpd00182_e0,-0.02362743163012467,0.010486106948359913,cpd00182_e0,import
S57C3106_Prevotella_copri_A,ERR1620330_sub,1e-06,EX_cpd00039_e0,-0.04047473511816476,0.010486106948359913,cpd00039_e0,import
S57C3106_Prevotella_copri_A,ERR1620330_sub,1e-06,EX_cpd00030_e0,-0.0009063257908705777,0.010486106948359913,cpd00030_e0,import
S57C3106_Prevotella_copri_A,ERR1620330_sub,1e-06,EX_cpd00311_e0,-0.029906813774539055,0.010486106948359913,cpd00311_e0,import
S57C3106_Prevotella_copri_A,ERR1620330_sub,1e-06,EX_cpd00009_e0,-0.12304319173107045,0.010486106948359913,cpd00009_e0,import
S57C3106_Prevotella_copri_A,ERR1620330_sub,1e-06,EX_cpd00254_e0,-0.0009063257908705777,0.010486106948359913,cpd00254_e0,import
S57C3106_Prevotella_copri_A,ERR1620330_sub,1e-06,EX_cpd01217_e0,-1.2486587418248565,0.010486106948359913,cpd01217_e0,import
S635C749_Collinsella_unk_sp,ERR1620330_sub,1e-06,EX_cpd00003_e0,-0.0002823958372349944,0.0023069345818306423,cpd00003_e0,import
S635C749_Collinsella_unk_sp,ERR1620330_sub,1e-06,EX_cpd00149_e0,-0.00019938912098680462,0.0023069345818306423,cpd00149_e0,import
S635C749_Collinsella_unk_sp,ERR1620330_sub,1e-06,EX_cpd00053_e0,-0.00842043784214975,0.0023069345818306423,cpd00053_e0,import
S635C749_Collinsella_unk_sp,ERR1620330_sub,1e-06,EX_cpd00064_e0,0.01111186217184856,0.0023069345818306423,cpd00064_e0,export
S635C749_Collinsella_unk_sp,ERR1620330_sub,1e-06,EX_cpd11640_e0,0.06289483403358087,0.0023069345818306423,cpd11640_e0,export
S635C749_Collinsella_unk_sp,ERR1620330_sub,1e-06,EX_cpd00106_e0,-0.0011295833489400329,0.0023069345818306423,cpd00106_e0,import
S635C749_Collinsella_unk_sp,ERR1620330_sub,1e-06,EX_cpd00047_e0,0.5180359473952999,0.0023069345818306423,cpd00047_e0,export
S635C749_Collinsella_unk_sp,ERR1620330_sub,1e-06,EX_cpd00033_e0,-0.014255020959250962,0.0023069345818306423,cpd00033_e0,import
S635C749_Collinsella_unk_sp,ERR1620330_sub,1e-06,EX_cpd00309_e0,0.003717862338590373,0.0023069345818306423,cpd00309_e0,export
S635C749_Collinsella_unk_sp,ERR1620330_sub,1e-06,EX_cpd00023_e0,-0.008330965869824684,0.0023069345818306423,cpd00023_e0,import
S635C749_Collinsella_unk_sp,ERR1620330_sub,1e-06,EX_cpd00216_e0,-0.005588811879307493,0.0023069345818306423,cpd00216_e0,import
S635C749_Collinsella_unk_sp,ERR1620330_sub,1e-06,EX_cpd10516_e0,-0.00019938912098680462,0.0023069345818306423,cpd10516_e0,import
S635C749_Collinsella_unk_sp,ERR1620330_sub,1e-06,EX_cpd00028_e0,-0.0001411979186175041,0.0023069345818306423,cpd00028_e0,import
S635C749_Collinsella_unk_sp,ERR1620330_sub,1e-06,EX_cpd00058_e0,-0.00019938912098680462,0.0023069345818306423,cpd00058_e0,import
S635C749_Collinsella_unk_sp,ERR1620330_sub,1e-06,EX_cpd00322_e0,-0.01089217917060395,0.0023069345818306423,cpd00322_e0,import
S635C749_Collinsella_unk_sp,ERR1620330_sub,1e-06,EX_cpd00011_e0,0.1565647295425067,0.0023069345818306423,cpd00011_e0,export
S635C749_Collinsella_unk_sp,ERR1620330_sub,1e-06,EX_cpd00305_e0,-0.0001411979186175041,0.0023069345818306423,cpd00305_e0,import
S635C749_Collinsella_unk_sp,ERR1620330_sub,1e-06,EX_cpd00034_e0,-0.00019938912098680462,0.0023069345818306423,cpd00034_e0,import
S635C749_Collinsella_unk_sp,ERR1620330_sub,1e-06,EX_cpd00156_e0,-0.00976092493339516,0.0023069345818306423,cpd00156_e0,import
S635C749_Collinsella_unk_sp,ERR1620330_sub,1e-06,EX_cpd00122_e0,-0.005689854092167872,0.0023069345818306423,cpd00122_e0,import
S635C749_Collinsella_unk_sp,ERR1620330_sub,1e-06,EX_cpd00027_e0,-0.008845136816006419,0.0023069345818306423,cpd00027_e0,import
S635C749_Collinsella_unk_sp,ERR1620330_sub,1e-06,EX_cpd00051_e0,-0.02263686795234164,0.0023069345818306423,cpd00051_e0,import
S635C749_Collinsella_unk_sp,ERR1620330_sub,1e-06,EX_cpd23431_e0,-0.5877269216760728,0.0023069345818306423,cpd23431_e0,import
S635C749_Collinsella_unk_sp,ERR1620330_sub,1e-06,EX_cpd00099_e0,-0.00019938912098680462,0.0023069345818306423,cpd00099_e0,import
S635C749_Collinsella_unk_sp,ERR1620330_sub,1e-06,EX_cpd00205_e0,-0.00019938912098680462,0.0023069345818306423,cpd00205_e0,import
S635C749_Collinsella_unk_sp,ERR1620330_sub,1e-06,EX_cpd00132_e0,-0.004704999768161178,0.0023069345818306423,cpd00132_e0,import
S635C749_Collinsella_unk_sp,ERR1620330_sub,1e-06,EX_cpd00526_e0,0.5877269216760728,0.0023069345818306423,cpd00526_e0,export
S635C749_Collinsella_unk_sp,ERR1620330_sub,1e-06,EX_cpd00220_e0,-0.0002823958372350082,0.0023069345818306423,cpd00220_e0,import
S635C749_Collinsella_unk_sp,ERR1620330_sub,1e-06,EX_cpd00048_e0,-0.00019938912098680462,0.0023069345818306423,cpd00048_e0,import
S635C749_Collinsella_unk_sp,ERR1620330_sub,1e-06,EX_cpd00067_e0,1.0603071436291016,0.0023069345818306423,cpd00067_e0,export
S635C749_Collinsella_unk_sp,ERR1620330_sub,1e-06,EX_cpd00119_e0,-0.00259944738572441,0.0023069345818306423,cpd00119_e0,import
S635C749_Collinsella_unk_sp,ERR1620330_sub,1e-06,EX_cpd00069_e0,-0.0035222512076565635,0.0023069345818306423,cpd00069_e0,import
S635C749_Collinsella_unk_sp,ERR1620330_sub,1e-06,EX_cpd00063_e0,-0.00019938912098680462,0.0023069345818306423,cpd00063_e0,import
S635C749_Collinsella_unk_sp,ERR1620330_sub,1e-06,EX_cpd10515_e0,-0.0003405870396043087,0.0023069345818306423,cpd10515_e0,import
S635C749_Collinsella_unk_sp,ERR1620330_sub,1e-06,EX_cpd00054_e0,-0.009818321234437257,0.0023069345818306423,cpd00054_e0,import
S635C749_Collinsella_unk_sp,ERR1620330_sub,1e-06,EX_cpd00029_e0,0.597125553468845,0.0023069345818306423,cpd00029_e0,export
S635C749_Collinsella_unk_sp,ERR1620330_sub,1e-06,EX_cpd00041_e0,-0.0060275069820111505,0.0023069345818306423,cpd00041_e0,import
S635C749_Collinsella_unk_sp,ERR1620330_sub,1e-06,EX_cpd00060_e0,-0.0033178387919933112,0.0023069345818306423,cpd00060_e0,import
S635C749_Collinsella_unk_sp,ERR1620330_sub,1e-06,EX_cpd00107_e0,-0.013335659713184907,0.0023069345818306423,cpd00107_e0,import
S635C749_Collinsella_unk_sp,ERR1620330_sub,1e-06,EX_cpd00065_e0,-0.001728632511506732,0.0023069345818306423,cpd00065_e0,import
S635C749_Collinsella_unk_sp,ERR1620330_sub,1e-06,EX_cpd00017_e0,-0.0004235937558525123,0.0023069345818306423,cpd00017_e0,import
S635C749_Collinsella_unk_sp,ERR1620330_sub,1e-06,EX_cpd00644_e0,-0.0002823958372350083,0.0023069345818306423,cpd00644_e0,import
S635C749_Collinsella_unk_sp,ERR1620330_sub,1e-06,EX_cpd00161_e0,-0.005926740039451656,0.0023069345818306423,cpd00161_e0,import
S635C749_Collinsella_unk_sp,ERR1620330_sub,1e-06,EX_cpd00182_e0,-0.001977883872538281,0.0023069345818306423,cpd00182_e0,import
S635C749_Collinsella_unk_sp,ERR1620330_sub,1e-06,EX_cpd00393_e0,-0.0004235937558525123,0.0023069345818306423,cpd00393_e0,import
S635C749_Collinsella_unk_sp,ERR1620330_sub,1e-06,EX_cpd00039_e0,-0.010267817173611419,0.0023069345818306423,cpd00039_e0,import
S635C749_Collinsella_unk_sp,ERR1620330_sub,1e-06,EX_cpd00030_e0,-0.00019938912098680462,0.0023069345818306423,cpd00030_e0,import
S635C749_Collinsella_unk_sp,ERR1620330_sub,1e-06,EX_cpd00001_e0,-0.30661506888981804,0.0023069345818306423,cpd00001_e0,import
S635C749_Collinsella_unk_sp,ERR1620330_sub,1e-06,EX_cpd00311_e0,-0.0025428188262892446,0.0023069345818306423,cpd00311_e0,import
S635C749_Collinsella_unk_sp,ERR1620330_sub,1e-06,EX_cpd00009_e0,-0.036108313750340335,0.0023069345818306423,cpd00009_e0,import
S635C749_Collinsella_unk_sp,ERR1620330_sub,1e-06,EX_cpd00239_e0,-0.002230209688930978,0.0023069345818306423,cpd00239_e0,import
S635C749_Collinsella_unk_sp,ERR1620330_sub,1e-06,EX_cpd00035_e0,0.019982371877715815,0.0023069345818306423,cpd00035_e0,export
S635C749_Collinsella_unk_sp,ERR1620330_sub,1e-06,EX_cpd00092_e0,-0.002305883152415332,0.0023069345818306423,cpd00092_e0,import
S635C749_Collinsella_unk_sp,ERR1620330_sub,1e-06,EX_cpd00254_e0,-0.00019938912098680462,0.0023069345818306423,cpd00254_e0,import
S635C749_Collinsella_unk_sp,ERR1620330_sub,1e-06,EX_cpd01217_e0,-0.003717862338590373,0.0023069345818306423,cpd01217_e0,import
S635C749_Collinsella_unk_sp,ERR1620330_sub,1e-06,EX_cpd00082_e0,-0.3542775699482307,0.0023069345818306423,cpd00082_e0,import
S69C642_Dorea_A_longicatena_B,ERR1620330_sub,1e-06,EX_cpd00003_e0,-0.0005819921864264055,0.005704261454375301,cpd00003_e0,import
S69C642_Dorea_A_longicatena_B,ERR1620330_sub,1e-06,EX_cpd00149_e0,-0.000821845758131938,0.005704261454375301,cpd00149_e0,import
S69C642_Dorea_A_longicatena_B,ERR1620330_sub,1e-06,EX_cpd00053_e0,-0.03470751607677934,0.005704261454375301,cpd00053_e0,import
S69C642_Dorea_A_longicatena_B,ERR1620330_sub,1e-06,EX_cpd00064_e0,0.6265536168592731,0.005704261454375301,cpd00064_e0,export
S69C642_Dorea_A_longicatena_B,ERR1620330_sub,1e-06,EX_cpd00033_e0,-0.13638366939338278,0.005704261454375301,cpd00033_e0,import
S69C642_Dorea_A_longicatena_B,ERR1620330_sub,1e-06,EX_cpd00309_e0,1.3287880309948858,0.005704261454375301,cpd00309_e0,export
S69C642_Dorea_A_longicatena_B,ERR1620330_sub,1e-06,EX_cpd00023_e0,-0.03899466634167442,0.005704261454375301,cpd00023_e0,import
S69C642_Dorea_A_longicatena_B,ERR1620330_sub,1e-06,EX_cpd10516_e0,-0.000821845758131938,0.005704261454375301,cpd10516_e0,import
S69C642_Dorea_A_longicatena_B,ERR1620330_sub,1e-06,EX_cpd00028_e0,-0.0005819921864269313,0.005704261454375301,cpd00028_e0,import
S69C642_Dorea_A_longicatena_B,ERR1620330_sub,1e-06,EX_cpd00058_e0,-0.000821845758131938,0.005704261454375301,cpd00058_e0,import
S69C642_Dorea_A_longicatena_B,ERR1620330_sub,1e-06,EX_cpd00322_e0,-0.044895585094466214,0.005704261454375301,cpd00322_e0,import
S69C642_Dorea_A_longicatena_B,ERR1620330_sub,1e-06,EX_cpd00011_e0,1.0036133522842487,0.005704261454375301,cpd00011_e0,export
S69C642_Dorea_A_longicatena_B,ERR1620330_sub,1e-06,EX_cpd00305_e0,-0.0005819921864269313,0.005704261454375301,cpd00305_e0,import
S69C642_Dorea_A_longicatena_B,ERR1620330_sub,1e-06,EX_cpd00034_e0,-0.000821845758131938,0.005704261454375301,cpd00034_e0,import
S69C642_Dorea_A_longicatena_B,ERR1620330_sub,1e-06,EX_cpd00122_e0,-0.023452545589722925,0.005704261454375301,cpd00122_e0,import
S69C642_Dorea_A_longicatena_B,ERR1620330_sub,1e-06,EX_cpd00027_e0,-0.03645804814402383,0.005704261454375301,cpd00027_e0,import
S69C642_Dorea_A_longicatena_B,ERR1620330_sub,1e-06,EX_cpd00051_e0,-0.6740575983516793,0.005704261454375301,cpd00051_e0,import
S69C642_Dorea_A_longicatena_B,ERR1620330_sub,1e-06,EX_cpd00099_e0,-0.000821845758131938,0.005704261454375301,cpd00099_e0,import
S69C642_Dorea_A_longicatena_B,ERR1620330_sub,1e-06,EX_cpd00205_e0,-0.000821845758131938,0.005704261454375301,cpd00205_e0,import
S69C642_Dorea_A_longicatena_B,ERR1620330_sub,1e-06,EX_cpd00132_e0,-0.019393154863905117,0.005704261454375301,cpd00132_e0,import
S69C642_Dorea_A_longicatena_B,ERR1620330_sub,1e-06,EX_cpd00220_e0,-0.0011639843728538627,0.005704261454375301,cpd00220_e0,import
S69C642_Dorea_A_longicatena_B,ERR1620330_sub,1e-06,EX_cpd00048_e0,-0.000821845758131938,0.005704261454375301,cpd00048_e0,import
S69C642_Dorea_A_longicatena_B,ERR1620330_sub,1e-06,EX_cpd00067_e0,1.3516140611958427,0.005704261454375301,cpd00067_e0,export
S69C642_Dorea_A_longicatena_B,ERR1620330_sub,1e-06,EX_cpd00119_e0,-0.01071445020105256,0.005704261454375301,cpd00119_e0,import
S69C642_Dorea_A_longicatena_B,ERR1620330_sub,1e-06,EX_cpd00069_e0,-0.01451808002242617,0.005704261454375301,cpd00069_e0,import
S69C642_Dorea_A_longicatena_B,ERR1620330_sub,1e-06,EX_cpd00063_e0,-0.000821845758131938,0.005704261454375301,cpd00063_e0,import
S69C642_Dorea_A_longicatena_B,ERR1620330_sub,1e-06,EX_cpd10515_e0,-0.0014038379445588693,0.005704261454375301,cpd10515_e0,import
S69C642_Dorea_A_longicatena_B,ERR1620330_sub,1e-06,EX_cpd00054_e0,-0.03521338745169785,0.005704261454375301,cpd00054_e0,import
S69C642_Dorea_A_longicatena_B,ERR1620330_sub,1e-06,EX_cpd00029_e0,1.4929488807464004,0.005704261454375301,cpd00029_e0,export
S69C642_Dorea_A_longicatena_B,ERR1620330_sub,1e-06,EX_cpd00060_e0,-0.013675529155603982,0.005704261454375301,cpd00060_e0,import
S69C642_Dorea_A_longicatena_B,ERR1620330_sub,1e-06,EX_cpd00107_e0,-0.054967168283455665,0.005704261454375301,cpd00107_e0,import
S69C642_Dorea_A_longicatena_B,ERR1620330_sub,1e-06,EX_cpd00065_e0,-0.00712510938369995,0.005704261454375301,cpd00065_e0,import
S69C642_Dorea_A_longicatena_B,ERR1620330_sub,1e-06,EX_cpd00017_e0,-0.001745976559280794,0.005704261454375301,cpd00017_e0,import
S69C642_Dorea_A_longicatena_B,ERR1620330_sub,1e-06,EX_cpd00644_e0,-0.0011639843728538223,0.005704261454375301,cpd00644_e0,import
S69C642_Dorea_A_longicatena_B,ERR1620330_sub,1e-06,EX_cpd00084_e0,-0.009192519449012287,0.005704261454375301,cpd00084_e0,import
S69C642_Dorea_A_longicatena_B,ERR1620330_sub,1e-06,EX_cpd00100_e0,0.0029370974069025833,0.005704261454375301,cpd00100_e0,export
S69C642_Dorea_A_longicatena_B,ERR1620330_sub,1e-06,EX_cpd00161_e0,-0.024428946458399846,0.005704261454375301,cpd00161_e0,import
S69C642_Dorea_A_longicatena_B,ERR1620330_sub,1e-06,EX_cpd00182_e0,-0.0081524782429408,0.005704261454375301,cpd00182_e0,import
S69C642_Dorea_A_longicatena_B,ERR1620330_sub,1e-06,EX_cpd00393_e0,-0.0017459765592807933,0.005704261454375301,cpd00393_e0,import
S69C642_Dorea_A_longicatena_B,ERR1620330_sub,1e-06,EX_cpd00039_e0,-0.042322078294157614,0.005704261454375301,cpd00039_e0,import
S69C642_Dorea_A_longicatena_B,ERR1620330_sub,1e-06,EX_cpd00030_e0,-0.000821845758131938,0.005704261454375301,cpd00030_e0,import
S69C642_Dorea_A_longicatena_B,ERR1620330_sub,1e-06,EX_cpd00311_e0,-0.010481037559828304,0.005704261454375301,cpd00311_e0,import
S69C642_Dorea_A_longicatena_B,ERR1620330_sub,1e-06,EX_cpd00009_e0,-0.1482499217221597,0.005704261454375301,cpd00009_e0,import
S69C642_Dorea_A_longicatena_B,ERR1620330_sub,1e-06,EX_cpd00006_e0,-0.0005819921864269606,0.005704261454375301,cpd00006_e0,import
S69C642_Dorea_A_longicatena_B,ERR1620330_sub,1e-06,EX_cpd00035_e0,1.274323178457409,0.005704261454375301,cpd00035_e0,export
S69C642_Dorea_A_longicatena_B,ERR1620330_sub,1e-06,EX_cpd00092_e0,-0.014160369218590069,0.005704261454375301,cpd00092_e0,import
S69C642_Dorea_A_longicatena_B,ERR1620330_sub,1e-06,EX_cpd00254_e0,-0.000821845758131938,0.005704261454375301,cpd00254_e0,import
S69C642_Dorea_A_longicatena_B,ERR1620330_sub,1e-06,EX_cpd01217_e0,-1.3287880309948858,0.005704261454375301,cpd01217_e0,import
S69C642_Dorea_A_longicatena_B,ERR1620330_sub,1e-06,EX_cpd00082_e0,-0.30420453238375006,0.005704261454375301,cpd00082_e0,import
S744C50_Roseburia_sp900552665,ERR1620330_sub,1e-06,EX_cpd00149_e0,-0.0013197512114938464,0.009442685402476654,cpd00149_e0,import
S744C50_Roseburia_sp900552665,ERR1620330_sub,1e-06,EX_cpd00130_e0,-0.0018691704264865994,0.009442685402476654,cpd00130_e0,import
S744C50_Roseburia_sp900552665,ERR1620330_sub,1e-06,EX_cpd00064_e0,1.435187259294679,0.009442685402476654,cpd00064_e0,export
S744C50_Roseburia_sp900552665,ERR1620330_sub,1e-06,EX_cpd00033_e0,-0.08990127668447155,0.009442685402476654,cpd00033_e0,import
S744C50_Roseburia_sp900552665,ERR1620330_sub,1e-06,EX_cpd00129_e0,-0.033809145681606007,0.009442685402476654,cpd00129_e0,import
S744C50_Roseburia_sp900552665,ERR1620330_sub,1e-06,EX_cpd00309_e0,0.600939971302052,0.009442685402476654,cpd00309_e0,export
S744C50_Roseburia_sp900552665,ERR1620330_sub,1e-06,EX_cpd10516_e0,-0.0013197512114938464,0.009442685402476654,cpd10516_e0,import
S744C50_Roseburia_sp900552665,ERR1620330_sub,1e-06,EX_cpd00028_e0,-0.0009345852132433684,0.009442685402476654,cpd00028_e0,import
S744C50_Roseburia_sp900552665,ERR1620330_sub,1e-06,EX_cpd00024_e0,-0.116484600428993,0.009442685402476654,cpd00024_e0,import
S744C50_Roseburia_sp900552665,ERR1620330_sub,1e-06,EX_cpd00058_e0,-0.0013197512114938464,0.009442685402476654,cpd00058_e0,import
S744C50_Roseburia_sp900552665,ERR1620330_sub,1e-06,EX_cpd00363_e0,0.47475222663902755,0.009442685402476654,cpd00363_e0,export
S744C50_Roseburia_sp900552665,ERR1620330_sub,1e-06,EX_cpd00011_e0,2.2735029699069425,0.009442685402476654,cpd00011_e0,export
S744C50_Roseburia_sp900552665,ERR1620330_sub,1e-06,EX_cpd00305_e0,-0.0009345852132433552,0.009442685402476654,cpd00305_e0,import
S744C50_Roseburia_sp900552665,ERR1620330_sub,1e-06,EX_cpd00034_e0,-0.0013197512114938464,0.009442685402476654,cpd00034_e0,import
S744C50_Roseburia_sp900552665,ERR1620330_sub,1e-06,EX_cpd00122_e0,-0.03766099070098575,0.009442685402476654,cpd00122_e0,import
S744C50_Roseburia_sp900552665,ERR1620330_sub,1e-06,EX_cpd00051_e0,-1.4776618158832984,0.009442685402476654,cpd00051_e0,import
S744C50_Roseburia_sp900552665,ERR1620330_sub,1e-06,EX_cpd00099_e0,-0.0013197512114938464,0.009442685402476654,cpd00099_e0,import
S744C50_Roseburia_sp900552665,ERR1620330_sub,1e-06,EX_cpd00205_e0,-0.0013197512114938464,0.009442685402476654,cpd00205_e0,import
S744C50_Roseburia_sp900552665,ERR1620330_sub,1e-06,EX_cpd00132_e0,-0.031142266505703266,0.009442685402476654,cpd00132_e0,import
S744C50_Roseburia_sp900552665,ERR1620330_sub,1e-06,EX_cpd00220_e0,-0.0018691704264867368,0.009442685402476654,cpd00220_e0,import
S744C50_Roseburia_sp900552665,ERR1620330_sub,1e-06,EX_cpd00794_e0,-0.7614641872359549,0.009442685402476654,cpd00794_e0,import
S744C50_Roseburia_sp900552665,ERR1620330_sub,1e-06,EX_cpd00048_e0,-0.0013197512114938442,0.009442685402476654,cpd00048_e0,import
S744C50_Roseburia_sp900552665,ERR1620330_sub,1e-06,EX_cpd00119_e0,-0.017205672102598504,0.009442685402476654,cpd00119_e0,import
S744C50_Roseburia_sp900552665,ERR1620330_sub,1e-06,EX_cpd00069_e0,-0.023313685699020894,0.009442685402476654,cpd00069_e0,import
S744C50_Roseburia_sp900552665,ERR1620330_sub,1e-06,EX_cpd00063_e0,-0.0013197512114938464,0.009442685402476654,cpd00063_e0,import
S744C50_Roseburia_sp900552665,ERR1620330_sub,1e-06,EX_cpd10515_e0,-0.002254336424737215,0.009442685402476654,cpd10515_e0,import
S744C50_Roseburia_sp900552665,ERR1620330_sub,1e-06,EX_cpd00054_e0,-0.06943952570027098,0.009442685402476654,cpd00054_e0,import
S744C50_Roseburia_sp900552665,ERR1620330_sub,1e-06,EX_cpd00029_e0,0.4533584407836478,0.009442685402476654,cpd00029_e0,export
S744C50_Roseburia_sp900552665,ERR1620330_sub,1e-06,EX_cpd00060_e0,-0.023829855862099004,0.009442685402476654,cpd00060_e0,import
S744C50_Roseburia_sp900552665,ERR1620330_sub,1e-06,EX_cpd00107_e0,-0.08826837179201064,0.009442685402476654,cpd00107_e0,import
S744C50_Roseburia_sp900552665,ERR1620330_sub,1e-06,EX_cpd00065_e0,-0.011441771948228001,0.009442685402476654,cpd00065_e0,import
S744C50_Roseburia_sp900552665,ERR1620330_sub,1e-06,EX_cpd00017_e0,-0.0028037556397301055,0.009442685402476654,cpd00017_e0,import
S744C50_Roseburia_sp900552665,ERR1620330_sub,1e-06,EX_cpd00644_e0,-0.0018691704264867156,0.009442685402476654,cpd00644_e0,import
S744C50_Roseburia_sp900552665,ERR1620330_sub,1e-06,EX_cpd00277_e0,-0.6114545653998529,0.009442685402476654,cpd00277_e0,import
S744C50_Roseburia_sp900552665,ERR1620330_sub,1e-06,EX_cpd00161_e0,-0.10945480198300582,0.009442685402476654,cpd00161_e0,import
S744C50_Roseburia_sp900552665,ERR1620330_sub,1e-06,EX_cpd00182_e0,-0.014960730407587386,0.009442685402476654,cpd00182_e0,import
S744C50_Roseburia_sp900552665,ERR1620330_sub,1e-06,EX_cpd00393_e0,-0.0028037556397301055,0.009442685402476654,cpd00393_e0,import
S744C50_Roseburia_sp900552665,ERR1620330_sub,1e-06,EX_cpd00039_e0,-0.06796240480526408,0.009442685402476654,cpd00039_e0,import
S744C50_Roseburia_sp900552665,ERR1620330_sub,1e-06,EX_cpd00030_e0,-0.0013197512114938464,0.009442685402476654,cpd00030_e0,import
S744C50_Roseburia_sp900552665,ERR1620330_sub,1e-06,EX_cpd00009_e0,-0.24273829521943135,0.009442685402476654,cpd00009_e0,import
S744C50_Roseburia_sp900552665,ERR1620330_sub,1e-06,EX_cpd00076_e0,-0.4464932394027067,0.009442685402476654,cpd00076_e0,import
S744C50_Roseburia_sp900552665,ERR1620330_sub,1e-06,EX_cpd00239_e0,-0.012892527324549314,0.009442685402476654,cpd00239_e0,import
S744C50_Roseburia_sp900552665,ERR1620330_sub,1e-06,EX_cpd00035_e0,3.088835423993457,0.009442685402476654,cpd00035_e0,export
S744C50_Roseburia_sp900552665,ERR1620330_sub,1e-06,EX_cpd00092_e0,-0.022739260069812625,0.009442685402476654,cpd00092_e0,import
S744C50_Roseburia_sp900552665,ERR1620330_sub,1e-06,EX_cpd00254_e0,-0.0013197512114938464,0.009442685402476654,cpd00254_e0,import
S744C50_Roseburia_sp900552665,ERR1620330_sub,1e-06,EX_cpd01217_e0,-0.006316255097961802,0.009442685402476654,cpd01217_e0,import
S744C50_Roseburia_sp900552665,ERR1620330_sub,1e-06,EX_cpd00082_e0,0.4464932394027067,0.009442685402476654,cpd00082_e0,export
S74C75_Phascolarctobacterium_faecium,ERR1620330_sub,1e-06,EX_cpd00003_e0,-0.0012004447188782366,0.012785660413145725,cpd00003_e0,import
S74C75_Phascolarctobacterium_faecium,ERR1620330_sub,1e-06,EX_cpd00149_e0,-0.0011093444821064858,0.012785660413145725,cpd00149_e0,import
S74C75_Phascolarctobacterium_faecium,ERR1620330_sub,1e-06,EX_cpd00064_e0,-0.0012004447188781087,0.012785660413145725,cpd00064_e0,import
S74C75_Phascolarctobacterium_faecium,ERR1620330_sub,1e-06,EX_cpd11640_e0,3.623167127938413,0.012785660413145725,cpd11640_e0,export
S74C75_Phascolarctobacterium_faecium,ERR1620330_sub,1e-06,EX_cpd00010_e0,-0.001200444718878993,0.012785660413145725,cpd00010_e0,import
S74C75_Phascolarctobacterium_faecium,ERR1620330_sub,1e-06,EX_cpd00106_e0,0.025766326445782962,0.012785660413145725,cpd00106_e0,export
S74C75_Phascolarctobacterium_faecium,ERR1620330_sub,1e-06,EX_cpd00012_e0,-0.0735018826132914,0.012785660413145725,cpd00012_e0,import
S74C75_Phascolarctobacterium_faecium,ERR1620330_sub,1e-06,EX_cpd00033_e0,-0.08108938284735531,0.012785660413145725,cpd00033_e0,import
S74C75_Phascolarctobacterium_faecium,ERR1620330_sub,1e-06,EX_cpd00129_e0,-0.03191301223848875,0.012785660413145725,cpd00129_e0,import
S74C75_Phascolarctobacterium_faecium,ERR1620330_sub,1e-06,EX_cpd00309_e0,0.3785283996674023,0.012785660413145725,cpd00309_e0,export
S74C75_Phascolarctobacterium_faecium,ERR1620330_sub,1e-06,EX_cpd00367_e0,-0.0475883067015517,0.012785660413145725,cpd00367_e0,import
S74C75_Phascolarctobacterium_faecium,ERR1620330_sub,1e-06,EX_cpd10516_e0,-0.0011093444821064858,0.012785660413145725,cpd10516_e0,import
S74C75_Phascolarctobacterium_faecium,ERR1620330_sub,1e-06,EX_cpd00028_e0,-0.0006002223594390543,0.012785660413145725,cpd00028_e0,import
S74C75_Phascolarctobacterium_faecium,ERR1620330_sub,1e-06,EX_cpd00024_e0,-3.1934820553937038,0.012785660413145725,cpd00024_e0,import
S74C75_Phascolarctobacterium_faecium,ERR1620330_sub,1e-06,EX_cpd01981_e0,0.0006002223594390543,0.012785660413145725,cpd01981_e0,export
S74C75_Phascolarctobacterium_faecium,ERR1620330_sub,1e-06,EX_cpd00058_e0,-0.0011093444821064858,0.012785660413145725,cpd00058_e0,import
S74C75_Phascolarctobacterium_faecium,ERR1620330_sub,1e-06,EX_cpd00036_e0,3.1081974380539137,0.012785660413145725,cpd00036_e0,export
S74C75_Phascolarctobacterium_faecium,ERR1620330_sub,1e-06,EX_cpd00363_e0,0.35136117212566986,0.012785660413145725,cpd00363_e0,export
S74C75_Phascolarctobacterium_faecium,ERR1620330_sub,1e-06,EX_cpd00322_e0,-0.041942816084870965,0.012785660413145725,cpd00322_e0,import
S74C75_Phascolarctobacterium_faecium,ERR1620330_sub,1e-06,EX_cpd00011_e0,4.0305743888055,0.012785660413145725,cpd00011_e0,export
S74C75_Phascolarctobacterium_faecium,ERR1620330_sub,1e-06,EX_cpd00034_e0,-0.0011093444821064858,0.012785660413145725,cpd00034_e0,import
S74C75_Phascolarctobacterium_faecium,ERR1620330_sub,1e-06,EX_cpd00051_e0,-0.04270264970959684,0.012785660413145725,cpd00051_e0,import
S74C75_Phascolarctobacterium_faecium,ERR1620330_sub,1e-06,EX_cpd00099_e0,-0.0011093444821064858,0.012785660413145725,cpd00099_e0,import
S74C75_Phascolarctobacterium_faecium,ERR1620330_sub,1e-06,EX_cpd00205_e0,-0.0011093444821064858,0.012785660413145725,cpd00205_e0,import
S74C75_Phascolarctobacterium_faecium,ERR1620330_sub,1e-06,EX_cpd00204_e0,0.0006002223594390543,0.012785660413145725,cpd00204_e0,export
S74C75_Phascolarctobacterium_faecium,ERR1620330_sub,1e-06,EX_cpd00132_e0,-0.03480038001244724,0.012785660413145725,cpd00132_e0,import
S74C75_Phascolarctobacterium_faecium,ERR1620330_sub,1e-06,EX_cpd00220_e0,-0.0012004447188781085,0.012785660413145725,cpd00220_e0,import
S74C75_Phascolarctobacterium_faecium,ERR1620330_sub,1e-06,EX_cpd00048_e0,-0.0011093444821064858,0.012785660413145725,cpd00048_e0,import
S74C75_Phascolarctobacterium_faecium,ERR1620330_sub,1e-06,EX_cpd00067_e0,0.2769074798492619,0.012785660413145725,cpd00067_e0,export
S74C75_Phascolarctobacterium_faecium,ERR1620330_sub,1e-06,EX_cpd00119_e0,-0.013677005245066631,0.012785660413145725,cpd00119_e0,import
S74C75_Phascolarctobacterium_faecium,ERR1620330_sub,1e-06,EX_cpd00069_e0,-0.02050786332725831,0.012785660413145725,cpd00069_e0,import
S74C75_Phascolarctobacterium_faecium,ERR1620330_sub,1e-06,EX_cpd00063_e0,-0.0011093444821064858,0.012785660413145725,cpd00063_e0,import
S74C75_Phascolarctobacterium_faecium,ERR1620330_sub,1e-06,EX_cpd10515_e0,-0.00170956684154554,0.012785660413145725,cpd10515_e0,import
S74C75_Phascolarctobacterium_faecium,ERR1620330_sub,1e-06,EX_cpd00054_e0,-0.0426552404198129,0.012785660413145725,cpd00054_e0,import
S74C75_Phascolarctobacterium_faecium,ERR1620330_sub,1e-06,EX_cpd00029_e0,0.4951056890869423,0.012785660413145725,cpd00029_e0,export
S74C75_Phascolarctobacterium_faecium,ERR1620330_sub,1e-06,EX_cpd00060_e0,-0.019786252404240666,0.012785660413145725,cpd00060_e0,import
S74C75_Phascolarctobacterium_faecium,ERR1620330_sub,1e-06,EX_cpd00107_e0,-0.07770051319586395,0.012785660413145725,cpd00107_e0,import
S74C75_Phascolarctobacterium_faecium,ERR1620330_sub,1e-06,EX_cpd00065_e0,-0.00820620314703995,0.012785660413145725,cpd00065_e0,import
S74C75_Phascolarctobacterium_faecium,ERR1620330_sub,1e-06,EX_cpd00211_e0,-0.012591519323569687,0.012785660413145725,cpd00211_e0,import
S74C75_Phascolarctobacterium_faecium,ERR1620330_sub,1e-06,EX_cpd00017_e0,-0.003601334156634326,0.012785660413145725,cpd00017_e0,import
S74C75_Phascolarctobacterium_faecium,ERR1620330_sub,1e-06,EX_cpd00277_e0,-0.35391464432089964,0.012785660413145725,cpd00277_e0,import
S74C75_Phascolarctobacterium_faecium,ERR1620330_sub,1e-06,EX_cpd00084_e0,-0.014421549789109164,0.012785660413145725,cpd00084_e0,import
S74C75_Phascolarctobacterium_faecium,ERR1620330_sub,1e-06,EX_cpd00161_e0,-0.04928273563111455,0.012785660413145725,cpd00161_e0,import
S74C75_Phascolarctobacterium_faecium,ERR1620330_sub,1e-06,EX_cpd00182_e0,-0.0007528051169125912,0.012785660413145725,cpd00182_e0,import
S74C75_Phascolarctobacterium_faecium,ERR1620330_sub,1e-06,EX_cpd00039_e0,-0.04954115233213021,0.012785660413145725,cpd00039_e0,import
S74C75_Phascolarctobacterium_faecium,ERR1620330_sub,1e-06,EX_cpd00030_e0,-0.0011093444821064858,0.012785660413145725,cpd00030_e0,import
S74C75_Phascolarctobacterium_faecium,ERR1620330_sub,1e-06,EX_cpd00001_e0,-2.231815464358861,0.012785660413145725,cpd00001_e0,import
S74C75_Phascolarctobacterium_faecium,ERR1620330_sub,1e-06,EX_cpd00254_e0,-0.0011093444821064858,0.012785660413145725,cpd00254_e0,import
S74C75_Phascolarctobacterium_faecium,ERR1620330_sub,1e-06,EX_cpd01217_e0,-0.08698607841332717,0.012785660413145725,cpd01217_e0,import
S74C75_Phascolarctobacterium_faecium,ERR1620330_sub,1e-06,EX_cpd00082_e0,-0.47943614339619023,0.012785660413145725,cpd00082_e0,import
S78C26_Lachnospira_sp000437735,ERR1620330_sub,1e-06,EX_cpd00003_e0,-0.0008957748582676395,0.003144803201525968,cpd00003_e0,import
S78C26_Lachnospira_sp000437735,ERR1620330_sub,1e-06,EX_cpd00149_e0,-0.0006324730680906821,0.003144803201525968,cpd00149_e0,import
S78C26_Lachnospira_sp000437735,ERR1620330_sub,1e-06,EX_cpd00053_e0,-0.04475860863012521,0.003144803201525968,cpd00053_e0,import
S78C26_Lachnospira_sp000437735,ERR1620330_sub,1e-06,EX_cpd00064_e0,0.4526408571681051,0.003144803201525968,cpd00064_e0,export
S78C26_Lachnospira_sp000437735,ERR1620330_sub,1e-06,EX_cpd00033_e0,-0.039500881695112094,0.003144803201525968,cpd00033_e0,import
S78C26_Lachnospira_sp000437735,ERR1620330_sub,1e-06,EX_cpd00129_e0,-0.016202579632085372,0.003144803201525968,cpd00129_e0,import
S78C26_Lachnospira_sp000437735,ERR1620330_sub,1e-06,EX_cpd00309_e0,0.9259794538575574,0.003144803201525968,cpd00309_e0,export
S78C26_Lachnospira_sp000437735,ERR1620330_sub,1e-06,EX_cpd00023_e0,-0.011960848735127892,0.003144803201525968,cpd00023_e0,import
S78C26_Lachnospira_sp000437735,ERR1620330_sub,1e-06,EX_cpd00367_e0,-0.14823934653145354,0.003144803201525968,cpd00367_e0,import
S78C26_Lachnospira_sp000437735,ERR1620330_sub,1e-06,EX_cpd10516_e0,-0.0006324730680906821,0.003144803201525968,cpd10516_e0,import
S78C26_Lachnospira_sp000437735,ERR1620330_sub,1e-06,EX_cpd00028_e0,-0.0004478874291338158,0.003144803201525968,cpd00028_e0,import
S78C26_Lachnospira_sp000437735,ERR1620330_sub,1e-06,EX_cpd01981_e0,0.0004478874291338158,0.003144803201525968,cpd01981_e0,export
S78C26_Lachnospira_sp000437735,ERR1620330_sub,1e-06,EX_cpd00058_e0,-0.0006324730680906821,0.003144803201525968,cpd00058_e0,import
S78C26_Lachnospira_sp000437735,ERR1620330_sub,1e-06,EX_cpd00011_e0,0.8463318370993107,0.003144803201525968,cpd00011_e0,export
S78C26_Lachnospira_sp000437735,ERR1620330_sub,1e-06,EX_cpd00305_e0,-0.0004478874291338158,0.003144803201525968,cpd00305_e0,import
S78C26_Lachnospira_sp000437735,ERR1620330_sub,1e-06,EX_cpd00034_e0,-0.0006324730680906821,0.003144803201525968,cpd00034_e0,import
S78C26_Lachnospira_sp000437735,ERR1620330_sub,1e-06,EX_cpd00051_e0,-0.4729962187600733,0.003144803201525968,cpd00051_e0,import
S78C26_Lachnospira_sp000437735,ERR1620330_sub,1e-06,EX_cpd23431_e0,-0.07612687369898374,0.003144803201525968,cpd23431_e0,import
S78C26_Lachnospira_sp000437735,ERR1620330_sub,1e-06,EX_cpd00099_e0,-0.0006324730680906821,0.003144803201525968,cpd00099_e0,import
S78C26_Lachnospira_sp000437735,ERR1620330_sub,1e-06,EX_cpd00205_e0,-0.0006324730680906821,0.003144803201525968,cpd00205_e0,import
S78C26_Lachnospira_sp000437735,ERR1620330_sub,1e-06,EX_cpd00132_e0,-0.014924513554236407,0.003144803201525968,cpd00132_e0,import
S78C26_Lachnospira_sp000437735,ERR1620330_sub,1e-06,EX_cpd00526_e0,0.07612687369898374,0.003144803201525968,cpd00526_e0,export
S78C26_Lachnospira_sp000437735,ERR1620330_sub,1e-06,EX_cpd00220_e0,-0.0008957748582676316,0.003144803201525968,cpd00220_e0,import
S78C26_Lachnospira_sp000437735,ERR1620330_sub,1e-06,EX_cpd00048_e0,-0.0006324730680906821,0.003144803201525968,cpd00048_e0,import
S78C26_Lachnospira_sp000437735,ERR1620330_sub,1e-06,EX_cpd00067_e0,0.9716153121789847,0.003144803201525968,cpd00067_e0,export
S78C26_Lachnospira_sp000437735,ERR1620330_sub,1e-06,EX_cpd00119_e0,-0.008245587599025645,0.003144803201525968,cpd00119_e0,import
S78C26_Lachnospira_sp000437735,ERR1620330_sub,1e-06,EX_cpd00069_e0,-0.011172771196679712,0.003144803201525968,cpd00069_e0,import
S78C26_Lachnospira_sp000437735,ERR1620330_sub,1e-06,EX_cpd00063_e0,-0.0006324730680906821,0.003144803201525968,cpd00063_e0,import
S78C26_Lachnospira_sp000437735,ERR1620330_sub,1e-06,EX_cpd10515_e0,-0.001080360497224498,0.003144803201525968,cpd10515_e0,import
S78C26_Lachnospira_sp000437735,ERR1620330_sub,1e-06,EX_cpd00054_e0,-0.03327796139448135,0.003144803201525968,cpd00054_e0,import
S78C26_Lachnospira_sp000437735,ERR1620330_sub,1e-06,EX_cpd00029_e0,1.084267986648602,0.003144803201525968,cpd00029_e0,export
S78C26_Lachnospira_sp000437735,ERR1620330_sub,1e-06,EX_cpd00060_e0,-0.011420138824650558,0.003144803201525968,cpd00060_e0,import
S78C26_Lachnospira_sp000437735,ERR1620330_sub,1e-06,EX_cpd00065_e0,-0.005483315753352053,0.003144803201525968,cpd00065_e0,import
S78C26_Lachnospira_sp000437735,ERR1620330_sub,1e-06,EX_cpd00017_e0,-0.0017915497165352631,0.003144803201525968,cpd00017_e0,import
S78C26_Lachnospira_sp000437735,ERR1620330_sub,1e-06,EX_cpd00644_e0,-0.0008957748582676672,0.003144803201525968,cpd00644_e0,import
S78C26_Lachnospira_sp000437735,ERR1620330_sub,1e-06,EX_cpd00100_e0,0.002260320735179412,0.003144803201525968,cpd00100_e0,export
S78C26_Lachnospira_sp000437735,ERR1620330_sub,1e-06,EX_cpd00161_e0,-0.052454745882817136,0.003144803201525968,cpd00161_e0,import
S78C26_Lachnospira_sp000437735,ERR1620330_sub,1e-06,EX_cpd00182_e0,-0.00582606711262168,0.003144803201525968,cpd00182_e0,import
S78C26_Lachnospira_sp000437735,ERR1620330_sub,1e-06,EX_cpd00393_e0,-0.0013436622874014475,0.003144803201525968,cpd00393_e0,import
S78C26_Lachnospira_sp000437735,ERR1620330_sub,1e-06,EX_cpd00039_e0,-0.0325700710161513,0.003144803201525968,cpd00039_e0,import
S78C26_Lachnospira_sp000437735,ERR1620330_sub,1e-06,EX_cpd00030_e0,-0.0006324730680906821,0.003144803201525968,cpd00030_e0,import
S78C26_Lachnospira_sp000437735,ERR1620330_sub,1e-06,EX_cpd00311_e0,-0.008065958747911522,0.003144803201525968,cpd00311_e0,import
S78C26_Lachnospira_sp000437735,ERR1620330_sub,1e-06,EX_cpd00009_e0,-0.11453752275065959,0.003144803201525968,cpd00009_e0,import
S78C26_Lachnospira_sp000437735,ERR1620330_sub,1e-06,EX_cpd00239_e0,-0.006178570810456678,0.003144803201525968,cpd00239_e0,import
S78C26_Lachnospira_sp000437735,ERR1620330_sub,1e-06,EX_cpd00035_e0,0.9130345244004965,0.003144803201525968,cpd00035_e0,export
S78C26_Lachnospira_sp000437735,ERR1620330_sub,1e-06,EX_cpd00092_e0,0.13734186111358668,0.003144803201525968,cpd00092_e0,export
S78C26_Lachnospira_sp000437735,ERR1620330_sub,1e-06,EX_cpd00254_e0,-0.0006324730680906821,0.003144803201525968,cpd00254_e0,import
S78C26_Lachnospira_sp000437735,ERR1620330_sub,1e-06,EX_cpd01217_e0,-0.9259794538575574,0.003144803201525968,cpd01217_e0,import
S78C26_Lachnospira_sp000437735,ERR1620330_sub,1e-06,EX_cpd00082_e0,-0.28379749328382914,0.003144803201525968,cpd00082_e0,import
S801C789_Blautia_A_sp003471165,ERR1620330_sub,1e-06,EX_cpd00003_e0,0.0332314212606839,0.12614150093449422,cpd00003_e0,export
S801C789_Blautia_A_sp003471165,ERR1620330_sub,1e-06,EX_cpd00149_e0,-0.010902822229106875,0.12614150093449422,cpd00149_e0,import
S801C789_Blautia_A_sp003471165,ERR1620330_sub,1e-06,EX_cpd00013_e0,-2.5522583661023415,0.12614150093449422,cpd00013_e0,import
S801C789_Blautia_A_sp003471165,ERR1620330_sub,1e-06,EX_cpd00053_e0,-1.001082329823886,0.12614150093449422,cpd00053_e0,import
S801C789_Blautia_A_sp003471165,ERR1620330_sub,1e-06,EX_cpd00281_e0,0.00016718643079316885,0.12614150093449422,cpd00281_e0,export
S801C789_Blautia_A_sp003471165,ERR1620330_sub,1e-06,EX_cpd11640_e0,23.039629857905222,0.12614150093449422,cpd11640_e0,export
S801C789_Blautia_A_sp003471165,ERR1620330_sub,1e-06,EX_cpd00246_e0,-0.014586447034688102,0.12614150093449422,cpd00246_e0,import
S801C789_Blautia_A_sp003471165,ERR1620330_sub,1e-06,EX_cpd00138_e0,0.023550428784669612,0.12614150093449422,cpd00138_e0,export
S801C789_Blautia_A_sp003471165,ERR1620330_sub,1e-06,EX_cpd00129_e0,-0.27930651010146507,0.12614150093449422,cpd00129_e0,import
S801C789_Blautia_A_sp003471165,ERR1620330_sub,1e-06,EX_cpd00309_e0,-1.1263463162981115,0.12614150093449422,cpd00309_e0,import
S801C789_Blautia_A_sp003471165,ERR1620330_sub,1e-06,EX_cpd00367_e0,0.8322043605163892,0.12614150093449422,cpd00367_e0,export
S801C789_Blautia_A_sp003471165,ERR1620330_sub,1e-06,EX_cpd10516_e0,-0.010902822229106875,0.12614150093449422,cpd10516_e0,import
S801C789_Blautia_A_sp003471165,ERR1620330_sub,1e-06,EX_cpd00028_e0,-0.007720861590580096,0.12614150093449422,cpd00028_e0,import
S801C789_Blautia_A_sp003471165,ERR1620330_sub,1e-06,EX_cpd00058_e0,-0.010902822229106875,0.12614150093449422,cpd00058_e0,import
S801C789_Blautia_A_sp003471165,ERR1620330_sub,1e-06,EX_cpd00036_e0,0.054793584634808365,0.12614150093449422,cpd00036_e0,export
S801C789_Blautia_A_sp003471165,ERR1620330_sub,1e-06,EX_cpd00322_e0,-0.5661542747193018,0.12614150093449422,cpd00322_e0,import
S801C789_Blautia_A_sp003471165,ERR1620330_sub,1e-06,EX_cpd00011_e0,8.745913544212234,0.12614150093449422,cpd00011_e0,export
S801C789_Blautia_A_sp003471165,ERR1620330_sub,1e-06,EX_cpd00305_e0,-0.007720861590580096,0.12614150093449422,cpd00305_e0,import
S801C789_Blautia_A_sp003471165,ERR1620330_sub,1e-06,EX_cpd00034_e0,-0.010902822229106875,0.12614150093449422,cpd00034_e0,import
S801C789_Blautia_A_sp003471165,ERR1620330_sub,1e-06,EX_cpd00051_e0,-0.350893816738137,0.12614150093449422,cpd00051_e0,import
S801C789_Blautia_A_sp003471165,ERR1620330_sub,1e-06,EX_cpd00099_e0,-0.010902822229106875,0.12614150093449422,cpd00099_e0,import
S801C789_Blautia_A_sp003471165,ERR1620330_sub,1e-06,EX_cpd00205_e0,-0.010902822229106875,0.12614150093449422,cpd00205_e0,import
S801C789_Blautia_A_sp003471165,ERR1620330_sub,1e-06,EX_cpd00204_e0,14.027687454285566,0.12614150093449422,cpd00204_e0,export
S801C789_Blautia_A_sp003471165,ERR1620330_sub,1e-06,EX_cpd00132_e0,-0.25727469887208754,0.12614150093449422,cpd00132_e0,import
S801C789_Blautia_A_sp003471165,ERR1620330_sub,1e-06,EX_cpd00232_e0,-0.9582917000631167,0.12614150093449422,cpd00232_e0,import
S801C789_Blautia_A_sp003471165,ERR1620330_sub,1e-06,EX_cpd00307_e0,-0.8322043605163892,0.12614150093449422,cpd00307_e0,import
S801C789_Blautia_A_sp003471165,ERR1620330_sub,1e-06,EX_cpd00220_e0,-0.015441723181160192,0.12614150093449422,cpd00220_e0,import
S801C789_Blautia_A_sp003471165,ERR1620330_sub,1e-06,EX_cpd00048_e0,-0.010902822229106768,0.12614150093449422,cpd00048_e0,import
S801C789_Blautia_A_sp003471165,ERR1620330_sub,1e-06,EX_cpd00067_e0,37.048234049875106,0.12614150093449422,cpd00067_e0,export
S801C789_Blautia_A_sp003471165,ERR1620330_sub,1e-06,EX_cpd00119_e0,-0.14214071760888827,0.12614150093449422,cpd00119_e0,import
S801C789_Blautia_A_sp003471165,ERR1620330_sub,1e-06,EX_cpd00069_e0,-0.19260067236004297,0.12614150093449422,cpd00069_e0,import
S801C789_Blautia_A_sp003471165,ERR1620330_sub,1e-06,EX_cpd00063_e0,-0.010902822229106875,0.12614150093449422,cpd00063_e0,import
S801C789_Blautia_A_sp003471165,ERR1620330_sub,1e-06,EX_cpd90003_e0,-0.4287158403085646,0.12614150093449422,cpd90003_e0,import
S801C789_Blautia_A_sp003471165,ERR1620330_sub,1e-06,EX_cpd10515_e0,-0.018623683819686973,0.12614150093449422,cpd10515_e0,import
S801C789_Blautia_A_sp003471165,ERR1620330_sub,1e-06,EX_cpd00029_e0,51.09359813939853,0.12614150093449422,cpd00029_e0,export
S801C789_Blautia_A_sp003471165,ERR1620330_sub,1e-06,EX_cpd00060_e0,-0.1968648938883109,0.12614150093449422,cpd00060_e0,import
S801C789_Blautia_A_sp003471165,ERR1620330_sub,1e-06,EX_cpd00107_e0,-0.40395446284810466,0.12614150093449422,cpd00107_e0,import
S801C789_Blautia_A_sp003471165,ERR1620330_sub,1e-06,EX_cpd00065_e0,-0.09452357720991068,0.12614150093449422,cpd00065_e0,import
S801C789_Blautia_A_sp003471165,ERR1620330_sub,1e-06,EX_cpd00017_e0,-0.02316258477174029,0.12614150093449422,cpd00017_e0,import
S801C789_Blautia_A_sp003471165,ERR1620330_sub,1e-06,EX_cpd00644_e0,-0.015441723181159883,0.12614150093449422,cpd00644_e0,import
S801C789_Blautia_A_sp003471165,ERR1620330_sub,1e-06,EX_cpd00084_e0,-0.12195038350991738,0.12614150093449422,cpd00084_e0,import
S801C789_Blautia_A_sp003471165,ERR1620330_sub,1e-06,EX_cpd00161_e0,-0.3380814916506475,0.12614150093449422,cpd00161_e0,import
S801C789_Blautia_A_sp003471165,ERR1620330_sub,1e-06,EX_cpd00182_e0,-0.10203248282204161,0.12614150093449422,cpd00182_e0,import
S801C789_Blautia_A_sp003471165,ERR1620330_sub,1e-06,EX_cpd00039_e0,-0.5614558345551086,0.12614150093449422,cpd00039_e0,import
S801C789_Blautia_A_sp003471165,ERR1620330_sub,1e-06,EX_cpd00030_e0,-0.010902822229106875,0.12614150093449422,cpd00030_e0,import
S801C789_Blautia_A_sp003471165,ERR1620330_sub,1e-06,EX_cpd00311_e0,-0.16220678882183268,0.12614150093449422,cpd00311_e0,import
S801C789_Blautia_A_sp003471165,ERR1620330_sub,1e-06,EX_cpd00009_e0,-2.071789648001893,0.12614150093449422,cpd00009_e0,import
S801C789_Blautia_A_sp003471165,ERR1620330_sub,1e-06,EX_cpd00076_e0,-5.296386819149251,0.12614150093449422,cpd00076_e0,import
S801C789_Blautia_A_sp003471165,ERR1620330_sub,1e-06,EX_cpd00239_e0,0.015441723181160192,0.12614150093449422,cpd00239_e0,export
S801C789_Blautia_A_sp003471165,ERR1620330_sub,1e-06,EX_cpd00254_e0,-0.010902822229106875,0.12614150093449422,cpd00254_e0,import
S801C789_Blautia_A_sp003471165,ERR1620330_sub,1e-06,EX_cpd00073_e0,0.015441723181160192,0.12614150093449422,cpd00073_e0,export
S801C789_Blautia_A_sp003471165,ERR1620330_sub,1e-06,EX_cpd01217_e0,1.0861391786979913,0.12614150093449422,cpd01217_e0,export
S801C789_Blautia_A_sp003471165,ERR1620330_sub,1e-06,EX_cpd00082_e0,-3.758532597100098,0.12614150093449422,cpd00082_e0,import
S880C852_Phocaeicola_plebeius_A,ERR1620330_sub,1e-06,EX_cpd00149_e0,-0.0002043513604387813,0.002362628464987112,cpd00149_e0,import
S880C852_Phocaeicola_plebeius_A,ERR1620330_sub,1e-06,EX_cpd00013_e0,0.1648240080258796,0.002362628464987112,cpd00013_e0,export
S880C852_Phocaeicola_plebeius_A,ERR1620330_sub,1e-06,EX_cpd00064_e0,-0.0001105664270166462,0.002362628464987112,cpd00064_e0,import
S880C852_Phocaeicola_plebeius_A,ERR1620330_sub,1e-06,EX_cpd00066_e0,-0.004926883323745486,0.002362628464987112,cpd00066_e0,import
S880C852_Phocaeicola_plebeius_A,ERR1620330_sub,1e-06,EX_cpd00007_e0,-0.2305291853358628,0.002362628464987112,cpd00007_e0,import
S880C852_Phocaeicola_plebeius_A,ERR1620330_sub,1e-06,EX_cpd00010_e0,-0.00022113285403328742,0.002362628464987112,cpd00010_e0,import
S880C852_Phocaeicola_plebeius_A,ERR1620330_sub,1e-06,EX_cpd28763_e0,-0.025696373178816984,0.002362628464987112,cpd28763_e0,import
S880C852_Phocaeicola_plebeius_A,ERR1620330_sub,1e-06,EX_cpd00012_e0,-0.01070028567444907,0.002362628464987112,cpd00012_e0,import
S880C852_Phocaeicola_plebeius_A,ERR1620330_sub,1e-06,EX_cpd00033_e0,-0.0175085380518415,0.002362628464987112,cpd00033_e0,import
S880C852_Phocaeicola_plebeius_A,ERR1620330_sub,1e-06,EX_cpd11606_e0,-0.0005528321350832399,0.002362628464987112,cpd11606_e0,import
S880C852_Phocaeicola_plebeius_A,ERR1620330_sub,1e-06,EX_cpd00129_e0,-0.0058786676021963195,0.002362628464987112,cpd00129_e0,import
S880C852_Phocaeicola_plebeius_A,ERR1620330_sub,1e-06,EX_cpd00309_e0,0.03584534569766801,0.002362628464987112,cpd00309_e0,export
S880C852_Phocaeicola_plebeius_A,ERR1620330_sub,1e-06,EX_cpd00023_e0,-0.16476374053502102,0.002362628464987112,cpd00023_e0,import
S880C852_Phocaeicola_plebeius_A,ERR1620330_sub,1e-06,EX_cpd00367_e0,-0.008074693958055965,0.002362628464987112,cpd00367_e0,import
S880C852_Phocaeicola_plebeius_A,ERR1620330_sub,1e-06,EX_cpd00184_e0,-0.0006915056961526023,0.002362628464987112,cpd00184_e0,import
S880C852_Phocaeicola_plebeius_A,ERR1620330_sub,1e-06,EX_cpd10516_e0,-0.0002043513604387813,0.002362628464987112,cpd10516_e0,import
S880C852_Phocaeicola_plebeius_A,ERR1620330_sub,1e-06,EX_cpd00058_e0,-0.0002043513604387813,0.002362628464987112,cpd00058_e0,import
S880C852_Phocaeicola_plebeius_A,ERR1620330_sub,1e-06,EX_cpd11451_e0,0.0005528321350832399,0.002362628464987112,cpd11451_e0,export
S880C852_Phocaeicola_plebeius_A,ERR1620330_sub,1e-06,EX_cpd00036_e0,0.14816900560771742,0.002362628464987112,cpd00036_e0,export
S880C852_Phocaeicola_plebeius_A,ERR1620330_sub,1e-06,EX_cpd01741_e0,-0.0023194725761620347,0.002362628464987112,cpd01741_e0,import
S880C852_Phocaeicola_plebeius_A,ERR1620330_sub,1e-06,EX_cpd00071_e0,0.030266182183837847,0.002362628464987112,cpd00071_e0,export
S880C852_Phocaeicola_plebeius_A,ERR1620330_sub,1e-06,EX_cpd00322_e0,-0.010058106834060155,0.002362628464987112,cpd00322_e0,import
S880C852_Phocaeicola_plebeius_A,ERR1620330_sub,1e-06,EX_cpd00011_e0,0.29689019800230454,0.002362628464987112,cpd00011_e0,export
S880C852_Phocaeicola_plebeius_A,ERR1620330_sub,1e-06,EX_cpd00034_e0,-0.0002043513604387813,0.002362628464987112,cpd00034_e0,import
S880C852_Phocaeicola_plebeius_A,ERR1620330_sub,1e-06,EX_cpd00264_e0,-0.0001105664270166462,0.002362628464987112,cpd00264_e0,import
S880C852_Phocaeicola_plebeius_A,ERR1620330_sub,1e-06,EX_cpd00156_e0,-0.01125344940991867,0.002362628464987112,cpd00156_e0,import
S880C852_Phocaeicola_plebeius_A,ERR1620330_sub,1e-06,EX_cpd00122_e0,-0.00154631505077469,0.002362628464987112,cpd00122_e0,import
S880C852_Phocaeicola_plebeius_A,ERR1620330_sub,1e-06,EX_cpd00080_e0,-0.0061211272118305874,0.002362628464987112,cpd00080_e0,import
S880C852_Phocaeicola_plebeius_A,ERR1620330_sub,1e-06,EX_cpd00051_e0,-0.007866217124843646,0.002362628464987112,cpd00051_e0,import
S880C852_Phocaeicola_plebeius_A,ERR1620330_sub,1e-06,EX_cpd00099_e0,-0.0002043513604387813,0.002362628464987112,cpd00099_e0,import
S880C852_Phocaeicola_plebeius_A,ERR1620330_sub,1e-06,EX_cpd00205_e0,-0.0002043513604387813,0.002362628464987112,cpd00205_e0,import
S880C852_Phocaeicola_plebeius_A,ERR1620330_sub,1e-06,EX_cpd00204_e0,0.0001105664270166462,0.002362628464987112,cpd00204_e0,export
S880C852_Phocaeicola_plebeius_A,ERR1620330_sub,1e-06,EX_cpd00132_e0,-0.006410547051918842,0.002362628464987112,cpd00132_e0,import
S880C852_Phocaeicola_plebeius_A,ERR1620330_sub,1e-06,EX_cpd00220_e0,-0.0002211328540332924,0.002362628464987112,cpd00220_e0,import
S880C852_Phocaeicola_plebeius_A,ERR1620330_sub,1e-06,EX_cpd00048_e0,-0.0002043513604387813,0.002362628464987112,cpd00048_e0,import
S880C852_Phocaeicola_plebeius_A,ERR1620330_sub,1e-06,EX_cpd00067_e0,0.03626790260647261,0.002362628464987112,cpd00067_e0,export
S880C852_Phocaeicola_plebeius_A,ERR1620330_sub,1e-06,EX_cpd00119_e0,-0.002519428972369856,0.002362628464987112,cpd00119_e0,import
S880C852_Phocaeicola_plebeius_A,ERR1620330_sub,1e-06,EX_cpd00069_e0,-0.0037777352645772225,0.002362628464987112,cpd00069_e0,import
S880C852_Phocaeicola_plebeius_A,ERR1620330_sub,1e-06,EX_cpd00063_e0,-0.0002043513604387813,0.002362628464987112,cpd00063_e0,import
S880C852_Phocaeicola_plebeius_A,ERR1620330_sub,1e-06,EX_cpd10515_e0,-0.00042548421447207373,0.002362628464987112,cpd10515_e0,import
S880C852_Phocaeicola_plebeius_A,ERR1620330_sub,1e-06,EX_cpd00054_e0,-0.007055411778567369,0.002362628464987112,cpd00054_e0,import
S880C852_Phocaeicola_plebeius_A,ERR1620330_sub,1e-06,EX_cpd00029_e0,0.09051297947861199,0.002362628464987112,cpd00029_e0,export
S880C852_Phocaeicola_plebeius_A,ERR1620330_sub,1e-06,EX_cpd00060_e0,-0.0034236751041889823,0.002362628464987112,cpd00060_e0,import
S880C852_Phocaeicola_plebeius_A,ERR1620330_sub,1e-06,EX_cpd00107_e0,-0.01431314243184033,0.002362628464987112,cpd00107_e0,import
S880C852_Phocaeicola_plebeius_A,ERR1620330_sub,1e-06,EX_cpd00065_e0,-0.0015116573834219084,0.002362628464987112,cpd00065_e0,import
S880C852_Phocaeicola_plebeius_A,ERR1620330_sub,1e-06,EX_cpd00017_e0,-0.0007739649891165234,0.002362628464987112,cpd00017_e0,import
S880C852_Phocaeicola_plebeius_A,ERR1620330_sub,1e-06,EX_cpd00277_e0,-0.02982391647577126,0.002362628464987112,cpd00277_e0,import
S880C852_Phocaeicola_plebeius_A,ERR1620330_sub,1e-06,EX_cpd00084_e0,-0.0026565808606574827,0.002362628464987112,cpd00084_e0,import
S880C852_Phocaeicola_plebeius_A,ERR1620330_sub,1e-06,EX_cpd00100_e0,0.0008744467445472267,0.002362628464987112,cpd00100_e0,export
S880C852_Phocaeicola_plebeius_A,ERR1620330_sub,1e-06,EX_cpd00161_e0,-0.0067464709149014975,0.002362628464987112,cpd00161_e0,import
S880C852_Phocaeicola_plebeius_A,ERR1620330_sub,1e-06,EX_cpd00182_e0,-0.004995632067043094,0.002362628464987112,cpd00182_e0,import
S880C852_Phocaeicola_plebeius_A,ERR1620330_sub,1e-06,EX_cpd00039_e0,-0.009125931611028584,0.002362628464987112,cpd00039_e0,import
S880C852_Phocaeicola_plebeius_A,ERR1620330_sub,1e-06,EX_cpd00030_e0,-0.0002043513604387813,0.002362628464987112,cpd00030_e0,import
S880C852_Phocaeicola_plebeius_A,ERR1620330_sub,1e-06,EX_cpd00311_e0,-0.012764587303435942,0.002362628464987112,cpd00311_e0,import
S880C852_Phocaeicola_plebeius_A,ERR1620330_sub,1e-06,EX_cpd00588_e0,0.023763479365348616,0.002362628464987112,cpd00588_e0,export
S880C852_Phocaeicola_plebeius_A,ERR1620330_sub,1e-06,EX_cpd00254_e0,-0.0002043513604387813,0.002362628464987112,cpd00254_e0,import
S880C852_Phocaeicola_plebeius_A,ERR1620330_sub,1e-06,EX_cpd00082_e0,0.21210722419824907,0.002362628464987112,cpd00082_e0,export
S951C743_Blautia_A_sp003480185,ERR1620330_sub,1e-06,EX_cpd00003_e0,-0.004325820826656168,0.03533765702767337,cpd00003_e0,import
S951C743_Blautia_A_sp003480185,ERR1620330_sub,1e-06,EX_cpd00149_e0,-0.0030543000230402674,0.03533765702767337,cpd00149_e0,import
S951C743_Blautia_A_sp003480185,ERR1620330_sub,1e-06,EX_cpd00053_e0,-0.1354754250375316,0.03533765702767337,cpd00053_e0,import
S951C743_Blautia_A_sp003480185,ERR1620330_sub,1e-06,EX_cpd00064_e0,0.17197546005156722,0.03533765702767337,cpd00064_e0,export
S951C743_Blautia_A_sp003480185,ERR1620330_sub,1e-06,EX_cpd00066_e0,-0.08561103116988147,0.03533765702767337,cpd00066_e0,import
S951C743_Blautia_A_sp003480185,ERR1620330_sub,1e-06,EX_cpd11640_e0,5.118298735894046,0.03533765702767337,cpd11640_e0,export
S951C743_Blautia_A_sp003480185,ERR1620330_sub,1e-06,EX_cpd00010_e0,-0.004325820826656113,0.03533765702767337,cpd00010_e0,import
S951C743_Blautia_A_sp003480185,ERR1620330_sub,1e-06,EX_cpd00047_e0,2.9496965357311997,0.03533765702767337,cpd00047_e0,export
S951C743_Blautia_A_sp003480185,ERR1620330_sub,1e-06,EX_cpd00033_e0,3.1881144599800426,0.03533765702767337,cpd00033_e0,export
S951C743_Blautia_A_sp003480185,ERR1620330_sub,1e-06,EX_cpd00324_e0,-0.004325820826656045,0.03533765702767337,cpd00324_e0,import
S951C743_Blautia_A_sp003480185,ERR1620330_sub,1e-06,EX_cpd00129_e0,-0.07824450058084488,0.03533765702767337,cpd00129_e0,import
S951C743_Blautia_A_sp003480185,ERR1620330_sub,1e-06,EX_cpd00309_e0,0.059114197275005095,0.03533765702767337,cpd00309_e0,export
S951C743_Blautia_A_sp003480185,ERR1620330_sub,1e-06,EX_cpd00023_e0,-0.14491941964455987,0.03533765702767337,cpd00023_e0,import
S951C743_Blautia_A_sp003480185,ERR1620330_sub,1e-06,EX_cpd10516_e0,-0.0030543000230402674,0.03533765702767337,cpd10516_e0,import
S951C743_Blautia_A_sp003480185,ERR1620330_sub,1e-06,EX_cpd00028_e0,-0.0021629104133280225,0.03533765702767337,cpd00028_e0,import
S951C743_Blautia_A_sp003480185,ERR1620330_sub,1e-06,EX_cpd00058_e0,-0.0030543000230402674,0.03533765702767337,cpd00058_e0,import
S951C743_Blautia_A_sp003480185,ERR1620330_sub,1e-06,EX_cpd00322_e0,-0.16684953987001128,0.03533765702767337,cpd00322_e0,import
S951C743_Blautia_A_sp003480185,ERR1620330_sub,1e-06,EX_cpd00011_e0,2.142090955374384,0.03533765702767337,cpd00011_e0,export
S951C743_Blautia_A_sp003480185,ERR1620330_sub,1e-06,EX_cpd00305_e0,-0.0021629104133280225,0.03533765702767337,cpd00305_e0,import
S951C743_Blautia_A_sp003480185,ERR1620330_sub,1e-06,EX_cpd00034_e0,-0.0030543000230402674,0.03533765702767337,cpd00034_e0,import
S951C743_Blautia_A_sp003480185,ERR1620330_sub,1e-06,EX_cpd00156_e0,-0.1495206614153043,0.03533765702767337,cpd00156_e0,import
S951C743_Blautia_A_sp003480185,ERR1620330_sub,1e-06,EX_cpd00051_e0,-0.27027431974376753,0.03533765702767337,cpd00051_e0,import
S951C743_Blautia_A_sp003480185,ERR1620330_sub,1e-06,EX_cpd00099_e0,-0.0030543000230402674,0.03533765702767337,cpd00099_e0,import
S951C743_Blautia_A_sp003480185,ERR1620330_sub,1e-06,EX_cpd00205_e0,-0.0030543000230402674,0.03533765702767337,cpd00205_e0,import
S951C743_Blautia_A_sp003480185,ERR1620330_sub,1e-06,EX_cpd00132_e0,-0.07207254251976047,0.03533765702767337,cpd00132_e0,import
S951C743_Blautia_A_sp003480185,ERR1620330_sub,1e-06,EX_cpd00232_e0,-0.08715882490877822,0.03533765702767337,cpd00232_e0,import
S951C743_Blautia_A_sp003480185,ERR1620330_sub,1e-06,EX_cpd00048_e0,-0.0030543000230402674,0.03533765702767337,cpd00048_e0,import
S951C743_Blautia_A_sp003480185,ERR1620330_sub,1e-06,EX_cpd00067_e0,13.19734017325371,0.03533765702767337,cpd00067_e0,export
S951C743_Blautia_A_sp003480185,ERR1620330_sub,1e-06,EX_cpd00119_e0,-0.03981908426506107,0.03533765702767337,cpd00119_e0,import
S951C743_Blautia_A_sp003480185,ERR1620330_sub,1e-06,EX_cpd00069_e0,-0.05395485917915756,0.03533765702767337,cpd00069_e0,import
S951C743_Blautia_A_sp003480185,ERR1620330_sub,1e-06,EX_cpd00063_e0,-0.0030543000230402674,0.03533765702767337,cpd00063_e0,import
S951C743_Blautia_A_sp003480185,ERR1620330_sub,1e-06,EX_cpd10515_e0,-0.00521721043636829,0.03533765702767337,cpd10515_e0,import
S951C743_Blautia_A_sp003480185,ERR1620330_sub,1e-06,EX_cpd00054_e0,-3.528759018728091,0.03533765702767337,cpd00054_e0,import
S951C743_Blautia_A_sp003480185,ERR1620330_sub,1e-06,EX_cpd00029_e0,10.933532994935518,0.03533765702767337,cpd00029_e0,export
S951C743_Blautia_A_sp003480185,ERR1620330_sub,1e-06,EX_cpd00060_e0,-0.05082361088045371,0.03533765702767337,cpd00060_e0,import
S951C743_Blautia_A_sp003480185,ERR1620330_sub,1e-06,EX_cpd00107_e0,-0.20427947907916888,0.03533765702767337,cpd00107_e0,import
S951C743_Blautia_A_sp003480185,ERR1620330_sub,1e-06,EX_cpd00065_e0,-0.0264796910362656,0.03533765702767337,cpd00065_e0,import
S951C743_Blautia_A_sp003480185,ERR1620330_sub,1e-06,EX_cpd00017_e0,-0.0064887312399840675,0.03533765702767337,cpd00017_e0,import
S951C743_Blautia_A_sp003480185,ERR1620330_sub,1e-06,EX_cpd00161_e0,-0.09078751212433925,0.03533765702767337,cpd00161_e0,import
S951C743_Blautia_A_sp003480185,ERR1620330_sub,1e-06,EX_cpd00117_e0,-0.0046435986076893785,0.03533765702767337,cpd00117_e0,import
S951C743_Blautia_A_sp003480185,ERR1620330_sub,1e-06,EX_cpd00182_e0,-0.02597197439692607,0.03533765702767337,cpd00182_e0,import
S951C743_Blautia_A_sp003480185,ERR1620330_sub,1e-06,EX_cpd00039_e0,-0.1572853828469912,0.03533765702767337,cpd00039_e0,import
S951C743_Blautia_A_sp003480185,ERR1620330_sub,1e-06,EX_cpd00030_e0,-0.0030543000230402674,0.03533765702767337,cpd00030_e0,import
S951C743_Blautia_A_sp003480185,ERR1620330_sub,1e-06,EX_cpd00311_e0,-0.049766183736837645,0.03533765702767337,cpd00311_e0,import
S951C743_Blautia_A_sp003480185,ERR1620330_sub,1e-06,EX_cpd00009_e0,-0.5401400946555561,0.03533765702767337,cpd00009_e0,import
S951C743_Blautia_A_sp003480185,ERR1620330_sub,1e-06,EX_cpd00076_e0,-0.13549235508546426,0.03533765702767337,cpd00076_e0,import
S951C743_Blautia_A_sp003480185,ERR1620330_sub,1e-06,EX_cpd00239_e0,-0.025511353150889433,0.03533765702767337,cpd00239_e0,import
S951C743_Blautia_A_sp003480185,ERR1620330_sub,1e-06,EX_cpd00254_e0,-0.0030543000230402674,0.03533765702767337,cpd00254_e0,import
S951C743_Blautia_A_sp003480185,ERR1620330_sub,1e-06,EX_cpd01217_e0,-0.059114197275005095,0.03533765702767337,cpd01217_e0,import
S951C743_Blautia_A_sp003480185,ERR1620330_sub,1e-06,EX_cpd00082_e0,-4.37531249049017,0.03533765702767337,cpd00082_e0,import
S975C400_Phocaeicola_dorei,ERR1620330_sub,1e-06,EX_cpd00149_e0,-0.002776019016291636,0.032117924304631666,cpd00149_e0,import
S975C400_Phocaeicola_dorei,ERR1620330_sub,1e-06,EX_cpd00053_e0,-0.10258019472526296,0.032117924304631666,cpd00053_e0,import
S975C400_Phocaeicola_dorei,ERR1620330_sub,1e-06,EX_cpd00064_e0,-0.003808566881928199,0.032117924304631666,cpd00064_e0,import
S975C400_Phocaeicola_dorei,ERR1620330_sub,1e-06,EX_cpd00066_e0,-0.06692943843584022,0.032117924304631666,cpd00066_e0,import
S975C400_Phocaeicola_dorei,ERR1620330_sub,1e-06,EX_cpd11640_e0,2.3775384406317657,0.032117924304631666,cpd11640_e0,export
S975C400_Phocaeicola_dorei,ERR1620330_sub,1e-06,EX_cpd00010_e0,-0.0030039878697413758,0.032117924304631666,cpd00010_e0,import
S975C400_Phocaeicola_dorei,ERR1620330_sub,1e-06,EX_cpd28763_e0,-0.3486878838508844,0.032117924304631666,cpd28763_e0,import
S975C400_Phocaeicola_dorei,ERR1620330_sub,1e-06,EX_cpd00012_e0,0.11843443318722072,0.032117924304631666,cpd00012_e0,export
S975C400_Phocaeicola_dorei,ERR1620330_sub,1e-06,EX_cpd00033_e0,-0.22432747178825888,0.032117924304631666,cpd00033_e0,import
S975C400_Phocaeicola_dorei,ERR1620330_sub,1e-06,EX_cpd11606_e0,-1.2629293907143935,0.032117924304631666,cpd11606_e0,import
S975C400_Phocaeicola_dorei,ERR1620330_sub,1e-06,EX_cpd00129_e0,-0.07985898904276392,0.032117924304631666,cpd00129_e0,import
S975C400_Phocaeicola_dorei,ERR1620330_sub,1e-06,EX_cpd00448_e0,-0.07127373518977759,0.032117924304631666,cpd00448_e0,import
S975C400_Phocaeicola_dorei,ERR1620330_sub,1e-06,EX_cpd00309_e0,0.01013571680475657,0.032117924304631666,cpd00309_e0,export
S975C400_Phocaeicola_dorei,ERR1620330_sub,1e-06,EX_cpd00023_e0,-0.16131605594602344,0.032117924304631666,cpd00023_e0,import
S975C400_Phocaeicola_dorei,ERR1620330_sub,1e-06,EX_cpd00367_e0,-0.12649952918478297,0.032117924304631666,cpd00367_e0,import
S975C400_Phocaeicola_dorei,ERR1620330_sub,1e-06,EX_cpd00184_e0,-0.00939378606666377,0.032117924304631666,cpd00184_e0,import
S975C400_Phocaeicola_dorei,ERR1620330_sub,1e-06,EX_cpd10516_e0,-0.002776019016291636,0.032117924304631666,cpd10516_e0,import
S975C400_Phocaeicola_dorei,ERR1620330_sub,1e-06,EX_cpd00028_e0,-0.001501993934870726,0.032117924304631666,cpd00028_e0,import
S975C400_Phocaeicola_dorei,ERR1620330_sub,1e-06,EX_cpd00058_e0,-0.002776019016291636,0.032117924304631666,cpd00058_e0,import
S975C400_Phocaeicola_dorei,ERR1620330_sub,1e-06,EX_cpd11451_e0,1.2629293907143935,0.032117924304631666,cpd11451_e0,export
S975C400_Phocaeicola_dorei,ERR1620330_sub,1e-06,EX_cpd00036_e0,3.6946078353896112,0.032117924304631666,cpd00036_e0,export
S975C400_Phocaeicola_dorei,ERR1620330_sub,1e-06,EX_cpd01741_e0,-0.03150896556483506,0.032117924304631666,cpd01741_e0,import
S975C400_Phocaeicola_dorei,ERR1620330_sub,1e-06,EX_cpd00322_e0,-0.13663474409610527,0.032117924304631666,cpd00322_e0,import
S975C400_Phocaeicola_dorei,ERR1620330_sub,1e-06,EX_cpd00011_e0,0.8618624768952778,0.032117924304631666,cpd00011_e0,export
S975C400_Phocaeicola_dorei,ERR1620330_sub,1e-06,EX_cpd00034_e0,-0.002776019016291636,0.032117924304631666,cpd00034_e0,import
S975C400_Phocaeicola_dorei,ERR1620330_sub,1e-06,EX_cpd00264_e0,0.000804579012186747,0.032117924304631666,cpd00264_e0,export
S975C400_Phocaeicola_dorei,ERR1620330_sub,1e-06,EX_cpd00156_e0,-0.15287292188186238,0.032117924304631666,cpd00156_e0,import
S975C400_Phocaeicola_dorei,ERR1620330_sub,1e-06,EX_cpd00051_e0,-0.1068589329572222,0.032117924304631666,cpd00051_e0,import
S975C400_Phocaeicola_dorei,ERR1620330_sub,1e-06,EX_cpd00099_e0,-0.002776019016291636,0.032117924304631666,cpd00099_e0,import
S975C400_Phocaeicola_dorei,ERR1620330_sub,1e-06,EX_cpd00205_e0,-0.002776019016291636,0.032117924304631666,cpd00205_e0,import
S975C400_Phocaeicola_dorei,ERR1620330_sub,1e-06,EX_cpd00132_e0,-0.08708432614663301,0.032117924304631666,cpd00132_e0,import
S975C400_Phocaeicola_dorei,ERR1620330_sub,1e-06,EX_cpd00232_e0,-0.021005977043223375,0.032117924304631666,cpd00232_e0,import
S975C400_Phocaeicola_dorei,ERR1620330_sub,1e-06,EX_cpd00220_e0,-0.003003987869741452,0.032117924304631666,cpd00220_e0,import
S975C400_Phocaeicola_dorei,ERR1620330_sub,1e-06,EX_cpd00048_e0,-0.002776019016291636,0.032117924304631666,cpd00048_e0,import
S975C400_Phocaeicola_dorei,ERR1620330_sub,1e-06,EX_cpd00067_e0,10.158003934725924,0.032117924304631666,cpd00067_e0,export
S975C400_Phocaeicola_dorei,ERR1620330_sub,1e-06,EX_cpd00119_e0,-0.03422528101832746,0.032117924304631666,cpd00119_e0,import
S975C400_Phocaeicola_dorei,ERR1620330_sub,1e-06,EX_cpd00069_e0,-0.051318791861547475,0.032117924304631666,cpd00069_e0,import
S975C400_Phocaeicola_dorei,ERR1620330_sub,1e-06,EX_cpd00063_e0,-0.002776019016291636,0.032117924304631666,cpd00063_e0,import
S975C400_Phocaeicola_dorei,ERR1620330_sub,1e-06,EX_cpd00412_e0,0.005646955043489976,0.032117924304631666,cpd00412_e0,export
S975C400_Phocaeicola_dorei,ERR1620330_sub,1e-06,EX_cpd10515_e0,-0.004278012951162362,0.032117924304631666,cpd10515_e0,import
S975C400_Phocaeicola_dorei,ERR1620330_sub,1e-06,EX_cpd00054_e0,-0.09734651008106239,0.032117924304631666,cpd00054_e0,import
S975C400_Phocaeicola_dorei,ERR1620330_sub,1e-06,EX_cpd00029_e0,3.5993707246046083,0.032117924304631666,cpd00029_e0,export
S975C400_Phocaeicola_dorei,ERR1620330_sub,1e-06,EX_cpd00041_e0,-0.09464239335449633,0.032117924304631666,cpd00041_e0,import
S975C400_Phocaeicola_dorei,ERR1620330_sub,1e-06,EX_cpd00060_e0,-0.0510150296251188,0.032117924304631666,cpd00060_e0,import
S975C400_Phocaeicola_dorei,ERR1620330_sub,1e-06,EX_cpd00107_e0,-0.19443744092705795,0.032117924304631666,cpd00107_e0,import
S975C400_Phocaeicola_dorei,ERR1620330_sub,1e-06,EX_cpd00065_e0,-0.020535168610996406,0.032117924304631666,cpd00065_e0,import
S975C400_Phocaeicola_dorei,ERR1620330_sub,1e-06,EX_cpd00017_e0,-0.006007975739482904,0.032117924304631666,cpd00017_e0,import
S975C400_Phocaeicola_dorei,ERR1620330_sub,1e-06,EX_cpd00277_e0,-0.005646955043489977,0.032117924304631666,cpd00277_e0,import
S975C400_Phocaeicola_dorei,ERR1620330_sub,1e-06,EX_cpd00084_e0,-0.036088426187457945,0.032117924304631666,cpd00084_e0,import
S975C400_Phocaeicola_dorei,ERR1620330_sub,1e-06,EX_cpd00161_e0,-0.09164769694907679,0.032117924304631666,cpd00161_e0,import
S975C400_Phocaeicola_dorei,ERR1620330_sub,1e-06,EX_cpd00117_e0,-0.010502988521611687,0.032117924304631666,cpd00117_e0,import
S975C400_Phocaeicola_dorei,ERR1620330_sub,1e-06,EX_cpd00182_e0,-0.06936535235211838,0.032117924304631666,cpd00182_e0,import
S975C400_Phocaeicola_dorei,ERR1620330_sub,1e-06,EX_cpd00039_e0,-0.12397157346638606,0.032117924304631666,cpd00039_e0,import
S975C400_Phocaeicola_dorei,ERR1620330_sub,1e-06,EX_cpd00030_e0,-0.002776019016291636,0.032117924304631666,cpd00030_e0,import
S975C400_Phocaeicola_dorei,ERR1620330_sub,1e-06,EX_cpd00311_e0,-0.08595573859172678,0.032117924304631666,cpd00311_e0,import
S975C400_Phocaeicola_dorei,ERR1620330_sub,1e-06,EX_cpd00009_e0,-0.6017264889582585,0.032117924304631666,cpd00009_e0,import
S975C400_Phocaeicola_dorei,ERR1620330_sub,1e-06,EX_cpd00006_e0,-0.0030039878697414313,0.032117924304631666,cpd00006_e0,import
S975C400_Phocaeicola_dorei,ERR1620330_sub,1e-06,EX_cpd00254_e0,-0.002776019016291636,0.032117924304631666,cpd00254_e0,import
S975C400_Phocaeicola_dorei,ERR1620330_sub,1e-06,EX_cpd01217_e0,-0.01013571680475657,0.032117924304631666,cpd01217_e0,import
S975C400_Phocaeicola_dorei,ERR1620330_sub,1e-06,EX_cpd00249_e0,0.011161579522181133,0.032117924304631666,cpd00249_e0,export
medium,ERR1620330_sub,1e-06,EX_cpd00060_m,-0.1,,cpd00060_m,import
medium,ERR1620330_sub,1e-06,EX_cpd00099_m,-0.009556872045139424,,cpd00099_m,import
medium,ERR1620330_sub,1e-06,EX_cpd00084_m,-0.1,,cpd00084_m,import
medium,ERR1620330_sub,1e-06,EX_cpd00082_m,-5.0,,cpd00082_m,import
medium,ERR1620330_sub,1e-06,EX_cpd11640_m,3.275134414163807,,cpd11640_m,export
medium,ERR1620330_sub,1e-06,EX_cpd00220_m,-0.011537076249338135,,cpd00220_m,import
medium,ERR1620330_sub,1e-06,EX_cpd00007_m,-0.001,,cpd00007_m,import
medium,ERR1620330_sub,1e-06,EX_cpd00058_m,-0.009556872045139426,,cpd00058_m,import
medium,ERR1620330_sub,1e-06,EX_cpd00129_m,-0.1,,cpd00129_m,import
medium,ERR1620330_sub,1e-06,EX_cpd00034_m,-0.009556872045139424,,cpd00034_m,import
medium,ERR1620330_sub,1e-06,EX_cpd00133_m,0.0007801435518538151,,cpd00133_m,export
medium,ERR1620330_sub,1e-06,EX_cpd00232_m,-5.0,,cpd00232_m,import
medium,ERR1620330_sub,1e-06,EX_cpd90003_m,-0.18,,cpd90003_m,import
medium,ERR1620330_sub,1e-06,EX_cpd00644_m,-0.006980810469633634,,cpd00644_m,import
medium,ERR1620330_sub,1e-06,EX_cpd00156_m,-0.1,,cpd00156_m,import
medium,ERR1620330_sub,1e-06,EX_cpd00051_m,-0.1,,cpd00051_m,import
medium,ERR1620330_sub,1e-06,EX_cpd00794_m,-0.02550357772150715,,cpd00794_m,import
medium,ERR1620330_sub,1e-06,EX_cpd00013_m,-5.085143311607591,,cpd00013_m,import
medium,ERR1620330_sub,1e-06,EX_cpd00322_m,-0.1,,cpd00322_m,import
medium,ERR1620330_sub,1e-06,EX_cpd00363_m,0.03743824329563922,,cpd00363_m,export
medium,ERR1620330_sub,1e-06,EX_cpd00314_m,4.4314571679115415,,cpd00314_m,export
medium,ERR1620330_sub,1e-06,EX_cpd00076_m,-2.5,,cpd00076_m,import
medium,ERR1620330_sub,1e-06,EX_cpd00011_m,1.671098339403179,,cpd00011_m,export
medium,ERR1620330_sub,1e-06,EX_cpd28763_m,-0.42,,cpd28763_m,import
medium,ERR1620330_sub,1e-06,EX_cpd00324_m,0.3569024850861642,,cpd00324_m,export
medium,ERR1620330_sub,1e-06,EX_cpd00039_m,-0.1,,cpd00039_m,import
medium,ERR1620330_sub,1e-06,EX_cpd00001_m,2.8603979795181336,,cpd00001_m,export
medium,ERR1620330_sub,1e-06,EX_cpd00122_m,-0.004039031797087601,,cpd00122_m,import
medium,ERR1620330_sub,1e-06,EX_cpd00063_m,-0.009556872045139424,,cpd00063_m,import
medium,ERR1620330_sub,1e-06,EX_cpd00204_m,1.7777099492250035,,cpd00204_m,export
medium,ERR1620330_sub,1e-06,EX_cpd00053_m,-0.1,,cpd00053_m,import
medium,ERR1620330_sub,1e-06,EX_cpd00218_m,0.002607107743955968,,cpd00218_m,export
medium,ERR1620330_sub,1e-06,EX_cpd00211_m,0.30722349303483315,,cpd00211_m,export
medium,ERR1620330_sub,1e-06,EX_cpd00205_m,-0.009556872045139423,,cpd00205_m,import
medium,ERR1620330_sub,1e-06,EX_cpd00065_m,-0.07719057507632049,,cpd00065_m,import
medium,ERR1620330_sub,1e-06,EX_cpd00069_m,-0.1,,cpd00069_m,import
medium,ERR1620330_sub,1e-06,EX_cpd00047_m,5.802473306487699,,cpd00047_m,export
medium,ERR1620330_sub,1e-06,EX_cpd00107_m,-0.1,,cpd00107_m,import
medium,ERR1620330_sub,1e-06,EX_cpd00239_m,-0.4640912042994862,,cpd00239_m,import
medium,ERR1620330_sub,1e-06,EX_cpd00305_m,-0.003483198707177291,,cpd00305_m,import
medium,ERR1620330_sub,1e-06,EX_cpd00179_m,-1.2097148720745592,,cpd00179_m,import
medium,ERR1620330_sub,1e-06,EX_cpd01981_m,3.222518911510739e-05,,cpd01981_m,export
medium,ERR1620330_sub,1e-06,EX_cpd00029_m,35.44170658572976,,cpd00029_m,export
medium,ERR1620330_sub,1e-06,EX_cpd00208_m,-0.01804053864036547,,cpd00208_m,import
medium,ERR1620330_sub,1e-06,EX_cpd00588_m,0.012354741743551674,,cpd00588_m,export
medium,ERR1620330_sub,1e-06,EX_cpd10515_m,-0.021602388176883976,,cpd10515_m,import
medium,ERR1620330_sub,1e-06,EX_cpd00009_m,-1.552949159970962,,cpd00009_m,import
medium,ERR1620330_sub,1e-06,EX_cpd00036_m,8.53011786127047,,cpd00036_m,export
medium,ERR1620330_sub,1e-06,EX_cpd00229_m,0.007000280923494444,,cpd00229_m,export
medium,ERR1620330_sub,1e-06,EX_cpd00254_m,-0.009556872045139424,,cpd00254_m,import
medium,ERR1620330_sub,1e-06,EX_cpd00048_m,-0.009556872045139208,,cpd00048_m,import
medium,ERR1620330_sub,1e-06,EX_cpd00221_m,0.0074805078346769655,,cpd00221_m,export
medium,ERR1620330_sub,1e-06,EX_cpd00066_m,-0.014694573493180098,,cpd00066_m,import
medium,ERR1620330_sub,1e-06,EX_cpd00116_m,-0.00010466053371608513,,cpd00116_m,import
medium,ERR1620330_sub,1e-06,EX_cpd00149_m,-0.009556872045139424,,cpd00149_m,import
medium,ERR1620330_sub,1e-06,EX_cpd00054_m,-0.1,,cpd00054_m,import
medium,ERR1620330_sub,1e-06,EX_cpd00216_m,-0.07635630311851581,,cpd00216_m,import
medium,ERR1620330_sub,1e-06,EX_cpd10516_m,-0.009555937280250063,,cpd10516_m,import
medium,ERR1620330_sub,1e-06,EX_cpd00030_m,-0.009556872045139428,,cpd00030_m,import
medium,ERR1620330_sub,1e-06,EX_cpd00027_m,0.35912003458011876,,cpd00027_m,export
medium,ERR1620330_sub,1e-06,EX_cpd00067_m,54.43371467600825,,cpd00067_m,export
medium,ERR1620330_sub,1e-06,EX_cpd00119_m,-0.1,,cpd00119_m,import
medium,ERR1620330_sub,1e-06,EX_cpd00159_m,0.1546559248455845,,cpd00159_m,export
medium,ERR1620330_sub,1e-06,EX_cpd00161_m,-0.1,,cpd00161_m,import
