metabolite,name,molecular_weight,C_number,N_number,sbo,metanetx.chemical,inchikey,seed.compound,hmdb,reactome,kegg.compound,chebi,bigg.metabolite,biocyc,reaction,sample_id
cpd00009_e0,Phosphate-e0,95.97930099999999,0,0,SBO:0000247,MNXM9,NBIIXXVUZAFLBC-UHFFFAOYSA-L,cpd00009,"['HMDB00973', 'HMDB01429', 'HMDB05947', 'HMDB02105', 'HMDB02142']","['R-ALL-109277', 'R-ALL-113548', 'R-ALL-113550', 'R-ALL-113551', 'R-ALL-29372', 'R-ALL-5228339', 'R-ALL-8851226', 'R-ALL-8851513']",C00009,CHEBI:43474,pi,"['META:CPD-16459', 'META:PHOSPHATE-GROUP', 'META:Pi']",EX_cpd00009_e0,ERR1620289_sub
cpd00027_e0,D-Glucose-e0,180.15588,6,0,SBO:0000247,MNXM41,WQZGKKKJIJFFOK-GASJEMHNSA-N,cpd00027,"['HMDB00122', 'HMDB06564']",,C00031,"['CHEBI:17634', 'CHEBI:12965', 'CHEBI:20999', 'CHEBI:4167']",glc__D,META:Glucopyranose,EX_cpd00027_e0,ERR1620289_sub
cpd00030_e0,Mn2+-e0,54.938049,0,0,SBO:0000247,MNXM2255,WAEMQWOKJMHJLA-UHFFFAOYSA-N,cpd00030,HMDB01333,"['R-ALL-1981162', 'R-ALL-29418']",C19610,"['CHEBI:29035', 'CHEBI:21435', 'CHEBI:25156', 'CHEBI:49749']",mn2,META:MN+2,EX_cpd00030_e0,ERR1620289_sub
cpd00034_e0,Zn2+-e0,65.409,0,0,SBO:0000247,MNXM149,PTFCDOFLOPIGGS-UHFFFAOYSA-N,cpd00034,HMDB01303,"['R-ALL-158417', 'R-ALL-216667', 'R-ALL-216785', 'R-ALL-29426', 'R-ALL-435350', 'R-ALL-437093', 'R-ALL-442320']",C00038,"['CHEBI:29105', 'CHEBI:10113', 'CHEBI:27368', 'CHEBI:49972', 'CHEBI:49982']","['HC02172', 'zn2']",META:ZN+2,EX_cpd00034_e0,ERR1620289_sub
cpd00048_e0,Sulfate-e0,96.0626,0,0,SBO:0000247,MNXM58,QAOWNCQODCNURD-UHFFFAOYSA-L,cpd00048,HMDB01448,"['R-ALL-1606845', 'R-ALL-1609649', 'R-ALL-1614584', 'R-ALL-174375', 'R-ALL-427648']",C00059,"['CHEBI:16189', 'CHEBI:15135', 'CHEBI:45687', 'CHEBI:9335', 'CHEBI:26836', 'CHEBI:45696', 'CHEBI:29199', 'CHEBI:45693']",so4,"['META:HSO4', 'META:SULFATE']",EX_cpd00048_e0,ERR1620289_sub
cpd00118_e0,Putrescine-e0,90.16736,4,2,SBO:0000247,MNXM118,KIDHWZJUCRJVML-UHFFFAOYSA-P,cpd00118,"['HMDB01414', 'HMDB60243']","['R-ALL-141350', 'R-ALL-29610']",C00134,"['CHEBI:17148', 'CHEBI:14972', 'CHEBI:26405', 'CHEBI:45092', 'CHEBI:8650', 'CHEBI:326268']",ptrc,META:PUTRESCINE,EX_cpd00118_e0,ERR1620289_sub
cpd00149_e0,Co2+-e0,58.9332,0,0,SBO:0000247,MNXM90960,XLJKHNWPARRRJB-UHFFFAOYSA-N,cpd00149,HMDB00608,,C00175,"['CHEBI:48828', 'CHEBI:23337', 'CHEBI:48827']",cobalt2,META:CO+2,EX_cpd00149_e0,ERR1620289_sub
cpd00154_e0,Xylose-e0,150.1299,5,0,SBO:0000247,MNXM348,SRBFZHDQGSBBOR-IOVATXLUSA-N,cpd00154,"['HMDB00098', 'HMDB03763']",R-ALL-2090063,C00181,"['CHEBI:53455', 'CHEBI:65327']",xyl__D,META:D-Xylopyranose,EX_cpd00154_e0,ERR1620289_sub
cpd00179_e0,Maltose-e0,342.29648000000003,12,0,SBO:0000247,MNXM165,GUBGYTABKSRVRQ-PICCSMPSSA-N,cpd00179,,"['R-ALL-188986', 'R-ALL-868706']","['C00208', 'C00897']","['CHEBI:17306', 'CHEBI:14568', 'CHEBI:25144', 'CHEBI:6668', 'CHEBI:18167', 'CHEBI:10300', 'CHEBI:12340', 'CHEBI:22463', 'CHEBI:43893']",malt,"['META:ALPHA-MALTOSE', 'META:MALTOSE']",EX_cpd00179_e0,ERR1620289_sub
cpd00224_e0,L-Arabinose-e0,150.1299,5,0,SBO:0000247,MNXM461,SRBFZHDQGSBBOR-HWQSCIPKSA-N,cpd00224,"['HMDB00646', 'HMDB00487']",,C00259,"['CHEBI:17535', 'CHEBI:21232', 'CHEBI:6181', 'CHEBI:30849', 'CHEBI:13076']",,META:L-arabinopyranose,EX_cpd00224_e0,ERR1620289_sub
cpd00244_e0,Ni2+-e0,58.6934,0,0,SBO:0000247,MNXM1847,PXHVJJICTQNCMI-UHFFFAOYSA-N,cpd00244,,,C00291,"['CHEBI:28112', 'CHEBI:25515', 'CHEBI:7552']",,,EX_cpd00244_e0,ERR1620289_sub
cpd00264_e0,Spermidine-e0,148.26968,7,3,SBO:0000247,MNXM124,ATHGHQPFGPMSJY-UHFFFAOYSA-Q,cpd00264,HMDB01257,"['R-ALL-141324', 'R-ALL-204635']",C00315,"['CHEBI:16610', 'CHEBI:15095', 'CHEBI:15097', 'CHEBI:26732', 'CHEBI:26733', 'CHEBI:45647', 'CHEBI:9218', 'CHEBI:57834']",spmd,META:SPERMIDINE,EX_cpd00264_e0,ERR1620289_sub
cpd00268_e0,H2S2O3-e0,113.13614,0,0,SBO:0000247,MNXM323,DHCDFWKWKRSZHF-UHFFFAOYSA-M,cpd00268,"['HMDB00257', 'HMDB60293']",R-ALL-1614595,"['C00320', 'C05529']","['CHEBI:16094', 'CHEBI:15242', 'CHEBI:45922', 'CHEBI:9569', 'CHEBI:26977', 'CHEBI:29279', 'CHEBI:33539', 'CHEBI:33540', 'CHEBI:33541', 'CHEBI:33542', 'CHEBI:5587']",tsul,META:S2O3,EX_cpd00268_e0,ERR1620289_sub
cpd00266_e0,Carnitine-e0,161.1989,7,1,SBO:0000247,MNXM173,PHIQHXFUZVPYII-ZCFIWIBFSA-N,cpd00266,"['HMDB00062', 'HMDB01467', 'HMDB62496']","['R-ALL-164988', 'R-ALL-201023', 'R-ALL-30235', 'R-ALL-390294', 'R-ALL-549207']","['C00318', 'C00487']","['CHEBI:16347', 'CHEBI:13091', 'CHEBI:21256', 'CHEBI:6202', 'CHEBI:17126', 'CHEBI:11817', 'CHEBI:13947', 'CHEBI:20047', 'CHEBI:23038', 'CHEBI:29085', 'CHEBI:3424', 'CHEBI:39547']",crn,META:CARNITINE,EX_cpd00266_e0,ERR1620289_sub
cpd08305_e0,crotonobetaine-e0,143.18362,7,1,SBO:0000247,MNXM724515,GUYHPGUANSLONG-SNAWJCMRSA-N,cpd08305,,,C04114,CHEBI:17237,ctbt,META:CROTONO-BETAINE,EX_cpd08305_e0,ERR1620289_sub
cpd10516_e0,fe3-e0,55.845,0,0,SBO:0000247,MNXM196,VTLYFUHAOXGGBS-UHFFFAOYSA-N,cpd10516,HMDB12943,"['R-ALL-111736', 'R-ALL-912516', 'R-ALL-912519', 'R-ALL-917943', 'R-ALL-917966']",C14819,"['CHEBI:29034', 'CHEBI:13320', 'CHEBI:21130', 'CHEBI:24877', 'CHEBI:34755', 'CHEBI:49595']",fe3,META:FE+3,EX_cpd10516_e0,ERR1620289_sub
cpd00067_e0,H+-e0,1.00794,0,0,SBO:0000247,MNXM1,GPRLSGONYQIRFK-UHFFFAOYSA-N,cpd00067,HMDB59597,"['R-ALL-1132304', 'R-ALL-113529', 'R-ALL-1470067', 'R-ALL-156540', 'R-ALL-163953', 'R-ALL-193465', 'R-ALL-194688', 'R-ALL-2000349', 'R-ALL-2872447', 'R-ALL-351626', 'R-ALL-372511', 'R-ALL-374900', 'R-ALL-425969', 'R-ALL-425978', 'R-ALL-425999', 'R-ALL-427899', 'R-ALL-428040', 'R-ALL-428548', 'R-ALL-5668577', 'R-ALL-70106', 'R-ALL-74722']",C00080,"['CHEBI:15378', 'CHEBI:10744', 'CHEBI:13357', 'CHEBI:5584']",h,META:PROTON,EX_cpd00067_e0,ERR1620289_sub
cpd00367_e0,Cytidine-e0,243.21662,9,3,SBO:0000247,MNXM338,UHDGCWIWMRVCDJ-XVFCMESISA-N,cpd00367,HMDB00089,,C00475,"['CHEBI:17562', 'CHEBI:14063', 'CHEBI:23515', 'CHEBI:4053', 'CHEBI:41649', 'CHEBI:41686', 'CHEBI:41704', 'CHEBI:41709']",cytd,META:CYTIDINE,EX_cpd00367_e0,ERR1620289_sub
cpd00184_e0,Thymidine-e0,242.22856000000002,10,2,SBO:0000247,MNXM420,IQFYYKKMVGJFEH-XLPZGREQSA-N,cpd00184,HMDB00273,R-ALL-83928,C00214,"['CHEBI:17748', 'CHEBI:15244', 'CHEBI:19273', 'CHEBI:45782', 'CHEBI:45834', 'CHEBI:45917', 'CHEBI:45918', 'CHEBI:9579', 'CHEBI:53527']",thymd,META:THYMIDINE,EX_cpd00184_e0,ERR1620289_sub
cpd00309_e0,XAN-e0,152.11086,5,4,SBO:0000247,MNXM174,LRFVTYWOQMYALW-UHFFFAOYSA-N,cpd00309,HMDB00292,R-ALL-30064,C00385,"['CHEBI:15318', 'CHEBI:17712', 'CHEBI:10059', 'CHEBI:27317', 'CHEBI:46377', 'CHEBI:48517']",xan,META:XANTHINE,EX_cpd00309_e0,ERR1620289_sub
cpd00311_e0,Guanosine-e0,283.24072,10,5,SBO:0000247,MNXM401,NYHBQMYGNKIUIF-UUOKFMHZSA-N,cpd00311,HMDB00133,,C00387,"['CHEBI:16750', 'CHEBI:14375', 'CHEBI:24444', 'CHEBI:42840', 'CHEBI:42847', 'CHEBI:42853', 'CHEBI:471737', 'CHEBI:5564']",gsn,META:GUANOSINE,EX_cpd00311_e0,ERR1620289_sub
cpd00130_e0,L-Malate-e0,132.07156,4,0,SBO:0000247,MNXM98,BJEPYKJPYRNKOW-REOHCLBHSA-L,cpd00130,HMDB00156,"['R-ALL-113544', 'R-ALL-198498']",C00149,"['CHEBI:15589', 'CHEBI:11066', 'CHEBI:13140', 'CHEBI:18784', 'CHEBI:30797', 'CHEBI:18785', 'CHEBI:423']",mal__L,META:MAL,EX_cpd00130_e0,ERR1620289_sub
cpd00971_e0,Na+-e0,22.98977,0,0,SBO:0000247,MNXM27,FKNQFGJONOIPTF-UHFFFAOYSA-N,cpd00971,HMDB00588,"['R-ALL-2872443', 'R-ALL-2892454', 'R-ALL-425958', 'R-ALL-425971', 'R-ALL-425977', 'R-ALL-74113', 'R-ALL-83910']",C01330,"['CHEBI:29101', 'CHEBI:26717', 'CHEBI:49766', 'CHEBI:9175']",na1,META:NA+,EX_cpd00971_e0,ERR1620289_sub
cpd00137_e0,Citrate-e0,189.0997,6,0,SBO:0000247,MNXM131,KRKNYBCHXYNGOX-UHFFFAOYSA-K,cpd00137,HMDB00094,"['R-ALL-29654', 'R-ALL-433138', 'R-ALL-76190']",C00158,"['CHEBI:132362', 'CHEBI:133748', 'CHEBI:16947', 'CHEBI:13999', 'CHEBI:23321', 'CHEBI:42563', 'CHEBI:30769', 'CHEBI:23322', 'CHEBI:3727', 'CHEBI:41523', 'CHEBI:35802', 'CHEBI:35804', 'CHEBI:35806', 'CHEBI:35808', 'CHEBI:35809', 'CHEBI:35810', 'CHEBI:76049']",cit,META:CIT,EX_cpd00137_e0,ERR1620289_sub
cpd00035_e0,L-Alanine-e0,89.09318,3,1,SBO:0000247,MNXM32,QNAYBMKLOCPYGJ-REOHCLBHSA-N,cpd00035,"['HMDB00161', 'HMDB62251']","['R-ALL-29432', 'R-ALL-352036', 'R-ALL-379697', 'R-ALL-389664']","['C00041', 'C01401']","['CHEBI:16449', 'CHEBI:13748', 'CHEBI:22277', 'CHEBI:2539', 'CHEBI:16977', 'CHEBI:13069', 'CHEBI:21216', 'CHEBI:40734', 'CHEBI:40735', 'CHEBI:46308', 'CHEBI:6171', 'CHEBI:32431', 'CHEBI:32432', 'CHEBI:32439', 'CHEBI:32440', 'CHEBI:57972', 'CHEBI:66916', 'CHEBI:76050']",ala__L,META:L-ALPHA-ALANINE,EX_cpd00035_e0,ERR1620289_sub
cpd00053_e0,L-Glutamine-e0,146.1445,5,2,SBO:0000247,MNXM37,ZDXPYRJPNDTMRX-VKHMYHEASA-N,cpd00053,HMDB00641,"['R-ALL-113522', 'R-ALL-212615', 'R-ALL-29472']","['C00064', 'C00303']","['CHEBI:18050', 'CHEBI:13110', 'CHEBI:21308', 'CHEBI:42812', 'CHEBI:42814', 'CHEBI:42899', 'CHEBI:42943', 'CHEBI:6227', 'CHEBI:28300', 'CHEBI:24316', 'CHEBI:5432', 'CHEBI:32665', 'CHEBI:32666', 'CHEBI:32678', 'CHEBI:32679', 'CHEBI:58359']",gln__L,META:GLN,EX_cpd00053_e0,ERR1620289_sub
cpd00041_e0,L-Aspartate-e0,132.09474,4,1,SBO:0000247,MNXM42,CKLJMWTZIZZHCS-REOHCLBHSA-M,cpd00041,"['HMDB00191', 'HMDB62186', 'HMDB62501']","['R-ALL-113553', 'R-ALL-29448']","['C00049', 'C16433']","['CHEBI:132943', 'CHEBI:17053', 'CHEBI:21247', 'CHEBI:40853', 'CHEBI:40900', 'CHEBI:40913', 'CHEBI:40942', 'CHEBI:6193', 'CHEBI:22660', 'CHEBI:29991', 'CHEBI:13085', 'CHEBI:21244', 'CHEBI:29993', 'CHEBI:29995', 'CHEBI:35391', 'CHEBI:22659', 'CHEBI:29992']",asp__L,META:L-ASPARTATE,EX_cpd00041_e0,ERR1620289_sub
cpd00084_e0,L-Cysteine-e0,121.15818,3,1,SBO:0000247,MNXM738068,XUJNEKJLAYXESH-REOHCLBHSA-N,cpd00084,HMDB00574,"['R-ALL-111707', 'R-ALL-352016', 'R-ALL-379721', 'R-ALL-5668576']","['C00097', 'C00736']","['CHEBI:15356', 'CHEBI:14061', 'CHEBI:23508', 'CHEBI:4050', 'CHEBI:17561', 'CHEBI:13095', 'CHEBI:21261', 'CHEBI:41227', 'CHEBI:41700', 'CHEBI:41768', 'CHEBI:41781', 'CHEBI:41811', 'CHEBI:6207', 'CHEBI:32442', 'CHEBI:32443', 'CHEBI:32445', 'CHEBI:32456', 'CHEBI:32457', 'CHEBI:32458', 'CHEBI:35235', 'CHEBI:35237']",cys__L,META:CYS,EX_cpd00084_e0,ERR1620289_sub
cpd00107_e0,L-Leucine-e0,131.17292,6,1,SBO:0000247,MNXM140,ROHFNLRQFUQHCH-YFKPBYRVSA-N,cpd00107,"['HMDB00687', 'HMDB62203']","['R-ALL-113580', 'R-ALL-29588', 'R-ALL-351964']","['C00123', 'C16439']","['CHEBI:15603', 'CHEBI:10866', 'CHEBI:13131', 'CHEBI:21348', 'CHEBI:43646', 'CHEBI:43695', 'CHEBI:43733', 'CHEBI:43814', 'CHEBI:6260', 'CHEBI:25017', 'CHEBI:32619', 'CHEBI:32620', 'CHEBI:32627', 'CHEBI:32628', 'CHEBI:57427']",leu__L,META:LEU,EX_cpd00107_e0,ERR1620289_sub
cpd00322_e0,L-Isoleucine-e0,131.17292,6,1,SBO:0000247,MNXM231,AGPKZVBTJJNPAG-WHFBIAKZSA-N,cpd00322,HMDB00172,"['R-ALL-113537', 'R-ALL-30102']",C00407,"['CHEBI:17191', 'CHEBI:13127', 'CHEBI:21344', 'CHEBI:43290', 'CHEBI:43342', 'CHEBI:43366', 'CHEBI:6255', 'CHEBI:24898', 'CHEBI:32604', 'CHEBI:32605', 'CHEBI:32612', 'CHEBI:32613', 'CHEBI:58045']",ile__L,META:ILE,EX_cpd00322_e0,ERR1620289_sub
cpd00156_e0,L-Valine-e0,117.14634,5,1,SBO:0000247,MNXM199,KZSNJWFQEVHDMF-BYPYZUCNSA-N,cpd00156,"['HMDB00883', 'HMDB34366']","['R-ALL-113540', 'R-ALL-29702']","['C00183', 'C16436']","['CHEBI:16414', 'CHEBI:13186', 'CHEBI:21417', 'CHEBI:46282', 'CHEBI:46376', 'CHEBI:46418', 'CHEBI:46484', 'CHEBI:6321', 'CHEBI:27266', 'CHEBI:32851', 'CHEBI:32852', 'CHEBI:32859', 'CHEBI:32860', 'CHEBI:57762', 'CHEBI:87977']",val__L,META:VAL,EX_cpd00156_e0,ERR1620289_sub
cpd00119_e0,L-Histidine-e0,155.15456,6,3,SBO:0000247,MNXM134,HNDVDQJCIGZPNO-YFKPBYRVSA-N,cpd00119,"['HMDB00177', 'HMDB03412']","['R-ALL-29612', 'R-ALL-379695']","['C00135', 'C00768']","['CHEBI:15971', 'CHEBI:13117', 'CHEBI:21324', 'CHEBI:43048', 'CHEBI:43114', 'CHEBI:43190', 'CHEBI:43239', 'CHEBI:6240', 'CHEBI:27570', 'CHEBI:24598', 'CHEBI:43118', 'CHEBI:5733', 'CHEBI:32510', 'CHEBI:32511', 'CHEBI:32512', 'CHEBI:32513', 'CHEBI:32529', 'CHEBI:32530', 'CHEBI:32531', 'CHEBI:32532', 'CHEBI:57595']",his__L,META:HIS,EX_cpd00119_e0,ERR1620289_sub
cpd00069_e0,L-Tyrosine-e0,181.18854,9,1,SBO:0000247,MNXM76,OUYCCCASQSFEME-QMMMGPOBSA-N,cpd00069,"['HMDB00158', 'HMDB00647']","['R-ALL-29506', 'R-ALL-352030', 'R-ALL-379710', 'R-ALL-5668567']","['C00082', 'C01536']","['CHEBI:17895', 'CHEBI:13181', 'CHEBI:21411', 'CHEBI:46070', 'CHEBI:46161', 'CHEBI:6313', 'CHEBI:18186', 'CHEBI:15277', 'CHEBI:27176', 'CHEBI:9800', 'CHEBI:32760', 'CHEBI:32761', 'CHEBI:32762', 'CHEBI:32784', 'CHEBI:32785', 'CHEBI:32786', 'CHEBI:58315']",tyr__L,META:TYR,EX_cpd00069_e0,ERR1620289_sub
cpd00051_e0,L-Arginine-e0,175.2089,6,4,SBO:0000247,MNXM70,ODKSFYDXXFIFQN-BYPYZUCNSA-O,cpd00051,"['HMDB00517', 'HMDB62762']","['R-ALL-113530', 'R-ALL-29468', 'R-ALL-351977', 'R-ALL-374064']","['C00062', 'C02385']","['CHEBI:16467', 'CHEBI:13077', 'CHEBI:21235', 'CHEBI:42927', 'CHEBI:6185', 'CHEBI:29016', 'CHEBI:22616', 'CHEBI:2643', 'CHEBI:32681', 'CHEBI:32682', 'CHEBI:133495', 'CHEBI:32683', 'CHEBI:32695', 'CHEBI:32696', 'CHEBI:32697']",arg__L,META:ARG,EX_cpd00051_e0,ERR1620289_sub
cpd00039_e0,L-Lysine-e0,147.1955,6,2,SBO:0000247,MNXM78,KDXKERNSBIXSRK-YFKPBYRVSA-O,cpd00039,"['HMDB00182', 'HMDB03405', 'HMDB62809']","['R-ALL-29444', 'R-ALL-351979', 'R-ALL-351991']","['C00047', 'C16440']","['CHEBI:133538', 'CHEBI:18019', 'CHEBI:13135', 'CHEBI:21351', 'CHEBI:43950', 'CHEBI:6264', 'CHEBI:25094', 'CHEBI:32550', 'CHEBI:32551', 'CHEBI:32552', 'CHEBI:32563', 'CHEBI:32564', 'CHEBI:32565']",lys__L,META:LYS,EX_cpd00039_e0,ERR1620289_sub
cpd00066_e0,L-Phenylalanine-e0,165.18914,9,1,SBO:0000247,MNXM97,COLNVLDHVKWLRT-QMMMGPOBSA-N,cpd00066,"['HMDB00159', 'HMDB00612']","['R-ALL-29502', 'R-ALL-351993', 'R-ALL-379701']","['C00079', 'C02057']","['CHEBI:17295', 'CHEBI:13151', 'CHEBI:21370', 'CHEBI:44851', 'CHEBI:44885', 'CHEBI:45079', 'CHEBI:6282', 'CHEBI:28044', 'CHEBI:25984', 'CHEBI:8089', 'CHEBI:32486', 'CHEBI:32487', 'CHEBI:32504', 'CHEBI:32505', 'CHEBI:58095', 'CHEBI:76052']",phe__L,META:PHE,EX_cpd00066_e0,ERR1620289_sub
cpd00246_e0,Inosine-e0,268.22608,10,4,SBO:0000247,MNXM334,UGQMRVRMYYASKQ-KQYNXXCUSA-N,cpd00246,HMDB00195,"['R-ALL-83921', 'R-ALL-83927']",C00294,"['CHEBI:17596', 'CHEBI:14456', 'CHEBI:24841', 'CHEBI:44407', 'CHEBI:5927']",ins,META:INOSINE,EX_cpd00246_e0,ERR1620289_sub
cpd00182_e0,Adenosine-e0,267.24132,10,5,SBO:0000247,MNXM212,OIRDTQYFTABQOQ-KQYNXXCUSA-N,cpd00182,"['HMDB00050', 'HMDB04401', 'HMDB04402', 'HMDB04421']","['R-ALL-83908', 'R-ALL-83909', 'R-ALL-8857850']",C00212,"['CHEBI:16335', 'CHEBI:13734', 'CHEBI:22237', 'CHEBI:2472', 'CHEBI:40558', 'CHEBI:40825', 'CHEBI:40906', 'CHEBI:40911']",adn,META:ADENOSINE,EX_cpd00182_e0,ERR1620289_sub
cpd00013_e0,NH3-e0,18.03846,0,1,SBO:0000247,MNXM15,QGZKDVFQNNGYKY-UHFFFAOYSA-O,cpd00013,"['HMDB00051', 'HMDB41827']","['R-ALL-1132163', 'R-ALL-113561', 'R-ALL-140912', 'R-ALL-2022135', 'R-ALL-29382', 'R-ALL-31633', 'R-ALL-389843', 'R-ALL-5693978', 'R-ALL-76230']",C01342,CHEBI:28938,"['nh3', 'nh4']","['META:AMMONIA', 'META:AMMONIUM']",EX_cpd00013_e0,ERR1620289_sub
cpd00029_e0,Acetate-e0,59.044019999999996,2,0,SBO:0000247,MNXM26,QTBSBXVTEAMEQO-UHFFFAOYSA-M,cpd00029,HMDB00042,"['R-ALL-113539', 'R-ALL-1524044', 'R-ALL-2022890', 'R-ALL-29416', 'R-ALL-390305']",C00033,"['CHEBI:15366', 'CHEBI:22169', 'CHEBI:2387', 'CHEBI:40486', 'CHEBI:30089', 'CHEBI:13704', 'CHEBI:22165', 'CHEBI:40480']",ac,META:ACET,EX_cpd00029_e0,ERR1620289_sub
cpd04098_e0,Arsenite-e0,124.93567999999999,0,0,SBO:0000247,MNXM658,AQLMHYSWFMLWBS-UHFFFAOYSA-N,cpd04098,HMDB11620,R-ALL-5696216,C06697,"['CHEBI:29242', 'CHEBI:29243', 'CHEBI:29866', 'CHEBI:13857', 'CHEBI:2846', 'CHEBI:49900', 'CHEBI:22635', 'CHEBI:49899']",aso3,"['META:CPD-763', 'META:CPD0-2040']",EX_cpd04098_e0,ERR1620289_sub
cpd00132_e0,L-Asparagine-e0,132.11792,4,2,SBO:0000247,MNXM147,DCXYFEDJOCDNAF-REOHCLBHSA-N,cpd00132,HMDB00168,"['R-ALL-29642', 'R-ALL-379703']","['C00152', 'C16438']","['CHEBI:17196', 'CHEBI:13083', 'CHEBI:21242', 'CHEBI:40902', 'CHEBI:6191', 'CHEBI:22653', 'CHEBI:32650', 'CHEBI:32651', 'CHEBI:32660', 'CHEBI:32661', 'CHEBI:58048']",asn__L,META:ASN,EX_cpd00132_e0,ERR1620289_sub
cpd00063_e0,Ca2+-e0,40.078,0,0,SBO:0000247,MNXM128,BHPQYMZQTOCNFJ-UHFFFAOYSA-N,cpd00063,HMDB00464,"['R-ALL-111875', 'R-ALL-139827', 'R-ALL-1606834', 'R-ALL-167012', 'R-ALL-2855229', 'R-ALL-74016', 'R-ALL-74112']",C00076,"['CHEBI:29108', 'CHEBI:22988', 'CHEBI:3308', 'CHEBI:48760', 'CHEBI:39123']",ca2,META:CA+2,EX_cpd00063_e0,ERR1620289_sub
cpd01012_e0,Cd2+-e0,112.411,0,0,SBO:0000247,MNXM4505,WLZRMCYVCSSEQC-UHFFFAOYSA-N,cpd01012,HMDB03638,,C01413,"['CHEBI:48775', 'CHEBI:3290', 'CHEBI:48773']",cd2,META:CD+2,EX_cpd01012_e0,ERR1620289_sub
cpd00058_e0,Cu2+-e0,63.546,0,0,SBO:0000247,MNXM632,JPVYNHNXODAKFH-UHFFFAOYSA-N,cpd00058,HMDB00657,"['R-ALL-209799', 'R-ALL-437295', 'R-ALL-936901']",C00070,"['CHEBI:29036', 'CHEBI:20882', 'CHEBI:23380', 'CHEBI:49550']",cu2,META:CU+2,EX_cpd00058_e0,ERR1620289_sub
cpd10515_e0,Fe2+-e0,55.845,0,0,SBO:0000247,MNXM111,CWYNVVGOOAEACU-UHFFFAOYSA-N,cpd10515,HMDB00692,,C14818,"['CHEBI:29033', 'CHEBI:13319', 'CHEBI:13321', 'CHEBI:21129', 'CHEBI:24876', 'CHEBI:34754', 'CHEBI:49599']",fe2,META:FE+2,EX_cpd10515_e0,ERR1620289_sub
cpd00047_e0,Formate-e0,45.01744,1,0,SBO:0000247,MNXM39,BDAGIHXWWSANSR-UHFFFAOYSA-M,cpd00047,HMDB00142,"['R-ALL-194712', 'R-ALL-29460', 'R-ALL-389585', 'R-ALL-6801451']",C00058,"['CHEBI:15740', 'CHEBI:14276', 'CHEBI:24081', 'CHEBI:30751', 'CHEBI:24082', 'CHEBI:42460', 'CHEBI:5145']",for,"['META:CARBOXYL-GROUP', 'META:CPD-9845', 'META:CPD1G-1532', 'META:CPD1G-1533', 'META:CPD1G-1534', 'META:CPD1G-1535', 'META:FORMATE']",EX_cpd00047_e0,ERR1620289_sub
cpd00106_e0,Fumarate-e0,114.05628,4,0,SBO:0000247,MNXM93,VZCYOOQTPOCHFL-OWOJBTEDSA-L,cpd00106,HMDB00134,"['R-ALL-113588', 'R-ALL-29586']",C00122,"['CHEBI:18012', 'CHEBI:24124', 'CHEBI:42743', 'CHEBI:5190', 'CHEBI:22958', 'CHEBI:29806', 'CHEBI:14284', 'CHEBI:24122', 'CHEBI:42511', 'CHEBI:36180', 'CHEBI:22956', 'CHEBI:22957', 'CHEBI:37154', 'CHEBI:37155']",fum,META:FUM,EX_cpd00106_e0,ERR1620289_sub
cpd00108_e0,Galactose-e0,180.15588,6,0,SBO:0000247,MNXM390,WQZGKKKJIJFFOK-PHYPRBDBSA-N,cpd00108,"['HMDB00143', 'HMDB05762']",,"['C00124', 'C00984']","['CHEBI:12936', 'CHEBI:28061', 'CHEBI:10231', 'CHEBI:22373', 'CHEBI:42741', 'CHEBI:4139']",gal,"['META:ALPHA-D-GALACTOSE', 'META:D-galactopyranose']",EX_cpd00108_e0,ERR1620289_sub
cpd00222_e0,GLCN-e0,195.14734,6,0,SBO:0000247,MNXM341,RGHNJXZEOKUKBD-SQOUGZDYSA-M,cpd00222,"['HMDB00625', 'HMDB03373']",,C00257,"['CHEBI:18391', 'CHEBI:12955', 'CHEBI:20983', 'CHEBI:20985', 'CHEBI:24265', 'CHEBI:24266', 'CHEBI:33198', 'CHEBI:20986', 'CHEBI:4157', 'CHEBI:42715']","['glcn', 'glcn__D']",META:GLUCONATE,EX_cpd00222_e0,ERR1620289_sub
cpd00033_e0,Glycine-e0,75.0666,2,1,SBO:0000247,MNXM29,DHMQDGOQFOQNFH-UHFFFAOYSA-N,cpd00033,HMDB00123,"['R-ALL-113545', 'R-ALL-159549', 'R-ALL-193446', 'R-ALL-266029', 'R-ALL-29424']",C00037,"['CHEBI:15428', 'CHEBI:10792', 'CHEBI:14344', 'CHEBI:24368', 'CHEBI:42964', 'CHEBI:5460', 'CHEBI:32507', 'CHEBI:32508', 'CHEBI:57305']",gly,META:GLY,EX_cpd00033_e0,ERR1620289_sub
cpd00121_e0,L-Inositol-e0,180.15588,6,0,SBO:0000247,MNXM127,CDAISMWEOUEBRE-GPIVLXJGSA-N,cpd00121,"['HMDB00211', 'HMDB02256', 'HMDB34220']","['R-ALL-426910', 'R-ALL-429130']","['C00137', 'C19891']","['CHEBI:17268', 'CHEBI:10601', 'CHEBI:12826', 'CHEBI:12831', 'CHEBI:25451', 'CHEBI:43559', 'CHEBI:24848', 'CHEBI:27372', 'CHEBI:19183', 'CHEBI:4200', 'CHEBI:52772']",inost,"['META:CPD-8052', 'META:MYO-INOSITOL']",EX_cpd00121_e0,ERR1620289_sub
cpd00205_e0,K+-e0,39.0983,0,0,SBO:0000247,MNXM95,NPYPAHLBTDXSSS-UHFFFAOYSA-N,cpd00205,HMDB00586,"['R-ALL-29804', 'R-ALL-5626313', 'R-ALL-74126']",C00238,"['CHEBI:29103', 'CHEBI:26219', 'CHEBI:49685', 'CHEBI:8345']",k,META:K+,EX_cpd00205_e0,ERR1620289_sub
cpd00208_e0,LACT-e0,342.29648000000003,12,0,SBO:0000247,MNXM362,GUBGYTABKSRVRQ-QKKXKWKRSA-N,cpd00208,HMDB41627,,"['C00243', 'C01970']","['CHEBI:17716', 'CHEBI:10296', 'CHEBI:10380', 'CHEBI:14497', 'CHEBI:22460', 'CHEBI:22760', 'CHEBI:25005', 'CHEBI:27755', 'CHEBI:27968', 'CHEBI:28577', 'CHEBI:613009', 'CHEBI:36218', 'CHEBI:10428', 'CHEBI:22846', 'CHEBI:35463', 'CHEBI:43665']",lcts,"['META:CPD-15971', 'META:CPD-15972']",EX_cpd00208_e0,ERR1620289_sub
cpd00159_e0,L-Lactate-e0,89.07,3,0,SBO:0000247,MNXM179,JVTAAEKCZFNVCJ-REOHCLBHSA-M,cpd00159,"['HMDB00190', 'HMDB03328', 'HMDB62492']","['R-ALL-29708', 'R-ALL-373863', 'R-ALL-6807616']",C00186,"['CHEBI:16651', 'CHEBI:11065', 'CHEBI:12411', 'CHEBI:18783', 'CHEBI:422']",lac__L,META:L-LACTATE,EX_cpd00159_e0,ERR1620289_sub
cpd01262_e0,Amylotriose-e0,504.43708,18,0,SBO:0000247,MNXM468,FYGDTMLNYKFZSV-PXXRMHSHSA-N,cpd01262,HMDB01262,R-ALL-191103,C01835,"['CHEBI:27931', 'CHEBI:25146', 'CHEBI:43937', 'CHEBI:6672', 'CHEBI:61993']",malttr,META:MALTOTRIOSE,EX_cpd01262_e0,ERR1620289_sub
cpd00138_e0,D-Mannose-e0,180.15588,6,0,SBO:0000247,MNXM182,WQZGKKKJIJFFOK-QTVWNMPRSA-N,cpd00138,HMDB00169,"['R-ALL-429579', 'R-ALL-6799594', 'R-ALL-964752']",C00159,"['CHEBI:16024', 'CHEBI:12999', 'CHEBI:21057', 'CHEBI:37684', 'CHEBI:14575', 'CHEBI:33930', 'CHEBI:4208']",man,META:D-mannopyranose,EX_cpd00138_e0,ERR1620289_sub
cpd00060_e0,L-Methionine-e0,149.21134,5,1,SBO:0000247,MNXM61,FFEARJCKVFRZRR-BYPYZUCNSA-N,cpd00060,"['HMDB00696', 'HMDB33951']","['R-ALL-1130765', 'R-ALL-174390', 'R-ALL-379705']","['C00073', 'C01733']","['CHEBI:16643', 'CHEBI:13141', 'CHEBI:21360', 'CHEBI:43990', 'CHEBI:6271', 'CHEBI:16811', 'CHEBI:14590', 'CHEBI:25229', 'CHEBI:6829', 'CHEBI:32631', 'CHEBI:32632', 'CHEBI:32644', 'CHEBI:32646', 'CHEBI:57844', 'CHEBI:64558']",met__L,META:MET,EX_cpd00060_e0,ERR1620289_sub
cpd11574_e0,Molybdate-e0,161.95347999999998,0,0,SBO:0000247,MNXM1026,MEFBJEMVZONFCJ-UHFFFAOYSA-N,cpd11574,HMDB12260,R-ALL-947561,C06232,"['CHEBI:25371', 'CHEBI:36263', 'CHEBI:36264', 'CHEBI:25368', 'CHEBI:6967']",mobd,META:CPD-3,EX_cpd11574_e0,ERR1620289_sub
cpd00064_e0,Ornithine-e0,133.16892,5,2,SBO:0000247,MNXM89689,AHLPHDHHMVZTML-BYPYZUCNSA-O,cpd00064,"['HMDB00214', 'HMDB00818', 'HMDB04984', 'HMDB32455', 'HMDB62654', 'HMDB62718']","['R-ALL-113585', 'R-ALL-113586', 'R-ALL-29498']","['C00077', 'C01602']","['CHEBI:15729', 'CHEBI:13148', 'CHEBI:21367', 'CHEBI:6280', 'CHEBI:18257', 'CHEBI:7784', 'CHEBI:32964', 'CHEBI:11448', 'CHEBI:19370', 'CHEBI:44667', 'CHEBI:46911', 'CHEBI:46912', 'CHEBI:46913', 'CHEBI:46914']","['orn', 'orn__L']",META:L-ORNITHINE,EX_cpd00064_e0,ERR1620289_sub
cpd00012_e0,PPi-e0,174.951262,0,0,SBO:0000247,MNXM11,XPPKVPWEQAFLFU-UHFFFAOYSA-K,cpd00012,HMDB00250,"['R-ALL-111294', 'R-ALL-1132084', 'R-ALL-113541', 'R-ALL-113542', 'R-ALL-159450', 'R-ALL-2046049', 'R-ALL-389593', 'R-ALL-6806656', 'R-ALL-8878981', 'R-ALL-8938078']",C00013,CHEBI:33019,ppi,"['META:PPI', 'META:PYROPHOSPHATE-GROUP']",EX_cpd00012_e0,ERR1620289_sub
cpd01132_e0,Puromycin-e0,472.51750000000004,22,7,SBO:0000247,MNXM3088,RXWNCPJZOCPEPQ-NVWDDTSBSA-O,cpd01132,,,C01610,"['CHEBI:17939', 'CHEBI:14970', 'CHEBI:26402', 'CHEBI:45182', 'CHEBI:8641', 'CHEBI:60255']",pur,META:PUROMYCIN,EX_cpd01132_e0,ERR1620289_sub
cpd00396_e0,L-Rhamnose-e0,164.15648,6,0,SBO:0000247,MNXM2967,PNNNRSAQSRJVSB-BXKVDMCESA-N,cpd00396,HMDB00849,,C00507,"['CHEBI:16055', 'CHEBI:13160', 'CHEBI:21378', 'CHEBI:45427', 'CHEBI:57622', 'CHEBI:6292', 'CHEBI:26546', 'CHEBI:62345', 'CHEBI:62346']",rmn,"['META:CPD-15405', 'META:L-rhamnopyranose', 'META:L-rhamnose']",EX_cpd00396_e0,ERR1620289_sub
cpd00036_e0,Succinate-e0,116.07216,4,0,SBO:0000247,MNXM25,KDYFGRWQOYBRFD-UHFFFAOYSA-L,cpd00036,HMDB00254,"['R-ALL-113536', 'R-ALL-159939', 'R-ALL-29434', 'R-ALL-389583', 'R-ALL-433123', 'R-ALL-5278787']",C00042,"['CHEBI:15741', 'CHEBI:22943', 'CHEBI:26807', 'CHEBI:45639', 'CHEBI:9304', 'CHEBI:30031', 'CHEBI:15125', 'CHEBI:22941', 'CHEBI:26803', 'CHEBI:30779', 'CHEBI:90372', 'CHEBI:132287']",succ,META:SUC,EX_cpd00036_e0,ERR1620289_sub
cpd00065_e0,L-Tryptophan-e0,204.22518000000002,11,2,SBO:0000247,MNXM94,QIVBCDIJIAJPQS-VIFPVBQESA-N,cpd00065,"['HMDB00929', 'HMDB30396']","['R-ALL-29500', 'R-ALL-352006', 'R-ALL-379709']","['C00078', 'C00806']","['CHEBI:16828', 'CHEBI:13178', 'CHEBI:184633', 'CHEBI:21407', 'CHEBI:45988', 'CHEBI:46086', 'CHEBI:46125', 'CHEBI:46225', 'CHEBI:6310', 'CHEBI:27897', 'CHEBI:27163', 'CHEBI:9769', 'CHEBI:32702', 'CHEBI:32704', 'CHEBI:32727', 'CHEBI:32728', 'CHEBI:57912', 'CHEBI:64554']",trp__L,META:TRP,EX_cpd00065_e0,ERR1620289_sub
cpd00280_e0,D-Galacturonate-e0,193.13146,6,0,SBO:0000247,MNXM48464,AEMOLEFTQBMNLQ-YMDCURPLSA-M,cpd00280,,,C00333,"['CHEBI:18024', 'CHEBI:20976', 'CHEBI:20978', 'CHEBI:4153', 'CHEBI:75525']",galur,META:D-Galactopyranuronate,EX_cpd00280_e0,ERR1620289_sub
cpd01217_e0,Xanthosine-e0,284.22548,10,4,SBO:0000247,MNXM687,UBORTCNDUKBEOP-UUOKFMHZSA-N,cpd01217,HMDB00299,,C01762,"['CHEBI:18107', 'CHEBI:10066', 'CHEBI:15323', 'CHEBI:27327']",xtsn,META:XANTHOSINE,EX_cpd01217_e0,ERR1620289_sub
cpd00099_e0,Cl--e0,35.453,0,0,SBO:0000247,MNXM43,VEXZGXHMUGYJMC-UHFFFAOYSA-M,cpd00099,"['HMDB00492', 'HMDB02073', 'HMDB02306', 'HMDB02162']","['R-ALL-188972', 'R-ALL-2730999', 'R-ALL-2731008', 'R-ALL-2731020', 'R-ALL-29572', 'R-ALL-3301973', 'R-ALL-352022']","['C00698', 'C01327']","['CHEBI:17883', 'CHEBI:13364', 'CHEBI:24635', 'CHEBI:5590', 'CHEBI:17996', 'CHEBI:13291', 'CHEBI:13970', 'CHEBI:3616', 'CHEBI:3731', 'CHEBI:48804', 'CHEBI:50315']",cl,"['META:CL-', 'META:HCL']",EX_cpd00099_e0,ERR1620289_sub
cpd00221_e0,D-Lactate-e0,89.07,3,0,SBO:0000247,MNXM285,JVTAAEKCZFNVCJ-UWTATZPHSA-M,cpd00221,"['HMDB01311', 'HMDB00171']",,C00256,"['CHEBI:16004', 'CHEBI:11001', 'CHEBI:18684', 'CHEBI:42111', 'CHEBI:341', 'CHEBI:42105', 'CHEBI:43701']",lac__D,META:D-LACTATE,EX_cpd00221_e0,ERR1620289_sub
cpd01107_e0,Decanoate-e0,171.25666,10,0,SBO:0000247,MNXM1043,GHVNFZFCNZKVNT-UHFFFAOYSA-M,cpd01107,HMDB00511,,C01571,"['CHEBI:27689', 'CHEBI:125804', 'CHEBI:23570', 'CHEBI:30813', 'CHEBI:23572', 'CHEBI:41906', 'CHEBI:4347']",,META:CPD-3617,EX_cpd01107_e0,ERR1620289_sub
cpd01741_e0,ddca-e0,199.30982,12,0,SBO:0000247,MNXM402,POULHZVOKOAJMA-UHFFFAOYSA-M,cpd01741,HMDB00638,R-ALL-33549,C02679,"['CHEBI:18262', 'CHEBI:14187', 'CHEBI:23863', 'CHEBI:30805', 'CHEBI:23864', 'CHEBI:23865', 'CHEBI:41882', 'CHEBI:4680']",,META:DODECANOATE,EX_cpd01741_e0,ERR1620289_sub
cpd03847_e0,Myristic acid-e0,227.36298,14,0,SBO:0000247,MNXM314,TUNFSRHWOTWDNC-UHFFFAOYSA-M,cpd03847,HMDB00806,,C06424,"['CHEBI:28875', 'CHEBI:26897', 'CHEBI:278516', 'CHEBI:44232', 'CHEBI:7056', 'CHEBI:73168', 'CHEBI:30807', 'CHEBI:35292']",,META:CPD-7836,EX_cpd03847_e0,ERR1620289_sub
cpd15298_e0,tetradecenoate-e0,225.3471,14,0,SBO:0000247,MNXM83847,,cpd15298,,,,"['CHEBI:36004', 'CHEBI:78896']",,,EX_cpd15298_e0,ERR1620289_sub
cpd00214_e0,Palmitate-e0,255.41613999999998,16,0,SBO:0000247,MNXM108,IPCSVZSSVZVIGE-UHFFFAOYSA-M,cpd00214,"['HMDB00220', 'HMDB60083']","['R-ALL-2453691', 'R-ALL-3632881', 'R-ALL-390435', 'R-ALL-426576', 'R-ALL-5690516', 'R-ALL-76168']",C00249,"['CHEBI:15756', 'CHEBI:14730', 'CHEBI:233028', 'CHEBI:24540', 'CHEBI:24541', 'CHEBI:24542', 'CHEBI:24550', 'CHEBI:29889', 'CHEBI:35978', 'CHEBI:44952', 'CHEBI:7896', 'CHEBI:231736']",hdca,META:PALMITATE,EX_cpd00214_e0,ERR1620289_sub
cpd15237_e0,hexadecenoate-e0,253.40026,16,0,SBO:0000247,MNXM900,,cpd15237,,,,,,,EX_cpd15237_e0,ERR1620289_sub
cpd01080_e0,ocdca-e0,283.4693,18,0,SBO:0000247,MNXM236,QIQXTHQIDYTFRH-UHFFFAOYSA-M,cpd01080,HMDB00827,R-ALL-428198,C01530,"['CHEBI:25629', 'CHEBI:231588', 'CHEBI:28842', 'CHEBI:25631', 'CHEBI:45710']",ocdca,META:STEARIC_ACID,EX_cpd01080_e0,ERR1620289_sub
cpd15269_e0,octadecenoate-e0,281.45342,18,0,SBO:0000247,MNXM65309,,cpd15269,,,,"['CHEBI:25634', 'CHEBI:78049']",,,EX_cpd15269_e0,ERR1620289_sub
cpd01113_e0,Hexanoate-e0,115.15034,6,0,SBO:0000247,MNXM1653,FUZZWVXGSFPDMH-UHFFFAOYSA-M,cpd01113,"['HMDB00535', 'HMDB61883']",,C01585,"['CHEBI:17120', 'CHEBI:14398', 'CHEBI:24569', 'CHEBI:30776', 'CHEBI:24571', 'CHEBI:40213', 'CHEBI:5702']",hxa,META:HEXANOATE,EX_cpd01113_e0,ERR1620289_sub
cpd03846_e0,octanoate-e0,143.2035,8,0,SBO:0000247,MNXM750,WWZKQHOCKIZLMA-UHFFFAOYSA-M,cpd03846,"['HMDB00482', 'HMDB62511']",,C06423,"['CHEBI:25646', 'CHEBI:28837', 'CHEBI:25648', 'CHEBI:3373', 'CHEBI:44501']",octa,META:CPD-195,EX_cpd03846_e0,ERR1620289_sub
cpd11640_e0,H2-e0,2.01588,0,0,SBO:0000247,MNXM195,UFHFLCQGNIYNRP-UHFFFAOYSA-N,cpd11640,HMDB01362,R-ALL-113555,C00282,"['CHEBI:18276', 'CHEBI:13350', 'CHEBI:25363', 'CHEBI:5785', 'CHEBI:29294', 'CHEBI:29298', 'CHEBI:29299']",h2,META:HYDROGEN-MOLECULE,EX_cpd11640_e0,ERR1620289_sub
cpd00531_e0,Hg2+-e0,200.59,0,0,SBO:0000247,MNXM1562,BQPIGGFYSBELGY-UHFFFAOYSA-N,cpd00531,HMDB03625,,C00703,"['CHEBI:16793', 'CHEBI:13370', 'CHEBI:25199', 'CHEBI:25200', 'CHEBI:49640', 'CHEBI:5714']",hg2,META:HG+2,EX_cpd00531_e0,ERR1620289_sub
cpd03587_e0,kdo2-lipid a-e0,2232.6707619999997,110,2,SBO:0000247,MNXM946,DIXUKJUHGLIZGU-OIPVZEHTSA-H,cpd03587,,,C06026,"['CHEBI:27963', 'CHEBI:23656', 'CHEBI:4476', 'CHEBI:58540']",lipa,,EX_cpd03587_e0,ERR1620289_sub
cpd01399_e0,Maltotetraose-e0,666.57768,24,0,SBO:0000247,MNXM5663,LUEWUZLMQUOBSB-ZLBHSGTGSA-N,cpd01399,HMDB01296,,"['C02013', 'C02052']","['CHEBI:28460', 'CHEBI:25145', 'CHEBI:44299', 'CHEBI:6671', 'CHEBI:61988', 'CHEBI:62974']",maltttr,"['META:CPD-13205', 'META:CPD0-2595', 'META:MALTOTETRAOSE']",EX_cpd01399_e0,ERR1620289_sub
cpd00254_e0,Mg-e0,24.305,0,0,SBO:0000247,MNXM653,JLVVSXFLKOJNIY-UHFFFAOYSA-N,cpd00254,HMDB00547,"['R-ALL-109496', 'R-ALL-114632', 'R-ALL-29926', 'R-ALL-5336432']",C00305,"['CHEBI:18420', 'CHEBI:13379', 'CHEBI:25112', 'CHEBI:49736', 'CHEBI:6635', 'CHEBI:39127']",mg2,META:MG+2,EX_cpd00254_e0,ERR1620289_sub
cpd00794_e0,TRHL-e0,342.29648000000003,12,0,SBO:0000247,MNXM198,HDTRYLNUVZCQOY-LIZSDCNHSA-N,cpd00794,HMDB00975,"['R-ALL-189078', 'R-ALL-868614']",C01083,"['CHEBI:16551', 'CHEBI:10202', 'CHEBI:12281', 'CHEBI:12284', 'CHEBI:12287', 'CHEBI:15251', 'CHEBI:22365', 'CHEBI:46211', 'CHEBI:27082']",tre,"['META:CPD-15990', 'META:TREHALOSE']",EX_cpd00794_e0,ERR1620289_sub
cpd00305_e0,Thiamin-e0,265.35458,12,4,SBO:0000247,MNXM161565,MYVIATVLJGTBFV-UHFFFAOYSA-M,cpd00305,,,,CHEBI:33283,thm,,EX_cpd00305_e0,ERR1620289_sub
cpd00076_e0,Sucrose-e0,342.29648000000003,12,0,SBO:0000247,MNXM167,CZMRCDWAGMRECN-UGDNZRGBSA-N,cpd00076,HMDB00258,R-ALL-188980,C00089,"['CHEBI:17992', 'CHEBI:15128', 'CHEBI:26812', 'CHEBI:45795', 'CHEBI:9314']",sucr,META:SUCROSE,EX_cpd00076_e0,ERR1620289_sub
cpd00105_e0,D-Ribose-e0,150.1299,5,0,SBO:0000247,MNXM242,HMFHBZSHGGEWLO-SOOFDHNKSA-N,cpd00105,HMDB00283,,"['C00121', 'C21057']","['CHEBI:16988', 'CHEBI:13011', 'CHEBI:21078', 'CHEBI:47006', 'CHEBI:47013', 'CHEBI:4233', 'CHEBI:46999']",rib__D,"['META:D-Ribofuranose', 'META:D-Ribopyranose']",EX_cpd00105_e0,ERR1620289_sub
cpd00082_e0,D-Fructose-e0,180.15588,6,0,SBO:0000247,MNXM175,RFSUNEUAIZKAJO-VRPWFDPXSA-N,cpd00082,HMDB62538,"['R-ALL-189049', 'R-ALL-29532']","['C00095', 'C01496', 'C05003', 'C10906']","['CHEBI:15824', 'CHEBI:12923', 'CHEBI:20929', 'CHEBI:4118', 'CHEBI:28757', 'CHEBI:24104', 'CHEBI:24110', 'CHEBI:5172', 'CHEBI:37714', 'CHEBI:37721', 'CHEBI:48095', 'CHEBI:4119', 'CHEBI:47424']",fru,"['META:CPD-15382', 'META:D-Fructopyranose', 'META:FRU', 'META:Fructofuranose']",EX_cpd00082_e0,ERR1620289_sub
cpd04097_e0,Pb-e0,207.2,0,0,SBO:0000247,MNXM19009,VTGDHUQFKRUPJV-UHFFFAOYSA-N,cpd04097,,,,,,,EX_cpd04097_e0,ERR1620289_sub
cpd00081_e0,Sulfite-e0,81.07114,0,0,SBO:0000247,MNXM105630,LSNNMFCWUKXFEE-UHFFFAOYSA-L,cpd00081,"['HMDB00240', 'HMDB01033', 'HMDB03008', 'HMDB34829']",,"['C00094', 'C11481']","['CHEBI:17137', 'CHEBI:13367', 'CHEBI:5598', 'CHEBI:17359', 'CHEBI:15139', 'CHEBI:45548', 'CHEBI:29214', 'CHEBI:33543', 'CHEBI:48854', 'CHEBI:26837', 'CHEBI:9344']",so3,"['META:H2SO3', 'META:HSO3', 'META:SO3']",EX_cpd00081_e0,ERR1620289_sub
cpd00010_e0,CoA-e0,763.502363,21,7,SBO:0000247,MNXM12,RGJOEKWQDUBAIZ-IBOSZNHHSA-J,cpd00010,"['HMDB01423', 'HMDB62184']","['R-ALL-162743', 'R-ALL-1678675', 'R-ALL-193514', 'R-ALL-2485002', 'R-ALL-29374', 'R-ALL-76194', 'R-ALL-8939024']",C00010,CHEBI:57287,coa,"['META:CO-A', 'META:COA-GROUP']",EX_cpd00010_e0,ERR1620289_sub
cpd15494_e0,Maltoheptaose-e0,1152.99948,42,0,SBO:0000247,MNXM61025,ZHZITDGOAFCURV-VVTKTIMZSA-N,cpd15494,HMDB13000,,,CHEBI:62010,malthp,META:CPD0-1133,EX_cpd15494_e0,ERR1620289_sub
cpd11976_e0,Maltodextrin-e0,666.57768,24,0,SBO:0000247,MNXM60163,,cpd11976,HMDB37138,,"['C01935', 'C00718']","['CHEBI:18398', 'CHEBI:14514', 'CHEBI:25139', 'CHEBI:6666', 'CHEBI:25140']",,META:Maltodextrins,EX_cpd11976_e0,ERR1620289_sub
cpd00276_e0,GLUM-e0,180.17906,6,1,SBO:0000247,MNXM533,MSWZFWKMSRAUBD-IVMDWMLBSA-O,cpd00276,"['HMDB01514', 'HMDB06479', 'HMDB15410']",R-ALL-6786660,C00329,"['CHEBI:17315', 'CHEBI:12961', 'CHEBI:47977', 'CHEBI:4162', 'CHEBI:47972', 'CHEBI:5417', 'CHEBI:58723']",gam,META:GLUCOSAMINE,EX_cpd00276_e0,ERR1620289_sub
cpd00100_e0,Glycerol-e0,92.09382,3,0,SBO:0000247,MNXM89612,PEDCQBHIVMGVHV-UHFFFAOYSA-N,cpd00100,HMDB00131,"['R-ALL-192438', 'R-ALL-76116']",C00116,"['CHEBI:17754', 'CHEBI:131422', 'CHEBI:14334', 'CHEBI:24351', 'CHEBI:42998', 'CHEBI:5448']",glyc,META:GLYCEROL,EX_cpd00100_e0,ERR1620289_sub
cpd00306_e0,Xylitol-e0,152.14578,5,0,SBO:0000247,MNXM510,HEBKCHPVOIAQTA-SCDXWVJYSA-N,cpd00306,,R-ALL-5660033,C00379,"['CHEBI:17151', 'CHEBI:10078', 'CHEBI:15328', 'CHEBI:253147', 'CHEBI:27339', 'CHEBI:46522', 'CHEBI:60939']",xylt,META:XYLITOL,EX_cpd00306_e0,ERR1620289_sub
cpd00185_e0,D-Arabinose-e0,150.1299,5,0,SBO:0000247,MNXM544,SRBFZHDQGSBBOR-ZRMNMSDTSA-N,cpd00185,,,C00216,CHEBI:46994,arab__D,META:D-arabinopyranose,EX_cpd00185_e0,ERR1620289_sub
cpd00314_e0,D-Mannitol-e0,182.17176,6,0,SBO:0000247,MNXM615,FBPFZTCFMRRESA-KVTDHHQDSA-N,cpd00314,"['HMDB00765', 'HMDB01363']",,C00392,"['CHEBI:16899', 'CHEBI:12996', 'CHEBI:130180', 'CHEBI:21050', 'CHEBI:44192', 'CHEBI:6686', 'CHEBI:29864', 'CHEBI:14574', 'CHEBI:25163']",mnl,META:MANNITOL,EX_cpd00314_e0,ERR1620289_sub
cpd00158_e0,CELB-e0,342.29648000000003,12,0,SBO:0000247,MNXM776,GUBGYTABKSRVRQ-CUHNMECISA-N,cpd00158,,,,"['CHEBI:17057', 'CHEBI:13952', 'CHEBI:23061', 'CHEBI:28108', 'CHEBI:3522']",,META:CPD-15975,EX_cpd00158_e0,ERR1620289_sub
cpd11451_e0,mql7-e0,651.01504,46,0,SBO:0000247,MNXM89812,PTWSIIUEOFZCHW-NTCAYCPXSA-N,cpd11451,,,,,,,EX_cpd11451_e0,ERR1620289_sub
cpd11606_e0,Menaquinone 7-e0,648.9991600000001,46,0,SBO:0000247,MNXM12236,RAKQPZMEYJZGPI-LJWNYQGCSA-N,cpd11606,,,,CHEBI:44245,mqn7,META:CPD-9718,EX_cpd11606_e0,ERR1620289_sub
cpd17026_e0,methymenaquinol 7-e0,665.04162,47,0,SBO:0000247,MNXM1843,,cpd17026,,,,,,,EX_cpd17026_e0,ERR1620289_sub
cpd17027_e0,methylmenaquinone 7-e0,663.0257399999999,47,0,SBO:0000247,MNXM1755,,cpd17027,,,,,,,EX_cpd17027_e0,ERR1620289_sub
cpd01133_e0,Stachyose-e0,666.57768,24,0,SBO:0000247,MNXM1503,UQZIYBXSHAGNOE-XNSRJBNMSA-N,cpd01133,HMDB03553,,C01613,"['CHEBI:17164', 'CHEBI:15105', 'CHEBI:26749', 'CHEBI:9248']","['stchs', 'stys']",META:CPD-170,EX_cpd01133_e0,ERR1620289_sub
cpd00180_e0,Oxalate-e0,88.019,2,0,SBO:0000247,MNXM291,MUBZPKHOEPUJKR-UHFFFAOYSA-L,cpd00180,HMDB02329,R-ALL-389819,C00209,"['CHEBI:132952', 'CHEBI:16995', 'CHEBI:25730', 'CHEBI:44583', 'CHEBI:7811', 'CHEBI:30623', 'CHEBI:14702', 'CHEBI:25729', 'CHEBI:44820', 'CHEBI:46904']",oxa,META:OXALATE,EX_cpd00180_e0,ERR1620289_sub
cpd28763_e0,Inulin-e0,1963.70248,72,0,SBO:0000247,MNXM57547,,cpd28763,HMDB14776,,,"['CHEBI:15443', 'CHEBI:10799', 'CHEBI:10845', 'CHEBI:169', 'CHEBI:18519', 'CHEBI:24854']",,META:Inulin,EX_cpd28763_e0,ERR1620289_sub
cpd02733_e0,Deoxycholate-e0,391.56406,24,0,SBO:0000247,MNXM57907,KXGVEGMKQFWNSR-LLQZFEROSA-M,cpd02733,HMDB00626,,C04483,"['CHEBI:23614', 'CHEBI:28834', 'CHEBI:1687', 'CHEBI:23616', 'CHEBI:42317']",dchac,META:DEOXYCHOLATE,EX_cpd02733_e0,ERR1620289_sub
cpd01354_e0,beta-Lactose-e0,342.29648000000003,12,0,SBO:0000247,MNXM362,GUBGYTABKSRVRQ-QKKXKWKRSA-N,cpd01354,HMDB41627,,"['C00243', 'C01970']","['CHEBI:17716', 'CHEBI:10296', 'CHEBI:10380', 'CHEBI:14497', 'CHEBI:22460', 'CHEBI:22760', 'CHEBI:25005', 'CHEBI:27755', 'CHEBI:27968', 'CHEBI:28577', 'CHEBI:613009', 'CHEBI:36218', 'CHEBI:10428', 'CHEBI:22846', 'CHEBI:35463', 'CHEBI:43665']",lcts,"['META:CPD-15971', 'META:CPD-15972']",EX_cpd01354_e0,ERR1620289_sub
cpd03808_e0,Lacto-N-biose-e0,383.3484,14,1,SBO:0000247,MNXM2103,HMQPEDMEOBLSQB-RPHKZZMBSA-N,cpd03808,,,C06372,"['CHEBI:27707', 'CHEBI:10378', 'CHEBI:12349', 'CHEBI:12353', 'CHEBI:22758', 'CHEBI:59076']",,META:BETA-D-GAL-1-3-D-GLCNAC,EX_cpd03808_e0,ERR1620289_sub
cpd00001_e0,H2O-e0,18.01528,0,0,SBO:0000247,MNXM2,XLYOFNOQVPJJNP-UHFFFAOYSA-N,cpd00001,"['HMDB01039', 'HMDB02111']","['R-ALL-109276', 'R-ALL-113518', 'R-ALL-113519', 'R-ALL-113521', 'R-ALL-141343', 'R-ALL-1605715', 'R-ALL-189422', 'R-ALL-2022884', 'R-ALL-29356', 'R-ALL-351603', 'R-ALL-5278291', 'R-ALL-5668574', 'R-ALL-5693747', 'R-ALL-8851517']","['C00001', 'C01328']",CHEBI:15377,h2o,META:WATER,EX_cpd00001_e0,ERR1620289_sub
cpd11842_e0,core3-e0,,16,2,SBO:0000247,MNXM162856,,cpd11842,,,,"['CHEBI:16250', 'CHEBI:12445', 'CHEBI:12550', 'CHEBI:21586', 'CHEBI:57696', 'CHEBI:7173']",,,EX_cpd11842_e0,ERR1620289_sub
cpd00122_e0,acgam-e0,221.2078,8,1,SBO:0000247,MNXM143,OVRNDRQMDRJTHS-RTRLPJTCSA-N,cpd00122,"['HMDB00215', 'HMDB00533', 'HMDB14288', 'HMDB62641']","['R-ALL-1678743', 'R-ALL-2162231']",C00140,"['CHEBI:17411', 'CHEBI:12455', 'CHEBI:12563', 'CHEBI:21517', 'CHEBI:58134', 'CHEBI:7123', 'CHEBI:506227']",acgam,META:N-acetyl-D-glucosamine,EX_cpd00122_e0,ERR1620289_sub
cpd21520_e0,Tn_antigen-e0,,8,1,SBO:0000247,MNXM7559,,cpd21520,,,C04387,,Tn_antigen,,EX_cpd21520_e0,ERR1620289_sub
cpd02992_e0,core4-e0,,24,3,SBO:0000247,MNXM162975,,cpd02992,,,,"['CHEBI:16478', 'CHEBI:12446', 'CHEBI:21590', 'CHEBI:57786', 'CHEBI:7177']",,,EX_cpd02992_e0,ERR1620289_sub
cpd00832_e0,acgal-e0,221.2078,8,1,SBO:0000247,MNXM395,OVRNDRQMDRJTHS-KEWYIRBNSA-N,cpd00832,,R-ALL-1605658,C01132,"['CHEBI:28037', 'CHEBI:21502', 'CHEBI:546804', 'CHEBI:7110', 'CHEBI:28800', 'CHEBI:21600', 'CHEBI:7201']",acgal,META:N-acetyl-D-galactosamine,EX_cpd00832_e0,ERR1620289_sub
cpd90017_e0,Protein-Linked Serine Or Threonine Residue (O-Glycosylation Site)-e0,,0,0,SBO:0000247,MNXM147296,,,,,,CHEBI:53604,Ser_Thr,,EX_cpd90017_e0,ERR1620289_sub
cpd90003_e0,"starch (n=27, 3xalpha1-6, 23xalpha1-4)-e0",4395.81148,162,0,SBO:0000247,MNXM1003,QZVGDKBSRWMVTK-PPFAGOBNSA-N,,,,"['C03018', 'C00369', 'C00721']","['CHEBI:17462', 'CHEBI:14687', 'CHEBI:7748', 'CHEBI:28017', 'CHEBI:26750', 'CHEBI:26751', 'CHEBI:9251']",starch,"['META:CPD-8556', 'META:Starch']",EX_cpd90003_e0,ERR1620289_sub
cpd90008_e0,Maltotridecaose-e0,2125.84308,78,0,SBO:0000247,,QPDCINZOSJUBQN-MELGIHPSNA-N,,,,,,,,EX_cpd90008_e0,ERR1620289_sub
cpd90006_e0,Maltoundecaose-e0,1801.56188,66,0,SBO:0000247,,DZIFDDFXDDGQOX-MVXKQAGXNA-N,,,,,,,,EX_cpd90006_e0,ERR1620289_sub
cpd90005_e0,Maltooctaose-e0,1315.1400800000001,48,0,SBO:0000247,,RUJILUJOOCOSRO-BZLDDXCSNA-N,,,,,,,,EX_cpd90005_e0,ERR1620289_sub
cpd90007_e0,Maltohexaose-e0,990.85888,36,0,SBO:0000247,,OCIBBXPLUVYKCH-CCDPAPOINA-N,,,,,,,,EX_cpd90007_e0,ERR1620289_sub
cpd90004_e0,"starch (n=19, 3xalpha1-6, 15xalpha1-4)-e0",3098.68668,114,0,SBO:0000247,MNXM1003,CZXISCMMGVOTNX-VSHPVVSGSA-N,,,,"['C03018', 'C00369', 'C00721']","['CHEBI:17462', 'CHEBI:14687', 'CHEBI:7748', 'CHEBI:28017', 'CHEBI:26750', 'CHEBI:26751', 'CHEBI:9251']",starch,"['META:CPD-8556', 'META:Starch']",EX_cpd90004_e0,ERR1620289_sub
cpd00526_e0,Cholate-e0,407.56346,24,0,SBO:0000247,MNXM450,BHQCQFFYRZLCQQ-OELDTZBJSA-M,cpd00526,HMDB00619,R-ALL-193451,C00695,"['CHEBI:16359', 'CHEBI:1694', 'CHEBI:20223', 'CHEBI:23210', 'CHEBI:29077', 'CHEBI:41494', 'CHEBI:29747', 'CHEBI:11895', 'CHEBI:13978', 'CHEBI:20216', 'CHEBI:23168', 'CHEBI:57748']",cholate,META:CHOLATE,EX_cpd00526_e0,ERR1620289_sub
cpd23431_e0,3-dehydrocholate-e0,405.54758,24,0,SBO:0000247,MNXM9997,OEKUSRBIIZNLHZ-DJDNIQJZSA-M,cpd23431,"['HMDB00502', 'HMDB62680']",,,"['CHEBI:87736', 'CHEBI:88108']",,META:CPD-12452,EX_cpd23431_e0,ERR1620289_sub
cpd11746_e0,Cellulose-e0,162.1406,6,0,SBO:0000247,MNXM94643,,cpd11746,,,,,,,EX_cpd11746_e0,ERR1620289_sub
cpd01376_e0,Cellotetraose-e0,666.57768,24,0,SBO:0000247,MNXM5663,LUEWUZLMQUOBSB-ZLBHSGTGSA-N,cpd01376,HMDB01296,,"['C02013', 'C02052']","['CHEBI:28460', 'CHEBI:25145', 'CHEBI:44299', 'CHEBI:6671', 'CHEBI:61988', 'CHEBI:62974']",maltttr,"['META:CPD-13205', 'META:CPD0-2595', 'META:MALTOTETRAOSE']",EX_cpd01376_e0,ERR1620289_sub
cpd90020_e0,Cellulose-e0,81088.31528,3000,0,SBO:0000247,MNXM733743,,,,,C00760,,cellul,META:CELLULOSE,EX_cpd90020_e0,ERR1620289_sub
cpd90021_e0,Xylan-b-1-4-e0,66075.32528,2500,0,SBO:0000247,MNXM9242,,,HMDB0301774,,C02352,CHEBI:15447,,META:1-4-beta-Xylan,EX_cpd90021_e0,ERR1620289_sub
cpd90022_e0,Xylooligo-b-1-4-e0,1339.16148,50,0,SBO:0000247,MNXM739294,,,,,,CHEBI:62774,,META:1-4-D-xylooligosaccharides,EX_cpd90022_e0,ERR1620289_sub
cpd00011_e0,CO2-e0,44.0095,1,0,SBO:0000247,MNXM13,CURLTUGMZLYLDI-UHFFFAOYSA-N,cpd00011,HMDB01967,"['R-ALL-1132345', 'R-ALL-113528', 'R-ALL-1237009', 'R-ALL-159751', 'R-ALL-159942', 'R-ALL-189480', 'R-ALL-29376', 'R-ALL-389536', 'R-ALL-5668565']",C00011,CHEBI:16526,co2,META:CARBON-DIOXIDE,EX_cpd00011_e0,ERR1620289_sub
cpd00007_e0,O2-e0,31.9988,0,0,SBO:0000247,MNXM4,MYMOFIZGZYHOMD-UHFFFAOYSA-N,cpd00007,HMDB01377,"['R-ALL-1131511', 'R-ALL-113533', 'R-ALL-113534', 'R-ALL-113535', 'R-ALL-113685', 'R-ALL-1236709', 'R-ALL-189461', 'R-ALL-29368', 'R-ALL-351593', 'R-ALL-352327', 'R-ALL-5668566']",C00007,CHEBI:15379,o2,META:OXYGEN-MOLECULE,EX_cpd00007_e0,ERR1620289_sub
cpd01981_e0,5-Methylthio-D-ribose-e0,180.22208,6,0,SBO:0000247,MNXM1592,ACWASDPGAVYCNI-JKUQZMGJSA-N,cpd01981,,,C03089,"['CHEBI:16895', 'CHEBI:12148', 'CHEBI:2101', 'CHEBI:22007', 'CHEBI:57941', 'CHEBI:78440']",5mtr,META:CPD-560,EX_cpd01981_e0,ERR1620289_sub
cpd00141_e0,Propionate-e0,73.0706,3,0,SBO:0000247,MNXM356,XBDQKXXYIPTUBI-UHFFFAOYSA-M,cpd00141,HMDB00237,,C00163,"['CHEBI:17272', 'CHEBI:14903', 'CHEBI:26290', 'CHEBI:30768', 'CHEBI:26304', 'CHEBI:45227', 'CHEBI:8476']",,META:PROPIONATE,EX_cpd00141_e0,ERR1620289_sub
cpd00073_e0,Urea-e0,60.055260000000004,1,2,SBO:0000247,MNXM117,XSQUKJJJFZCRTK-UHFFFAOYSA-N,cpd00073,HMDB00294,"['R-ALL-29514', 'R-ALL-374061', 'R-ALL-432019']",C00086,"['CHEBI:134711', 'CHEBI:16199', 'CHEBI:15292', 'CHEBI:27218', 'CHEBI:46379', 'CHEBI:9888', 'CHEBI:32285', 'CHEBI:48376']",urea,META:UREA,EX_cpd00073_e0,ERR1620289_sub
cpd01861_e0,"(R)-1,2-Propanediol-e0",76.09442,3,0,SBO:0000247,MNXM90191,DNIAPMSPPWPWGF-GSVOUGTGSA-N,cpd01861,,,C02912,"['CHEBI:28972', 'CHEBI:18705', 'CHEBI:352', 'CHEBI:44863']",12ppd__R,META:CPD-8891,EX_cpd01861_e0,ERR1620289_sub
cpd00453_e0,"1,2-Propanediol-e0",76.09442,3,0,SBO:0000247,MNXM1118,DNIAPMSPPWPWGF-UHFFFAOYSA-N,cpd00453,HMDB01881,,C00583,"['CHEBI:16997', 'CHEBI:14899', 'CHEBI:8469']",,META:DL-12-Propanediol,EX_cpd00453_e0,ERR1620289_sub
cpd00071_e0,Acetaldehyde-e0,44.05256,2,0,SBO:0000247,MNXM75,IKHGUXGNUITLKF-UHFFFAOYSA-N,cpd00071,HMDB00990,"['R-ALL-113532', 'R-ALL-113681', 'R-ALL-113745', 'R-ALL-29510']",C00084,"['CHEBI:15343', 'CHEBI:13703', 'CHEBI:22158', 'CHEBI:2383', 'CHEBI:40533']",acald,META:ACETALD,EX_cpd00071_e0,ERR1620289_sub
cpd00150_e0,HCN-e0,27.02534,1,1,SBO:0000247,MNXM254,LELOWRISYMNNSU-UHFFFAOYSA-N,cpd00150,HMDB60292,,"['C00177', 'C01326']","['CHEBI:17514', 'CHEBI:14038', 'CHEBI:3969', 'CHEBI:41780', 'CHEBI:18407', 'CHEBI:13362', 'CHEBI:5786', 'CHEBI:36856']",cyan,"['META:CPD-13584', 'META:HCN']",EX_cpd00150_e0,ERR1620289_sub
cpd08021_e0,DMSO-e0,78.13344,2,0,SBO:0000247,MNXM745,IAZDPXIOMUYVGZ-UHFFFAOYSA-N,cpd08021,HMDB02151,,C11143,"['CHEBI:28262', 'CHEBI:23801', 'CHEBI:42138', 'CHEBI:4612']",dmso,META:DMSO,EX_cpd08021_e0,ERR1620289_sub
cpd00450_e0,Methyl sulfide-e0,62.13404,2,0,SBO:0000247,MNXM444,QMMFVYPAHWMCMS-UHFFFAOYSA-N,cpd00450,HMDB02303,,C00580,"['CHEBI:17437', 'CHEBI:14168', 'CHEBI:14175', 'CHEBI:23800', 'CHEBI:44169', 'CHEBI:4611']",dms,META:CPD-7670,EX_cpd00450_e0,ERR1620289_sub
cpd00363_e0,Ethanol-e0,46.06844,2,0,SBO:0000247,MNXM303,LFQSCWFLJHTTHZ-UHFFFAOYSA-N,cpd00363,HMDB00108,"['R-ALL-113748', 'R-ALL-30203']",C00469,"['CHEBI:16236', 'CHEBI:14222', 'CHEBI:23978', 'CHEBI:30878', 'CHEBI:30880', 'CHEBI:42377', 'CHEBI:44594', 'CHEBI:4879', 'CHEBI:52092']",etoh,META:ETOH,EX_cpd00363_e0,ERR1620289_sub
cpd00055_e0,Formaldehyde-e0,30.02598,1,0,SBO:0000247,MNXM56,WSFSSNUMVMOOMR-UHFFFAOYSA-N,cpd00055,HMDB01426,"['R-ALL-143501', 'R-ALL-29478', 'R-ALL-6797920', 'R-ALL-879250']",C00067,"['CHEBI:16842', 'CHEBI:14274', 'CHEBI:24077', 'CHEBI:337763', 'CHEBI:5142']",fald,"['META:CARBONYL-GROUP', 'META:FORMALDEHYDE']",EX_cpd00055_e0,ERR1620289_sub
cpd00448_e0,D-Glyceraldehyde-e0,90.07794,3,0,SBO:0000247,MNXM435,MNQZXJOMYWMBOU-VKHMYHEASA-N,cpd00448,,R-ALL-30393,C00577,"['CHEBI:17378', 'CHEBI:12982', 'CHEBI:21025', 'CHEBI:39973', 'CHEBI:4186']",glyald,META:GLYCERALD,EX_cpd00448_e0,ERR1620289_sub
cpd00025_e0,H2O2-e0,34.01468,0,0,SBO:0000247,MNXM22,MHAJPDPJQMAIIY-UHFFFAOYSA-N,cpd00025,"['HMDB03125', 'HMDB06491']","['R-ALL-113575', 'R-ALL-1614617', 'R-ALL-189481', 'R-ALL-29408', 'R-ALL-351629']",C00027,"['CHEBI:16240', 'CHEBI:13354', 'CHEBI:13355', 'CHEBI:24637', 'CHEBI:44812', 'CHEBI:5586', 'CHEBI:25940', 'CHEBI:29192', 'CHEBI:44785', 'CHEBI:29370', 'CHEBI:44782']",h2o2,META:HYDROGEN-PEROXIDE,EX_cpd00025_e0,ERR1620289_sub
cpd00239_e0,H2S-e0,33.072939999999996,0,0,SBO:0000247,MNXM89582,RWSOTUBLDIXVET-UHFFFAOYSA-M,cpd00239,"['HMDB00598', 'HMDB03276']","['R-ALL-1614532', 'R-ALL-1655881', 'R-ALL-1663154']",C00283,"['CHEBI:15138', 'CHEBI:16136', 'CHEBI:13356', 'CHEBI:14414', 'CHEBI:24639', 'CHEBI:43058', 'CHEBI:45489', 'CHEBI:5787', 'CHEBI:29919', 'CHEBI:30488']",h2s,"['META:CPD-7046', 'META:CPD-846', 'META:HS']",EX_cpd00239_e0,ERR1620289_sub
cpd00359_e0,indol-e0,117.14788,8,1,SBO:0000247,MNXM377,SIKJAQJRHWYJAI-UHFFFAOYSA-N,cpd00359,HMDB00738,R-ALL-216547,C00463,"['CHEBI:16881', 'CHEBI:14444', 'CHEBI:24794', 'CHEBI:43537', 'CHEBI:5900', 'CHEBI:35579', 'CHEBI:35581']",indole,META:INDOLE,EX_cpd00359_e0,ERR1620289_sub
cpd00659_e0,Nitrous oxide-e0,44.0128,0,2,SBO:0000247,MNXM579,GQPLMRYTRLFLPF-UHFFFAOYSA-N,cpd00659,HMDB35807,,C00887,"['CHEBI:17045', 'CHEBI:14661', 'CHEBI:25568', 'CHEBI:44250', 'CHEBI:7598']",n2o,META:NITROUS-OXIDE,EX_cpd00659_e0,ERR1620289_sub
cpd00418_e0,NO-e0,30.0061,0,1,SBO:0000247,MNXM162249,,cpd00418,,"['R-ALL-1222480', 'R-ALL-202124', 'R-ALL-3697886']",,,,,EX_cpd00418_e0,ERR1620289_sub
cpd00371_e0,Propanal-e0,58.07914,3,0,SBO:0000247,MNXM821,NBBJYMSMWIIQGU-UHFFFAOYSA-N,cpd00371,HMDB03366,,C00479,"['CHEBI:17153', 'CHEBI:14898', 'CHEBI:26281', 'CHEBI:41359', 'CHEBI:45052', 'CHEBI:8468']",ppal,META:CPD-665,EX_cpd00371_e0,ERR1620289_sub
cpd00811_e0,(CH3)3NO-e0,75.10966,3,1,SBO:0000247,MNXM437,UYPYRKYUKCHHIB-UHFFFAOYSA-N,cpd00811,HMDB00925,R-ALL-140963,C01104,"['CHEBI:15724', 'CHEBI:15262', 'CHEBI:15263', 'CHEBI:27126', 'CHEBI:9733']",tmao,META:TRIMETHYLAMINE-N-O,EX_cpd00811_e0,ERR1620289_sub
cpd00324_e0,MTTL-e0,48.107459999999996,1,0,SBO:0000247,MNXM652,LSDPWZHWYPCBBB-UHFFFAOYSA-N,cpd00324,HMDB03227,,C00409,"['CHEBI:16007', 'CHEBI:14586', 'CHEBI:25225', 'CHEBI:6814']",ch4s,META:CPD-7671,EX_cpd00324_e0,ERR1620289_sub
cpd01024_e0,Methane-e0,16.04246,1,0,SBO:0000247,MNXM714,VNWKTOKETHGBQD-UHFFFAOYSA-N,cpd01024,HMDB02714,,C01438,"['CHEBI:16183', 'CHEBI:14585', 'CHEBI:25220', 'CHEBI:6811', 'CHEBI:29360', 'CHEBI:29434', 'CHEBI:29438']",ch4,"['META:CH4', 'META:METHYL-GROUP']",EX_cpd01024_e0,ERR1620289_sub
cpd00204_e0,CO-e0,29.01804,1,0,SBO:0000247,MNXM10881,UGFAIRIUMAVXCW-UHFFFAOYSA-N,cpd00204,HMDB01361,R-ALL-189385,C00237,"['CHEBI:17245', 'CHEBI:13281', 'CHEBI:23013', 'CHEBI:3282', 'CHEBI:41526', 'CHEBI:58072']",co,META:CARBON-MONOXIDE,EX_cpd00204_e0,ERR1620289_sub
cpd00116_e0,Methanol-e0,32.04186,1,0,SBO:0000247,MNXM157,OKKJLVBELUTLKV-UHFFFAOYSA-N,cpd00116,HMDB01875,"['R-ALL-5359061', 'R-ALL-5693711']",C00132,"['CHEBI:17790', 'CHEBI:14588', 'CHEBI:25227', 'CHEBI:44080', 'CHEBI:44553', 'CHEBI:6816', 'CHEBI:52090']",meoh,"['META:ALCOHOL-GROUP', 'META:METOH']",EX_cpd00116_e0,ERR1620289_sub
cpd00528_e0,N2-e0,28.0134,0,2,SBO:0000247,MNXM724,IJGRMHOSHXDMSA-UHFFFAOYSA-N,cpd00528,HMDB01371,,C00697,"['CHEBI:17997', 'CHEBI:13388', 'CHEBI:14660', 'CHEBI:25365', 'CHEBI:43128', 'CHEBI:7593', 'CHEBI:30099', 'CHEBI:30102']",n2,META:NITROGEN-MOLECULE,EX_cpd00528_e0,ERR1620289_sub
cpd11632_e0,hn-e0,,0,0,SBO:0000247,MNXM162292,,cpd11632,,,C00205,,,,EX_cpd11632_e0,ERR1620289_sub
cpd03662_e0,n-Butanol-e0,74.1216,4,0,SBO:0000247,MNXM3230,LRHPLDYGYMQRHN-UHFFFAOYSA-N,cpd03662,HMDB04327,,C06142,"['CHEBI:28885', 'CHEBI:22936', 'CHEBI:39632', 'CHEBI:612']","['1btol', 'btoh']",META:BUTANOL,EX_cpd03662_e0,ERR1620289_sub
cpd00178_e0,Acetone-e0,58.07914,3,0,SBO:0000247,MNXM398,CSCPPACGZOOCGX-UHFFFAOYSA-N,cpd00178,HMDB01659,,C00207,"['CHEBI:15347', 'CHEBI:13708', 'CHEBI:22182', 'CHEBI:2398', 'CHEBI:40571', 'CHEBI:78217']",acetone,META:ACETONE,EX_cpd00178_e0,ERR1620289_sub
cpd01618_e0,"1,3-Propanediol-e0",76.09442,3,0,SBO:0000247,MNXM2861,YPFDHNVEDLHUCE-UHFFFAOYSA-N,cpd01618,,,C02457,"['CHEBI:16109', 'CHEBI:14902', 'CHEBI:26286', 'CHEBI:44868', 'CHEBI:8471']",13ppd,META:CPD-347,EX_cpd01618_e0,ERR1620289_sub
cpd00211_e0,Butyrate-e0,87.09718,4,0,SBO:0000247,MNXM458,FERIUCNNQQJTOY-UHFFFAOYSA-M,cpd00211,HMDB00039,"['R-ALL-76179', 'R-ALL-8875042']",C00246,"['CHEBI:17968', 'CHEBI:13924', 'CHEBI:22946', 'CHEBI:30772', 'CHEBI:113450', 'CHEBI:22948', 'CHEBI:3234', 'CHEBI:41208']",,META:BUTYRIC_ACID,EX_cpd00211_e0,ERR1620289_sub
cpd00751_e0,L-Fucose,164.15648,6,0,SBO:0000247,MNXM659,SHZGCJCMOBCMKK-DHVFOXMCSA-N,cpd00751,HMDB00174,,C01019,"['CHEBI:18287', 'CHEBI:13102', 'CHEBI:21293', 'CHEBI:2181']",,META:L-Fucopyranoses,EX_cpd00751_e0,ERR1620289_sub
cpd00054_e0,L-Serine,105.09258,3,1,SBO:0000247,MNXM53,MTCFGRXMJLQNBG-REOHCLBHSA-N,cpd00054,"['HMDB00187', 'HMDB00589', 'HMDB62263']","['R-ALL-200736', 'R-ALL-352002', 'R-ALL-379732', 'R-ALL-8932979']","['C00065', 'C00716']","['CHEBI:17115', 'CHEBI:13167', 'CHEBI:21387', 'CHEBI:45440', 'CHEBI:45451', 'CHEBI:45590', 'CHEBI:45597', 'CHEBI:45677', 'CHEBI:6301', 'CHEBI:17822', 'CHEBI:15081', 'CHEBI:26648', 'CHEBI:9116', 'CHEBI:32836', 'CHEBI:32837', 'CHEBI:32845', 'CHEBI:32846', 'CHEBI:33384', 'CHEBI:35243']",ser__L,"['META:SER', 'META:Serines']",EX_cpd00054_e0,ERR1620289_sub
cpd00129_e0,L-Proline,115.13046,5,1,SBO:0000247,MNXM114,ONIBWKKTOPOVIA-BYPYZUCNSA-N,cpd00129,HMDB00162,"['R-ALL-113538', 'R-ALL-352033', 'R-ALL-379717']","['C00148', 'C16435']","['CHEBI:17203', 'CHEBI:13154', 'CHEBI:184637', 'CHEBI:21373', 'CHEBI:42067', 'CHEBI:45040', 'CHEBI:45100', 'CHEBI:45159', 'CHEBI:6286', 'CHEBI:26271', 'CHEBI:32862', 'CHEBI:32864', 'CHEBI:32871', 'CHEBI:32872', 'CHEBI:60039', 'CHEBI:58054']",pro__L,META:PRO,EX_cpd00129_e0,ERR1620289_sub
cpd00220_e0,Riboflavin,375.35596,17,4,SBO:0000247,MNXM270,AUNGANRZJHBGPY-SCRDCRAPSA-M,cpd00220,HMDB00244,"['R-ALL-196931', 'R-ALL-3165253']",C00255,"['CHEBI:17015', 'CHEBI:15044', 'CHEBI:27299', 'CHEBI:45214', 'CHEBI:529204', 'CHEBI:8843', 'CHEBI:57986']",ribflv,META:RIBOFLAVIN,EX_cpd00220_e0,ERR1620289_sub
cpd03198_e0,Melibiose-e0,342.29648000000003,12,0,SBO:0000247,MNXM1434,DLRVVLDZNNYCBX-ABXHMFFYSA-N,cpd03198,HMDB00048,,C05402,"['CHEBI:28053', 'CHEBI:20943', 'CHEBI:25182', 'CHEBI:60170', 'CHEBI:6733']",6dg,,EX_cpd03198_e0,ERR1620289_sub
cpd00588_e0,Sorbitol-e0,182.17176,6,0,SBO:0000247,MNXM469,FBPFZTCFMRRESA-JGWLITMVSA-N,cpd00588,HMDB00247,R-ALL-5652213,C00794,"['CHEBI:17924', 'CHEBI:12954', 'CHEBI:13020', 'CHEBI:17220', 'CHEBI:21091', 'CHEBI:4246', 'CHEBI:45559', 'CHEBI:30911', 'CHEBI:15093', 'CHEBI:26724', 'CHEBI:26726', 'CHEBI:33795', 'CHEBI:33796', 'CHEBI:9201']",sbt__D,META:SORBITOL,EX_cpd00588_e0,ERR1620289_sub
cpd00023_e0,L-Glutamate-e0,146.12132,5,1,SBO:0000247,MNXM89557,WHUUTDBJXJRKMK-VKHMYHEASA-M,cpd00023,"['HMDB00148', 'HMDB60475']","['R-ALL-113552', 'R-ALL-210382', 'R-ALL-29404', 'R-ALL-428614']","['C00025', 'C00302']","['CHEBI:14321', 'CHEBI:16015', 'CHEBI:21304', 'CHEBI:42825', 'CHEBI:6224', 'CHEBI:18237', 'CHEBI:24314', 'CHEBI:5431', 'CHEBI:29985', 'CHEBI:13107', 'CHEBI:21301', 'CHEBI:29987', 'CHEBI:29988', 'CHEBI:76051']",glu__L,"['META:GLT', 'META:Glutamates']",EX_cpd00023_e0,ERR1620289_sub
cpd00161_e0,L-Threonine-e0,119.11916,4,1,SBO:0000247,MNXM142,AYFVYJQAPQTCCC-GBXIJSLDSA-N,cpd00161,HMDB00167,"['R-ALL-351990', 'R-ALL-352000', 'R-ALL-379706']",C00188,"['CHEBI:16857', 'CHEBI:13175', 'CHEBI:21403', 'CHEBI:42083', 'CHEBI:45843', 'CHEBI:45983', 'CHEBI:6308', 'CHEBI:26986', 'CHEBI:32820', 'CHEBI:32822', 'CHEBI:32832', 'CHEBI:32833', 'CHEBI:57926']",thr__L,META:THR,EX_cpd00161_e0,ERR1620289_sub
cpd00164_e0,Glucuronate-e0,193.13146,6,0,SBO:0000247,MNXM241,AEMOLEFTQBMNLQ-AQKNRBDQSA-M,cpd00164,,,C00191,"['CHEBI:15748', 'CHEBI:12975', 'CHEBI:21013', 'CHEBI:24297', 'CHEBI:24298', 'CHEBI:4178', 'CHEBI:47952', 'CHEBI:58720']",glcur,META:D-Glucopyranuronate,EX_cpd00164_e0,ERR1620289_sub
cpd00232_e0,Neu5Ac-e0,308.26192000000003,11,1,SBO:0000247,MNXM227,SQVRNKJHWKZAKO-LUWBGTNYSA-M,cpd00232,"['HMDB00230', 'HMDB00800']",,"['C00270', 'C19910']","['CHEBI:17012', 'CHEBI:21620', 'CHEBI:29087', 'CHEBI:7214', 'CHEBI:35418', 'CHEBI:12471', 'CHEBI:12579', 'CHEBI:21617', 'CHEBI:33987', 'CHEBI:45744', 'CHEBI:58705']",acnam,"['META:CPD0-1123', 'META:N-ACETYLNEURAMINATE']",EX_cpd00232_e0,ERR1620289_sub
cpd00017_e0,S-Adenosyl-L-methionine-e0,399.44532000000004,15,6,SBO:0000247,MNXM16,MEFKEPWMEQBLKI-AIRLBKTGSA-O,cpd00017,"['HMDB01185', 'HMDB62709']","['R-ALL-2162265', 'R-ALL-353113', 'R-ALL-5279190', 'R-ALL-71284', 'R-ALL-77087']",C00019,"['CHEBI:15414', 'CHEBI:10786', 'CHEBI:10833', 'CHEBI:12742', 'CHEBI:12757', 'CHEBI:12760', 'CHEBI:22036', 'CHEBI:45607', 'CHEBI:527887', 'CHEBI:8946', 'CHEBI:33442', 'CHEBI:59789', 'CHEBI:67040']",amet,META:S-ADENOSYLMETHIONINE,EX_cpd00017_e0,ERR1620289_sub
cpd00028_e0,Heme-e0,614.4714,34,4,SBO:0000247,MNXM78362,KABFMIBPWCXCRK-BDOQQTMTSA-N,cpd00028,,,C00032,CHEBI:60344,pheme,META:PROTOHEME,EX_cpd00028_e0,ERR1620289_sub
cpd00038_e0,GTP-e0,520.156603,10,5,SBO:0000247,MNXM51,XKMLYUALXHKNFT-UUOKFMHZSA-J,cpd00038,HMDB01273,"['R-ALL-113573', 'R-ALL-29438']",C00044,"['CHEBI:15996', 'CHEBI:13342', 'CHEBI:24451', 'CHEBI:42934', 'CHEBI:5234', 'CHEBI:37565', 'CHEBI:57600']",gtp,META:GTP,EX_cpd00038_e0,ERR1620289_sub
cpd00080_e0,Glycerol-3-phosphate-e0,170.057841,3,0,SBO:0000247,MNXM66,AWUCVROLDVIAJX-GSVOUGTGSA-L,cpd00080,"['HMDB00126', 'HMDB02722']","['R-ALL-188458', 'R-ALL-76114']",C00093,"['CHEBI:15978', 'CHEBI:10648', 'CHEBI:12843', 'CHEBI:12848', 'CHEBI:26705', 'CHEBI:42793', 'CHEBI:57597']",glyc3p,META:GLYCEROL-3P,EX_cpd00080_e0,ERR1620289_sub
cpd00117_e0,D-Alanine-e0,89.09318,3,1,SBO:0000247,MNXM156,QNAYBMKLOCPYGJ-UWTATZPHSA-N,cpd00117,HMDB01310,,C00133,"['CHEBI:15570', 'CHEBI:10840', 'CHEBI:12899', 'CHEBI:20893', 'CHEBI:4087', 'CHEBI:41756', 'CHEBI:41798', 'CHEBI:41848', 'CHEBI:41877', 'CHEBI:32435', 'CHEBI:32436', 'CHEBI:57416']",ala__D,META:D-ALANINE,EX_cpd00117_e0,ERR1620289_sub
cpd00210_e0,Taurine-e0,125.14688,2,1,SBO:0000247,MNXM282,XOAAWQZATWQOTB-UHFFFAOYSA-N,cpd00210,HMDB00251,"['R-ALL-159420', 'R-ALL-193463', 'R-ALL-194069']",C00245,"['CHEBI:15891', 'CHEBI:15195', 'CHEBI:26852', 'CHEBI:45877', 'CHEBI:9406', 'CHEBI:32970', 'CHEBI:507393']",taur,META:TAURINE,EX_cpd00210_e0,ERR1620289_sub
cpd00277_e0,Deoxyguanosine-e0,267.24132,10,5,SBO:0000247,MNXM647,YKBGVTZYEHREMT-KVQBGUIXSA-N,cpd00277,HMDB00085,,C00330,"['CHEBI:17172', 'CHEBI:14116', 'CHEBI:19244', 'CHEBI:23624', 'CHEBI:42667', 'CHEBI:42867', 'CHEBI:42874', 'CHEBI:42987', 'CHEBI:4412']",dgsn,META:DEOXYGUANOSINE,EX_cpd00277_e0,ERR1620289_sub
cpd00550_e0,D-Serine-e0,105.09258,3,1,SBO:0000247,MNXM694,MTCFGRXMJLQNBG-UWTATZPHSA-N,cpd00550,HMDB03406,,C00740,"['CHEBI:16523', 'CHEBI:13019', 'CHEBI:143888', 'CHEBI:21090', 'CHEBI:42262', 'CHEBI:4245', 'CHEBI:32840', 'CHEBI:32841', 'CHEBI:35247']",ser__D,META:D-SERINE,EX_cpd00550_e0,ERR1620289_sub
cpd00644_e0,PAN-e0,218.22704,9,1,SBO:0000247,MNXM364,GHOKWGTUZJEAQD-ZETCQYMHSA-M,cpd00644,"['HMDB00210', 'HMDB62717']","['R-ALL-196820', 'R-ALL-199192']",C00864,"['CHEBI:16454', 'CHEBI:14739', 'CHEBI:25846', 'CHEBI:29032', 'CHEBI:11008', 'CHEBI:18700', 'CHEBI:46905', 'CHEBI:18701', 'CHEBI:44679', 'CHEBI:7916']",pnto__R,META:PANTOTHENATE,EX_cpd00644_e0,ERR1620289_sub
cpd01318_e0,Glycocholate-e0,464.61477999999994,26,1,SBO:0000247,MNXM1560,RFDAIACWWDREDC-FRVQLJSFSA-M,cpd01318,HMDB00138,,C01921,"['CHEBI:17687', 'CHEBI:11894', 'CHEBI:20215', 'CHEBI:24378', 'CHEBI:29080', 'CHEBI:42804', 'CHEBI:5464', 'CHEBI:29746', 'CHEBI:14345', 'CHEBI:24377', 'CHEBI:58235']",,META:GLYCOCHOLIC_ACID,EX_cpd01318_e0,ERR1620289_sub
cpd03047_e0,Taurocholate-e0,514.69506,26,1,SBO:0000247,MNXM2288,WBWWGRHZICKQGZ-HZAMXZRMSA-M,cpd03047,HMDB00036,R-ALL-193404,C05122,"['CHEBI:28865', 'CHEBI:26854', 'CHEBI:3672', 'CHEBI:45901', 'CHEBI:9408', 'CHEBI:36257']",tchola,META:CPD-3743,EX_cpd03047_e0,ERR1620289_sub
cpd03247_e0,Glycochenodeoxycholate-e0,448.61537999999996,26,1,SBO:0000247,MNXM2379,GHCZAUBVMUEKKP-GYPHWSFCSA-M,cpd03247,HMDB06898,,C05466,"['CHEBI:36252', 'CHEBI:58664', 'CHEBI:59452', 'CHEBI:36274', 'CHEBI:3591', 'CHEBI:41520', 'CHEBI:5463']",gdchola,META:GLYCOCHENODEOXYCHOLIC_ACID,EX_cpd03247_e0,ERR1620289_sub
cpd03246_e0,Taurochenodeoxycholate-e0,498.69566,26,1,SBO:0000247,MNXM1779,BHTRKEVKTKCXOH-BJLOMENOSA-M,cpd03246,HMDB00951,,C05465,"['CHEBI:16525', 'CHEBI:13961', 'CHEBI:23096', 'CHEBI:3590', 'CHEBI:46136', 'CHEBI:9407', 'CHEBI:57802']",tdchola,META:CPD-7283,EX_cpd03246_e0,ERR1620289_sub
cpd00152_e0,Agmatine-e0,132.20734,5,4,SBO:0000247,MNXM328,QYPPJABKJHAVHS-UHFFFAOYSA-P,cpd00152,"['HMDB01432', 'HMDB60259']",R-ALL-351164,C00179,"['CHEBI:17431', 'CHEBI:13747', 'CHEBI:18576', 'CHEBI:2514', 'CHEBI:40556', 'CHEBI:58145']",agm,META:AGMATHINE,EX_cpd00152_e0,ERR1620289_sub
cpd00098_e0,Choline-e0,104.17076,5,1,SBO:0000247,MNXM90,OEYIOHPDSNJKLS-UHFFFAOYSA-N,cpd00098,HMDB00097,"['R-ALL-264618', 'R-ALL-264638', 'R-ALL-6798162']",C00114,"['CHEBI:15354', 'CHEBI:13985', 'CHEBI:23212', 'CHEBI:3665', 'CHEBI:41524', 'CHEBI:72322']",chol,META:CHOLINE,EX_cpd00098_e0,ERR1620289_sub
cpd00540_e0,BET-e0,117.14634,5,1,SBO:0000247,MNXM289,KWIUHFFTVRNATP-UHFFFAOYSA-N,cpd00540,"['HMDB00043', 'HMDB59606']","['R-ALL-352015', 'R-ALL-6798202']",C00719,"['CHEBI:17750', 'CHEBI:13895', 'CHEBI:15264', 'CHEBI:22858', 'CHEBI:24370', 'CHEBI:27128', 'CHEBI:29050', 'CHEBI:3073', 'CHEBI:41139', 'CHEBI:12531', 'CHEBI:41134']",glyb,META:BETAINE,EX_cpd00540_e0,ERR1620289_sub
cpd00139_e0,Glycolate-e0,75.04342,2,0,SBO:0000247,MNXM222,AEMRFAOFKBGASW-UHFFFAOYSA-M,cpd00139,"['HMDB00115', 'HMDB03035']",R-ALL-389822,C00160,"['CHEBI:17497', 'CHEBI:24390', 'CHEBI:42865', 'CHEBI:5475', 'CHEBI:29805', 'CHEBI:14348', 'CHEBI:24388']",glyclt,META:GLYCOLLATE,EX_cpd00139_e0,ERR1620289_sub
cpd00281_e0,GABA-e0,103.11976,4,1,SBO:0000247,MNXM192,BTCSSZJGUNDROE-UHFFFAOYSA-N,cpd00281,HMDB00112,"['R-ALL-352003', 'R-ALL-352011', 'R-ALL-428571', 'R-ALL-916850']",C00334,"['CHEBI:16865', 'CHEBI:1786', 'CHEBI:193777', 'CHEBI:20318', 'CHEBI:40483', 'CHEBI:30566', 'CHEBI:11961', 'CHEBI:20317', 'CHEBI:59888']",4abut,META:4-AMINO-BUTYRATE,EX_cpd00281_e0,ERR1620289_sub
cpd23430_e0,isocholate-e0,407.56346,24,0,SBO:0000247,MNXM18754,BHQCQFFYRZLCQQ-UXWVVXDJSA-M,cpd23430,HMDB00419,,,"['CHEBI:87735', 'CHEBI:88105']",,META:CPD-12451,EX_cpd23430_e0,ERR1620289_sub
cpd00249_e0,Uridine-e0,244.20138,9,2,SBO:0000247,MNXM288,DRTQHJPVMGBUCF-XVFCMESISA-N,cpd00249,HMDB00296,,C00299,"['CHEBI:16704', 'CHEBI:15296', 'CHEBI:27227', 'CHEBI:46386', 'CHEBI:46391', 'CHEBI:46460', 'CHEBI:46463', 'CHEBI:9893']",uri,META:URIDINE,EX_cpd00249_e0,ERR1620289_sub
cpd00006_e0,NADP-e0,740.381183,21,7,SBO:0000247,MNXM5,XJLXINKUBYWONI-NNYOXOHSSA-K,cpd00006,HMDB00217,"['R-ALL-113563', 'R-ALL-113564', 'R-ALL-194668', 'R-ALL-2000348', 'R-ALL-29366', 'R-ALL-351628', 'R-ALL-389556', 'R-ALL-5623650', 'R-ALL-6790191']",C00006,CHEBI:58349,nadp,META:NADP,EX_cpd00006_e0,ERR1620289_sub
cpd00412_e0,Deoxyuridine-e0,228.20198,9,2,SBO:0000247,MNXM492,MXHRCPNRJAMMIM-SHYZEUOFSA-N,cpd00412,HMDB00012,R-ALL-500430,C00526,"['CHEBI:16450', 'CHEBI:11398', 'CHEBI:11572', 'CHEBI:14123', 'CHEBI:19261', 'CHEBI:23640', 'CHEBI:29113', 'CHEBI:42178', 'CHEBI:4434', 'CHEBI:46165', 'CHEBI:46289', 'CHEBI:46293']",duri,META:DEOXYURIDINE,EX_cpd00412_e0,ERR1620289_sub
cpd00653_e0,D-Galactonate-e0,195.14734,6,0,SBO:0000247,MNXM1734,RGHNJXZEOKUKBD-MGCNEYSASA-M,cpd00653,HMDB00565,,C00880,"['CHEBI:12931', 'CHEBI:16534', 'CHEBI:4132', 'CHEBI:24148', 'CHEBI:24149']",galctn__D,META:D-GALACTONATE,EX_cpd00653_e0,ERR1620289_sub
cpd01663_e0,Chenodiol-e0,391.56406,24,0,SBO:0000247,MNXM1183,RUDATBOHQWOJDD-BSWAIDMHSA-M,cpd01663,HMDB00518,R-ALL-194096,C02528,"['CHEBI:16755', 'CHEBI:23094', 'CHEBI:3588', 'CHEBI:3593', 'CHEBI:36234', 'CHEBI:13960', 'CHEBI:23093', 'CHEBI:57884']",C02528,META:CPD-15189,EX_cpd01663_e0,ERR1620289_sub
cpd00092_e0,Uracil-e0,112.08676,4,2,SBO:0000247,MNXM158,ISAKRJDGNUQOIC-UHFFFAOYSA-N,cpd00092,HMDB00300,R-ALL-83962,C00106,"['CHEBI:17568', 'CHEBI:15288', 'CHEBI:27210', 'CHEBI:46375', 'CHEBI:9882', 'CHEBI:43254']",ura,META:URACIL,EX_cpd00092_e0,ERR1620289_sub
cpd00104_e0,BIOT-e0,243.3027,10,2,SBO:0000247,MNXM304,YBJHBAHKTGYVGT-ZKWXMUAHSA-M,cpd00104,HMDB00030,"['R-ALL-199207', 'R-ALL-199238', 'R-ALL-29582']",C00120,"['CHEBI:15956', 'CHEBI:13905', 'CHEBI:22882', 'CHEBI:22884', 'CHEBI:3108', 'CHEBI:41236', 'CHEBI:57586']",btn,META:BIOTIN,EX_cpd00104_e0,ERR1620289_sub
cpd00573_e0,L-Idonate-e0,195.14734,6,0,SBO:0000247,MNXM1565,RGHNJXZEOKUKBD-SKNVOMKLSA-M,cpd00573,,,C00770,"['CHEBI:17796', 'CHEBI:13126', 'CHEBI:21335', 'CHEBI:57659', 'CHEBI:58494', 'CHEBI:6250', 'CHEBI:21336']",idon__L,META:L-IDONATE,EX_cpd00573_e0,ERR1620289_sub
cpd00380_e0,Itaconate-e0,128.08286,5,0,SBO:0000247,MNXM1747,LVHBHZANLOWSRM-UHFFFAOYSA-L,cpd00380,HMDB02092,,C00490,"['CHEBI:17240', 'CHEBI:14484', 'CHEBI:24932', 'CHEBI:30838', 'CHEBI:24933', 'CHEBI:6074']",itacon,META:ITACONATE,EX_cpd00380_e0,ERR1620289_sub
cpd00393_e0,Folate-e0,439.38158000000004,19,7,SBO:0000247,MNXM617,OVBPIULPVIDEAO-LBPRGKRZSA-L,cpd00393,HMDB00121,"['R-ALL-197965', 'R-ALL-200716']",C00504,"['CHEBI:27470', 'CHEBI:24075', 'CHEBI:42610', 'CHEBI:5140', 'CHEBI:569217', 'CHEBI:62501']",fol,META:CPD-12826,EX_cpd00393_e0,ERR1620289_sub
cpd00020_e0,Pyruvate-e0,87.05412,3,0,SBO:0000247,MNXM23,LCTONWCANYUPML-UHFFFAOYSA-M,cpd00020,HMDB00243,"['R-ALL-1130930', 'R-ALL-113557', 'R-ALL-29398', 'R-ALL-389680', 'R-ALL-5357717']",C00022,"['CHEBI:15361', 'CHEBI:14987', 'CHEBI:26462', 'CHEBI:32816', 'CHEBI:26466', 'CHEBI:45253', 'CHEBI:8685']",pyr,META:PYRUVATE,EX_cpd00020_e0,ERR1620289_sub
cpd00003_e0,NAD-e0,662.417162,21,7,SBO:0000247,MNXM8,BAWFJGJZGIEFAR-NNYOXOHSSA-M,cpd00003,HMDB00902,"['R-ALL-113526', 'R-ALL-192307', 'R-ALL-194653', 'R-ALL-29360', 'R-ALL-352330']",C00003,CHEBI:57540,nad,META:NAD,EX_cpd00003_e0,ERR1620289_sub
cpd00209_e0,Nitrate-e0,62.0049,0,1,SBO:0000247,MNXM207,NHNBFGGVMKEFGY-UHFFFAOYSA-N,cpd00209,"['HMDB02878', 'HMDB01853']",,C00244,"['CHEBI:17632', 'CHEBI:14654', 'CHEBI:44487', 'CHEBI:71263', 'CHEBI:48107', 'CHEBI:25545', 'CHEBI:7580']",no3,"['META:CPD-15028', 'META:NITRATE']",EX_cpd00209_e0,ERR1620289_sub
cpd00307_e0,Cytosine-e0,111.102,4,3,SBO:0000247,MNXM761,OPTASPLRGRRNAP-UHFFFAOYSA-N,cpd00307,HMDB00630,,C00380,"['CHEBI:16040', 'CHEBI:14066', 'CHEBI:23531', 'CHEBI:4072', 'CHEBI:41732']",csn,META:CYTOSINE,EX_cpd00307_e0,ERR1620289_sub
cpd01030_e0,Salicin-e0,286.27781999999996,13,0,SBO:0000247,MNXM2561,NGFMICBWJRZIBI-UJPOAAIJSA-N,cpd01030,HMDB03546,,C01451,"['CHEBI:17814', 'CHEBI:15058', 'CHEBI:26591', 'CHEBI:9002']",salcn,META:CPD-1142,EX_cpd01030_e0,ERR1620289_sub
cpd00176_e0,2-keto-3-deoxygluconate-e0,177.13206,6,0,SBO:0000247,MNXM440,WPAMZTWLKIDIOP-WVZVXSGGSA-M,cpd00176,,,C00204,"['CHEBI:17032', 'CHEBI:1059', 'CHEBI:11550', 'CHEBI:19530', 'CHEBI:57990']",2ddglcn,META:2-DEHYDRO-3-DEOXY-D-GLUCONATE,EX_cpd00176_e0,ERR1620289_sub
cpd00153_e0,Benzoate-e0,121.1134,7,0,SBO:0000247,MNXM217,WPYMKLBDIGXBTP-UHFFFAOYSA-M,cpd00153,HMDB01870,R-ALL-159446,"['C00180', 'C00539']","['CHEBI:16150', 'CHEBI:13879', 'CHEBI:22717', 'CHEBI:30746', 'CHEBI:22722', 'CHEBI:3029', 'CHEBI:41051']",bz,META:BENZOATE,EX_cpd00153_e0,ERR1620289_sub
cpd00075_e0,Nitrite-e0,46.0055,0,1,SBO:0000247,MNXM107,IOVCWXUNBOPUCH-UHFFFAOYSA-M,cpd00075,HMDB02786,R-ALL-1222379,C00088,"['CHEBI:16301', 'CHEBI:14658', 'CHEBI:44396', 'CHEBI:7585', 'CHEBI:25567']",no2,META:NITRITE,EX_cpd00075_e0,ERR1620289_sub
cpd03424_e0,Vitamin B12-e0,,61,13,SBO:0000247,MNXM7192,NSLAUEAQDBERRV-DSRCUDDDSA-L,cpd03424,,,C05776,"['CHEBI:28911', 'CHEBI:10006', 'CHEBI:23332']",,META:CPD-17105,EX_cpd03424_e0,ERR1620289_sub
cpd03724_e0,Ferrichrome-e0,740.52048,27,9,SBO:0000247,MNXM2825,GGUNGDGGXMHBMJ-OCIDDWSYSA-N,cpd03724,,,C06228,CHEBI:5019,fecrm,META:CPD0-2241,EX_cpd03724_e0,ERR1620289_sub
cpd00024_e0,2-Oxoglutarate-e0,144.08226,5,0,SBO:0000247,MNXM20,KPGXRSRHYNQIFN-UHFFFAOYSA-L,cpd00024,"['HMDB00208', 'HMDB02812', 'HMDB62781']","['R-ALL-113594', 'R-ALL-113671', 'R-ALL-29406', 'R-ALL-389537', 'R-ALL-5278317', 'R-ALL-561075']",C00026,"['CHEBI:16810', 'CHEBI:11638', 'CHEBI:19748', 'CHEBI:30915', 'CHEBI:1253', 'CHEBI:19749', 'CHEBI:40661', 'CHEBI:30916']",akg,META:2-KETOGLUTARATE,EX_cpd00024_e0,ERR1620289_sub
cpd00870_e0,gamma-butyrobetaine-e0,145.1995,7,1,SBO:0000247,MNXM626,JHPNVNIEXXLNTR-UHFFFAOYSA-N,cpd00870,"['HMDB01161', 'HMDB06831']",R-ALL-31369,C01181,"['CHEBI:16244', 'CHEBI:12047', 'CHEBI:20484', 'CHEBI:1941']","['4tmeabutn', 'gbbtn']",META:GAMMA-BUTYROBETAINE,EX_cpd00870_e0,ERR1620289_sub
cpd00609_e0,D-Glucarate-e0,208.12292,6,0,SBO:0000247,MNXM744,DSLZVSRJTYRBFB-LLEIAEIESA-L,cpd00609,"['HMDB00663', 'HMDB29881']",,C00818,"['CHEBI:16002', 'CHEBI:20982', 'CHEBI:4155', 'CHEBI:30612', 'CHEBI:12953', 'CHEBI:20980', 'CHEBI:42731', 'CHEBI:33801']",glcr,META:D-GLUCARATE,EX_cpd00609_e0,ERR1620289_sub
cpd00382_e0,Melitose-e0,504.43708,18,0,SBO:0000247,MNXM621,MUPFEKGTMRGPLJ-ZQSKZDJDSA-N,cpd00382,HMDB03213,,C00492,"['CHEBI:16634', 'CHEBI:15015', 'CHEBI:26521', 'CHEBI:49843', 'CHEBI:8771']",raffin,META:CPD-1099,EX_cpd00382_e0,ERR1620289_sub
cpd01092_e0,Allantoin-e0,157.1075,4,4,SBO:0000247,MNXM612,POJWUDADGALRAB-UHFFFAOYSA-N,cpd01092,HMDB00462,,C01551,"['CHEBI:15676', 'CHEBI:13761', 'CHEBI:22354', 'CHEBI:2594', 'CHEBI:74345']",alltn,META:ALLANTOIN,EX_cpd01092_e0,ERR1620289_sub
cpd00366_e0,Ribitol-e0,152.14578,5,0,SBO:0000247,MNXM1820,HEBKCHPVOIAQTA-ZXFHETKHSA-N,cpd00366,HMDB00508,,C00474,"['CHEBI:15963', 'CHEBI:15043', 'CHEBI:21074', 'CHEBI:26552', 'CHEBI:27854', 'CHEBI:4230', 'CHEBI:57591', 'CHEBI:8841']",rbt,META:RIBITOL,EX_cpd00366_e0,ERR1620289_sub
cpd00059_e0,L-Ascorbate-e0,175.11617999999999,6,0,SBO:0000247,MNXM129,CIWBSHSKHKDKBQ-JLAZNSOCSA-M,cpd00059,"['HMDB00044', 'HMDB14273', 'HMDB29945']","['R-ALL-198816', 'R-ALL-198836', 'R-ALL-351595']","['C00072', 'C20364']","['CHEBI:29073', 'CHEBI:17208', 'CHEBI:21240', 'CHEBI:2868', 'CHEBI:40892', 'CHEBI:43473', 'CHEBI:38290', 'CHEBI:13082', 'CHEBI:13861']",ascb__L,META:ASCORBATE,EX_cpd00059_e0,ERR1620289_sub
cpd00489_e0,4-Hydroxyphenylacetate-e0,151.13938,8,0,SBO:0000247,MNXM485,XQXPVVBIMDBYFF-UHFFFAOYSA-M,cpd00489,HMDB00020,,C00642,"['CHEBI:18101', 'CHEBI:12014', 'CHEBI:1874', 'CHEBI:20419', 'CHEBI:40091', 'CHEBI:48999']",4hoxpac,META:4-HYDROXYPHENYLACETATE,EX_cpd00489_e0,ERR1620289_sub
cpd00133_e0,Nicotinamide-e0,122.12464,6,2,SBO:0000247,MNXM216,DFPAKSUCGFBDDF-UHFFFAOYSA-N,cpd00133,HMDB01406,"['R-ALL-197277', 'R-ALL-8870343']",C00153,"['CHEBI:17154', 'CHEBI:14645', 'CHEBI:25521', 'CHEBI:44258', 'CHEBI:7556']",ncam,META:NIACINAMIDE,EX_cpd00133_e0,ERR1620289_sub
cpd00136_e0,4-Hydroxybenzoate-e0,137.1128,7,0,SBO:0000247,MNXM164,FJKROLUGYXJWQN-UHFFFAOYSA-M,cpd00136,HMDB00500,R-ALL-2162213,C00156,"['CHEBI:17879', 'CHEBI:12003', 'CHEBI:20397', 'CHEBI:30763', 'CHEBI:1858', 'CHEBI:20398', 'CHEBI:44949']",4hbz,META:4-hydroxybenzoate,EX_cpd00136_e0,ERR1620289_sub
cpd02829_e0,"3alpha,12alpha-Dihydroxy-7-oxo-5beta-cholanate-e0",405.54758,24,0,SBO:0000247,MNXM3493,RHCPKKNRWFXMAT-RRWYKFPJSA-M,cpd02829,HMDB00391,,C04643,"['CHEBI:11893', 'CHEBI:16390', 'CHEBI:1688', 'CHEBI:20209', 'CHEBI:20210']",,META:CHOLANATE2,EX_cpd02829_e0,ERR1620289_sub
cpd35610_e0,3alpha-hydroxy-7-oxo-5beta-cholan-24-oate-e0,389.54818,24,0,SBO:0000247,,GC|EQ,cpd35610,,,,,,,EX_cpd35610_e0,ERR1620289_sub
cpd22614_e0,sulfoquinovose-e0,243.21174,6,0,SBO:0000247,MNXM83070,QFBWOLBPVQLZEH-GASJEMHNSA-M,cpd22614,,,C20829,CHEBI:142956,,META:CPD-21685,EX_cpd22614_e0,ERR1620289_sub
cpd31356_e0,"(S)-2,3-Dihydroxypropane-1-sulfonate-e0",155.14968,3,0,SBO:0000247,MNXM13761,YPFUJZAAZJXMIP-UHFFFAOYSA-M,cpd31356,,,C20797,CHEBI:77138,,META:CPD-12693,EX_cpd31356_e0,ERR1620289_sub
cpd00155_e0,glycogen-e0,828.71828,30,0,SBO:0000247,MNXM55375,,cpd00155,HMDB00757,,C00182,"['CHEBI:24384', 'CHEBI:28087', 'CHEBI:24379', 'CHEBI:5466']",glycogen,META:Glycogens,EX_cpd00155_e0,ERR1620289_sub
cpd27289_e0,indole-3-propionate-e0,188.20260000000002,11,1,SBO:0000247,MNXM57347,GOLXRNDWAUTYKT-UHFFFAOYSA-M,cpd27289,HMDB02302,,,"['CHEBI:43580', 'CHEBI:82916']",,META:INDOLE-PROPIONATE,EX_cpd27289_e0,ERR1620289_sub
cpd03343_e0,Phenylpropanoate-e0,149.16656,9,0,SBO:0000247,MNXM1403,XMIIGOLPHOKFCH-UHFFFAOYSA-M,cpd03343,HMDB00764,,C05629,"['CHEBI:28631', 'CHEBI:26002', 'CHEBI:26005', 'CHEBI:43112', 'CHEBI:8103', 'CHEBI:51057', 'CHEBI:20186', 'CHEBI:20187']",pppn,META:3-PHENYLPROPIONATE,EX_cpd03343_e0,ERR1620289_sub
cpd01202_e0,Phloretate-e0,165.16595999999998,9,0,SBO:0000247,MNXM4778,NMHMNPHRMNGLLB-UHFFFAOYSA-M,cpd01202,"['HMDB02199', 'HMDB61145']",,C01744,"['CHEBI:16331', 'CHEBI:14786', 'CHEBI:19933', 'CHEBI:32980', 'CHEBI:19934', 'CHEBI:43113', 'CHEBI:8110']",,META:PHLORETATE,EX_cpd01202_e0,ERR1620289_sub
cpd00949_e0,"3alpha,7alpha-Dihydroxy-12-oxo-5beta-cholanate-e0",405.54758,24,0,SBO:0000247,MNXM2191,MIHNUBCEFJLAGN-DMMBONCOSA-M,cpd00949,HMDB00400,,C01292,"['CHEBI:11901', 'CHEBI:57725', 'CHEBI:16312', 'CHEBI:1703', 'CHEBI:20227', 'CHEBI:20228']",,META:CPD-345,EX_cpd00949_e0,ERR1620289_sub
cpd00216_e0,Chorismate,224.16692,10,0,SBO:0000247,MNXM337,WTFXTQVDAKGDEY-HTQZYQBOSA-L,cpd00216,HMDB12199,R-ALL-964856,C00251,"['CHEBI:17333', 'CHEBI:23227', 'CHEBI:3677', 'CHEBI:29748', 'CHEBI:13993', 'CHEBI:23225']",chor,META:CHORISMATE,EX_cpd00216_e0,ERR1620289_sub
cpd00229_e0,Glycolaldehyde-e0,60.05196,2,0,SBO:0000247,MNXM349,WGCNASOHLSPBMP-UHFFFAOYSA-N,cpd00229,"['HMDB03344', 'HMDB02165']",,C00266,"['CHEBI:131198', 'CHEBI:17071', 'CHEBI:14347', 'CHEBI:24386', 'CHEBI:5474']",gcald,META:GLYCOLALDEHYDE,EX_cpd00229_e0,ERR1620289_sub
cpd01015_e0,Cyanate-e0,42.0168,1,1,SBO:0000247,MNXM1191,XLJMAIOERFSOGZ-UHFFFAOYSA-M,cpd01015,HMDB02078,,C01417,"['CHEBI:28024', 'CHEBI:23422', 'CHEBI:3968', 'CHEBI:29195', 'CHEBI:14037', 'CHEBI:23419', 'CHEBI:29202']",cynt,META:CPD-69,EX_cpd01015_e0,ERR1620289_sub
cpd00417_e0,L-Lyxitol-e0,152.14578,5,0,SBO:0000247,MNXM801,HEBKCHPVOIAQTA-IMJSIDKUSA-N,cpd00417,"['HMDB01851', 'HMDB00199']",,C00532,"['CHEBI:18403', 'CHEBI:13073', 'CHEBI:21234', 'CHEBI:6184']","['abt', 'abt__L']",META:L-ARABITOL,EX_cpd00417_e0,ERR1620289_sub
cpd00009_m,Phosphate-e0,95.97930099999999,0,0,SBO:0000247,MNXM9,NBIIXXVUZAFLBC-UHFFFAOYSA-L,cpd00009,"['HMDB00973', 'HMDB01429', 'HMDB05947', 'HMDB02105', 'HMDB02142']","['R-ALL-109277', 'R-ALL-113548', 'R-ALL-113550', 'R-ALL-113551', 'R-ALL-29372', 'R-ALL-5228339', 'R-ALL-8851226', 'R-ALL-8851513']",C00009,CHEBI:43474,pi,"['META:CPD-16459', 'META:PHOSPHATE-GROUP', 'META:Pi']",EX_cpd00009_m,ERR1620289_sub
cpd00027_m,D-Glucose-e0,180.15588,6,0,SBO:0000247,MNXM41,WQZGKKKJIJFFOK-GASJEMHNSA-N,cpd00027,"['HMDB00122', 'HMDB06564']",,C00031,"['CHEBI:17634', 'CHEBI:12965', 'CHEBI:20999', 'CHEBI:4167']",glc__D,META:Glucopyranose,EX_cpd00027_m,ERR1620289_sub
cpd00030_m,Mn2+-e0,54.938049,0,0,SBO:0000247,MNXM2255,WAEMQWOKJMHJLA-UHFFFAOYSA-N,cpd00030,HMDB01333,"['R-ALL-1981162', 'R-ALL-29418']",C19610,"['CHEBI:29035', 'CHEBI:21435', 'CHEBI:25156', 'CHEBI:49749']",mn2,META:MN+2,EX_cpd00030_m,ERR1620289_sub
cpd00034_m,Zn2+-e0,65.409,0,0,SBO:0000247,MNXM149,PTFCDOFLOPIGGS-UHFFFAOYSA-N,cpd00034,HMDB01303,"['R-ALL-158417', 'R-ALL-216667', 'R-ALL-216785', 'R-ALL-29426', 'R-ALL-435350', 'R-ALL-437093', 'R-ALL-442320']",C00038,"['CHEBI:29105', 'CHEBI:10113', 'CHEBI:27368', 'CHEBI:49972', 'CHEBI:49982']","['HC02172', 'zn2']",META:ZN+2,EX_cpd00034_m,ERR1620289_sub
cpd00048_m,Sulfate-e0,96.0626,0,0,SBO:0000247,MNXM58,QAOWNCQODCNURD-UHFFFAOYSA-L,cpd00048,HMDB01448,"['R-ALL-1606845', 'R-ALL-1609649', 'R-ALL-1614584', 'R-ALL-174375', 'R-ALL-427648']",C00059,"['CHEBI:16189', 'CHEBI:15135', 'CHEBI:45687', 'CHEBI:9335', 'CHEBI:26836', 'CHEBI:45696', 'CHEBI:29199', 'CHEBI:45693']",so4,"['META:HSO4', 'META:SULFATE']",EX_cpd00048_m,ERR1620289_sub
cpd00118_m,Putrescine-e0,90.16736,4,2,SBO:0000247,MNXM118,KIDHWZJUCRJVML-UHFFFAOYSA-P,cpd00118,"['HMDB01414', 'HMDB60243']","['R-ALL-141350', 'R-ALL-29610']",C00134,"['CHEBI:17148', 'CHEBI:14972', 'CHEBI:26405', 'CHEBI:45092', 'CHEBI:8650', 'CHEBI:326268']",ptrc,META:PUTRESCINE,EX_cpd00118_m,ERR1620289_sub
cpd00149_m,Co2+-e0,58.9332,0,0,SBO:0000247,MNXM90960,XLJKHNWPARRRJB-UHFFFAOYSA-N,cpd00149,HMDB00608,,C00175,"['CHEBI:48828', 'CHEBI:23337', 'CHEBI:48827']",cobalt2,META:CO+2,EX_cpd00149_m,ERR1620289_sub
cpd00154_m,Xylose-e0,150.1299,5,0,SBO:0000247,MNXM348,SRBFZHDQGSBBOR-IOVATXLUSA-N,cpd00154,"['HMDB00098', 'HMDB03763']",R-ALL-2090063,C00181,"['CHEBI:53455', 'CHEBI:65327']",xyl__D,META:D-Xylopyranose,EX_cpd00154_m,ERR1620289_sub
cpd00179_m,Maltose-e0,342.29648000000003,12,0,SBO:0000247,MNXM165,GUBGYTABKSRVRQ-PICCSMPSSA-N,cpd00179,,"['R-ALL-188986', 'R-ALL-868706']","['C00208', 'C00897']","['CHEBI:17306', 'CHEBI:14568', 'CHEBI:25144', 'CHEBI:6668', 'CHEBI:18167', 'CHEBI:10300', 'CHEBI:12340', 'CHEBI:22463', 'CHEBI:43893']",malt,"['META:ALPHA-MALTOSE', 'META:MALTOSE']",EX_cpd00179_m,ERR1620289_sub
cpd00224_m,L-Arabinose-e0,150.1299,5,0,SBO:0000247,MNXM461,SRBFZHDQGSBBOR-HWQSCIPKSA-N,cpd00224,"['HMDB00646', 'HMDB00487']",,C00259,"['CHEBI:17535', 'CHEBI:21232', 'CHEBI:6181', 'CHEBI:30849', 'CHEBI:13076']",,META:L-arabinopyranose,EX_cpd00224_m,ERR1620289_sub
cpd00244_m,Ni2+-e0,58.6934,0,0,SBO:0000247,MNXM1847,PXHVJJICTQNCMI-UHFFFAOYSA-N,cpd00244,,,C00291,"['CHEBI:28112', 'CHEBI:25515', 'CHEBI:7552']",,,EX_cpd00244_m,ERR1620289_sub
cpd00264_m,Spermidine-e0,148.26968,7,3,SBO:0000247,MNXM124,ATHGHQPFGPMSJY-UHFFFAOYSA-Q,cpd00264,HMDB01257,"['R-ALL-141324', 'R-ALL-204635']",C00315,"['CHEBI:16610', 'CHEBI:15095', 'CHEBI:15097', 'CHEBI:26732', 'CHEBI:26733', 'CHEBI:45647', 'CHEBI:9218', 'CHEBI:57834']",spmd,META:SPERMIDINE,EX_cpd00264_m,ERR1620289_sub
cpd00268_m,H2S2O3-e0,113.13614,0,0,SBO:0000247,MNXM323,DHCDFWKWKRSZHF-UHFFFAOYSA-M,cpd00268,"['HMDB00257', 'HMDB60293']",R-ALL-1614595,"['C00320', 'C05529']","['CHEBI:16094', 'CHEBI:15242', 'CHEBI:45922', 'CHEBI:9569', 'CHEBI:26977', 'CHEBI:29279', 'CHEBI:33539', 'CHEBI:33540', 'CHEBI:33541', 'CHEBI:33542', 'CHEBI:5587']",tsul,META:S2O3,EX_cpd00268_m,ERR1620289_sub
cpd00266_m,Carnitine-e0,161.1989,7,1,SBO:0000247,MNXM173,PHIQHXFUZVPYII-ZCFIWIBFSA-N,cpd00266,"['HMDB00062', 'HMDB01467', 'HMDB62496']","['R-ALL-164988', 'R-ALL-201023', 'R-ALL-30235', 'R-ALL-390294', 'R-ALL-549207']","['C00318', 'C00487']","['CHEBI:16347', 'CHEBI:13091', 'CHEBI:21256', 'CHEBI:6202', 'CHEBI:17126', 'CHEBI:11817', 'CHEBI:13947', 'CHEBI:20047', 'CHEBI:23038', 'CHEBI:29085', 'CHEBI:3424', 'CHEBI:39547']",crn,META:CARNITINE,EX_cpd00266_m,ERR1620289_sub
cpd08305_m,crotonobetaine-e0,143.18362,7,1,SBO:0000247,MNXM724515,GUYHPGUANSLONG-SNAWJCMRSA-N,cpd08305,,,C04114,CHEBI:17237,ctbt,META:CROTONO-BETAINE,EX_cpd08305_m,ERR1620289_sub
cpd10516_m,fe3-e0,55.845,0,0,SBO:0000247,MNXM196,VTLYFUHAOXGGBS-UHFFFAOYSA-N,cpd10516,HMDB12943,"['R-ALL-111736', 'R-ALL-912516', 'R-ALL-912519', 'R-ALL-917943', 'R-ALL-917966']",C14819,"['CHEBI:29034', 'CHEBI:13320', 'CHEBI:21130', 'CHEBI:24877', 'CHEBI:34755', 'CHEBI:49595']",fe3,META:FE+3,EX_cpd10516_m,ERR1620289_sub
cpd00067_m,H+-e0,1.00794,0,0,SBO:0000247,MNXM1,GPRLSGONYQIRFK-UHFFFAOYSA-N,cpd00067,HMDB59597,"['R-ALL-1132304', 'R-ALL-113529', 'R-ALL-1470067', 'R-ALL-156540', 'R-ALL-163953', 'R-ALL-193465', 'R-ALL-194688', 'R-ALL-2000349', 'R-ALL-2872447', 'R-ALL-351626', 'R-ALL-372511', 'R-ALL-374900', 'R-ALL-425969', 'R-ALL-425978', 'R-ALL-425999', 'R-ALL-427899', 'R-ALL-428040', 'R-ALL-428548', 'R-ALL-5668577', 'R-ALL-70106', 'R-ALL-74722']",C00080,"['CHEBI:15378', 'CHEBI:10744', 'CHEBI:13357', 'CHEBI:5584']",h,META:PROTON,EX_cpd00067_m,ERR1620289_sub
cpd00367_m,Cytidine-e0,243.21662,9,3,SBO:0000247,MNXM338,UHDGCWIWMRVCDJ-XVFCMESISA-N,cpd00367,HMDB00089,,C00475,"['CHEBI:17562', 'CHEBI:14063', 'CHEBI:23515', 'CHEBI:4053', 'CHEBI:41649', 'CHEBI:41686', 'CHEBI:41704', 'CHEBI:41709']",cytd,META:CYTIDINE,EX_cpd00367_m,ERR1620289_sub
cpd00184_m,Thymidine-e0,242.22856000000002,10,2,SBO:0000247,MNXM420,IQFYYKKMVGJFEH-XLPZGREQSA-N,cpd00184,HMDB00273,R-ALL-83928,C00214,"['CHEBI:17748', 'CHEBI:15244', 'CHEBI:19273', 'CHEBI:45782', 'CHEBI:45834', 'CHEBI:45917', 'CHEBI:45918', 'CHEBI:9579', 'CHEBI:53527']",thymd,META:THYMIDINE,EX_cpd00184_m,ERR1620289_sub
cpd00309_m,XAN-e0,152.11086,5,4,SBO:0000247,MNXM174,LRFVTYWOQMYALW-UHFFFAOYSA-N,cpd00309,HMDB00292,R-ALL-30064,C00385,"['CHEBI:15318', 'CHEBI:17712', 'CHEBI:10059', 'CHEBI:27317', 'CHEBI:46377', 'CHEBI:48517']",xan,META:XANTHINE,EX_cpd00309_m,ERR1620289_sub
cpd00311_m,Guanosine-e0,283.24072,10,5,SBO:0000247,MNXM401,NYHBQMYGNKIUIF-UUOKFMHZSA-N,cpd00311,HMDB00133,,C00387,"['CHEBI:16750', 'CHEBI:14375', 'CHEBI:24444', 'CHEBI:42840', 'CHEBI:42847', 'CHEBI:42853', 'CHEBI:471737', 'CHEBI:5564']",gsn,META:GUANOSINE,EX_cpd00311_m,ERR1620289_sub
cpd00130_m,L-Malate-e0,132.07156,4,0,SBO:0000247,MNXM98,BJEPYKJPYRNKOW-REOHCLBHSA-L,cpd00130,HMDB00156,"['R-ALL-113544', 'R-ALL-198498']",C00149,"['CHEBI:15589', 'CHEBI:11066', 'CHEBI:13140', 'CHEBI:18784', 'CHEBI:30797', 'CHEBI:18785', 'CHEBI:423']",mal__L,META:MAL,EX_cpd00130_m,ERR1620289_sub
cpd00971_m,Na+-e0,22.98977,0,0,SBO:0000247,MNXM27,FKNQFGJONOIPTF-UHFFFAOYSA-N,cpd00971,HMDB00588,"['R-ALL-2872443', 'R-ALL-2892454', 'R-ALL-425958', 'R-ALL-425971', 'R-ALL-425977', 'R-ALL-74113', 'R-ALL-83910']",C01330,"['CHEBI:29101', 'CHEBI:26717', 'CHEBI:49766', 'CHEBI:9175']",na1,META:NA+,EX_cpd00971_m,ERR1620289_sub
cpd00137_m,Citrate-e0,189.0997,6,0,SBO:0000247,MNXM131,KRKNYBCHXYNGOX-UHFFFAOYSA-K,cpd00137,HMDB00094,"['R-ALL-29654', 'R-ALL-433138', 'R-ALL-76190']",C00158,"['CHEBI:132362', 'CHEBI:133748', 'CHEBI:16947', 'CHEBI:13999', 'CHEBI:23321', 'CHEBI:42563', 'CHEBI:30769', 'CHEBI:23322', 'CHEBI:3727', 'CHEBI:41523', 'CHEBI:35802', 'CHEBI:35804', 'CHEBI:35806', 'CHEBI:35808', 'CHEBI:35809', 'CHEBI:35810', 'CHEBI:76049']",cit,META:CIT,EX_cpd00137_m,ERR1620289_sub
cpd00035_m,L-Alanine-e0,89.09318,3,1,SBO:0000247,MNXM32,QNAYBMKLOCPYGJ-REOHCLBHSA-N,cpd00035,"['HMDB00161', 'HMDB62251']","['R-ALL-29432', 'R-ALL-352036', 'R-ALL-379697', 'R-ALL-389664']","['C00041', 'C01401']","['CHEBI:16449', 'CHEBI:13748', 'CHEBI:22277', 'CHEBI:2539', 'CHEBI:16977', 'CHEBI:13069', 'CHEBI:21216', 'CHEBI:40734', 'CHEBI:40735', 'CHEBI:46308', 'CHEBI:6171', 'CHEBI:32431', 'CHEBI:32432', 'CHEBI:32439', 'CHEBI:32440', 'CHEBI:57972', 'CHEBI:66916', 'CHEBI:76050']",ala__L,META:L-ALPHA-ALANINE,EX_cpd00035_m,ERR1620289_sub
cpd00053_m,L-Glutamine-e0,146.1445,5,2,SBO:0000247,MNXM37,ZDXPYRJPNDTMRX-VKHMYHEASA-N,cpd00053,HMDB00641,"['R-ALL-113522', 'R-ALL-212615', 'R-ALL-29472']","['C00064', 'C00303']","['CHEBI:18050', 'CHEBI:13110', 'CHEBI:21308', 'CHEBI:42812', 'CHEBI:42814', 'CHEBI:42899', 'CHEBI:42943', 'CHEBI:6227', 'CHEBI:28300', 'CHEBI:24316', 'CHEBI:5432', 'CHEBI:32665', 'CHEBI:32666', 'CHEBI:32678', 'CHEBI:32679', 'CHEBI:58359']",gln__L,META:GLN,EX_cpd00053_m,ERR1620289_sub
cpd00041_m,L-Aspartate-e0,132.09474,4,1,SBO:0000247,MNXM42,CKLJMWTZIZZHCS-REOHCLBHSA-M,cpd00041,"['HMDB00191', 'HMDB62186', 'HMDB62501']","['R-ALL-113553', 'R-ALL-29448']","['C00049', 'C16433']","['CHEBI:132943', 'CHEBI:17053', 'CHEBI:21247', 'CHEBI:40853', 'CHEBI:40900', 'CHEBI:40913', 'CHEBI:40942', 'CHEBI:6193', 'CHEBI:22660', 'CHEBI:29991', 'CHEBI:13085', 'CHEBI:21244', 'CHEBI:29993', 'CHEBI:29995', 'CHEBI:35391', 'CHEBI:22659', 'CHEBI:29992']",asp__L,META:L-ASPARTATE,EX_cpd00041_m,ERR1620289_sub
cpd00084_m,L-Cysteine-e0,121.15818,3,1,SBO:0000247,MNXM738068,XUJNEKJLAYXESH-REOHCLBHSA-N,cpd00084,HMDB00574,"['R-ALL-111707', 'R-ALL-352016', 'R-ALL-379721', 'R-ALL-5668576']","['C00097', 'C00736']","['CHEBI:15356', 'CHEBI:14061', 'CHEBI:23508', 'CHEBI:4050', 'CHEBI:17561', 'CHEBI:13095', 'CHEBI:21261', 'CHEBI:41227', 'CHEBI:41700', 'CHEBI:41768', 'CHEBI:41781', 'CHEBI:41811', 'CHEBI:6207', 'CHEBI:32442', 'CHEBI:32443', 'CHEBI:32445', 'CHEBI:32456', 'CHEBI:32457', 'CHEBI:32458', 'CHEBI:35235', 'CHEBI:35237']",cys__L,META:CYS,EX_cpd00084_m,ERR1620289_sub
cpd00107_m,L-Leucine-e0,131.17292,6,1,SBO:0000247,MNXM140,ROHFNLRQFUQHCH-YFKPBYRVSA-N,cpd00107,"['HMDB00687', 'HMDB62203']","['R-ALL-113580', 'R-ALL-29588', 'R-ALL-351964']","['C00123', 'C16439']","['CHEBI:15603', 'CHEBI:10866', 'CHEBI:13131', 'CHEBI:21348', 'CHEBI:43646', 'CHEBI:43695', 'CHEBI:43733', 'CHEBI:43814', 'CHEBI:6260', 'CHEBI:25017', 'CHEBI:32619', 'CHEBI:32620', 'CHEBI:32627', 'CHEBI:32628', 'CHEBI:57427']",leu__L,META:LEU,EX_cpd00107_m,ERR1620289_sub
cpd00322_m,L-Isoleucine-e0,131.17292,6,1,SBO:0000247,MNXM231,AGPKZVBTJJNPAG-WHFBIAKZSA-N,cpd00322,HMDB00172,"['R-ALL-113537', 'R-ALL-30102']",C00407,"['CHEBI:17191', 'CHEBI:13127', 'CHEBI:21344', 'CHEBI:43290', 'CHEBI:43342', 'CHEBI:43366', 'CHEBI:6255', 'CHEBI:24898', 'CHEBI:32604', 'CHEBI:32605', 'CHEBI:32612', 'CHEBI:32613', 'CHEBI:58045']",ile__L,META:ILE,EX_cpd00322_m,ERR1620289_sub
cpd00156_m,L-Valine-e0,117.14634,5,1,SBO:0000247,MNXM199,KZSNJWFQEVHDMF-BYPYZUCNSA-N,cpd00156,"['HMDB00883', 'HMDB34366']","['R-ALL-113540', 'R-ALL-29702']","['C00183', 'C16436']","['CHEBI:16414', 'CHEBI:13186', 'CHEBI:21417', 'CHEBI:46282', 'CHEBI:46376', 'CHEBI:46418', 'CHEBI:46484', 'CHEBI:6321', 'CHEBI:27266', 'CHEBI:32851', 'CHEBI:32852', 'CHEBI:32859', 'CHEBI:32860', 'CHEBI:57762', 'CHEBI:87977']",val__L,META:VAL,EX_cpd00156_m,ERR1620289_sub
cpd00119_m,L-Histidine-e0,155.15456,6,3,SBO:0000247,MNXM134,HNDVDQJCIGZPNO-YFKPBYRVSA-N,cpd00119,"['HMDB00177', 'HMDB03412']","['R-ALL-29612', 'R-ALL-379695']","['C00135', 'C00768']","['CHEBI:15971', 'CHEBI:13117', 'CHEBI:21324', 'CHEBI:43048', 'CHEBI:43114', 'CHEBI:43190', 'CHEBI:43239', 'CHEBI:6240', 'CHEBI:27570', 'CHEBI:24598', 'CHEBI:43118', 'CHEBI:5733', 'CHEBI:32510', 'CHEBI:32511', 'CHEBI:32512', 'CHEBI:32513', 'CHEBI:32529', 'CHEBI:32530', 'CHEBI:32531', 'CHEBI:32532', 'CHEBI:57595']",his__L,META:HIS,EX_cpd00119_m,ERR1620289_sub
cpd00069_m,L-Tyrosine-e0,181.18854,9,1,SBO:0000247,MNXM76,OUYCCCASQSFEME-QMMMGPOBSA-N,cpd00069,"['HMDB00158', 'HMDB00647']","['R-ALL-29506', 'R-ALL-352030', 'R-ALL-379710', 'R-ALL-5668567']","['C00082', 'C01536']","['CHEBI:17895', 'CHEBI:13181', 'CHEBI:21411', 'CHEBI:46070', 'CHEBI:46161', 'CHEBI:6313', 'CHEBI:18186', 'CHEBI:15277', 'CHEBI:27176', 'CHEBI:9800', 'CHEBI:32760', 'CHEBI:32761', 'CHEBI:32762', 'CHEBI:32784', 'CHEBI:32785', 'CHEBI:32786', 'CHEBI:58315']",tyr__L,META:TYR,EX_cpd00069_m,ERR1620289_sub
cpd00051_m,L-Arginine-e0,175.2089,6,4,SBO:0000247,MNXM70,ODKSFYDXXFIFQN-BYPYZUCNSA-O,cpd00051,"['HMDB00517', 'HMDB62762']","['R-ALL-113530', 'R-ALL-29468', 'R-ALL-351977', 'R-ALL-374064']","['C00062', 'C02385']","['CHEBI:16467', 'CHEBI:13077', 'CHEBI:21235', 'CHEBI:42927', 'CHEBI:6185', 'CHEBI:29016', 'CHEBI:22616', 'CHEBI:2643', 'CHEBI:32681', 'CHEBI:32682', 'CHEBI:133495', 'CHEBI:32683', 'CHEBI:32695', 'CHEBI:32696', 'CHEBI:32697']",arg__L,META:ARG,EX_cpd00051_m,ERR1620289_sub
cpd00039_m,L-Lysine-e0,147.1955,6,2,SBO:0000247,MNXM78,KDXKERNSBIXSRK-YFKPBYRVSA-O,cpd00039,"['HMDB00182', 'HMDB03405', 'HMDB62809']","['R-ALL-29444', 'R-ALL-351979', 'R-ALL-351991']","['C00047', 'C16440']","['CHEBI:133538', 'CHEBI:18019', 'CHEBI:13135', 'CHEBI:21351', 'CHEBI:43950', 'CHEBI:6264', 'CHEBI:25094', 'CHEBI:32550', 'CHEBI:32551', 'CHEBI:32552', 'CHEBI:32563', 'CHEBI:32564', 'CHEBI:32565']",lys__L,META:LYS,EX_cpd00039_m,ERR1620289_sub
cpd00066_m,L-Phenylalanine-e0,165.18914,9,1,SBO:0000247,MNXM97,COLNVLDHVKWLRT-QMMMGPOBSA-N,cpd00066,"['HMDB00159', 'HMDB00612']","['R-ALL-29502', 'R-ALL-351993', 'R-ALL-379701']","['C00079', 'C02057']","['CHEBI:17295', 'CHEBI:13151', 'CHEBI:21370', 'CHEBI:44851', 'CHEBI:44885', 'CHEBI:45079', 'CHEBI:6282', 'CHEBI:28044', 'CHEBI:25984', 'CHEBI:8089', 'CHEBI:32486', 'CHEBI:32487', 'CHEBI:32504', 'CHEBI:32505', 'CHEBI:58095', 'CHEBI:76052']",phe__L,META:PHE,EX_cpd00066_m,ERR1620289_sub
cpd00246_m,Inosine-e0,268.22608,10,4,SBO:0000247,MNXM334,UGQMRVRMYYASKQ-KQYNXXCUSA-N,cpd00246,HMDB00195,"['R-ALL-83921', 'R-ALL-83927']",C00294,"['CHEBI:17596', 'CHEBI:14456', 'CHEBI:24841', 'CHEBI:44407', 'CHEBI:5927']",ins,META:INOSINE,EX_cpd00246_m,ERR1620289_sub
cpd00182_m,Adenosine-e0,267.24132,10,5,SBO:0000247,MNXM212,OIRDTQYFTABQOQ-KQYNXXCUSA-N,cpd00182,"['HMDB00050', 'HMDB04401', 'HMDB04402', 'HMDB04421']","['R-ALL-83908', 'R-ALL-83909', 'R-ALL-8857850']",C00212,"['CHEBI:16335', 'CHEBI:13734', 'CHEBI:22237', 'CHEBI:2472', 'CHEBI:40558', 'CHEBI:40825', 'CHEBI:40906', 'CHEBI:40911']",adn,META:ADENOSINE,EX_cpd00182_m,ERR1620289_sub
cpd00013_m,NH3-e0,18.03846,0,1,SBO:0000247,MNXM15,QGZKDVFQNNGYKY-UHFFFAOYSA-O,cpd00013,"['HMDB00051', 'HMDB41827']","['R-ALL-1132163', 'R-ALL-113561', 'R-ALL-140912', 'R-ALL-2022135', 'R-ALL-29382', 'R-ALL-31633', 'R-ALL-389843', 'R-ALL-5693978', 'R-ALL-76230']",C01342,CHEBI:28938,"['nh3', 'nh4']","['META:AMMONIA', 'META:AMMONIUM']",EX_cpd00013_m,ERR1620289_sub
cpd00029_m,Acetate-e0,59.044019999999996,2,0,SBO:0000247,MNXM26,QTBSBXVTEAMEQO-UHFFFAOYSA-M,cpd00029,HMDB00042,"['R-ALL-113539', 'R-ALL-1524044', 'R-ALL-2022890', 'R-ALL-29416', 'R-ALL-390305']",C00033,"['CHEBI:15366', 'CHEBI:22169', 'CHEBI:2387', 'CHEBI:40486', 'CHEBI:30089', 'CHEBI:13704', 'CHEBI:22165', 'CHEBI:40480']",ac,META:ACET,EX_cpd00029_m,ERR1620289_sub
cpd04098_m,Arsenite-e0,124.93567999999999,0,0,SBO:0000247,MNXM658,AQLMHYSWFMLWBS-UHFFFAOYSA-N,cpd04098,HMDB11620,R-ALL-5696216,C06697,"['CHEBI:29242', 'CHEBI:29243', 'CHEBI:29866', 'CHEBI:13857', 'CHEBI:2846', 'CHEBI:49900', 'CHEBI:22635', 'CHEBI:49899']",aso3,"['META:CPD-763', 'META:CPD0-2040']",EX_cpd04098_m,ERR1620289_sub
cpd00132_m,L-Asparagine-e0,132.11792,4,2,SBO:0000247,MNXM147,DCXYFEDJOCDNAF-REOHCLBHSA-N,cpd00132,HMDB00168,"['R-ALL-29642', 'R-ALL-379703']","['C00152', 'C16438']","['CHEBI:17196', 'CHEBI:13083', 'CHEBI:21242', 'CHEBI:40902', 'CHEBI:6191', 'CHEBI:22653', 'CHEBI:32650', 'CHEBI:32651', 'CHEBI:32660', 'CHEBI:32661', 'CHEBI:58048']",asn__L,META:ASN,EX_cpd00132_m,ERR1620289_sub
cpd00063_m,Ca2+-e0,40.078,0,0,SBO:0000247,MNXM128,BHPQYMZQTOCNFJ-UHFFFAOYSA-N,cpd00063,HMDB00464,"['R-ALL-111875', 'R-ALL-139827', 'R-ALL-1606834', 'R-ALL-167012', 'R-ALL-2855229', 'R-ALL-74016', 'R-ALL-74112']",C00076,"['CHEBI:29108', 'CHEBI:22988', 'CHEBI:3308', 'CHEBI:48760', 'CHEBI:39123']",ca2,META:CA+2,EX_cpd00063_m,ERR1620289_sub
cpd01012_m,Cd2+-e0,112.411,0,0,SBO:0000247,MNXM4505,WLZRMCYVCSSEQC-UHFFFAOYSA-N,cpd01012,HMDB03638,,C01413,"['CHEBI:48775', 'CHEBI:3290', 'CHEBI:48773']",cd2,META:CD+2,EX_cpd01012_m,ERR1620289_sub
cpd00058_m,Cu2+-e0,63.546,0,0,SBO:0000247,MNXM632,JPVYNHNXODAKFH-UHFFFAOYSA-N,cpd00058,HMDB00657,"['R-ALL-209799', 'R-ALL-437295', 'R-ALL-936901']",C00070,"['CHEBI:29036', 'CHEBI:20882', 'CHEBI:23380', 'CHEBI:49550']",cu2,META:CU+2,EX_cpd00058_m,ERR1620289_sub
cpd10515_m,Fe2+-e0,55.845,0,0,SBO:0000247,MNXM111,CWYNVVGOOAEACU-UHFFFAOYSA-N,cpd10515,HMDB00692,,C14818,"['CHEBI:29033', 'CHEBI:13319', 'CHEBI:13321', 'CHEBI:21129', 'CHEBI:24876', 'CHEBI:34754', 'CHEBI:49599']",fe2,META:FE+2,EX_cpd10515_m,ERR1620289_sub
cpd00047_m,Formate-e0,45.01744,1,0,SBO:0000247,MNXM39,BDAGIHXWWSANSR-UHFFFAOYSA-M,cpd00047,HMDB00142,"['R-ALL-194712', 'R-ALL-29460', 'R-ALL-389585', 'R-ALL-6801451']",C00058,"['CHEBI:15740', 'CHEBI:14276', 'CHEBI:24081', 'CHEBI:30751', 'CHEBI:24082', 'CHEBI:42460', 'CHEBI:5145']",for,"['META:CARBOXYL-GROUP', 'META:CPD-9845', 'META:CPD1G-1532', 'META:CPD1G-1533', 'META:CPD1G-1534', 'META:CPD1G-1535', 'META:FORMATE']",EX_cpd00047_m,ERR1620289_sub
cpd00106_m,Fumarate-e0,114.05628,4,0,SBO:0000247,MNXM93,VZCYOOQTPOCHFL-OWOJBTEDSA-L,cpd00106,HMDB00134,"['R-ALL-113588', 'R-ALL-29586']",C00122,"['CHEBI:18012', 'CHEBI:24124', 'CHEBI:42743', 'CHEBI:5190', 'CHEBI:22958', 'CHEBI:29806', 'CHEBI:14284', 'CHEBI:24122', 'CHEBI:42511', 'CHEBI:36180', 'CHEBI:22956', 'CHEBI:22957', 'CHEBI:37154', 'CHEBI:37155']",fum,META:FUM,EX_cpd00106_m,ERR1620289_sub
cpd00108_m,Galactose-e0,180.15588,6,0,SBO:0000247,MNXM390,WQZGKKKJIJFFOK-PHYPRBDBSA-N,cpd00108,"['HMDB00143', 'HMDB05762']",,"['C00124', 'C00984']","['CHEBI:12936', 'CHEBI:28061', 'CHEBI:10231', 'CHEBI:22373', 'CHEBI:42741', 'CHEBI:4139']",gal,"['META:ALPHA-D-GALACTOSE', 'META:D-galactopyranose']",EX_cpd00108_m,ERR1620289_sub
cpd00222_m,GLCN-e0,195.14734,6,0,SBO:0000247,MNXM341,RGHNJXZEOKUKBD-SQOUGZDYSA-M,cpd00222,"['HMDB00625', 'HMDB03373']",,C00257,"['CHEBI:18391', 'CHEBI:12955', 'CHEBI:20983', 'CHEBI:20985', 'CHEBI:24265', 'CHEBI:24266', 'CHEBI:33198', 'CHEBI:20986', 'CHEBI:4157', 'CHEBI:42715']","['glcn', 'glcn__D']",META:GLUCONATE,EX_cpd00222_m,ERR1620289_sub
cpd00033_m,Glycine-e0,75.0666,2,1,SBO:0000247,MNXM29,DHMQDGOQFOQNFH-UHFFFAOYSA-N,cpd00033,HMDB00123,"['R-ALL-113545', 'R-ALL-159549', 'R-ALL-193446', 'R-ALL-266029', 'R-ALL-29424']",C00037,"['CHEBI:15428', 'CHEBI:10792', 'CHEBI:14344', 'CHEBI:24368', 'CHEBI:42964', 'CHEBI:5460', 'CHEBI:32507', 'CHEBI:32508', 'CHEBI:57305']",gly,META:GLY,EX_cpd00033_m,ERR1620289_sub
cpd00121_m,L-Inositol-e0,180.15588,6,0,SBO:0000247,MNXM127,CDAISMWEOUEBRE-GPIVLXJGSA-N,cpd00121,"['HMDB00211', 'HMDB02256', 'HMDB34220']","['R-ALL-426910', 'R-ALL-429130']","['C00137', 'C19891']","['CHEBI:17268', 'CHEBI:10601', 'CHEBI:12826', 'CHEBI:12831', 'CHEBI:25451', 'CHEBI:43559', 'CHEBI:24848', 'CHEBI:27372', 'CHEBI:19183', 'CHEBI:4200', 'CHEBI:52772']",inost,"['META:CPD-8052', 'META:MYO-INOSITOL']",EX_cpd00121_m,ERR1620289_sub
cpd00205_m,K+-e0,39.0983,0,0,SBO:0000247,MNXM95,NPYPAHLBTDXSSS-UHFFFAOYSA-N,cpd00205,HMDB00586,"['R-ALL-29804', 'R-ALL-5626313', 'R-ALL-74126']",C00238,"['CHEBI:29103', 'CHEBI:26219', 'CHEBI:49685', 'CHEBI:8345']",k,META:K+,EX_cpd00205_m,ERR1620289_sub
cpd00208_m,LACT-e0,342.29648000000003,12,0,SBO:0000247,MNXM362,GUBGYTABKSRVRQ-QKKXKWKRSA-N,cpd00208,HMDB41627,,"['C00243', 'C01970']","['CHEBI:17716', 'CHEBI:10296', 'CHEBI:10380', 'CHEBI:14497', 'CHEBI:22460', 'CHEBI:22760', 'CHEBI:25005', 'CHEBI:27755', 'CHEBI:27968', 'CHEBI:28577', 'CHEBI:613009', 'CHEBI:36218', 'CHEBI:10428', 'CHEBI:22846', 'CHEBI:35463', 'CHEBI:43665']",lcts,"['META:CPD-15971', 'META:CPD-15972']",EX_cpd00208_m,ERR1620289_sub
cpd00159_m,L-Lactate-e0,89.07,3,0,SBO:0000247,MNXM179,JVTAAEKCZFNVCJ-REOHCLBHSA-M,cpd00159,"['HMDB00190', 'HMDB03328', 'HMDB62492']","['R-ALL-29708', 'R-ALL-373863', 'R-ALL-6807616']",C00186,"['CHEBI:16651', 'CHEBI:11065', 'CHEBI:12411', 'CHEBI:18783', 'CHEBI:422']",lac__L,META:L-LACTATE,EX_cpd00159_m,ERR1620289_sub
cpd01262_m,Amylotriose-e0,504.43708,18,0,SBO:0000247,MNXM468,FYGDTMLNYKFZSV-PXXRMHSHSA-N,cpd01262,HMDB01262,R-ALL-191103,C01835,"['CHEBI:27931', 'CHEBI:25146', 'CHEBI:43937', 'CHEBI:6672', 'CHEBI:61993']",malttr,META:MALTOTRIOSE,EX_cpd01262_m,ERR1620289_sub
cpd00138_m,D-Mannose-e0,180.15588,6,0,SBO:0000247,MNXM182,WQZGKKKJIJFFOK-QTVWNMPRSA-N,cpd00138,HMDB00169,"['R-ALL-429579', 'R-ALL-6799594', 'R-ALL-964752']",C00159,"['CHEBI:16024', 'CHEBI:12999', 'CHEBI:21057', 'CHEBI:37684', 'CHEBI:14575', 'CHEBI:33930', 'CHEBI:4208']",man,META:D-mannopyranose,EX_cpd00138_m,ERR1620289_sub
cpd00060_m,L-Methionine-e0,149.21134,5,1,SBO:0000247,MNXM61,FFEARJCKVFRZRR-BYPYZUCNSA-N,cpd00060,"['HMDB00696', 'HMDB33951']","['R-ALL-1130765', 'R-ALL-174390', 'R-ALL-379705']","['C00073', 'C01733']","['CHEBI:16643', 'CHEBI:13141', 'CHEBI:21360', 'CHEBI:43990', 'CHEBI:6271', 'CHEBI:16811', 'CHEBI:14590', 'CHEBI:25229', 'CHEBI:6829', 'CHEBI:32631', 'CHEBI:32632', 'CHEBI:32644', 'CHEBI:32646', 'CHEBI:57844', 'CHEBI:64558']",met__L,META:MET,EX_cpd00060_m,ERR1620289_sub
cpd11574_m,Molybdate-e0,161.95347999999998,0,0,SBO:0000247,MNXM1026,MEFBJEMVZONFCJ-UHFFFAOYSA-N,cpd11574,HMDB12260,R-ALL-947561,C06232,"['CHEBI:25371', 'CHEBI:36263', 'CHEBI:36264', 'CHEBI:25368', 'CHEBI:6967']",mobd,META:CPD-3,EX_cpd11574_m,ERR1620289_sub
cpd00064_m,Ornithine-e0,133.16892,5,2,SBO:0000247,MNXM89689,AHLPHDHHMVZTML-BYPYZUCNSA-O,cpd00064,"['HMDB00214', 'HMDB00818', 'HMDB04984', 'HMDB32455', 'HMDB62654', 'HMDB62718']","['R-ALL-113585', 'R-ALL-113586', 'R-ALL-29498']","['C00077', 'C01602']","['CHEBI:15729', 'CHEBI:13148', 'CHEBI:21367', 'CHEBI:6280', 'CHEBI:18257', 'CHEBI:7784', 'CHEBI:32964', 'CHEBI:11448', 'CHEBI:19370', 'CHEBI:44667', 'CHEBI:46911', 'CHEBI:46912', 'CHEBI:46913', 'CHEBI:46914']","['orn', 'orn__L']",META:L-ORNITHINE,EX_cpd00064_m,ERR1620289_sub
cpd00012_m,PPi-e0,174.951262,0,0,SBO:0000247,MNXM11,XPPKVPWEQAFLFU-UHFFFAOYSA-K,cpd00012,HMDB00250,"['R-ALL-111294', 'R-ALL-1132084', 'R-ALL-113541', 'R-ALL-113542', 'R-ALL-159450', 'R-ALL-2046049', 'R-ALL-389593', 'R-ALL-6806656', 'R-ALL-8878981', 'R-ALL-8938078']",C00013,CHEBI:33019,ppi,"['META:PPI', 'META:PYROPHOSPHATE-GROUP']",EX_cpd00012_m,ERR1620289_sub
cpd01132_m,Puromycin-e0,472.51750000000004,22,7,SBO:0000247,MNXM3088,RXWNCPJZOCPEPQ-NVWDDTSBSA-O,cpd01132,,,C01610,"['CHEBI:17939', 'CHEBI:14970', 'CHEBI:26402', 'CHEBI:45182', 'CHEBI:8641', 'CHEBI:60255']",pur,META:PUROMYCIN,EX_cpd01132_m,ERR1620289_sub
cpd00396_m,L-Rhamnose-e0,164.15648,6,0,SBO:0000247,MNXM2967,PNNNRSAQSRJVSB-BXKVDMCESA-N,cpd00396,HMDB00849,,C00507,"['CHEBI:16055', 'CHEBI:13160', 'CHEBI:21378', 'CHEBI:45427', 'CHEBI:57622', 'CHEBI:6292', 'CHEBI:26546', 'CHEBI:62345', 'CHEBI:62346']",rmn,"['META:CPD-15405', 'META:L-rhamnopyranose', 'META:L-rhamnose']",EX_cpd00396_m,ERR1620289_sub
cpd00036_m,Succinate-e0,116.07216,4,0,SBO:0000247,MNXM25,KDYFGRWQOYBRFD-UHFFFAOYSA-L,cpd00036,HMDB00254,"['R-ALL-113536', 'R-ALL-159939', 'R-ALL-29434', 'R-ALL-389583', 'R-ALL-433123', 'R-ALL-5278787']",C00042,"['CHEBI:15741', 'CHEBI:22943', 'CHEBI:26807', 'CHEBI:45639', 'CHEBI:9304', 'CHEBI:30031', 'CHEBI:15125', 'CHEBI:22941', 'CHEBI:26803', 'CHEBI:30779', 'CHEBI:90372', 'CHEBI:132287']",succ,META:SUC,EX_cpd00036_m,ERR1620289_sub
cpd00065_m,L-Tryptophan-e0,204.22518000000002,11,2,SBO:0000247,MNXM94,QIVBCDIJIAJPQS-VIFPVBQESA-N,cpd00065,"['HMDB00929', 'HMDB30396']","['R-ALL-29500', 'R-ALL-352006', 'R-ALL-379709']","['C00078', 'C00806']","['CHEBI:16828', 'CHEBI:13178', 'CHEBI:184633', 'CHEBI:21407', 'CHEBI:45988', 'CHEBI:46086', 'CHEBI:46125', 'CHEBI:46225', 'CHEBI:6310', 'CHEBI:27897', 'CHEBI:27163', 'CHEBI:9769', 'CHEBI:32702', 'CHEBI:32704', 'CHEBI:32727', 'CHEBI:32728', 'CHEBI:57912', 'CHEBI:64554']",trp__L,META:TRP,EX_cpd00065_m,ERR1620289_sub
cpd00280_m,D-Galacturonate-e0,193.13146,6,0,SBO:0000247,MNXM48464,AEMOLEFTQBMNLQ-YMDCURPLSA-M,cpd00280,,,C00333,"['CHEBI:18024', 'CHEBI:20976', 'CHEBI:20978', 'CHEBI:4153', 'CHEBI:75525']",galur,META:D-Galactopyranuronate,EX_cpd00280_m,ERR1620289_sub
cpd01217_m,Xanthosine-e0,284.22548,10,4,SBO:0000247,MNXM687,UBORTCNDUKBEOP-UUOKFMHZSA-N,cpd01217,HMDB00299,,C01762,"['CHEBI:18107', 'CHEBI:10066', 'CHEBI:15323', 'CHEBI:27327']",xtsn,META:XANTHOSINE,EX_cpd01217_m,ERR1620289_sub
cpd00099_m,Cl--e0,35.453,0,0,SBO:0000247,MNXM43,VEXZGXHMUGYJMC-UHFFFAOYSA-M,cpd00099,"['HMDB00492', 'HMDB02073', 'HMDB02306', 'HMDB02162']","['R-ALL-188972', 'R-ALL-2730999', 'R-ALL-2731008', 'R-ALL-2731020', 'R-ALL-29572', 'R-ALL-3301973', 'R-ALL-352022']","['C00698', 'C01327']","['CHEBI:17883', 'CHEBI:13364', 'CHEBI:24635', 'CHEBI:5590', 'CHEBI:17996', 'CHEBI:13291', 'CHEBI:13970', 'CHEBI:3616', 'CHEBI:3731', 'CHEBI:48804', 'CHEBI:50315']",cl,"['META:CL-', 'META:HCL']",EX_cpd00099_m,ERR1620289_sub
cpd00221_m,D-Lactate-e0,89.07,3,0,SBO:0000247,MNXM285,JVTAAEKCZFNVCJ-UWTATZPHSA-M,cpd00221,"['HMDB01311', 'HMDB00171']",,C00256,"['CHEBI:16004', 'CHEBI:11001', 'CHEBI:18684', 'CHEBI:42111', 'CHEBI:341', 'CHEBI:42105', 'CHEBI:43701']",lac__D,META:D-LACTATE,EX_cpd00221_m,ERR1620289_sub
cpd01107_m,Decanoate-e0,171.25666,10,0,SBO:0000247,MNXM1043,GHVNFZFCNZKVNT-UHFFFAOYSA-M,cpd01107,HMDB00511,,C01571,"['CHEBI:27689', 'CHEBI:125804', 'CHEBI:23570', 'CHEBI:30813', 'CHEBI:23572', 'CHEBI:41906', 'CHEBI:4347']",,META:CPD-3617,EX_cpd01107_m,ERR1620289_sub
cpd01741_m,ddca-e0,199.30982,12,0,SBO:0000247,MNXM402,POULHZVOKOAJMA-UHFFFAOYSA-M,cpd01741,HMDB00638,R-ALL-33549,C02679,"['CHEBI:18262', 'CHEBI:14187', 'CHEBI:23863', 'CHEBI:30805', 'CHEBI:23864', 'CHEBI:23865', 'CHEBI:41882', 'CHEBI:4680']",,META:DODECANOATE,EX_cpd01741_m,ERR1620289_sub
cpd03847_m,Myristic acid-e0,227.36298,14,0,SBO:0000247,MNXM314,TUNFSRHWOTWDNC-UHFFFAOYSA-M,cpd03847,HMDB00806,,C06424,"['CHEBI:28875', 'CHEBI:26897', 'CHEBI:278516', 'CHEBI:44232', 'CHEBI:7056', 'CHEBI:73168', 'CHEBI:30807', 'CHEBI:35292']",,META:CPD-7836,EX_cpd03847_m,ERR1620289_sub
cpd15298_m,tetradecenoate-e0,225.3471,14,0,SBO:0000247,MNXM83847,,cpd15298,,,,"['CHEBI:36004', 'CHEBI:78896']",,,EX_cpd15298_m,ERR1620289_sub
cpd00214_m,Palmitate-e0,255.41613999999998,16,0,SBO:0000247,MNXM108,IPCSVZSSVZVIGE-UHFFFAOYSA-M,cpd00214,"['HMDB00220', 'HMDB60083']","['R-ALL-2453691', 'R-ALL-3632881', 'R-ALL-390435', 'R-ALL-426576', 'R-ALL-5690516', 'R-ALL-76168']",C00249,"['CHEBI:15756', 'CHEBI:14730', 'CHEBI:233028', 'CHEBI:24540', 'CHEBI:24541', 'CHEBI:24542', 'CHEBI:24550', 'CHEBI:29889', 'CHEBI:35978', 'CHEBI:44952', 'CHEBI:7896', 'CHEBI:231736']",hdca,META:PALMITATE,EX_cpd00214_m,ERR1620289_sub
cpd15237_m,hexadecenoate-e0,253.40026,16,0,SBO:0000247,MNXM900,,cpd15237,,,,,,,EX_cpd15237_m,ERR1620289_sub
cpd01080_m,ocdca-e0,283.4693,18,0,SBO:0000247,MNXM236,QIQXTHQIDYTFRH-UHFFFAOYSA-M,cpd01080,HMDB00827,R-ALL-428198,C01530,"['CHEBI:25629', 'CHEBI:231588', 'CHEBI:28842', 'CHEBI:25631', 'CHEBI:45710']",ocdca,META:STEARIC_ACID,EX_cpd01080_m,ERR1620289_sub
cpd15269_m,octadecenoate-e0,281.45342,18,0,SBO:0000247,MNXM65309,,cpd15269,,,,"['CHEBI:25634', 'CHEBI:78049']",,,EX_cpd15269_m,ERR1620289_sub
cpd01113_m,Hexanoate-e0,115.15034,6,0,SBO:0000247,MNXM1653,FUZZWVXGSFPDMH-UHFFFAOYSA-M,cpd01113,"['HMDB00535', 'HMDB61883']",,C01585,"['CHEBI:17120', 'CHEBI:14398', 'CHEBI:24569', 'CHEBI:30776', 'CHEBI:24571', 'CHEBI:40213', 'CHEBI:5702']",hxa,META:HEXANOATE,EX_cpd01113_m,ERR1620289_sub
cpd03846_m,octanoate-e0,143.2035,8,0,SBO:0000247,MNXM750,WWZKQHOCKIZLMA-UHFFFAOYSA-M,cpd03846,"['HMDB00482', 'HMDB62511']",,C06423,"['CHEBI:25646', 'CHEBI:28837', 'CHEBI:25648', 'CHEBI:3373', 'CHEBI:44501']",octa,META:CPD-195,EX_cpd03846_m,ERR1620289_sub
cpd11640_m,H2-e0,2.01588,0,0,SBO:0000247,MNXM195,UFHFLCQGNIYNRP-UHFFFAOYSA-N,cpd11640,HMDB01362,R-ALL-113555,C00282,"['CHEBI:18276', 'CHEBI:13350', 'CHEBI:25363', 'CHEBI:5785', 'CHEBI:29294', 'CHEBI:29298', 'CHEBI:29299']",h2,META:HYDROGEN-MOLECULE,EX_cpd11640_m,ERR1620289_sub
cpd00531_m,Hg2+-e0,200.59,0,0,SBO:0000247,MNXM1562,BQPIGGFYSBELGY-UHFFFAOYSA-N,cpd00531,HMDB03625,,C00703,"['CHEBI:16793', 'CHEBI:13370', 'CHEBI:25199', 'CHEBI:25200', 'CHEBI:49640', 'CHEBI:5714']",hg2,META:HG+2,EX_cpd00531_m,ERR1620289_sub
cpd03587_m,kdo2-lipid a-e0,2232.6707619999997,110,2,SBO:0000247,MNXM946,DIXUKJUHGLIZGU-OIPVZEHTSA-H,cpd03587,,,C06026,"['CHEBI:27963', 'CHEBI:23656', 'CHEBI:4476', 'CHEBI:58540']",lipa,,EX_cpd03587_m,ERR1620289_sub
cpd01399_m,Maltotetraose-e0,666.57768,24,0,SBO:0000247,MNXM5663,LUEWUZLMQUOBSB-ZLBHSGTGSA-N,cpd01399,HMDB01296,,"['C02013', 'C02052']","['CHEBI:28460', 'CHEBI:25145', 'CHEBI:44299', 'CHEBI:6671', 'CHEBI:61988', 'CHEBI:62974']",maltttr,"['META:CPD-13205', 'META:CPD0-2595', 'META:MALTOTETRAOSE']",EX_cpd01399_m,ERR1620289_sub
cpd00254_m,Mg-e0,24.305,0,0,SBO:0000247,MNXM653,JLVVSXFLKOJNIY-UHFFFAOYSA-N,cpd00254,HMDB00547,"['R-ALL-109496', 'R-ALL-114632', 'R-ALL-29926', 'R-ALL-5336432']",C00305,"['CHEBI:18420', 'CHEBI:13379', 'CHEBI:25112', 'CHEBI:49736', 'CHEBI:6635', 'CHEBI:39127']",mg2,META:MG+2,EX_cpd00254_m,ERR1620289_sub
cpd00794_m,TRHL-e0,342.29648000000003,12,0,SBO:0000247,MNXM198,HDTRYLNUVZCQOY-LIZSDCNHSA-N,cpd00794,HMDB00975,"['R-ALL-189078', 'R-ALL-868614']",C01083,"['CHEBI:16551', 'CHEBI:10202', 'CHEBI:12281', 'CHEBI:12284', 'CHEBI:12287', 'CHEBI:15251', 'CHEBI:22365', 'CHEBI:46211', 'CHEBI:27082']",tre,"['META:CPD-15990', 'META:TREHALOSE']",EX_cpd00794_m,ERR1620289_sub
cpd00305_m,Thiamin-e0,265.35458,12,4,SBO:0000247,MNXM161565,MYVIATVLJGTBFV-UHFFFAOYSA-M,cpd00305,,,,CHEBI:33283,thm,,EX_cpd00305_m,ERR1620289_sub
cpd00076_m,Sucrose-e0,342.29648000000003,12,0,SBO:0000247,MNXM167,CZMRCDWAGMRECN-UGDNZRGBSA-N,cpd00076,HMDB00258,R-ALL-188980,C00089,"['CHEBI:17992', 'CHEBI:15128', 'CHEBI:26812', 'CHEBI:45795', 'CHEBI:9314']",sucr,META:SUCROSE,EX_cpd00076_m,ERR1620289_sub
cpd00105_m,D-Ribose-e0,150.1299,5,0,SBO:0000247,MNXM242,HMFHBZSHGGEWLO-SOOFDHNKSA-N,cpd00105,HMDB00283,,"['C00121', 'C21057']","['CHEBI:16988', 'CHEBI:13011', 'CHEBI:21078', 'CHEBI:47006', 'CHEBI:47013', 'CHEBI:4233', 'CHEBI:46999']",rib__D,"['META:D-Ribofuranose', 'META:D-Ribopyranose']",EX_cpd00105_m,ERR1620289_sub
cpd00082_m,D-Fructose-e0,180.15588,6,0,SBO:0000247,MNXM175,RFSUNEUAIZKAJO-VRPWFDPXSA-N,cpd00082,HMDB62538,"['R-ALL-189049', 'R-ALL-29532']","['C00095', 'C01496', 'C05003', 'C10906']","['CHEBI:15824', 'CHEBI:12923', 'CHEBI:20929', 'CHEBI:4118', 'CHEBI:28757', 'CHEBI:24104', 'CHEBI:24110', 'CHEBI:5172', 'CHEBI:37714', 'CHEBI:37721', 'CHEBI:48095', 'CHEBI:4119', 'CHEBI:47424']",fru,"['META:CPD-15382', 'META:D-Fructopyranose', 'META:FRU', 'META:Fructofuranose']",EX_cpd00082_m,ERR1620289_sub
cpd04097_m,Pb-e0,207.2,0,0,SBO:0000247,MNXM19009,VTGDHUQFKRUPJV-UHFFFAOYSA-N,cpd04097,,,,,,,EX_cpd04097_m,ERR1620289_sub
cpd00081_m,Sulfite-e0,81.07114,0,0,SBO:0000247,MNXM105630,LSNNMFCWUKXFEE-UHFFFAOYSA-L,cpd00081,"['HMDB00240', 'HMDB01033', 'HMDB03008', 'HMDB34829']",,"['C00094', 'C11481']","['CHEBI:17137', 'CHEBI:13367', 'CHEBI:5598', 'CHEBI:17359', 'CHEBI:15139', 'CHEBI:45548', 'CHEBI:29214', 'CHEBI:33543', 'CHEBI:48854', 'CHEBI:26837', 'CHEBI:9344']",so3,"['META:H2SO3', 'META:HSO3', 'META:SO3']",EX_cpd00081_m,ERR1620289_sub
cpd00010_m,CoA-e0,763.502363,21,7,SBO:0000247,MNXM12,RGJOEKWQDUBAIZ-IBOSZNHHSA-J,cpd00010,"['HMDB01423', 'HMDB62184']","['R-ALL-162743', 'R-ALL-1678675', 'R-ALL-193514', 'R-ALL-2485002', 'R-ALL-29374', 'R-ALL-76194', 'R-ALL-8939024']",C00010,CHEBI:57287,coa,"['META:CO-A', 'META:COA-GROUP']",EX_cpd00010_m,ERR1620289_sub
cpd15494_m,Maltoheptaose-e0,1152.99948,42,0,SBO:0000247,MNXM61025,ZHZITDGOAFCURV-VVTKTIMZSA-N,cpd15494,HMDB13000,,,CHEBI:62010,malthp,META:CPD0-1133,EX_cpd15494_m,ERR1620289_sub
cpd11976_m,Maltodextrin-e0,666.57768,24,0,SBO:0000247,MNXM60163,,cpd11976,HMDB37138,,"['C01935', 'C00718']","['CHEBI:18398', 'CHEBI:14514', 'CHEBI:25139', 'CHEBI:6666', 'CHEBI:25140']",,META:Maltodextrins,EX_cpd11976_m,ERR1620289_sub
cpd00276_m,GLUM-e0,180.17906,6,1,SBO:0000247,MNXM533,MSWZFWKMSRAUBD-IVMDWMLBSA-O,cpd00276,"['HMDB01514', 'HMDB06479', 'HMDB15410']",R-ALL-6786660,C00329,"['CHEBI:17315', 'CHEBI:12961', 'CHEBI:47977', 'CHEBI:4162', 'CHEBI:47972', 'CHEBI:5417', 'CHEBI:58723']",gam,META:GLUCOSAMINE,EX_cpd00276_m,ERR1620289_sub
cpd00100_m,Glycerol-e0,92.09382,3,0,SBO:0000247,MNXM89612,PEDCQBHIVMGVHV-UHFFFAOYSA-N,cpd00100,HMDB00131,"['R-ALL-192438', 'R-ALL-76116']",C00116,"['CHEBI:17754', 'CHEBI:131422', 'CHEBI:14334', 'CHEBI:24351', 'CHEBI:42998', 'CHEBI:5448']",glyc,META:GLYCEROL,EX_cpd00100_m,ERR1620289_sub
cpd00306_m,Xylitol-e0,152.14578,5,0,SBO:0000247,MNXM510,HEBKCHPVOIAQTA-SCDXWVJYSA-N,cpd00306,,R-ALL-5660033,C00379,"['CHEBI:17151', 'CHEBI:10078', 'CHEBI:15328', 'CHEBI:253147', 'CHEBI:27339', 'CHEBI:46522', 'CHEBI:60939']",xylt,META:XYLITOL,EX_cpd00306_m,ERR1620289_sub
cpd00185_m,D-Arabinose-e0,150.1299,5,0,SBO:0000247,MNXM544,SRBFZHDQGSBBOR-ZRMNMSDTSA-N,cpd00185,,,C00216,CHEBI:46994,arab__D,META:D-arabinopyranose,EX_cpd00185_m,ERR1620289_sub
cpd00314_m,D-Mannitol-e0,182.17176,6,0,SBO:0000247,MNXM615,FBPFZTCFMRRESA-KVTDHHQDSA-N,cpd00314,"['HMDB00765', 'HMDB01363']",,C00392,"['CHEBI:16899', 'CHEBI:12996', 'CHEBI:130180', 'CHEBI:21050', 'CHEBI:44192', 'CHEBI:6686', 'CHEBI:29864', 'CHEBI:14574', 'CHEBI:25163']",mnl,META:MANNITOL,EX_cpd00314_m,ERR1620289_sub
cpd00158_m,CELB-e0,342.29648000000003,12,0,SBO:0000247,MNXM776,GUBGYTABKSRVRQ-CUHNMECISA-N,cpd00158,,,,"['CHEBI:17057', 'CHEBI:13952', 'CHEBI:23061', 'CHEBI:28108', 'CHEBI:3522']",,META:CPD-15975,EX_cpd00158_m,ERR1620289_sub
cpd11451_m,mql7-e0,651.01504,46,0,SBO:0000247,MNXM89812,PTWSIIUEOFZCHW-NTCAYCPXSA-N,cpd11451,,,,,,,EX_cpd11451_m,ERR1620289_sub
cpd11606_m,Menaquinone 7-e0,648.9991600000001,46,0,SBO:0000247,MNXM12236,RAKQPZMEYJZGPI-LJWNYQGCSA-N,cpd11606,,,,CHEBI:44245,mqn7,META:CPD-9718,EX_cpd11606_m,ERR1620289_sub
cpd17026_m,methymenaquinol 7-e0,665.04162,47,0,SBO:0000247,MNXM1843,,cpd17026,,,,,,,EX_cpd17026_m,ERR1620289_sub
cpd17027_m,methylmenaquinone 7-e0,663.0257399999999,47,0,SBO:0000247,MNXM1755,,cpd17027,,,,,,,EX_cpd17027_m,ERR1620289_sub
cpd01133_m,Stachyose-e0,666.57768,24,0,SBO:0000247,MNXM1503,UQZIYBXSHAGNOE-XNSRJBNMSA-N,cpd01133,HMDB03553,,C01613,"['CHEBI:17164', 'CHEBI:15105', 'CHEBI:26749', 'CHEBI:9248']","['stchs', 'stys']",META:CPD-170,EX_cpd01133_m,ERR1620289_sub
cpd00180_m,Oxalate-e0,88.019,2,0,SBO:0000247,MNXM291,MUBZPKHOEPUJKR-UHFFFAOYSA-L,cpd00180,HMDB02329,R-ALL-389819,C00209,"['CHEBI:132952', 'CHEBI:16995', 'CHEBI:25730', 'CHEBI:44583', 'CHEBI:7811', 'CHEBI:30623', 'CHEBI:14702', 'CHEBI:25729', 'CHEBI:44820', 'CHEBI:46904']",oxa,META:OXALATE,EX_cpd00180_m,ERR1620289_sub
cpd28763_m,Inulin-e0,1963.70248,72,0,SBO:0000247,MNXM57547,,cpd28763,HMDB14776,,,"['CHEBI:15443', 'CHEBI:10799', 'CHEBI:10845', 'CHEBI:169', 'CHEBI:18519', 'CHEBI:24854']",,META:Inulin,EX_cpd28763_m,ERR1620289_sub
cpd02733_m,Deoxycholate-e0,391.56406,24,0,SBO:0000247,MNXM57907,KXGVEGMKQFWNSR-LLQZFEROSA-M,cpd02733,HMDB00626,,C04483,"['CHEBI:23614', 'CHEBI:28834', 'CHEBI:1687', 'CHEBI:23616', 'CHEBI:42317']",dchac,META:DEOXYCHOLATE,EX_cpd02733_m,ERR1620289_sub
cpd01354_m,beta-Lactose-e0,342.29648000000003,12,0,SBO:0000247,MNXM362,GUBGYTABKSRVRQ-QKKXKWKRSA-N,cpd01354,HMDB41627,,"['C00243', 'C01970']","['CHEBI:17716', 'CHEBI:10296', 'CHEBI:10380', 'CHEBI:14497', 'CHEBI:22460', 'CHEBI:22760', 'CHEBI:25005', 'CHEBI:27755', 'CHEBI:27968', 'CHEBI:28577', 'CHEBI:613009', 'CHEBI:36218', 'CHEBI:10428', 'CHEBI:22846', 'CHEBI:35463', 'CHEBI:43665']",lcts,"['META:CPD-15971', 'META:CPD-15972']",EX_cpd01354_m,ERR1620289_sub
cpd03808_m,Lacto-N-biose-e0,383.3484,14,1,SBO:0000247,MNXM2103,HMQPEDMEOBLSQB-RPHKZZMBSA-N,cpd03808,,,C06372,"['CHEBI:27707', 'CHEBI:10378', 'CHEBI:12349', 'CHEBI:12353', 'CHEBI:22758', 'CHEBI:59076']",,META:BETA-D-GAL-1-3-D-GLCNAC,EX_cpd03808_m,ERR1620289_sub
cpd00001_m,H2O-e0,18.01528,0,0,SBO:0000247,MNXM2,XLYOFNOQVPJJNP-UHFFFAOYSA-N,cpd00001,"['HMDB01039', 'HMDB02111']","['R-ALL-109276', 'R-ALL-113518', 'R-ALL-113519', 'R-ALL-113521', 'R-ALL-141343', 'R-ALL-1605715', 'R-ALL-189422', 'R-ALL-2022884', 'R-ALL-29356', 'R-ALL-351603', 'R-ALL-5278291', 'R-ALL-5668574', 'R-ALL-5693747', 'R-ALL-8851517']","['C00001', 'C01328']",CHEBI:15377,h2o,META:WATER,EX_cpd00001_m,ERR1620289_sub
cpd11842_m,core3-e0,,16,2,SBO:0000247,MNXM162856,,cpd11842,,,,"['CHEBI:16250', 'CHEBI:12445', 'CHEBI:12550', 'CHEBI:21586', 'CHEBI:57696', 'CHEBI:7173']",,,EX_cpd11842_m,ERR1620289_sub
cpd00122_m,acgam-e0,221.2078,8,1,SBO:0000247,MNXM143,OVRNDRQMDRJTHS-RTRLPJTCSA-N,cpd00122,"['HMDB00215', 'HMDB00533', 'HMDB14288', 'HMDB62641']","['R-ALL-1678743', 'R-ALL-2162231']",C00140,"['CHEBI:17411', 'CHEBI:12455', 'CHEBI:12563', 'CHEBI:21517', 'CHEBI:58134', 'CHEBI:7123', 'CHEBI:506227']",acgam,META:N-acetyl-D-glucosamine,EX_cpd00122_m,ERR1620289_sub
cpd21520_m,Tn_antigen-e0,,8,1,SBO:0000247,MNXM7559,,cpd21520,,,C04387,,Tn_antigen,,EX_cpd21520_m,ERR1620289_sub
cpd02992_m,core4-e0,,24,3,SBO:0000247,MNXM162975,,cpd02992,,,,"['CHEBI:16478', 'CHEBI:12446', 'CHEBI:21590', 'CHEBI:57786', 'CHEBI:7177']",,,EX_cpd02992_m,ERR1620289_sub
cpd00832_m,acgal-e0,221.2078,8,1,SBO:0000247,MNXM395,OVRNDRQMDRJTHS-KEWYIRBNSA-N,cpd00832,,R-ALL-1605658,C01132,"['CHEBI:28037', 'CHEBI:21502', 'CHEBI:546804', 'CHEBI:7110', 'CHEBI:28800', 'CHEBI:21600', 'CHEBI:7201']",acgal,META:N-acetyl-D-galactosamine,EX_cpd00832_m,ERR1620289_sub
cpd90017_m,Protein-Linked Serine Or Threonine Residue (O-Glycosylation Site)-e0,,0,0,SBO:0000247,MNXM147296,,,,,,CHEBI:53604,Ser_Thr,,EX_cpd90017_m,ERR1620289_sub
cpd90003_m,"starch (n=27, 3xalpha1-6, 23xalpha1-4)-e0",4395.81148,162,0,SBO:0000247,MNXM1003,QZVGDKBSRWMVTK-PPFAGOBNSA-N,,,,"['C03018', 'C00369', 'C00721']","['CHEBI:17462', 'CHEBI:14687', 'CHEBI:7748', 'CHEBI:28017', 'CHEBI:26750', 'CHEBI:26751', 'CHEBI:9251']",starch,"['META:CPD-8556', 'META:Starch']",EX_cpd90003_m,ERR1620289_sub
cpd90008_m,Maltotridecaose-e0,2125.84308,78,0,SBO:0000247,,QPDCINZOSJUBQN-MELGIHPSNA-N,,,,,,,,EX_cpd90008_m,ERR1620289_sub
cpd90006_m,Maltoundecaose-e0,1801.56188,66,0,SBO:0000247,,DZIFDDFXDDGQOX-MVXKQAGXNA-N,,,,,,,,EX_cpd90006_m,ERR1620289_sub
cpd90005_m,Maltooctaose-e0,1315.1400800000001,48,0,SBO:0000247,,RUJILUJOOCOSRO-BZLDDXCSNA-N,,,,,,,,EX_cpd90005_m,ERR1620289_sub
cpd90007_m,Maltohexaose-e0,990.85888,36,0,SBO:0000247,,OCIBBXPLUVYKCH-CCDPAPOINA-N,,,,,,,,EX_cpd90007_m,ERR1620289_sub
cpd90004_m,"starch (n=19, 3xalpha1-6, 15xalpha1-4)-e0",3098.68668,114,0,SBO:0000247,MNXM1003,CZXISCMMGVOTNX-VSHPVVSGSA-N,,,,"['C03018', 'C00369', 'C00721']","['CHEBI:17462', 'CHEBI:14687', 'CHEBI:7748', 'CHEBI:28017', 'CHEBI:26750', 'CHEBI:26751', 'CHEBI:9251']",starch,"['META:CPD-8556', 'META:Starch']",EX_cpd90004_m,ERR1620289_sub
cpd00526_m,Cholate-e0,407.56346,24,0,SBO:0000247,MNXM450,BHQCQFFYRZLCQQ-OELDTZBJSA-M,cpd00526,HMDB00619,R-ALL-193451,C00695,"['CHEBI:16359', 'CHEBI:1694', 'CHEBI:20223', 'CHEBI:23210', 'CHEBI:29077', 'CHEBI:41494', 'CHEBI:29747', 'CHEBI:11895', 'CHEBI:13978', 'CHEBI:20216', 'CHEBI:23168', 'CHEBI:57748']",cholate,META:CHOLATE,EX_cpd00526_m,ERR1620289_sub
cpd23431_m,3-dehydrocholate-e0,405.54758,24,0,SBO:0000247,MNXM9997,OEKUSRBIIZNLHZ-DJDNIQJZSA-M,cpd23431,"['HMDB00502', 'HMDB62680']",,,"['CHEBI:87736', 'CHEBI:88108']",,META:CPD-12452,EX_cpd23431_m,ERR1620289_sub
cpd11746_m,Cellulose-e0,162.1406,6,0,SBO:0000247,MNXM94643,,cpd11746,,,,,,,EX_cpd11746_m,ERR1620289_sub
cpd01376_m,Cellotetraose-e0,666.57768,24,0,SBO:0000247,MNXM5663,LUEWUZLMQUOBSB-ZLBHSGTGSA-N,cpd01376,HMDB01296,,"['C02013', 'C02052']","['CHEBI:28460', 'CHEBI:25145', 'CHEBI:44299', 'CHEBI:6671', 'CHEBI:61988', 'CHEBI:62974']",maltttr,"['META:CPD-13205', 'META:CPD0-2595', 'META:MALTOTETRAOSE']",EX_cpd01376_m,ERR1620289_sub
cpd90020_m,Cellulose-e0,81088.31528,3000,0,SBO:0000247,MNXM733743,,,,,C00760,,cellul,META:CELLULOSE,EX_cpd90020_m,ERR1620289_sub
cpd90021_m,Xylan-b-1-4-e0,66075.32528,2500,0,SBO:0000247,MNXM9242,,,HMDB0301774,,C02352,CHEBI:15447,,META:1-4-beta-Xylan,EX_cpd90021_m,ERR1620289_sub
cpd90022_m,Xylooligo-b-1-4-e0,1339.16148,50,0,SBO:0000247,MNXM739294,,,,,,CHEBI:62774,,META:1-4-D-xylooligosaccharides,EX_cpd90022_m,ERR1620289_sub
cpd00011_m,CO2-e0,44.0095,1,0,SBO:0000247,MNXM13,CURLTUGMZLYLDI-UHFFFAOYSA-N,cpd00011,HMDB01967,"['R-ALL-1132345', 'R-ALL-113528', 'R-ALL-1237009', 'R-ALL-159751', 'R-ALL-159942', 'R-ALL-189480', 'R-ALL-29376', 'R-ALL-389536', 'R-ALL-5668565']",C00011,CHEBI:16526,co2,META:CARBON-DIOXIDE,EX_cpd00011_m,ERR1620289_sub
cpd00007_m,O2-e0,31.9988,0,0,SBO:0000247,MNXM4,MYMOFIZGZYHOMD-UHFFFAOYSA-N,cpd00007,HMDB01377,"['R-ALL-1131511', 'R-ALL-113533', 'R-ALL-113534', 'R-ALL-113535', 'R-ALL-113685', 'R-ALL-1236709', 'R-ALL-189461', 'R-ALL-29368', 'R-ALL-351593', 'R-ALL-352327', 'R-ALL-5668566']",C00007,CHEBI:15379,o2,META:OXYGEN-MOLECULE,EX_cpd00007_m,ERR1620289_sub
cpd01981_m,5-Methylthio-D-ribose-e0,180.22208,6,0,SBO:0000247,MNXM1592,ACWASDPGAVYCNI-JKUQZMGJSA-N,cpd01981,,,C03089,"['CHEBI:16895', 'CHEBI:12148', 'CHEBI:2101', 'CHEBI:22007', 'CHEBI:57941', 'CHEBI:78440']",5mtr,META:CPD-560,EX_cpd01981_m,ERR1620289_sub
cpd00141_m,Propionate-e0,73.0706,3,0,SBO:0000247,MNXM356,XBDQKXXYIPTUBI-UHFFFAOYSA-M,cpd00141,HMDB00237,,C00163,"['CHEBI:17272', 'CHEBI:14903', 'CHEBI:26290', 'CHEBI:30768', 'CHEBI:26304', 'CHEBI:45227', 'CHEBI:8476']",,META:PROPIONATE,EX_cpd00141_m,ERR1620289_sub
cpd00073_m,Urea-e0,60.055260000000004,1,2,SBO:0000247,MNXM117,XSQUKJJJFZCRTK-UHFFFAOYSA-N,cpd00073,HMDB00294,"['R-ALL-29514', 'R-ALL-374061', 'R-ALL-432019']",C00086,"['CHEBI:134711', 'CHEBI:16199', 'CHEBI:15292', 'CHEBI:27218', 'CHEBI:46379', 'CHEBI:9888', 'CHEBI:32285', 'CHEBI:48376']",urea,META:UREA,EX_cpd00073_m,ERR1620289_sub
cpd01861_m,"(R)-1,2-Propanediol-e0",76.09442,3,0,SBO:0000247,MNXM90191,DNIAPMSPPWPWGF-GSVOUGTGSA-N,cpd01861,,,C02912,"['CHEBI:28972', 'CHEBI:18705', 'CHEBI:352', 'CHEBI:44863']",12ppd__R,META:CPD-8891,EX_cpd01861_m,ERR1620289_sub
cpd00453_m,"1,2-Propanediol-e0",76.09442,3,0,SBO:0000247,MNXM1118,DNIAPMSPPWPWGF-UHFFFAOYSA-N,cpd00453,HMDB01881,,C00583,"['CHEBI:16997', 'CHEBI:14899', 'CHEBI:8469']",,META:DL-12-Propanediol,EX_cpd00453_m,ERR1620289_sub
cpd00071_m,Acetaldehyde-e0,44.05256,2,0,SBO:0000247,MNXM75,IKHGUXGNUITLKF-UHFFFAOYSA-N,cpd00071,HMDB00990,"['R-ALL-113532', 'R-ALL-113681', 'R-ALL-113745', 'R-ALL-29510']",C00084,"['CHEBI:15343', 'CHEBI:13703', 'CHEBI:22158', 'CHEBI:2383', 'CHEBI:40533']",acald,META:ACETALD,EX_cpd00071_m,ERR1620289_sub
cpd00150_m,HCN-e0,27.02534,1,1,SBO:0000247,MNXM254,LELOWRISYMNNSU-UHFFFAOYSA-N,cpd00150,HMDB60292,,"['C00177', 'C01326']","['CHEBI:17514', 'CHEBI:14038', 'CHEBI:3969', 'CHEBI:41780', 'CHEBI:18407', 'CHEBI:13362', 'CHEBI:5786', 'CHEBI:36856']",cyan,"['META:CPD-13584', 'META:HCN']",EX_cpd00150_m,ERR1620289_sub
cpd08021_m,DMSO-e0,78.13344,2,0,SBO:0000247,MNXM745,IAZDPXIOMUYVGZ-UHFFFAOYSA-N,cpd08021,HMDB02151,,C11143,"['CHEBI:28262', 'CHEBI:23801', 'CHEBI:42138', 'CHEBI:4612']",dmso,META:DMSO,EX_cpd08021_m,ERR1620289_sub
cpd00450_m,Methyl sulfide-e0,62.13404,2,0,SBO:0000247,MNXM444,QMMFVYPAHWMCMS-UHFFFAOYSA-N,cpd00450,HMDB02303,,C00580,"['CHEBI:17437', 'CHEBI:14168', 'CHEBI:14175', 'CHEBI:23800', 'CHEBI:44169', 'CHEBI:4611']",dms,META:CPD-7670,EX_cpd00450_m,ERR1620289_sub
cpd00363_m,Ethanol-e0,46.06844,2,0,SBO:0000247,MNXM303,LFQSCWFLJHTTHZ-UHFFFAOYSA-N,cpd00363,HMDB00108,"['R-ALL-113748', 'R-ALL-30203']",C00469,"['CHEBI:16236', 'CHEBI:14222', 'CHEBI:23978', 'CHEBI:30878', 'CHEBI:30880', 'CHEBI:42377', 'CHEBI:44594', 'CHEBI:4879', 'CHEBI:52092']",etoh,META:ETOH,EX_cpd00363_m,ERR1620289_sub
cpd00055_m,Formaldehyde-e0,30.02598,1,0,SBO:0000247,MNXM56,WSFSSNUMVMOOMR-UHFFFAOYSA-N,cpd00055,HMDB01426,"['R-ALL-143501', 'R-ALL-29478', 'R-ALL-6797920', 'R-ALL-879250']",C00067,"['CHEBI:16842', 'CHEBI:14274', 'CHEBI:24077', 'CHEBI:337763', 'CHEBI:5142']",fald,"['META:CARBONYL-GROUP', 'META:FORMALDEHYDE']",EX_cpd00055_m,ERR1620289_sub
cpd00448_m,D-Glyceraldehyde-e0,90.07794,3,0,SBO:0000247,MNXM435,MNQZXJOMYWMBOU-VKHMYHEASA-N,cpd00448,,R-ALL-30393,C00577,"['CHEBI:17378', 'CHEBI:12982', 'CHEBI:21025', 'CHEBI:39973', 'CHEBI:4186']",glyald,META:GLYCERALD,EX_cpd00448_m,ERR1620289_sub
cpd00025_m,H2O2-e0,34.01468,0,0,SBO:0000247,MNXM22,MHAJPDPJQMAIIY-UHFFFAOYSA-N,cpd00025,"['HMDB03125', 'HMDB06491']","['R-ALL-113575', 'R-ALL-1614617', 'R-ALL-189481', 'R-ALL-29408', 'R-ALL-351629']",C00027,"['CHEBI:16240', 'CHEBI:13354', 'CHEBI:13355', 'CHEBI:24637', 'CHEBI:44812', 'CHEBI:5586', 'CHEBI:25940', 'CHEBI:29192', 'CHEBI:44785', 'CHEBI:29370', 'CHEBI:44782']",h2o2,META:HYDROGEN-PEROXIDE,EX_cpd00025_m,ERR1620289_sub
cpd00239_m,H2S-e0,33.072939999999996,0,0,SBO:0000247,MNXM89582,RWSOTUBLDIXVET-UHFFFAOYSA-M,cpd00239,"['HMDB00598', 'HMDB03276']","['R-ALL-1614532', 'R-ALL-1655881', 'R-ALL-1663154']",C00283,"['CHEBI:15138', 'CHEBI:16136', 'CHEBI:13356', 'CHEBI:14414', 'CHEBI:24639', 'CHEBI:43058', 'CHEBI:45489', 'CHEBI:5787', 'CHEBI:29919', 'CHEBI:30488']",h2s,"['META:CPD-7046', 'META:CPD-846', 'META:HS']",EX_cpd00239_m,ERR1620289_sub
cpd00359_m,indol-e0,117.14788,8,1,SBO:0000247,MNXM377,SIKJAQJRHWYJAI-UHFFFAOYSA-N,cpd00359,HMDB00738,R-ALL-216547,C00463,"['CHEBI:16881', 'CHEBI:14444', 'CHEBI:24794', 'CHEBI:43537', 'CHEBI:5900', 'CHEBI:35579', 'CHEBI:35581']",indole,META:INDOLE,EX_cpd00359_m,ERR1620289_sub
cpd00659_m,Nitrous oxide-e0,44.0128,0,2,SBO:0000247,MNXM579,GQPLMRYTRLFLPF-UHFFFAOYSA-N,cpd00659,HMDB35807,,C00887,"['CHEBI:17045', 'CHEBI:14661', 'CHEBI:25568', 'CHEBI:44250', 'CHEBI:7598']",n2o,META:NITROUS-OXIDE,EX_cpd00659_m,ERR1620289_sub
cpd00418_m,NO-e0,30.0061,0,1,SBO:0000247,MNXM162249,,cpd00418,,"['R-ALL-1222480', 'R-ALL-202124', 'R-ALL-3697886']",,,,,EX_cpd00418_m,ERR1620289_sub
cpd00371_m,Propanal-e0,58.07914,3,0,SBO:0000247,MNXM821,NBBJYMSMWIIQGU-UHFFFAOYSA-N,cpd00371,HMDB03366,,C00479,"['CHEBI:17153', 'CHEBI:14898', 'CHEBI:26281', 'CHEBI:41359', 'CHEBI:45052', 'CHEBI:8468']",ppal,META:CPD-665,EX_cpd00371_m,ERR1620289_sub
cpd00811_m,(CH3)3NO-e0,75.10966,3,1,SBO:0000247,MNXM437,UYPYRKYUKCHHIB-UHFFFAOYSA-N,cpd00811,HMDB00925,R-ALL-140963,C01104,"['CHEBI:15724', 'CHEBI:15262', 'CHEBI:15263', 'CHEBI:27126', 'CHEBI:9733']",tmao,META:TRIMETHYLAMINE-N-O,EX_cpd00811_m,ERR1620289_sub
cpd00324_m,MTTL-e0,48.107459999999996,1,0,SBO:0000247,MNXM652,LSDPWZHWYPCBBB-UHFFFAOYSA-N,cpd00324,HMDB03227,,C00409,"['CHEBI:16007', 'CHEBI:14586', 'CHEBI:25225', 'CHEBI:6814']",ch4s,META:CPD-7671,EX_cpd00324_m,ERR1620289_sub
cpd01024_m,Methane-e0,16.04246,1,0,SBO:0000247,MNXM714,VNWKTOKETHGBQD-UHFFFAOYSA-N,cpd01024,HMDB02714,,C01438,"['CHEBI:16183', 'CHEBI:14585', 'CHEBI:25220', 'CHEBI:6811', 'CHEBI:29360', 'CHEBI:29434', 'CHEBI:29438']",ch4,"['META:CH4', 'META:METHYL-GROUP']",EX_cpd01024_m,ERR1620289_sub
cpd00204_m,CO-e0,29.01804,1,0,SBO:0000247,MNXM10881,UGFAIRIUMAVXCW-UHFFFAOYSA-N,cpd00204,HMDB01361,R-ALL-189385,C00237,"['CHEBI:17245', 'CHEBI:13281', 'CHEBI:23013', 'CHEBI:3282', 'CHEBI:41526', 'CHEBI:58072']",co,META:CARBON-MONOXIDE,EX_cpd00204_m,ERR1620289_sub
cpd00116_m,Methanol-e0,32.04186,1,0,SBO:0000247,MNXM157,OKKJLVBELUTLKV-UHFFFAOYSA-N,cpd00116,HMDB01875,"['R-ALL-5359061', 'R-ALL-5693711']",C00132,"['CHEBI:17790', 'CHEBI:14588', 'CHEBI:25227', 'CHEBI:44080', 'CHEBI:44553', 'CHEBI:6816', 'CHEBI:52090']",meoh,"['META:ALCOHOL-GROUP', 'META:METOH']",EX_cpd00116_m,ERR1620289_sub
cpd00528_m,N2-e0,28.0134,0,2,SBO:0000247,MNXM724,IJGRMHOSHXDMSA-UHFFFAOYSA-N,cpd00528,HMDB01371,,C00697,"['CHEBI:17997', 'CHEBI:13388', 'CHEBI:14660', 'CHEBI:25365', 'CHEBI:43128', 'CHEBI:7593', 'CHEBI:30099', 'CHEBI:30102']",n2,META:NITROGEN-MOLECULE,EX_cpd00528_m,ERR1620289_sub
cpd11632_m,hn-e0,,0,0,SBO:0000247,MNXM162292,,cpd11632,,,C00205,,,,EX_cpd11632_m,ERR1620289_sub
cpd03662_m,n-Butanol-e0,74.1216,4,0,SBO:0000247,MNXM3230,LRHPLDYGYMQRHN-UHFFFAOYSA-N,cpd03662,HMDB04327,,C06142,"['CHEBI:28885', 'CHEBI:22936', 'CHEBI:39632', 'CHEBI:612']","['1btol', 'btoh']",META:BUTANOL,EX_cpd03662_m,ERR1620289_sub
cpd00178_m,Acetone-e0,58.07914,3,0,SBO:0000247,MNXM398,CSCPPACGZOOCGX-UHFFFAOYSA-N,cpd00178,HMDB01659,,C00207,"['CHEBI:15347', 'CHEBI:13708', 'CHEBI:22182', 'CHEBI:2398', 'CHEBI:40571', 'CHEBI:78217']",acetone,META:ACETONE,EX_cpd00178_m,ERR1620289_sub
cpd01618_m,"1,3-Propanediol-e0",76.09442,3,0,SBO:0000247,MNXM2861,YPFDHNVEDLHUCE-UHFFFAOYSA-N,cpd01618,,,C02457,"['CHEBI:16109', 'CHEBI:14902', 'CHEBI:26286', 'CHEBI:44868', 'CHEBI:8471']",13ppd,META:CPD-347,EX_cpd01618_m,ERR1620289_sub
cpd00211_m,Butyrate-e0,87.09718,4,0,SBO:0000247,MNXM458,FERIUCNNQQJTOY-UHFFFAOYSA-M,cpd00211,HMDB00039,"['R-ALL-76179', 'R-ALL-8875042']",C00246,"['CHEBI:17968', 'CHEBI:13924', 'CHEBI:22946', 'CHEBI:30772', 'CHEBI:113450', 'CHEBI:22948', 'CHEBI:3234', 'CHEBI:41208']",,META:BUTYRIC_ACID,EX_cpd00211_m,ERR1620289_sub
cpd00751_m,L-Fucose,164.15648,6,0,SBO:0000247,MNXM659,SHZGCJCMOBCMKK-DHVFOXMCSA-N,cpd00751,HMDB00174,,C01019,"['CHEBI:18287', 'CHEBI:13102', 'CHEBI:21293', 'CHEBI:2181']",,META:L-Fucopyranoses,EX_cpd00751_m,ERR1620289_sub
cpd00054_m,L-Serine,105.09258,3,1,SBO:0000247,MNXM53,MTCFGRXMJLQNBG-REOHCLBHSA-N,cpd00054,"['HMDB00187', 'HMDB00589', 'HMDB62263']","['R-ALL-200736', 'R-ALL-352002', 'R-ALL-379732', 'R-ALL-8932979']","['C00065', 'C00716']","['CHEBI:17115', 'CHEBI:13167', 'CHEBI:21387', 'CHEBI:45440', 'CHEBI:45451', 'CHEBI:45590', 'CHEBI:45597', 'CHEBI:45677', 'CHEBI:6301', 'CHEBI:17822', 'CHEBI:15081', 'CHEBI:26648', 'CHEBI:9116', 'CHEBI:32836', 'CHEBI:32837', 'CHEBI:32845', 'CHEBI:32846', 'CHEBI:33384', 'CHEBI:35243']",ser__L,"['META:SER', 'META:Serines']",EX_cpd00054_m,ERR1620289_sub
cpd00129_m,L-Proline,115.13046,5,1,SBO:0000247,MNXM114,ONIBWKKTOPOVIA-BYPYZUCNSA-N,cpd00129,HMDB00162,"['R-ALL-113538', 'R-ALL-352033', 'R-ALL-379717']","['C00148', 'C16435']","['CHEBI:17203', 'CHEBI:13154', 'CHEBI:184637', 'CHEBI:21373', 'CHEBI:42067', 'CHEBI:45040', 'CHEBI:45100', 'CHEBI:45159', 'CHEBI:6286', 'CHEBI:26271', 'CHEBI:32862', 'CHEBI:32864', 'CHEBI:32871', 'CHEBI:32872', 'CHEBI:60039', 'CHEBI:58054']",pro__L,META:PRO,EX_cpd00129_m,ERR1620289_sub
cpd00220_m,Riboflavin,375.35596,17,4,SBO:0000247,MNXM270,AUNGANRZJHBGPY-SCRDCRAPSA-M,cpd00220,HMDB00244,"['R-ALL-196931', 'R-ALL-3165253']",C00255,"['CHEBI:17015', 'CHEBI:15044', 'CHEBI:27299', 'CHEBI:45214', 'CHEBI:529204', 'CHEBI:8843', 'CHEBI:57986']",ribflv,META:RIBOFLAVIN,EX_cpd00220_m,ERR1620289_sub
cpd03198_m,Melibiose-e0,342.29648000000003,12,0,SBO:0000247,MNXM1434,DLRVVLDZNNYCBX-ABXHMFFYSA-N,cpd03198,HMDB00048,,C05402,"['CHEBI:28053', 'CHEBI:20943', 'CHEBI:25182', 'CHEBI:60170', 'CHEBI:6733']",6dg,,EX_cpd03198_m,ERR1620289_sub
cpd00588_m,Sorbitol-e0,182.17176,6,0,SBO:0000247,MNXM469,FBPFZTCFMRRESA-JGWLITMVSA-N,cpd00588,HMDB00247,R-ALL-5652213,C00794,"['CHEBI:17924', 'CHEBI:12954', 'CHEBI:13020', 'CHEBI:17220', 'CHEBI:21091', 'CHEBI:4246', 'CHEBI:45559', 'CHEBI:30911', 'CHEBI:15093', 'CHEBI:26724', 'CHEBI:26726', 'CHEBI:33795', 'CHEBI:33796', 'CHEBI:9201']",sbt__D,META:SORBITOL,EX_cpd00588_m,ERR1620289_sub
cpd00023_m,L-Glutamate-e0,146.12132,5,1,SBO:0000247,MNXM89557,WHUUTDBJXJRKMK-VKHMYHEASA-M,cpd00023,"['HMDB00148', 'HMDB60475']","['R-ALL-113552', 'R-ALL-210382', 'R-ALL-29404', 'R-ALL-428614']","['C00025', 'C00302']","['CHEBI:14321', 'CHEBI:16015', 'CHEBI:21304', 'CHEBI:42825', 'CHEBI:6224', 'CHEBI:18237', 'CHEBI:24314', 'CHEBI:5431', 'CHEBI:29985', 'CHEBI:13107', 'CHEBI:21301', 'CHEBI:29987', 'CHEBI:29988', 'CHEBI:76051']",glu__L,"['META:GLT', 'META:Glutamates']",EX_cpd00023_m,ERR1620289_sub
cpd00161_m,L-Threonine-e0,119.11916,4,1,SBO:0000247,MNXM142,AYFVYJQAPQTCCC-GBXIJSLDSA-N,cpd00161,HMDB00167,"['R-ALL-351990', 'R-ALL-352000', 'R-ALL-379706']",C00188,"['CHEBI:16857', 'CHEBI:13175', 'CHEBI:21403', 'CHEBI:42083', 'CHEBI:45843', 'CHEBI:45983', 'CHEBI:6308', 'CHEBI:26986', 'CHEBI:32820', 'CHEBI:32822', 'CHEBI:32832', 'CHEBI:32833', 'CHEBI:57926']",thr__L,META:THR,EX_cpd00161_m,ERR1620289_sub
cpd00164_m,Glucuronate-e0,193.13146,6,0,SBO:0000247,MNXM241,AEMOLEFTQBMNLQ-AQKNRBDQSA-M,cpd00164,,,C00191,"['CHEBI:15748', 'CHEBI:12975', 'CHEBI:21013', 'CHEBI:24297', 'CHEBI:24298', 'CHEBI:4178', 'CHEBI:47952', 'CHEBI:58720']",glcur,META:D-Glucopyranuronate,EX_cpd00164_m,ERR1620289_sub
cpd00232_m,Neu5Ac-e0,308.26192000000003,11,1,SBO:0000247,MNXM227,SQVRNKJHWKZAKO-LUWBGTNYSA-M,cpd00232,"['HMDB00230', 'HMDB00800']",,"['C00270', 'C19910']","['CHEBI:17012', 'CHEBI:21620', 'CHEBI:29087', 'CHEBI:7214', 'CHEBI:35418', 'CHEBI:12471', 'CHEBI:12579', 'CHEBI:21617', 'CHEBI:33987', 'CHEBI:45744', 'CHEBI:58705']",acnam,"['META:CPD0-1123', 'META:N-ACETYLNEURAMINATE']",EX_cpd00232_m,ERR1620289_sub
cpd00017_m,S-Adenosyl-L-methionine-e0,399.44532000000004,15,6,SBO:0000247,MNXM16,MEFKEPWMEQBLKI-AIRLBKTGSA-O,cpd00017,"['HMDB01185', 'HMDB62709']","['R-ALL-2162265', 'R-ALL-353113', 'R-ALL-5279190', 'R-ALL-71284', 'R-ALL-77087']",C00019,"['CHEBI:15414', 'CHEBI:10786', 'CHEBI:10833', 'CHEBI:12742', 'CHEBI:12757', 'CHEBI:12760', 'CHEBI:22036', 'CHEBI:45607', 'CHEBI:527887', 'CHEBI:8946', 'CHEBI:33442', 'CHEBI:59789', 'CHEBI:67040']",amet,META:S-ADENOSYLMETHIONINE,EX_cpd00017_m,ERR1620289_sub
cpd00028_m,Heme-e0,614.4714,34,4,SBO:0000247,MNXM78362,KABFMIBPWCXCRK-BDOQQTMTSA-N,cpd00028,,,C00032,CHEBI:60344,pheme,META:PROTOHEME,EX_cpd00028_m,ERR1620289_sub
cpd00038_m,GTP-e0,520.156603,10,5,SBO:0000247,MNXM51,XKMLYUALXHKNFT-UUOKFMHZSA-J,cpd00038,HMDB01273,"['R-ALL-113573', 'R-ALL-29438']",C00044,"['CHEBI:15996', 'CHEBI:13342', 'CHEBI:24451', 'CHEBI:42934', 'CHEBI:5234', 'CHEBI:37565', 'CHEBI:57600']",gtp,META:GTP,EX_cpd00038_m,ERR1620289_sub
cpd00080_m,Glycerol-3-phosphate-e0,170.057841,3,0,SBO:0000247,MNXM66,AWUCVROLDVIAJX-GSVOUGTGSA-L,cpd00080,"['HMDB00126', 'HMDB02722']","['R-ALL-188458', 'R-ALL-76114']",C00093,"['CHEBI:15978', 'CHEBI:10648', 'CHEBI:12843', 'CHEBI:12848', 'CHEBI:26705', 'CHEBI:42793', 'CHEBI:57597']",glyc3p,META:GLYCEROL-3P,EX_cpd00080_m,ERR1620289_sub
cpd00117_m,D-Alanine-e0,89.09318,3,1,SBO:0000247,MNXM156,QNAYBMKLOCPYGJ-UWTATZPHSA-N,cpd00117,HMDB01310,,C00133,"['CHEBI:15570', 'CHEBI:10840', 'CHEBI:12899', 'CHEBI:20893', 'CHEBI:4087', 'CHEBI:41756', 'CHEBI:41798', 'CHEBI:41848', 'CHEBI:41877', 'CHEBI:32435', 'CHEBI:32436', 'CHEBI:57416']",ala__D,META:D-ALANINE,EX_cpd00117_m,ERR1620289_sub
cpd00210_m,Taurine-e0,125.14688,2,1,SBO:0000247,MNXM282,XOAAWQZATWQOTB-UHFFFAOYSA-N,cpd00210,HMDB00251,"['R-ALL-159420', 'R-ALL-193463', 'R-ALL-194069']",C00245,"['CHEBI:15891', 'CHEBI:15195', 'CHEBI:26852', 'CHEBI:45877', 'CHEBI:9406', 'CHEBI:32970', 'CHEBI:507393']",taur,META:TAURINE,EX_cpd00210_m,ERR1620289_sub
cpd00277_m,Deoxyguanosine-e0,267.24132,10,5,SBO:0000247,MNXM647,YKBGVTZYEHREMT-KVQBGUIXSA-N,cpd00277,HMDB00085,,C00330,"['CHEBI:17172', 'CHEBI:14116', 'CHEBI:19244', 'CHEBI:23624', 'CHEBI:42667', 'CHEBI:42867', 'CHEBI:42874', 'CHEBI:42987', 'CHEBI:4412']",dgsn,META:DEOXYGUANOSINE,EX_cpd00277_m,ERR1620289_sub
cpd00550_m,D-Serine-e0,105.09258,3,1,SBO:0000247,MNXM694,MTCFGRXMJLQNBG-UWTATZPHSA-N,cpd00550,HMDB03406,,C00740,"['CHEBI:16523', 'CHEBI:13019', 'CHEBI:143888', 'CHEBI:21090', 'CHEBI:42262', 'CHEBI:4245', 'CHEBI:32840', 'CHEBI:32841', 'CHEBI:35247']",ser__D,META:D-SERINE,EX_cpd00550_m,ERR1620289_sub
cpd00644_m,PAN-e0,218.22704,9,1,SBO:0000247,MNXM364,GHOKWGTUZJEAQD-ZETCQYMHSA-M,cpd00644,"['HMDB00210', 'HMDB62717']","['R-ALL-196820', 'R-ALL-199192']",C00864,"['CHEBI:16454', 'CHEBI:14739', 'CHEBI:25846', 'CHEBI:29032', 'CHEBI:11008', 'CHEBI:18700', 'CHEBI:46905', 'CHEBI:18701', 'CHEBI:44679', 'CHEBI:7916']",pnto__R,META:PANTOTHENATE,EX_cpd00644_m,ERR1620289_sub
cpd01318_m,Glycocholate-e0,464.61477999999994,26,1,SBO:0000247,MNXM1560,RFDAIACWWDREDC-FRVQLJSFSA-M,cpd01318,HMDB00138,,C01921,"['CHEBI:17687', 'CHEBI:11894', 'CHEBI:20215', 'CHEBI:24378', 'CHEBI:29080', 'CHEBI:42804', 'CHEBI:5464', 'CHEBI:29746', 'CHEBI:14345', 'CHEBI:24377', 'CHEBI:58235']",,META:GLYCOCHOLIC_ACID,EX_cpd01318_m,ERR1620289_sub
cpd03047_m,Taurocholate-e0,514.69506,26,1,SBO:0000247,MNXM2288,WBWWGRHZICKQGZ-HZAMXZRMSA-M,cpd03047,HMDB00036,R-ALL-193404,C05122,"['CHEBI:28865', 'CHEBI:26854', 'CHEBI:3672', 'CHEBI:45901', 'CHEBI:9408', 'CHEBI:36257']",tchola,META:CPD-3743,EX_cpd03047_m,ERR1620289_sub
cpd03247_m,Glycochenodeoxycholate-e0,448.61537999999996,26,1,SBO:0000247,MNXM2379,GHCZAUBVMUEKKP-GYPHWSFCSA-M,cpd03247,HMDB06898,,C05466,"['CHEBI:36252', 'CHEBI:58664', 'CHEBI:59452', 'CHEBI:36274', 'CHEBI:3591', 'CHEBI:41520', 'CHEBI:5463']",gdchola,META:GLYCOCHENODEOXYCHOLIC_ACID,EX_cpd03247_m,ERR1620289_sub
cpd03246_m,Taurochenodeoxycholate-e0,498.69566,26,1,SBO:0000247,MNXM1779,BHTRKEVKTKCXOH-BJLOMENOSA-M,cpd03246,HMDB00951,,C05465,"['CHEBI:16525', 'CHEBI:13961', 'CHEBI:23096', 'CHEBI:3590', 'CHEBI:46136', 'CHEBI:9407', 'CHEBI:57802']",tdchola,META:CPD-7283,EX_cpd03246_m,ERR1620289_sub
cpd00152_m,Agmatine-e0,132.20734,5,4,SBO:0000247,MNXM328,QYPPJABKJHAVHS-UHFFFAOYSA-P,cpd00152,"['HMDB01432', 'HMDB60259']",R-ALL-351164,C00179,"['CHEBI:17431', 'CHEBI:13747', 'CHEBI:18576', 'CHEBI:2514', 'CHEBI:40556', 'CHEBI:58145']",agm,META:AGMATHINE,EX_cpd00152_m,ERR1620289_sub
cpd00098_m,Choline-e0,104.17076,5,1,SBO:0000247,MNXM90,OEYIOHPDSNJKLS-UHFFFAOYSA-N,cpd00098,HMDB00097,"['R-ALL-264618', 'R-ALL-264638', 'R-ALL-6798162']",C00114,"['CHEBI:15354', 'CHEBI:13985', 'CHEBI:23212', 'CHEBI:3665', 'CHEBI:41524', 'CHEBI:72322']",chol,META:CHOLINE,EX_cpd00098_m,ERR1620289_sub
cpd00540_m,BET-e0,117.14634,5,1,SBO:0000247,MNXM289,KWIUHFFTVRNATP-UHFFFAOYSA-N,cpd00540,"['HMDB00043', 'HMDB59606']","['R-ALL-352015', 'R-ALL-6798202']",C00719,"['CHEBI:17750', 'CHEBI:13895', 'CHEBI:15264', 'CHEBI:22858', 'CHEBI:24370', 'CHEBI:27128', 'CHEBI:29050', 'CHEBI:3073', 'CHEBI:41139', 'CHEBI:12531', 'CHEBI:41134']",glyb,META:BETAINE,EX_cpd00540_m,ERR1620289_sub
cpd00139_m,Glycolate-e0,75.04342,2,0,SBO:0000247,MNXM222,AEMRFAOFKBGASW-UHFFFAOYSA-M,cpd00139,"['HMDB00115', 'HMDB03035']",R-ALL-389822,C00160,"['CHEBI:17497', 'CHEBI:24390', 'CHEBI:42865', 'CHEBI:5475', 'CHEBI:29805', 'CHEBI:14348', 'CHEBI:24388']",glyclt,META:GLYCOLLATE,EX_cpd00139_m,ERR1620289_sub
cpd00281_m,GABA-e0,103.11976,4,1,SBO:0000247,MNXM192,BTCSSZJGUNDROE-UHFFFAOYSA-N,cpd00281,HMDB00112,"['R-ALL-352003', 'R-ALL-352011', 'R-ALL-428571', 'R-ALL-916850']",C00334,"['CHEBI:16865', 'CHEBI:1786', 'CHEBI:193777', 'CHEBI:20318', 'CHEBI:40483', 'CHEBI:30566', 'CHEBI:11961', 'CHEBI:20317', 'CHEBI:59888']",4abut,META:4-AMINO-BUTYRATE,EX_cpd00281_m,ERR1620289_sub
cpd23430_m,isocholate-e0,407.56346,24,0,SBO:0000247,MNXM18754,BHQCQFFYRZLCQQ-UXWVVXDJSA-M,cpd23430,HMDB00419,,,"['CHEBI:87735', 'CHEBI:88105']",,META:CPD-12451,EX_cpd23430_m,ERR1620289_sub
cpd00249_m,Uridine-e0,244.20138,9,2,SBO:0000247,MNXM288,DRTQHJPVMGBUCF-XVFCMESISA-N,cpd00249,HMDB00296,,C00299,"['CHEBI:16704', 'CHEBI:15296', 'CHEBI:27227', 'CHEBI:46386', 'CHEBI:46391', 'CHEBI:46460', 'CHEBI:46463', 'CHEBI:9893']",uri,META:URIDINE,EX_cpd00249_m,ERR1620289_sub
cpd00006_m,NADP-e0,740.381183,21,7,SBO:0000247,MNXM5,XJLXINKUBYWONI-NNYOXOHSSA-K,cpd00006,HMDB00217,"['R-ALL-113563', 'R-ALL-113564', 'R-ALL-194668', 'R-ALL-2000348', 'R-ALL-29366', 'R-ALL-351628', 'R-ALL-389556', 'R-ALL-5623650', 'R-ALL-6790191']",C00006,CHEBI:58349,nadp,META:NADP,EX_cpd00006_m,ERR1620289_sub
cpd00412_m,Deoxyuridine-e0,228.20198,9,2,SBO:0000247,MNXM492,MXHRCPNRJAMMIM-SHYZEUOFSA-N,cpd00412,HMDB00012,R-ALL-500430,C00526,"['CHEBI:16450', 'CHEBI:11398', 'CHEBI:11572', 'CHEBI:14123', 'CHEBI:19261', 'CHEBI:23640', 'CHEBI:29113', 'CHEBI:42178', 'CHEBI:4434', 'CHEBI:46165', 'CHEBI:46289', 'CHEBI:46293']",duri,META:DEOXYURIDINE,EX_cpd00412_m,ERR1620289_sub
cpd00653_m,D-Galactonate-e0,195.14734,6,0,SBO:0000247,MNXM1734,RGHNJXZEOKUKBD-MGCNEYSASA-M,cpd00653,HMDB00565,,C00880,"['CHEBI:12931', 'CHEBI:16534', 'CHEBI:4132', 'CHEBI:24148', 'CHEBI:24149']",galctn__D,META:D-GALACTONATE,EX_cpd00653_m,ERR1620289_sub
cpd01663_m,Chenodiol-e0,391.56406,24,0,SBO:0000247,MNXM1183,RUDATBOHQWOJDD-BSWAIDMHSA-M,cpd01663,HMDB00518,R-ALL-194096,C02528,"['CHEBI:16755', 'CHEBI:23094', 'CHEBI:3588', 'CHEBI:3593', 'CHEBI:36234', 'CHEBI:13960', 'CHEBI:23093', 'CHEBI:57884']",C02528,META:CPD-15189,EX_cpd01663_m,ERR1620289_sub
cpd00092_m,Uracil-e0,112.08676,4,2,SBO:0000247,MNXM158,ISAKRJDGNUQOIC-UHFFFAOYSA-N,cpd00092,HMDB00300,R-ALL-83962,C00106,"['CHEBI:17568', 'CHEBI:15288', 'CHEBI:27210', 'CHEBI:46375', 'CHEBI:9882', 'CHEBI:43254']",ura,META:URACIL,EX_cpd00092_m,ERR1620289_sub
cpd00104_m,BIOT-e0,243.3027,10,2,SBO:0000247,MNXM304,YBJHBAHKTGYVGT-ZKWXMUAHSA-M,cpd00104,HMDB00030,"['R-ALL-199207', 'R-ALL-199238', 'R-ALL-29582']",C00120,"['CHEBI:15956', 'CHEBI:13905', 'CHEBI:22882', 'CHEBI:22884', 'CHEBI:3108', 'CHEBI:41236', 'CHEBI:57586']",btn,META:BIOTIN,EX_cpd00104_m,ERR1620289_sub
cpd00573_m,L-Idonate-e0,195.14734,6,0,SBO:0000247,MNXM1565,RGHNJXZEOKUKBD-SKNVOMKLSA-M,cpd00573,,,C00770,"['CHEBI:17796', 'CHEBI:13126', 'CHEBI:21335', 'CHEBI:57659', 'CHEBI:58494', 'CHEBI:6250', 'CHEBI:21336']",idon__L,META:L-IDONATE,EX_cpd00573_m,ERR1620289_sub
cpd00380_m,Itaconate-e0,128.08286,5,0,SBO:0000247,MNXM1747,LVHBHZANLOWSRM-UHFFFAOYSA-L,cpd00380,HMDB02092,,C00490,"['CHEBI:17240', 'CHEBI:14484', 'CHEBI:24932', 'CHEBI:30838', 'CHEBI:24933', 'CHEBI:6074']",itacon,META:ITACONATE,EX_cpd00380_m,ERR1620289_sub
cpd00393_m,Folate-e0,439.38158000000004,19,7,SBO:0000247,MNXM617,OVBPIULPVIDEAO-LBPRGKRZSA-L,cpd00393,HMDB00121,"['R-ALL-197965', 'R-ALL-200716']",C00504,"['CHEBI:27470', 'CHEBI:24075', 'CHEBI:42610', 'CHEBI:5140', 'CHEBI:569217', 'CHEBI:62501']",fol,META:CPD-12826,EX_cpd00393_m,ERR1620289_sub
cpd00020_m,Pyruvate-e0,87.05412,3,0,SBO:0000247,MNXM23,LCTONWCANYUPML-UHFFFAOYSA-M,cpd00020,HMDB00243,"['R-ALL-1130930', 'R-ALL-113557', 'R-ALL-29398', 'R-ALL-389680', 'R-ALL-5357717']",C00022,"['CHEBI:15361', 'CHEBI:14987', 'CHEBI:26462', 'CHEBI:32816', 'CHEBI:26466', 'CHEBI:45253', 'CHEBI:8685']",pyr,META:PYRUVATE,EX_cpd00020_m,ERR1620289_sub
cpd00003_m,NAD-e0,662.417162,21,7,SBO:0000247,MNXM8,BAWFJGJZGIEFAR-NNYOXOHSSA-M,cpd00003,HMDB00902,"['R-ALL-113526', 'R-ALL-192307', 'R-ALL-194653', 'R-ALL-29360', 'R-ALL-352330']",C00003,CHEBI:57540,nad,META:NAD,EX_cpd00003_m,ERR1620289_sub
cpd00209_m,Nitrate-e0,62.0049,0,1,SBO:0000247,MNXM207,NHNBFGGVMKEFGY-UHFFFAOYSA-N,cpd00209,"['HMDB02878', 'HMDB01853']",,C00244,"['CHEBI:17632', 'CHEBI:14654', 'CHEBI:44487', 'CHEBI:71263', 'CHEBI:48107', 'CHEBI:25545', 'CHEBI:7580']",no3,"['META:CPD-15028', 'META:NITRATE']",EX_cpd00209_m,ERR1620289_sub
cpd00307_m,Cytosine-e0,111.102,4,3,SBO:0000247,MNXM761,OPTASPLRGRRNAP-UHFFFAOYSA-N,cpd00307,HMDB00630,,C00380,"['CHEBI:16040', 'CHEBI:14066', 'CHEBI:23531', 'CHEBI:4072', 'CHEBI:41732']",csn,META:CYTOSINE,EX_cpd00307_m,ERR1620289_sub
cpd01030_m,Salicin-e0,286.27781999999996,13,0,SBO:0000247,MNXM2561,NGFMICBWJRZIBI-UJPOAAIJSA-N,cpd01030,HMDB03546,,C01451,"['CHEBI:17814', 'CHEBI:15058', 'CHEBI:26591', 'CHEBI:9002']",salcn,META:CPD-1142,EX_cpd01030_m,ERR1620289_sub
cpd00176_m,2-keto-3-deoxygluconate-e0,177.13206,6,0,SBO:0000247,MNXM440,WPAMZTWLKIDIOP-WVZVXSGGSA-M,cpd00176,,,C00204,"['CHEBI:17032', 'CHEBI:1059', 'CHEBI:11550', 'CHEBI:19530', 'CHEBI:57990']",2ddglcn,META:2-DEHYDRO-3-DEOXY-D-GLUCONATE,EX_cpd00176_m,ERR1620289_sub
cpd00153_m,Benzoate-e0,121.1134,7,0,SBO:0000247,MNXM217,WPYMKLBDIGXBTP-UHFFFAOYSA-M,cpd00153,HMDB01870,R-ALL-159446,"['C00180', 'C00539']","['CHEBI:16150', 'CHEBI:13879', 'CHEBI:22717', 'CHEBI:30746', 'CHEBI:22722', 'CHEBI:3029', 'CHEBI:41051']",bz,META:BENZOATE,EX_cpd00153_m,ERR1620289_sub
cpd00075_m,Nitrite-e0,46.0055,0,1,SBO:0000247,MNXM107,IOVCWXUNBOPUCH-UHFFFAOYSA-M,cpd00075,HMDB02786,R-ALL-1222379,C00088,"['CHEBI:16301', 'CHEBI:14658', 'CHEBI:44396', 'CHEBI:7585', 'CHEBI:25567']",no2,META:NITRITE,EX_cpd00075_m,ERR1620289_sub
cpd03424_m,Vitamin B12-e0,,61,13,SBO:0000247,MNXM7192,NSLAUEAQDBERRV-DSRCUDDDSA-L,cpd03424,,,C05776,"['CHEBI:28911', 'CHEBI:10006', 'CHEBI:23332']",,META:CPD-17105,EX_cpd03424_m,ERR1620289_sub
cpd03724_m,Ferrichrome-e0,740.52048,27,9,SBO:0000247,MNXM2825,GGUNGDGGXMHBMJ-OCIDDWSYSA-N,cpd03724,,,C06228,CHEBI:5019,fecrm,META:CPD0-2241,EX_cpd03724_m,ERR1620289_sub
cpd00024_m,2-Oxoglutarate-e0,144.08226,5,0,SBO:0000247,MNXM20,KPGXRSRHYNQIFN-UHFFFAOYSA-L,cpd00024,"['HMDB00208', 'HMDB02812', 'HMDB62781']","['R-ALL-113594', 'R-ALL-113671', 'R-ALL-29406', 'R-ALL-389537', 'R-ALL-5278317', 'R-ALL-561075']",C00026,"['CHEBI:16810', 'CHEBI:11638', 'CHEBI:19748', 'CHEBI:30915', 'CHEBI:1253', 'CHEBI:19749', 'CHEBI:40661', 'CHEBI:30916']",akg,META:2-KETOGLUTARATE,EX_cpd00024_m,ERR1620289_sub
cpd00870_m,gamma-butyrobetaine-e0,145.1995,7,1,SBO:0000247,MNXM626,JHPNVNIEXXLNTR-UHFFFAOYSA-N,cpd00870,"['HMDB01161', 'HMDB06831']",R-ALL-31369,C01181,"['CHEBI:16244', 'CHEBI:12047', 'CHEBI:20484', 'CHEBI:1941']","['4tmeabutn', 'gbbtn']",META:GAMMA-BUTYROBETAINE,EX_cpd00870_m,ERR1620289_sub
cpd00609_m,D-Glucarate-e0,208.12292,6,0,SBO:0000247,MNXM744,DSLZVSRJTYRBFB-LLEIAEIESA-L,cpd00609,"['HMDB00663', 'HMDB29881']",,C00818,"['CHEBI:16002', 'CHEBI:20982', 'CHEBI:4155', 'CHEBI:30612', 'CHEBI:12953', 'CHEBI:20980', 'CHEBI:42731', 'CHEBI:33801']",glcr,META:D-GLUCARATE,EX_cpd00609_m,ERR1620289_sub
cpd00382_m,Melitose-e0,504.43708,18,0,SBO:0000247,MNXM621,MUPFEKGTMRGPLJ-ZQSKZDJDSA-N,cpd00382,HMDB03213,,C00492,"['CHEBI:16634', 'CHEBI:15015', 'CHEBI:26521', 'CHEBI:49843', 'CHEBI:8771']",raffin,META:CPD-1099,EX_cpd00382_m,ERR1620289_sub
cpd01092_m,Allantoin-e0,157.1075,4,4,SBO:0000247,MNXM612,POJWUDADGALRAB-UHFFFAOYSA-N,cpd01092,HMDB00462,,C01551,"['CHEBI:15676', 'CHEBI:13761', 'CHEBI:22354', 'CHEBI:2594', 'CHEBI:74345']",alltn,META:ALLANTOIN,EX_cpd01092_m,ERR1620289_sub
cpd00366_m,Ribitol-e0,152.14578,5,0,SBO:0000247,MNXM1820,HEBKCHPVOIAQTA-ZXFHETKHSA-N,cpd00366,HMDB00508,,C00474,"['CHEBI:15963', 'CHEBI:15043', 'CHEBI:21074', 'CHEBI:26552', 'CHEBI:27854', 'CHEBI:4230', 'CHEBI:57591', 'CHEBI:8841']",rbt,META:RIBITOL,EX_cpd00366_m,ERR1620289_sub
cpd00059_m,L-Ascorbate-e0,175.11617999999999,6,0,SBO:0000247,MNXM129,CIWBSHSKHKDKBQ-JLAZNSOCSA-M,cpd00059,"['HMDB00044', 'HMDB14273', 'HMDB29945']","['R-ALL-198816', 'R-ALL-198836', 'R-ALL-351595']","['C00072', 'C20364']","['CHEBI:29073', 'CHEBI:17208', 'CHEBI:21240', 'CHEBI:2868', 'CHEBI:40892', 'CHEBI:43473', 'CHEBI:38290', 'CHEBI:13082', 'CHEBI:13861']",ascb__L,META:ASCORBATE,EX_cpd00059_m,ERR1620289_sub
cpd00489_m,4-Hydroxyphenylacetate-e0,151.13938,8,0,SBO:0000247,MNXM485,XQXPVVBIMDBYFF-UHFFFAOYSA-M,cpd00489,HMDB00020,,C00642,"['CHEBI:18101', 'CHEBI:12014', 'CHEBI:1874', 'CHEBI:20419', 'CHEBI:40091', 'CHEBI:48999']",4hoxpac,META:4-HYDROXYPHENYLACETATE,EX_cpd00489_m,ERR1620289_sub
cpd00133_m,Nicotinamide-e0,122.12464,6,2,SBO:0000247,MNXM216,DFPAKSUCGFBDDF-UHFFFAOYSA-N,cpd00133,HMDB01406,"['R-ALL-197277', 'R-ALL-8870343']",C00153,"['CHEBI:17154', 'CHEBI:14645', 'CHEBI:25521', 'CHEBI:44258', 'CHEBI:7556']",ncam,META:NIACINAMIDE,EX_cpd00133_m,ERR1620289_sub
cpd00136_m,4-Hydroxybenzoate-e0,137.1128,7,0,SBO:0000247,MNXM164,FJKROLUGYXJWQN-UHFFFAOYSA-M,cpd00136,HMDB00500,R-ALL-2162213,C00156,"['CHEBI:17879', 'CHEBI:12003', 'CHEBI:20397', 'CHEBI:30763', 'CHEBI:1858', 'CHEBI:20398', 'CHEBI:44949']",4hbz,META:4-hydroxybenzoate,EX_cpd00136_m,ERR1620289_sub
cpd02829_m,"3alpha,12alpha-Dihydroxy-7-oxo-5beta-cholanate-e0",405.54758,24,0,SBO:0000247,MNXM3493,RHCPKKNRWFXMAT-RRWYKFPJSA-M,cpd02829,HMDB00391,,C04643,"['CHEBI:11893', 'CHEBI:16390', 'CHEBI:1688', 'CHEBI:20209', 'CHEBI:20210']",,META:CHOLANATE2,EX_cpd02829_m,ERR1620289_sub
cpd35610_m,3alpha-hydroxy-7-oxo-5beta-cholan-24-oate-e0,389.54818,24,0,SBO:0000247,,GC|EQ,cpd35610,,,,,,,EX_cpd35610_m,ERR1620289_sub
cpd22614_m,sulfoquinovose-e0,243.21174,6,0,SBO:0000247,MNXM83070,QFBWOLBPVQLZEH-GASJEMHNSA-M,cpd22614,,,C20829,CHEBI:142956,,META:CPD-21685,EX_cpd22614_m,ERR1620289_sub
cpd31356_m,"(S)-2,3-Dihydroxypropane-1-sulfonate-e0",155.14968,3,0,SBO:0000247,MNXM13761,YPFUJZAAZJXMIP-UHFFFAOYSA-M,cpd31356,,,C20797,CHEBI:77138,,META:CPD-12693,EX_cpd31356_m,ERR1620289_sub
cpd00155_m,glycogen-e0,828.71828,30,0,SBO:0000247,MNXM55375,,cpd00155,HMDB00757,,C00182,"['CHEBI:24384', 'CHEBI:28087', 'CHEBI:24379', 'CHEBI:5466']",glycogen,META:Glycogens,EX_cpd00155_m,ERR1620289_sub
cpd27289_m,indole-3-propionate-e0,188.20260000000002,11,1,SBO:0000247,MNXM57347,GOLXRNDWAUTYKT-UHFFFAOYSA-M,cpd27289,HMDB02302,,,"['CHEBI:43580', 'CHEBI:82916']",,META:INDOLE-PROPIONATE,EX_cpd27289_m,ERR1620289_sub
cpd03343_m,Phenylpropanoate-e0,149.16656,9,0,SBO:0000247,MNXM1403,XMIIGOLPHOKFCH-UHFFFAOYSA-M,cpd03343,HMDB00764,,C05629,"['CHEBI:28631', 'CHEBI:26002', 'CHEBI:26005', 'CHEBI:43112', 'CHEBI:8103', 'CHEBI:51057', 'CHEBI:20186', 'CHEBI:20187']",pppn,META:3-PHENYLPROPIONATE,EX_cpd03343_m,ERR1620289_sub
cpd01202_m,Phloretate-e0,165.16595999999998,9,0,SBO:0000247,MNXM4778,NMHMNPHRMNGLLB-UHFFFAOYSA-M,cpd01202,"['HMDB02199', 'HMDB61145']",,C01744,"['CHEBI:16331', 'CHEBI:14786', 'CHEBI:19933', 'CHEBI:32980', 'CHEBI:19934', 'CHEBI:43113', 'CHEBI:8110']",,META:PHLORETATE,EX_cpd01202_m,ERR1620289_sub
cpd00949_m,"3alpha,7alpha-Dihydroxy-12-oxo-5beta-cholanate-e0",405.54758,24,0,SBO:0000247,MNXM2191,MIHNUBCEFJLAGN-DMMBONCOSA-M,cpd00949,HMDB00400,,C01292,"['CHEBI:11901', 'CHEBI:57725', 'CHEBI:16312', 'CHEBI:1703', 'CHEBI:20227', 'CHEBI:20228']",,META:CPD-345,EX_cpd00949_m,ERR1620289_sub
cpd00216_m,Chorismate,224.16692,10,0,SBO:0000247,MNXM337,WTFXTQVDAKGDEY-HTQZYQBOSA-L,cpd00216,HMDB12199,R-ALL-964856,C00251,"['CHEBI:17333', 'CHEBI:23227', 'CHEBI:3677', 'CHEBI:29748', 'CHEBI:13993', 'CHEBI:23225']",chor,META:CHORISMATE,EX_cpd00216_m,ERR1620289_sub
cpd00229_m,Glycolaldehyde-e0,60.05196,2,0,SBO:0000247,MNXM349,WGCNASOHLSPBMP-UHFFFAOYSA-N,cpd00229,"['HMDB03344', 'HMDB02165']",,C00266,"['CHEBI:131198', 'CHEBI:17071', 'CHEBI:14347', 'CHEBI:24386', 'CHEBI:5474']",gcald,META:GLYCOLALDEHYDE,EX_cpd00229_m,ERR1620289_sub
cpd01015_m,Cyanate-e0,42.0168,1,1,SBO:0000247,MNXM1191,XLJMAIOERFSOGZ-UHFFFAOYSA-M,cpd01015,HMDB02078,,C01417,"['CHEBI:28024', 'CHEBI:23422', 'CHEBI:3968', 'CHEBI:29195', 'CHEBI:14037', 'CHEBI:23419', 'CHEBI:29202']",cynt,META:CPD-69,EX_cpd01015_m,ERR1620289_sub
cpd00417_m,L-Lyxitol-e0,152.14578,5,0,SBO:0000247,MNXM801,HEBKCHPVOIAQTA-IMJSIDKUSA-N,cpd00417,"['HMDB01851', 'HMDB00199']",,C00532,"['CHEBI:18403', 'CHEBI:13073', 'CHEBI:21234', 'CHEBI:6184']","['abt', 'abt__L']",META:L-ARABITOL,EX_cpd00417_m,ERR1620289_sub
