taxon,sample_id,tolerance,reaction,flux,abundance,metabolite,direction
S121C65_Clostridium_Q_sp003024715,ERR1620289_sub,1e-06,EX_cpd00309_e0,0.009275186352624781,0.002082162029247887,cpd00309_e0,export
S121C65_Clostridium_Q_sp003024715,ERR1620289_sub,1e-06,EX_cpd00264_e0,-6.17473921170606e-05,0.002082162029247887,cpd00264_e0,import
S121C65_Clostridium_Q_sp003024715,ERR1620289_sub,1e-06,EX_cpd00067_e0,0.010959244076566928,0.002082162029247887,cpd00067_e0,export
S121C65_Clostridium_Q_sp003024715,ERR1620289_sub,1e-06,EX_cpd00048_e0,-8.719504053597282e-05,0.002082162029247887,cpd00048_e0,import
S121C65_Clostridium_Q_sp003024715,ERR1620289_sub,1e-06,EX_cpd00017_e0,-0.0002469895684682424,0.002082162029247887,cpd00017_e0,import
S121C65_Clostridium_Q_sp003024715,ERR1620289_sub,1e-06,EX_cpd00161_e0,-0.003603766856370705,0.002082162029247887,cpd00161_e0,import
S121C65_Clostridium_Q_sp003024715,ERR1620289_sub,1e-06,EX_cpd00069_e0,-0.0016020663187942005,0.002082162029247887,cpd00069_e0,import
S121C65_Clostridium_Q_sp003024715,ERR1620289_sub,1e-06,EX_cpd00119_e0,-0.0011367667355550886,0.002082162029247887,cpd00119_e0,import
S121C65_Clostridium_Q_sp003024715,ERR1620289_sub,1e-06,EX_cpd00063_e0,-8.719504053597282e-05,0.002082162029247887,cpd00063_e0,import
S121C65_Clostridium_Q_sp003024715,ERR1620289_sub,1e-06,EX_cpd00099_e0,-8.719504053597282e-05,0.002082162029247887,cpd00099_e0,import
S121C65_Clostridium_Q_sp003024715,ERR1620289_sub,1e-06,EX_cpd00036_e0,-0.0004939791369364848,0.002082162029247887,cpd00036_e0,import
S121C65_Clostridium_Q_sp003024715,ERR1620289_sub,1e-06,EX_cpd00033_e0,-0.0058162197592859285,0.002082162029247887,cpd00033_e0,import
S121C65_Clostridium_Q_sp003024715,ERR1620289_sub,1e-06,EX_cpd00060_e0,-0.001389179752392621,0.002082162029247887,cpd00060_e0,import
S121C65_Clostridium_Q_sp003024715,ERR1620289_sub,1e-06,EX_cpd00311_e0,-0.0012972446243112129,0.002082162029247887,cpd00311_e0,import
S121C65_Clostridium_Q_sp003024715,ERR1620289_sub,1e-06,EX_cpd00006_e0,-0.00012349478423412386,0.002082162029247887,cpd00006_e0,import
S121C65_Clostridium_Q_sp003024715,ERR1620289_sub,1e-06,EX_cpd00132_e0,-0.0020575477913547086,0.002082162029247887,cpd00132_e0,import
S121C65_Clostridium_Q_sp003024715,ERR1620289_sub,1e-06,EX_cpd00058_e0,-8.719504053597282e-05,0.002082162029247887,cpd00058_e0,import
S121C65_Clostridium_Q_sp003024715,ERR1620289_sub,1e-06,EX_cpd00073_e0,6.17473921170606e-05,0.002082162029247887,cpd00073_e0,export
S121C65_Clostridium_Q_sp003024715,ERR1620289_sub,1e-06,EX_cpd00182_e0,-0.0008032028297807574,0.002082162029247887,cpd00182_e0,import
S121C65_Clostridium_Q_sp003024715,ERR1620289_sub,1e-06,EX_cpd00030_e0,-8.719504053597282e-05,0.002082162029247887,cpd00030_e0,import
S121C65_Clostridium_Q_sp003024715,ERR1620289_sub,1e-06,EX_cpd00254_e0,-8.719504053597282e-05,0.002082162029247887,cpd00254_e0,import
S121C65_Clostridium_Q_sp003024715,ERR1620289_sub,1e-06,EX_cpd00205_e0,-8.719504053597282e-05,0.002082162029247887,cpd00205_e0,import
S121C65_Clostridium_Q_sp003024715,ERR1620289_sub,1e-06,EX_cpd00035_e0,0.1434962007543184,0.002082162029247887,cpd00035_e0,export
S121C65_Clostridium_Q_sp003024715,ERR1620289_sub,1e-06,EX_cpd00129_e0,-0.0022337466353657457,0.002082162029247887,cpd00129_e0,import
S121C65_Clostridium_Q_sp003024715,ERR1620289_sub,1e-06,EX_cpd10516_e0,-8.719504053597282e-05,0.002082162029247887,cpd10516_e0,import
S121C65_Clostridium_Q_sp003024715,ERR1620289_sub,1e-06,EX_cpd00644_e0,-0.00012349478423412386,0.002082162029247887,cpd00644_e0,import
S121C65_Clostridium_Q_sp003024715,ERR1620289_sub,1e-06,EX_cpd00211_e0,0.03623100726406178,0.002082162029247887,cpd00211_e0,export
S121C65_Clostridium_Q_sp003024715,ERR1620289_sub,1e-06,EX_cpd10515_e0,-0.0001489424326530334,0.002082162029247887,cpd10515_e0,import
S121C65_Clostridium_Q_sp003024715,ERR1620289_sub,1e-06,EX_cpd23431_e0,-0.05983570241621672,0.002082162029247887,cpd23431_e0,import
S121C65_Clostridium_Q_sp003024715,ERR1620289_sub,1e-06,EX_cpd00084_e0,-0.001037042449679032,0.002082162029247887,cpd00084_e0,import
S121C65_Clostridium_Q_sp003024715,ERR1620289_sub,1e-06,EX_cpd00047_e0,0.0003149474687413448,0.002082162029247887,cpd00047_e0,export
S121C65_Clostridium_Q_sp003024715,ERR1620289_sub,1e-06,EX_cpd00363_e0,6.17473921170606e-05,0.002082162029247887,cpd00363_e0,export
S121C65_Clostridium_Q_sp003024715,ERR1620289_sub,1e-06,EX_cpd00107_e0,-0.00583182965805868,0.002082162029247887,cpd00107_e0,import
S121C65_Clostridium_Q_sp003024715,ERR1620289_sub,1e-06,EX_cpd01217_e0,-0.009275186352624781,0.002082162029247887,cpd01217_e0,import
S121C65_Clostridium_Q_sp003024715,ERR1620289_sub,1e-06,EX_cpd00054_e0,-0.003797768069815548,0.002082162029247887,cpd00054_e0,import
S121C65_Clostridium_Q_sp003024715,ERR1620289_sub,1e-06,EX_cpd00526_e0,0.05983570241621672,0.002082162029247887,cpd00526_e0,export
S121C65_Clostridium_Q_sp003024715,ERR1620289_sub,1e-06,EX_cpd00028_e0,-6.17473921170606e-05,0.002082162029247887,cpd00028_e0,import
S121C65_Clostridium_Q_sp003024715,ERR1620289_sub,1e-06,EX_cpd00149_e0,-8.719504053597282e-05,0.002082162029247887,cpd00149_e0,import
S121C65_Clostridium_Q_sp003024715,ERR1620289_sub,1e-06,EX_cpd00065_e0,-0.0007559498791441338,0.002082162029247887,cpd00065_e0,import
S121C65_Clostridium_Q_sp003024715,ERR1620289_sub,1e-06,EX_cpd00023_e0,-0.007510813995270649,0.002082162029247887,cpd00023_e0,import
S121C65_Clostridium_Q_sp003024715,ERR1620289_sub,1e-06,EX_cpd00034_e0,-8.719504053597282e-05,0.002082162029247887,cpd00034_e0,import
S121C65_Clostridium_Q_sp003024715,ERR1620289_sub,1e-06,EX_cpd00220_e0,-0.0001234947842341212,0.002082162029247887,cpd00220_e0,import
S121C65_Clostridium_Q_sp003024715,ERR1620289_sub,1e-06,EX_cpd00229_e0,0.00018524217635118177,0.002082162029247887,cpd00229_e0,export
S121C65_Clostridium_Q_sp003024715,ERR1620289_sub,1e-06,EX_cpd00009_e0,-0.015667065230097282,0.002082162029247887,cpd00009_e0,import
S121C65_Clostridium_Q_sp003024715,ERR1620289_sub,1e-06,EX_cpd00322_e0,-0.003751330227331789,0.002082162029247887,cpd00322_e0,import
S121C65_Clostridium_Q_sp003024715,ERR1620289_sub,1e-06,EX_cpd00051_e0,-0.0027445168880270735,0.002082162029247887,cpd00051_e0,import
S121C65_Clostridium_Q_sp003024715,ERR1620289_sub,1e-06,EX_cpd00092_e0,0.17117501075467018,0.002082162029247887,cpd00092_e0,export
S121C65_Clostridium_Q_sp003024715,ERR1620289_sub,1e-06,EX_cpd00011_e0,0.10522616328917653,0.002082162029247887,cpd00011_e0,export
S121C65_Clostridium_Q_sp003024715,ERR1620289_sub,1e-06,EX_cpd00367_e0,-0.172677377781332,0.002082162029247887,cpd00367_e0,import
S121C65_Clostridium_Q_sp003024715,ERR1620289_sub,1e-06,EX_cpd00001_e0,-0.03142867310375672,0.002082162029247887,cpd00001_e0,import
S138C777_Bacteroides_uniformis,ERR1620289_sub,1e-06,EX_cpd00105_e0,-0.0004175684004131949,0.002730924881493269,cpd00105_e0,import
S138C777_Bacteroides_uniformis,ERR1620289_sub,1e-06,EX_cpd00264_e0,-6.187872223501357e-05,0.002730924881493269,cpd00264_e0,import
S138C777_Bacteroides_uniformis,ERR1620289_sub,1e-06,EX_cpd00071_e0,6.187872223501357e-05,0.002730924881493269,cpd00071_e0,export
S138C777_Bacteroides_uniformis,ERR1620289_sub,1e-06,EX_cpd00067_e0,0.15384658039949545,0.002730924881493269,cpd00067_e0,export
S138C777_Bacteroides_uniformis,ERR1620289_sub,1e-06,EX_cpd00048_e0,-0.00011436564798313265,0.002730924881493269,cpd00048_e0,import
S138C777_Bacteroides_uniformis,ERR1620289_sub,1e-06,EX_cpd00039_e0,-0.005107345896323028,0.002730924881493269,cpd00039_e0,import
S138C777_Bacteroides_uniformis,ERR1620289_sub,1e-06,EX_cpd00017_e0,-0.00024751488894005427,0.002730924881493269,cpd00017_e0,import
S138C777_Bacteroides_uniformis,ERR1620289_sub,1e-06,EX_cpd00007_e0,-0.045328208299689726,0.002730924881493269,cpd00007_e0,import
S138C777_Bacteroides_uniformis,ERR1620289_sub,1e-06,EX_cpd00013_e0,0.0021701004521790497,0.002730924881493269,cpd00013_e0,export
S138C777_Bacteroides_uniformis,ERR1620289_sub,1e-06,EX_cpd00161_e0,-0.0037756759540302134,0.002730924881493269,cpd00161_e0,import
S138C777_Bacteroides_uniformis,ERR1620289_sub,1e-06,EX_cpd00069_e0,-0.0021142171038862974,0.002730924881493269,cpd00069_e0,import
S138C777_Bacteroides_uniformis,ERR1620289_sub,1e-06,EX_cpd00184_e0,-0.0003870025472534664,0.002730924881493269,cpd00184_e0,import
S138C777_Bacteroides_uniformis,ERR1620289_sub,1e-06,EX_cpd00119_e0,-0.0014100034683100391,0.002730924881493269,cpd00119_e0,import
S138C777_Bacteroides_uniformis,ERR1620289_sub,1e-06,EX_cpd00063_e0,-0.00011436564798313265,0.002730924881493269,cpd00063_e0,import
S138C777_Bacteroides_uniformis,ERR1620289_sub,1e-06,EX_cpd00099_e0,-0.00011436564798313265,0.002730924881493269,cpd00099_e0,import
S138C777_Bacteroides_uniformis,ERR1620289_sub,1e-06,EX_cpd11606_e0,-0.10697604931603494,0.002730924881493269,cpd11606_e0,import
S138C777_Bacteroides_uniformis,ERR1620289_sub,1e-06,EX_cpd00036_e0,0.00874627519671449,0.002730924881493269,cpd00036_e0,export
S138C777_Bacteroides_uniformis,ERR1620289_sub,1e-06,EX_cpd00033_e0,-0.009241779872874941,0.002730924881493269,cpd00033_e0,import
S138C777_Bacteroides_uniformis,ERR1620289_sub,1e-06,EX_cpd00232_e0,-0.0008653983139050187,0.002730924881493269,cpd00232_e0,import
S138C777_Bacteroides_uniformis,ERR1620289_sub,1e-06,EX_cpd00010_e0,-0.00012375744447000003,0.002730924881493269,cpd00010_e0,import
S138C777_Bacteroides_uniformis,ERR1620289_sub,1e-06,EX_cpd00060_e0,-0.0021017027929979026,0.002730924881493269,cpd00060_e0,import
S138C777_Bacteroides_uniformis,ERR1620289_sub,1e-06,EX_cpd00064_e0,-6.187872223501357e-05,0.002730924881493269,cpd00064_e0,import
S138C777_Bacteroides_uniformis,ERR1620289_sub,1e-06,EX_cpd00311_e0,-0.003773821920206675,0.002730924881493269,cpd00311_e0,import
S138C777_Bacteroides_uniformis,ERR1620289_sub,1e-06,EX_cpd00006_e0,-0.0001237574444700254,0.002730924881493269,cpd00006_e0,import
S138C777_Bacteroides_uniformis,ERR1620289_sub,1e-06,EX_cpd00156_e0,-0.006298015491784831,0.002730924881493269,cpd00156_e0,import
S138C777_Bacteroides_uniformis,ERR1620289_sub,1e-06,EX_cpd00132_e0,-0.00358767549158887,0.002730924881493269,cpd00132_e0,import
S138C777_Bacteroides_uniformis,ERR1620289_sub,1e-06,EX_cpd00058_e0,-0.00011436564798313265,0.002730924881493269,cpd00058_e0,import
S138C777_Bacteroides_uniformis,ERR1620289_sub,1e-06,EX_cpd00066_e0,-0.0027573401158062934,0.002730924881493269,cpd00066_e0,import
S138C777_Bacteroides_uniformis,ERR1620289_sub,1e-06,EX_cpd00182_e0,-0.0028576942098638572,0.002730924881493269,cpd00182_e0,import
S138C777_Bacteroides_uniformis,ERR1620289_sub,1e-06,EX_cpd00030_e0,-0.00011436564798313265,0.002730924881493269,cpd00030_e0,import
S138C777_Bacteroides_uniformis,ERR1620289_sub,1e-06,EX_cpd00254_e0,-0.00011436564798313265,0.002730924881493269,cpd00254_e0,import
S138C777_Bacteroides_uniformis,ERR1620289_sub,1e-06,EX_cpd11451_e0,0.10697604931603494,0.002730924881493269,cpd11451_e0,export
S138C777_Bacteroides_uniformis,ERR1620289_sub,1e-06,EX_cpd00205_e0,-0.00011436564798313265,0.002730924881493269,cpd00205_e0,import
S138C777_Bacteroides_uniformis,ERR1620289_sub,1e-06,EX_cpd00794_e0,-0.04336095540523365,0.002730924881493269,cpd00794_e0,import
S138C777_Bacteroides_uniformis,ERR1620289_sub,1e-06,EX_cpd01741_e0,-0.001298097470857528,0.002730924881493269,cpd01741_e0,import
S138C777_Bacteroides_uniformis,ERR1620289_sub,1e-06,EX_cpd00129_e0,-0.0032900080927234193,0.002730924881493269,cpd00129_e0,import
S138C777_Bacteroides_uniformis,ERR1620289_sub,1e-06,EX_cpd10516_e0,-0.00011436564798313265,0.002730924881493269,cpd10516_e0,import
S138C777_Bacteroides_uniformis,ERR1620289_sub,1e-06,EX_cpd10515_e0,-0.00017624437021814622,0.002730924881493269,cpd10515_e0,import
S138C777_Bacteroides_uniformis,ERR1620289_sub,1e-06,EX_cpd11640_e0,0.1453393443071715,0.002730924881493269,cpd11640_e0,export
S138C777_Bacteroides_uniformis,ERR1620289_sub,1e-06,EX_cpd00084_e0,-0.0014867607971697297,0.002730924881493269,cpd00084_e0,import
S138C777_Bacteroides_uniformis,ERR1620289_sub,1e-06,EX_cpd00029_e0,0.1629248503202164,0.002730924881493269,cpd00029_e0,export
S138C777_Bacteroides_uniformis,ERR1620289_sub,1e-06,EX_cpd00107_e0,-0.008010378817040836,0.002730924881493269,cpd00107_e0,import
S138C777_Bacteroides_uniformis,ERR1620289_sub,1e-06,EX_cpd00117_e0,-0.00043269915695250935,0.002730924881493269,cpd00117_e0,import
S138C777_Bacteroides_uniformis,ERR1620289_sub,1e-06,EX_cpd00054_e0,-0.004010454049118684,0.002730924881493269,cpd00054_e0,import
S138C777_Bacteroides_uniformis,ERR1620289_sub,1e-06,EX_cpd00028_e0,-6.187872223501357e-05,0.002730924881493269,cpd00028_e0,import
S138C777_Bacteroides_uniformis,ERR1620289_sub,1e-06,EX_cpd00149_e0,-0.00011436564798313265,0.002730924881493269,cpd00149_e0,import
S138C777_Bacteroides_uniformis,ERR1620289_sub,1e-06,EX_cpd00065_e0,-0.0008460020809860207,0.002730924881493269,cpd00065_e0,import
S138C777_Bacteroides_uniformis,ERR1620289_sub,1e-06,EX_cpd00023_e0,-0.013312452131697051,0.002730924881493269,cpd00023_e0,import
S138C777_Bacteroides_uniformis,ERR1620289_sub,1e-06,EX_cpd00034_e0,-0.00011436564798313265,0.002730924881493269,cpd00034_e0,import
S138C777_Bacteroides_uniformis,ERR1620289_sub,1e-06,EX_cpd00220_e0,-0.00012375744447002714,0.002730924881493269,cpd00220_e0,import
S138C777_Bacteroides_uniformis,ERR1620289_sub,1e-06,EX_cpd28763_e0,-0.0017762972789184888,0.002730924881493269,cpd28763_e0,import
S138C777_Bacteroides_uniformis,ERR1620289_sub,1e-06,EX_cpd00012_e0,-0.007515650682416029,0.002730924881493269,cpd00012_e0,import
S138C777_Bacteroides_uniformis,ERR1620289_sub,1e-06,EX_cpd00053_e0,-0.004226069912036276,0.002730924881493269,cpd00053_e0,import
S138C777_Bacteroides_uniformis,ERR1620289_sub,1e-06,EX_cpd00322_e0,-0.00562903962611723,0.002730924881493269,cpd00322_e0,import
S138C777_Bacteroides_uniformis,ERR1620289_sub,1e-06,EX_cpd00051_e0,-0.004402344162168003,0.002730924881493269,cpd00051_e0,import
S138C777_Bacteroides_uniformis,ERR1620289_sub,1e-06,EX_cpd00011_e0,0.20300989396410937,0.002730924881493269,cpd00011_e0,export
S138C777_Bacteroides_uniformis,ERR1620289_sub,1e-06,EX_cpd00367_e0,-0.004519018639248088,0.002730924881493269,cpd00367_e0,import
S166C416_Fusobacterium_A_mortiferum,ERR1620289_sub,1e-06,EX_cpd00309_e0,0.40920747188563816,0.0048880151946117095,cpd00309_e0,export
S166C416_Fusobacterium_A_mortiferum,ERR1620289_sub,1e-06,EX_cpd00264_e0,-0.00011153193047652358,0.0048880151946117095,cpd00264_e0,import
S166C416_Fusobacterium_A_mortiferum,ERR1620289_sub,1e-06,EX_cpd00067_e0,0.30107140415038414,0.0048880151946117095,cpd00067_e0,export
S166C416_Fusobacterium_A_mortiferum,ERR1620289_sub,1e-06,EX_cpd00048_e0,-0.00020613582567708178,0.0048880151946117095,cpd00048_e0,import
S166C416_Fusobacterium_A_mortiferum,ERR1620289_sub,1e-06,EX_cpd00039_e0,-0.009205622334359327,0.0048880151946117095,cpd00039_e0,import
S166C416_Fusobacterium_A_mortiferum,ERR1620289_sub,1e-06,EX_cpd00013_e0,0.40615025502015195,0.0048880151946117095,cpd00013_e0,export
S166C416_Fusobacterium_A_mortiferum,ERR1620289_sub,1e-06,EX_cpd00161_e0,-0.006805383382149072,0.0048880151946117095,cpd00161_e0,import
S166C416_Fusobacterium_A_mortiferum,ERR1620289_sub,1e-06,EX_cpd00069_e0,-0.003699191796935814,0.0048880151946117095,cpd00069_e0,import
S166C416_Fusobacterium_A_mortiferum,ERR1620289_sub,1e-06,EX_cpd00119_e0,-0.0025414294788108586,0.0048880151946117095,cpd00119_e0,import
S166C416_Fusobacterium_A_mortiferum,ERR1620289_sub,1e-06,EX_cpd00063_e0,-0.00020613582567708178,0.0048880151946117095,cpd00063_e0,import
S166C416_Fusobacterium_A_mortiferum,ERR1620289_sub,1e-06,EX_cpd00099_e0,-0.00020613582567708178,0.0048880151946117095,cpd00099_e0,import
S166C416_Fusobacterium_A_mortiferum,ERR1620289_sub,1e-06,EX_cpd00036_e0,0.011928646752636968,0.0048880151946117095,cpd00036_e0,export
S166C416_Fusobacterium_A_mortiferum,ERR1620289_sub,1e-06,EX_cpd00033_e0,-0.016183160860297564,0.0048880151946117095,cpd00033_e0,import
S166C416_Fusobacterium_A_mortiferum,ERR1620289_sub,1e-06,EX_cpd00380_e0,0.2080219766241036,0.0048880151946117095,cpd00380_e0,export
S166C416_Fusobacterium_A_mortiferum,ERR1620289_sub,1e-06,EX_cpd00060_e0,-0.004234295307214121,0.0048880151946117095,cpd00060_e0,import
S166C416_Fusobacterium_A_mortiferum,ERR1620289_sub,1e-06,EX_cpd00064_e0,-0.00011153193047652358,0.0048880151946117095,cpd00064_e0,import
S166C416_Fusobacterium_A_mortiferum,ERR1620289_sub,1e-06,EX_cpd00156_e0,-0.011351718338688484,0.0048880151946117095,cpd00156_e0,import
S166C416_Fusobacterium_A_mortiferum,ERR1620289_sub,1e-06,EX_cpd00141_e0,-0.0023522205585626297,0.0048880151946117095,cpd00141_e0,import
S166C416_Fusobacterium_A_mortiferum,ERR1620289_sub,1e-06,EX_cpd00277_e0,-0.4085663669140921,0.0048880151946117095,cpd00277_e0,import
S166C416_Fusobacterium_A_mortiferum,ERR1620289_sub,1e-06,EX_cpd00132_e0,-0.006466526118307616,0.0048880151946117095,cpd00132_e0,import
S166C416_Fusobacterium_A_mortiferum,ERR1620289_sub,1e-06,EX_cpd00058_e0,-0.00020613582567708178,0.0048880151946117095,cpd00058_e0,import
S166C416_Fusobacterium_A_mortiferum,ERR1620289_sub,1e-06,EX_cpd00066_e0,-0.0049699065363412245,0.0048880151946117095,cpd00066_e0,import
S166C416_Fusobacterium_A_mortiferum,ERR1620289_sub,1e-06,EX_cpd00182_e0,-0.006043042991220915,0.0048880151946117095,cpd00182_e0,import
S166C416_Fusobacterium_A_mortiferum,ERR1620289_sub,1e-06,EX_cpd00030_e0,-0.00020613582567708178,0.0048880151946117095,cpd00030_e0,import
S166C416_Fusobacterium_A_mortiferum,ERR1620289_sub,1e-06,EX_cpd00254_e0,-0.00020613582567708178,0.0048880151946117095,cpd00254_e0,import
S166C416_Fusobacterium_A_mortiferum,ERR1620289_sub,1e-06,EX_cpd00205_e0,-0.00020613582567708178,0.0048880151946117095,cpd00205_e0,import
S166C416_Fusobacterium_A_mortiferum,ERR1620289_sub,1e-06,EX_cpd00129_e0,-0.005930002117225326,0.0048880151946117095,cpd00129_e0,import
S166C416_Fusobacterium_A_mortiferum,ERR1620289_sub,1e-06,EX_cpd10516_e0,-0.00020613582567708178,0.0048880151946117095,cpd10516_e0,import
S166C416_Fusobacterium_A_mortiferum,ERR1620289_sub,1e-06,EX_cpd00644_e0,-0.00022306386095302666,0.0048880151946117095,cpd00644_e0,import
S166C416_Fusobacterium_A_mortiferum,ERR1620289_sub,1e-06,EX_cpd00211_e0,0.029981812031898234,0.0048880151946117095,cpd00211_e0,export
S166C416_Fusobacterium_A_mortiferum,ERR1620289_sub,1e-06,EX_cpd10515_e0,-0.0003176677561536053,0.0048880151946117095,cpd10515_e0,import
S166C416_Fusobacterium_A_mortiferum,ERR1620289_sub,1e-06,EX_cpd00082_e0,-0.06855969884882164,0.0048880151946117095,cpd00082_e0,import
S166C416_Fusobacterium_A_mortiferum,ERR1620289_sub,1e-06,EX_cpd00084_e0,-0.0027913109542800434,0.0048880151946117095,cpd00084_e0,import
S166C416_Fusobacterium_A_mortiferum,ERR1620289_sub,1e-06,EX_cpd00047_e0,0.29812333867571583,0.0048880151946117095,cpd00047_e0,export
S166C416_Fusobacterium_A_mortiferum,ERR1620289_sub,1e-06,EX_cpd00363_e0,0.37402491284662215,0.0048880151946117095,cpd00363_e0,export
S166C416_Fusobacterium_A_mortiferum,ERR1620289_sub,1e-06,EX_cpd00122_e0,-0.0015598179971198643,0.0048880151946117095,cpd00122_e0,import
S166C416_Fusobacterium_A_mortiferum,ERR1620289_sub,1e-06,EX_cpd00107_e0,-0.014438129635574237,0.0048880151946117095,cpd00107_e0,import
S166C416_Fusobacterium_A_mortiferum,ERR1620289_sub,1e-06,EX_cpd01217_e0,-0.00744314659155073,0.0048880151946117095,cpd01217_e0,import
S166C416_Fusobacterium_A_mortiferum,ERR1620289_sub,1e-06,EX_cpd00054_e0,-0.00792609811038708,0.0048880151946117095,cpd00054_e0,import
S166C416_Fusobacterium_A_mortiferum,ERR1620289_sub,1e-06,EX_cpd00028_e0,-0.00011153193047652358,0.0048880151946117095,cpd00028_e0,import
S166C416_Fusobacterium_A_mortiferum,ERR1620289_sub,1e-06,EX_cpd00149_e0,-0.00020613582567708178,0.0048880151946117095,cpd00149_e0,import
S166C416_Fusobacterium_A_mortiferum,ERR1620289_sub,1e-06,EX_cpd00065_e0,-0.0015248576872865102,0.0048880151946117095,cpd00065_e0,import
S166C416_Fusobacterium_A_mortiferum,ERR1620289_sub,1e-06,EX_cpd00023_e0,-0.020047319164806204,0.0048880151946117095,cpd00023_e0,import
S166C416_Fusobacterium_A_mortiferum,ERR1620289_sub,1e-06,EX_cpd00305_e0,-0.00011153193047652358,0.0048880151946117095,cpd00305_e0,import
S166C416_Fusobacterium_A_mortiferum,ERR1620289_sub,1e-06,EX_cpd00034_e0,-0.00020613582567708178,0.0048880151946117095,cpd00034_e0,import
S166C416_Fusobacterium_A_mortiferum,ERR1620289_sub,1e-06,EX_cpd00220_e0,-0.00022306386095304715,0.0048880151946117095,cpd00220_e0,import
S166C416_Fusobacterium_A_mortiferum,ERR1620289_sub,1e-06,EX_cpd00009_e0,-0.028431218929632976,0.0048880151946117095,cpd00009_e0,import
S166C416_Fusobacterium_A_mortiferum,ERR1620289_sub,1e-06,EX_cpd00041_e0,-0.007079544478540641,0.0048880151946117095,cpd00041_e0,import
S166C416_Fusobacterium_A_mortiferum,ERR1620289_sub,1e-06,EX_cpd00053_e0,-0.007505654051936237,0.0048880151946117095,cpd00053_e0,import
S166C416_Fusobacterium_A_mortiferum,ERR1620289_sub,1e-06,EX_cpd00322_e0,-0.007793717068353293,0.0048880151946117095,cpd00322_e0,import
S166C416_Fusobacterium_A_mortiferum,ERR1620289_sub,1e-06,EX_cpd00051_e0,-0.007934907594953888,0.0048880151946117095,cpd00051_e0,import
S166C416_Fusobacterium_A_mortiferum,ERR1620289_sub,1e-06,EX_cpd00011_e0,0.024407101549187446,0.0048880151946117095,cpd00011_e0,export
S166C416_Fusobacterium_A_mortiferum,ERR1620289_sub,1e-06,EX_cpd00367_e0,-0.008842749076347713,0.0048880151946117095,cpd00367_e0,import
S166C416_Fusobacterium_A_mortiferum,ERR1620289_sub,1e-06,EX_cpd00027_e0,-0.0019497724963998303,0.0048880151946117095,cpd00027_e0,import
S166C416_Fusobacterium_A_mortiferum,ERR1620289_sub,1e-06,EX_cpd00001_e0,-0.5317393613624753,0.0048880151946117095,cpd00001_e0,import
S189C697_Escherichia_coli,ERR1620289_sub,1e-06,EX_cpd00024_e0,0.0337499943218518,0.06818895963397006,cpd00024_e0,export
S189C697_Escherichia_coli,ERR1620289_sub,1e-06,EX_cpd90008_e0,-0.12128328938018457,0.06818895963397006,cpd90008_e0,import
S189C697_Escherichia_coli,ERR1620289_sub,1e-06,EX_cpd00264_e0,-0.0013264744814769777,0.06818895963397006,cpd00264_e0,import
S189C697_Escherichia_coli,ERR1620289_sub,1e-06,EX_cpd00067_e0,12.039941560723513,0.06818895963397006,cpd00067_e0,export
S189C697_Escherichia_coli,ERR1620289_sub,1e-06,EX_cpd00048_e0,-0.002855791451692587,0.06818895963397006,cpd00048_e0,import
S189C697_Escherichia_coli,ERR1620289_sub,1e-06,EX_cpd00039_e0,-0.12753405422673492,0.06818895963397006,cpd00039_e0,import
S189C697_Escherichia_coli,ERR1620289_sub,1e-06,EX_cpd00080_e0,-0.08554218933866825,0.06818895963397006,cpd00080_e0,import
S189C697_Escherichia_coli,ERR1620289_sub,1e-06,EX_cpd00393_e0,0.008689517077130317,0.06818895963397006,cpd00393_e0,export
S189C697_Escherichia_coli,ERR1620289_sub,1e-06,EX_cpd00249_e0,8.779477970479966e-05,0.06818895963397006,cpd00249_e0,export
S189C697_Escherichia_coli,ERR1620289_sub,1e-06,EX_cpd00017_e0,-0.005305897925907911,0.06818895963397006,cpd00017_e0,import
S189C697_Escherichia_coli,ERR1620289_sub,1e-06,EX_cpd00161_e0,-0.0942813100265126,0.06818895963397006,cpd00161_e0,import
S189C697_Escherichia_coli,ERR1620289_sub,1e-06,EX_cpd00069_e0,-0.051248346943872154,0.06818895963397006,cpd00069_e0,import
S189C697_Escherichia_coli,ERR1620289_sub,1e-06,EX_cpd00003_e0,0.013476610273811973,0.06818895963397006,cpd00003_e0,export
S189C697_Escherichia_coli,ERR1620289_sub,1e-06,EX_cpd00119_e0,-0.035208787976705985,0.06818895963397006,cpd00119_e0,import
S189C697_Escherichia_coli,ERR1620289_sub,1e-06,EX_cpd00063_e0,-0.002855791451692587,0.06818895963397006,cpd00063_e0,import
S189C697_Escherichia_coli,ERR1620289_sub,1e-06,EX_cpd00099_e0,-0.002855791451692587,0.06818895963397006,cpd00099_e0,import
S189C697_Escherichia_coli,ERR1620289_sub,1e-06,EX_cpd00036_e0,1.8970961797738843,0.06818895963397006,cpd00036_e0,export
S189C697_Escherichia_coli,ERR1620289_sub,1e-06,EX_cpd00033_e0,-0.20004492868424634,0.06818895963397006,cpd00033_e0,import
S189C697_Escherichia_coli,ERR1620289_sub,1e-06,EX_cpd00010_e0,-0.0026529489629540863,0.06818895963397006,cpd00010_e0,import
S189C697_Escherichia_coli,ERR1620289_sub,1e-06,EX_cpd00060_e0,-0.05313705482889187,0.06818895963397006,cpd00060_e0,import
S189C697_Escherichia_coli,ERR1620289_sub,1e-06,EX_cpd00064_e0,-0.0013264744814769777,0.06818895963397006,cpd00064_e0,import
S189C697_Escherichia_coli,ERR1620289_sub,1e-06,EX_cpd00311_e0,-0.10226848708685854,0.06818895963397006,cpd00311_e0,import
S189C697_Escherichia_coli,ERR1620289_sub,1e-06,EX_cpd00006_e0,-0.016129559236766178,0.06818895963397006,cpd00006_e0,import
S189C697_Escherichia_coli,ERR1620289_sub,1e-06,EX_cpd00156_e0,-0.15726591962928646,0.06818895963397006,cpd00156_e0,import
S189C697_Escherichia_coli,ERR1620289_sub,1e-06,EX_cpd00307_e0,-0.12250683324331993,0.06818895963397006,cpd00307_e0,import
S189C697_Escherichia_coli,ERR1620289_sub,1e-06,EX_cpd00132_e0,-0.0895868049629517,0.06818895963397006,cpd00132_e0,import
S189C697_Escherichia_coli,ERR1620289_sub,1e-06,EX_cpd00058_e0,-0.002855791451692587,0.06818895963397006,cpd00058_e0,import
S189C697_Escherichia_coli,ERR1620289_sub,1e-06,EX_cpd00066_e0,-0.06885274093222489,0.06818895963397006,cpd00066_e0,import
S189C697_Escherichia_coli,ERR1620289_sub,1e-06,EX_cpd00182_e0,-0.0717960162484958,0.06818895963397006,cpd00182_e0,import
S189C697_Escherichia_coli,ERR1620289_sub,1e-06,EX_cpd00030_e0,-0.002855791451692587,0.06818895963397006,cpd00030_e0,import
S189C697_Escherichia_coli,ERR1620289_sub,1e-06,EX_cpd00254_e0,-0.002855791451692587,0.06818895963397006,cpd00254_e0,import
S189C697_Escherichia_coli,ERR1620289_sub,1e-06,EX_cpd00205_e0,-0.002855791451692587,0.06818895963397006,cpd00205_e0,import
S189C697_Escherichia_coli,ERR1620289_sub,1e-06,EX_cpd00794_e0,-1.7907864759356311,0.06818895963397006,cpd00794_e0,import
S189C697_Escherichia_coli,ERR1620289_sub,1e-06,EX_cpd01741_e0,-0.06500191644603183,0.06818895963397006,cpd01741_e0,import
S189C697_Escherichia_coli,ERR1620289_sub,1e-06,EX_cpd00129_e0,-0.08215383861231382,0.06818895963397006,cpd00129_e0,import
S189C697_Escherichia_coli,ERR1620289_sub,1e-06,EX_cpd10516_e0,-0.002855791451692587,0.06818895963397006,cpd10516_e0,import
S189C697_Escherichia_coli,ERR1620289_sub,1e-06,EX_cpd10515_e0,-0.004182265933169564,0.06818895963397006,cpd10515_e0,import
S189C697_Escherichia_coli,ERR1620289_sub,1e-06,EX_cpd11640_e0,0.22831566828776917,0.06818895963397006,cpd11640_e0,export
S189C697_Escherichia_coli,ERR1620289_sub,1e-06,EX_cpd00084_e0,-0.03536163619229271,0.06818895963397006,cpd00084_e0,import
S189C697_Escherichia_coli,ERR1620289_sub,1e-06,EX_cpd00122_e0,-0.023693458195850038,0.06818895963397006,cpd00122_e0,import
S189C697_Escherichia_coli,ERR1620289_sub,1e-06,EX_cpd00029_e0,8.640001351975462,0.06818895963397006,cpd00029_e0,export
S189C697_Escherichia_coli,ERR1620289_sub,1e-06,EX_cpd00276_e0,0.0020838476987921524,0.06818895963397006,cpd00276_e0,export
S189C697_Escherichia_coli,ERR1620289_sub,1e-06,EX_cpd90005_e0,-0.12128328938018455,0.06818895963397006,cpd90005_e0,import
S189C697_Escherichia_coli,ERR1620289_sub,1e-06,EX_cpd00107_e0,-0.20002484796744638,0.06818895963397006,cpd00107_e0,import
S189C697_Escherichia_coli,ERR1620289_sub,1e-06,EX_cpd00054_e0,-0.10871420845686502,0.06818895963397006,cpd00054_e0,import
S189C697_Escherichia_coli,ERR1620289_sub,1e-06,EX_cpd00028_e0,-0.0013264744814769777,0.06818895963397006,cpd00028_e0,import
S189C697_Escherichia_coli,ERR1620289_sub,1e-06,EX_cpd00149_e0,-0.002855791451692587,0.06818895963397006,cpd00149_e0,import
S189C697_Escherichia_coli,ERR1620289_sub,1e-06,EX_cpd00065_e0,-0.021125272786023518,0.06818895963397006,cpd00065_e0,import
S189C697_Escherichia_coli,ERR1620289_sub,1e-06,EX_cpd00314_e0,1.2128328938018456,0.06818895963397006,cpd00314_e0,export
S189C697_Escherichia_coli,ERR1620289_sub,1e-06,EX_cpd00305_e0,-0.0013264744814769777,0.06818895963397006,cpd00305_e0,import
S189C697_Escherichia_coli,ERR1620289_sub,1e-06,EX_cpd00034_e0,-0.002855791451692587,0.06818895963397006,cpd00034_e0,import
S189C697_Escherichia_coli,ERR1620289_sub,1e-06,EX_cpd00220_e0,-0.002652948962953955,0.06818895963397006,cpd00220_e0,import
S189C697_Escherichia_coli,ERR1620289_sub,1e-06,EX_cpd00100_e0,0.012220312762666892,0.06818895963397006,cpd00100_e0,export
S189C697_Escherichia_coli,ERR1620289_sub,1e-06,EX_cpd00009_e0,-0.2756674270999496,0.06818895963397006,cpd00009_e0,import
S189C697_Escherichia_coli,ERR1620289_sub,1e-06,EX_cpd00053_e0,-0.2620169344122903,0.06818895963397006,cpd00053_e0,import
S189C697_Escherichia_coli,ERR1620289_sub,1e-06,EX_cpd00322_e0,-0.1405611171623433,0.06818895963397006,cpd00322_e0,import
S189C697_Escherichia_coli,ERR1620289_sub,1e-06,EX_cpd00051_e0,-0.1099296602383818,0.06818895963397006,cpd00051_e0,import
S189C697_Escherichia_coli,ERR1620289_sub,1e-06,EX_cpd00092_e0,-8.779477970479966e-05,0.06818895963397006,cpd00092_e0,import
S189C697_Escherichia_coli,ERR1620289_sub,1e-06,EX_cpd00011_e0,0.37143239644776627,0.06818895963397006,cpd00011_e0,export
S189C697_Escherichia_coli,ERR1620289_sub,1e-06,EX_cpd00027_e0,0.12128328938018457,0.06818895963397006,cpd00027_e0,export
S25C46_Phocaeicola_coprocola,ERR1620289_sub,1e-06,EX_cpd00309_e0,0.32245771780238003,0.00553809720678439,cpd00309_e0,export
S25C46_Phocaeicola_coprocola,ERR1620289_sub,1e-06,EX_cpd00264_e0,-0.00012548916126804282,0.00553809720678439,cpd00264_e0,import
S25C46_Phocaeicola_coprocola,ERR1620289_sub,1e-06,EX_cpd00071_e0,0.00025097832253608563,0.00553809720678439,cpd00071_e0,export
S25C46_Phocaeicola_coprocola,ERR1620289_sub,1e-06,EX_cpd00067_e0,0.6569310493835382,0.00553809720678439,cpd00067_e0,export
S25C46_Phocaeicola_coprocola,ERR1620289_sub,1e-06,EX_cpd00048_e0,-0.00023193189395172718,0.00553809720678439,cpd00048_e0,import
S25C46_Phocaeicola_coprocola,ERR1620289_sub,1e-06,EX_cpd00039_e0,-0.01035762423149552,0.00553809720678439,cpd00039_e0,import
S25C46_Phocaeicola_coprocola,ERR1620289_sub,1e-06,EX_cpd00017_e0,-0.0006274458063402141,0.00553809720678439,cpd00017_e0,import
S25C46_Phocaeicola_coprocola,ERR1620289_sub,1e-06,EX_cpd00013_e0,0.004149954272307585,0.00553809720678439,cpd00013_e0,export
S25C46_Phocaeicola_coprocola,ERR1620289_sub,1e-06,EX_cpd00161_e0,-0.007657016686473681,0.00553809720678439,cpd00161_e0,import
S25C46_Phocaeicola_coprocola,ERR1620289_sub,1e-06,EX_cpd00069_e0,-0.00428760196594877,0.00553809720678439,cpd00069_e0,import
S25C46_Phocaeicola_coprocola,ERR1620289_sub,1e-06,EX_cpd00184_e0,-0.0007848356156901009,0.00553809720678439,cpd00184_e0,import
S25C46_Phocaeicola_coprocola,ERR1620289_sub,1e-06,EX_cpd00119_e0,-0.0028594668123760655,0.00553809720678439,cpd00119_e0,import
S25C46_Phocaeicola_coprocola,ERR1620289_sub,1e-06,EX_cpd00063_e0,-0.00023193189395172718,0.00553809720678439,cpd00063_e0,import
S25C46_Phocaeicola_coprocola,ERR1620289_sub,1e-06,EX_cpd00099_e0,-0.00023193189395172718,0.00553809720678439,cpd00099_e0,import
S25C46_Phocaeicola_coprocola,ERR1620289_sub,1e-06,EX_cpd11606_e0,-0.1830333224164279,0.00553809720678439,cpd11606_e0,import
S25C46_Phocaeicola_coprocola,ERR1620289_sub,1e-06,EX_cpd00036_e0,0.27103824639475194,0.00553809720678439,cpd00036_e0,export
S25C46_Phocaeicola_coprocola,ERR1620289_sub,1e-06,EX_cpd00033_e0,-0.018742197042567972,0.00553809720678439,cpd00033_e0,import
S25C46_Phocaeicola_coprocola,ERR1620289_sub,1e-06,EX_cpd00010_e0,-0.0002509783225360658,0.00553809720678439,cpd00010_e0,import
S25C46_Phocaeicola_coprocola,ERR1620289_sub,1e-06,EX_cpd00060_e0,-0.004136733961671205,0.00553809720678439,cpd00060_e0,import
S25C46_Phocaeicola_coprocola,ERR1620289_sub,1e-06,EX_cpd00064_e0,-0.00012548916126804282,0.00553809720678439,cpd00064_e0,import
S25C46_Phocaeicola_coprocola,ERR1620289_sub,1e-06,EX_cpd00311_e0,-0.007653256732468897,0.00553809720678439,cpd00311_e0,import
S25C46_Phocaeicola_coprocola,ERR1620289_sub,1e-06,EX_cpd00156_e0,-0.012772285095279739,0.00553809720678439,cpd00156_e0,import
S25C46_Phocaeicola_coprocola,ERR1620289_sub,1e-06,EX_cpd00132_e0,-0.007275754444823529,0.00553809720678439,cpd00132_e0,import
S25C46_Phocaeicola_coprocola,ERR1620289_sub,1e-06,EX_cpd00058_e0,-0.00023193189395172718,0.00553809720678439,cpd00058_e0,import
S25C46_Phocaeicola_coprocola,ERR1620289_sub,1e-06,EX_cpd00066_e0,-0.005591846210868739,0.00553809720678439,cpd00066_e0,import
S25C46_Phocaeicola_coprocola,ERR1620289_sub,1e-06,EX_cpd00182_e0,-0.0059208520356721535,0.00553809720678439,cpd00182_e0,import
S25C46_Phocaeicola_coprocola,ERR1620289_sub,1e-06,EX_cpd00179_e0,-0.0021937692120214364,0.00553809720678439,cpd00179_e0,import
S25C46_Phocaeicola_coprocola,ERR1620289_sub,1e-06,EX_cpd00030_e0,-0.00023193189395172718,0.00553809720678439,cpd00030_e0,import
S25C46_Phocaeicola_coprocola,ERR1620289_sub,1e-06,EX_cpd00254_e0,-0.00023193189395172718,0.00553809720678439,cpd00254_e0,import
S25C46_Phocaeicola_coprocola,ERR1620289_sub,1e-06,EX_cpd00204_e0,0.00012548916126804282,0.00553809720678439,cpd00204_e0,export
S25C46_Phocaeicola_coprocola,ERR1620289_sub,1e-06,EX_cpd11451_e0,0.1830333224164279,0.00553809720678439,cpd11451_e0,export
S25C46_Phocaeicola_coprocola,ERR1620289_sub,1e-06,EX_cpd00205_e0,-0.00023193189395172718,0.00553809720678439,cpd00205_e0,import
S25C46_Phocaeicola_coprocola,ERR1620289_sub,1e-06,EX_cpd01741_e0,-0.002632523054425724,0.00553809720678439,cpd01741_e0,import
S25C46_Phocaeicola_coprocola,ERR1620289_sub,1e-06,EX_cpd00129_e0,-0.006672089228877475,0.00553809720678439,cpd00129_e0,import
S25C46_Phocaeicola_coprocola,ERR1620289_sub,1e-06,EX_cpd10516_e0,-0.00023193189395172718,0.00553809720678439,cpd10516_e0,import
S25C46_Phocaeicola_coprocola,ERR1620289_sub,1e-06,EX_cpd10515_e0,-0.00035742105521976996,0.00553809720678439,cpd10515_e0,import
S25C46_Phocaeicola_coprocola,ERR1620289_sub,1e-06,EX_cpd00082_e0,0.0021937692120214364,0.00553809720678439,cpd00082_e0,export
S25C46_Phocaeicola_coprocola,ERR1620289_sub,1e-06,EX_cpd00084_e0,-0.003015129574499611,0.00553809720678439,cpd00084_e0,import
S25C46_Phocaeicola_coprocola,ERR1620289_sub,1e-06,EX_cpd00122_e0,-0.0017550153696171491,0.00553809720678439,cpd00122_e0,import
S25C46_Phocaeicola_coprocola,ERR1620289_sub,1e-06,EX_cpd00029_e0,0.18537957727672702,0.00553809720678439,cpd00029_e0,export
S25C46_Phocaeicola_coprocola,ERR1620289_sub,1e-06,EX_cpd00107_e0,-0.016244933361292947,0.00553809720678439,cpd00107_e0,import
S25C46_Phocaeicola_coprocola,ERR1620289_sub,1e-06,EX_cpd01217_e0,-0.32245771780238003,0.00553809720678439,cpd01217_e0,import
S25C46_Phocaeicola_coprocola,ERR1620289_sub,1e-06,EX_cpd00054_e0,-0.008133143296277692,0.00553809720678439,cpd00054_e0,import
S25C46_Phocaeicola_coprocola,ERR1620289_sub,1e-06,EX_cpd00028_e0,-0.00012548916126804282,0.00553809720678439,cpd00028_e0,import
S25C46_Phocaeicola_coprocola,ERR1620289_sub,1e-06,EX_cpd00149_e0,-0.00023193189395172718,0.00553809720678439,cpd00149_e0,import
S25C46_Phocaeicola_coprocola,ERR1620289_sub,1e-06,EX_cpd00065_e0,-0.0017156800874256336,0.00553809720678439,cpd00065_e0,import
S25C46_Phocaeicola_coprocola,ERR1620289_sub,1e-06,EX_cpd00023_e0,-0.045266766359961276,0.00553809720678439,cpd00023_e0,import
S25C46_Phocaeicola_coprocola,ERR1620289_sub,1e-06,EX_cpd00034_e0,-0.00023193189395172718,0.00553809720678439,cpd00034_e0,import
S25C46_Phocaeicola_coprocola,ERR1620289_sub,1e-06,EX_cpd00220_e0,-0.00025097832253608563,0.00553809720678439,cpd00220_e0,import
S25C46_Phocaeicola_coprocola,ERR1620289_sub,1e-06,EX_cpd00012_e0,-0.015618099283148487,0.00553809720678439,cpd00012_e0,import
S25C46_Phocaeicola_coprocola,ERR1620289_sub,1e-06,EX_cpd00322_e0,-0.01141561163372451,0.00553809720678439,cpd00322_e0,import
S25C46_Phocaeicola_coprocola,ERR1620289_sub,1e-06,EX_cpd00051_e0,-0.008927890825307478,0.00553809720678439,cpd00051_e0,import
S25C46_Phocaeicola_coprocola,ERR1620289_sub,1e-06,EX_cpd00011_e0,0.032642846385097214,0.00553809720678439,cpd00011_e0,export
S25C46_Phocaeicola_coprocola,ERR1620289_sub,1e-06,EX_cpd00367_e0,-0.009164504991556091,0.00553809720678439,cpd00367_e0,import
S269C2048_Bacteroides_stercoris,ERR1620289_sub,1e-06,EX_cpd00309_e0,0.02832249687601516,0.011600164736691728,cpd00309_e0,export
S269C2048_Bacteroides_stercoris,ERR1620289_sub,1e-06,EX_cpd00105_e0,-0.008560299623516846,0.011600164736691728,cpd00105_e0,import
S269C2048_Bacteroides_stercoris,ERR1620289_sub,1e-06,EX_cpd00264_e0,-0.0002628554312486676,0.011600164736691728,cpd00264_e0,import
S269C2048_Bacteroides_stercoris,ERR1620289_sub,1e-06,EX_cpd00067_e0,1.0050346882348986,0.011600164736691728,cpd00067_e0,export
S269C2048_Bacteroides_stercoris,ERR1620289_sub,1e-06,EX_cpd00048_e0,-0.000485815327706129,0.011600164736691728,cpd00048_e0,import
S269C2048_Bacteroides_stercoris,ERR1620289_sub,1e-06,EX_cpd00039_e0,-0.021695561246648745,0.011600164736691728,cpd00039_e0,import
S269C2048_Bacteroides_stercoris,ERR1620289_sub,1e-06,EX_cpd00080_e0,-0.06385166111665327,0.011600164736691728,cpd00080_e0,import
S269C2048_Bacteroides_stercoris,ERR1620289_sub,1e-06,EX_cpd00412_e0,-0.00908601048601418,0.011600164736691728,cpd00412_e0,import
S269C2048_Bacteroides_stercoris,ERR1620289_sub,1e-06,EX_cpd00161_e0,-0.07920869123582419,0.011600164736691728,cpd00161_e0,import
S269C2048_Bacteroides_stercoris,ERR1620289_sub,1e-06,EX_cpd00069_e0,-0.008981010410730244,0.011600164736691728,cpd00069_e0,import
S269C2048_Bacteroides_stercoris,ERR1620289_sub,1e-06,EX_cpd00184_e0,-0.0016439531680420205,0.011600164736691728,cpd00184_e0,import
S269C2048_Bacteroides_stercoris,ERR1620289_sub,1e-06,EX_cpd00119_e0,-0.00598957212330794,0.011600164736691728,cpd00119_e0,import
S269C2048_Bacteroides_stercoris,ERR1620289_sub,1e-06,EX_cpd00063_e0,-0.000485815327706129,0.011600164736691728,cpd00063_e0,import
S269C2048_Bacteroides_stercoris,ERR1620289_sub,1e-06,EX_cpd00099_e0,-0.000485815327706129,0.011600164736691728,cpd00099_e0,import
S269C2048_Bacteroides_stercoris,ERR1620289_sub,1e-06,EX_cpd11606_e0,-1.0668515565590255,0.011600164736691728,cpd11606_e0,import
S269C2048_Bacteroides_stercoris,ERR1620289_sub,1e-06,EX_cpd00036_e0,0.2988844355266338,0.011600164736691728,cpd00036_e0,export
S269C2048_Bacteroides_stercoris,ERR1620289_sub,1e-06,EX_cpd00232_e0,-0.0036761367847809056,0.011600164736691728,cpd00232_e0,import
S269C2048_Bacteroides_stercoris,ERR1620289_sub,1e-06,EX_cpd00010_e0,-0.0005257108624972806,0.011600164736691728,cpd00010_e0,import
S269C2048_Bacteroides_stercoris,ERR1620289_sub,1e-06,EX_cpd00060_e0,-0.010504983293778842,0.011600164736691728,cpd00060_e0,import
S269C2048_Bacteroides_stercoris,ERR1620289_sub,1e-06,EX_cpd00064_e0,-0.0002628554312486676,0.011600164736691728,cpd00064_e0,import
S269C2048_Bacteroides_stercoris,ERR1620289_sub,1e-06,EX_cpd00006_e0,-0.0005257108624973639,0.011600164736691728,cpd00006_e0,import
S269C2048_Bacteroides_stercoris,ERR1620289_sub,1e-06,EX_cpd00156_e0,-0.02675342215077542,0.011600164736691728,cpd00156_e0,import
S269C2048_Bacteroides_stercoris,ERR1620289_sub,1e-06,EX_cpd00277_e0,-0.016030867355730602,0.011600164736691728,cpd00277_e0,import
S269C2048_Bacteroides_stercoris,ERR1620289_sub,1e-06,EX_cpd00132_e0,-0.015240133513750169,0.011600164736691728,cpd00132_e0,import
S269C2048_Bacteroides_stercoris,ERR1620289_sub,1e-06,EX_cpd00058_e0,-0.000485815327706129,0.011600164736691728,cpd00058_e0,import
S269C2048_Bacteroides_stercoris,ERR1620289_sub,1e-06,EX_cpd00182_e0,-0.013190658231166845,0.011600164736691728,cpd00182_e0,import
S269C2048_Bacteroides_stercoris,ERR1620289_sub,1e-06,EX_cpd00030_e0,-0.000485815327706129,0.011600164736691728,cpd00030_e0,import
S269C2048_Bacteroides_stercoris,ERR1620289_sub,1e-06,EX_cpd00254_e0,-0.000485815327706129,0.011600164736691728,cpd00254_e0,import
S269C2048_Bacteroides_stercoris,ERR1620289_sub,1e-06,EX_cpd11451_e0,1.0668515565590255,0.011600164736691728,cpd11451_e0,export
S269C2048_Bacteroides_stercoris,ERR1620289_sub,1e-06,EX_cpd00205_e0,-0.000485815327706129,0.011600164736691728,cpd00205_e0,import
S269C2048_Bacteroides_stercoris,ERR1620289_sub,1e-06,EX_cpd00794_e0,-0.2358405764132337,0.011600164736691728,cpd00794_e0,import
S269C2048_Bacteroides_stercoris,ERR1620289_sub,1e-06,EX_cpd01741_e0,-0.005514205177171359,0.011600164736691728,cpd01741_e0,import
S269C2048_Bacteroides_stercoris,ERR1620289_sub,1e-06,EX_cpd00129_e0,-0.0139756682877185,0.011600164736691728,cpd00129_e0,import
S269C2048_Bacteroides_stercoris,ERR1620289_sub,1e-06,EX_cpd10516_e0,-0.000485815327706129,0.011600164736691728,cpd10516_e0,import
S269C2048_Bacteroides_stercoris,ERR1620289_sub,1e-06,EX_cpd10515_e0,-0.0007486707589547967,0.011600164736691728,cpd10515_e0,import
S269C2048_Bacteroides_stercoris,ERR1620289_sub,1e-06,EX_cpd00084_e0,-0.005789919719197666,0.011600164736691728,cpd00084_e0,import
S269C2048_Bacteroides_stercoris,ERR1620289_sub,1e-06,EX_cpd00029_e0,0.5932177825205144,0.011600164736691728,cpd00029_e0,export
S269C2048_Bacteroides_stercoris,ERR1620289_sub,1e-06,EX_cpd00107_e0,-0.03402739265399764,0.011600164736691728,cpd00107_e0,import
S269C2048_Bacteroides_stercoris,ERR1620289_sub,1e-06,EX_cpd01217_e0,-0.02832249687601516,0.011600164736691728,cpd01217_e0,import
S269C2048_Bacteroides_stercoris,ERR1620289_sub,1e-06,EX_cpd00054_e0,-0.017036060062461403,0.011600164736691728,cpd00054_e0,import
S269C2048_Bacteroides_stercoris,ERR1620289_sub,1e-06,EX_cpd00028_e0,-0.0002628554312486676,0.011600164736691728,cpd00028_e0,import
S269C2048_Bacteroides_stercoris,ERR1620289_sub,1e-06,EX_cpd00149_e0,-0.000485815327706129,0.011600164736691728,cpd00149_e0,import
S269C2048_Bacteroides_stercoris,ERR1620289_sub,1e-06,EX_cpd00065_e0,-0.0035937432739847515,0.011600164736691728,cpd00065_e0,import
S269C2048_Bacteroides_stercoris,ERR1620289_sub,1e-06,EX_cpd00023_e0,-0.10587271594301541,0.011600164736691728,cpd00023_e0,import
S269C2048_Bacteroides_stercoris,ERR1620289_sub,1e-06,EX_cpd00034_e0,-0.000485815327706129,0.011600164736691728,cpd00034_e0,import
S269C2048_Bacteroides_stercoris,ERR1620289_sub,1e-06,EX_cpd00220_e0,-0.0005257108624973353,0.011600164736691728,cpd00220_e0,import
S269C2048_Bacteroides_stercoris,ERR1620289_sub,1e-06,EX_cpd00051_e0,-0.01870077518499475,0.011600164736691728,cpd00051_e0,import
S269C2048_Bacteroides_stercoris,ERR1620289_sub,1e-06,EX_cpd00011_e0,0.5349666324883675,0.011600164736691728,cpd00011_e0,export
S269C2048_Bacteroides_stercoris,ERR1620289_sub,1e-06,EX_cpd00367_e0,-0.010110387731921043,0.011600164736691728,cpd00367_e0,import
S285C141_Phocaeicola_sp900554435,ERR1620289_sub,1e-06,EX_cpd00309_e0,0.8019813518821847,0.01322959107889078,cpd00309_e0,export
S285C141_Phocaeicola_sp900554435,ERR1620289_sub,1e-06,EX_cpd00105_e0,-0.009762746115934992,0.01322959107889078,cpd00105_e0,import
S285C141_Phocaeicola_sp900554435,ERR1620289_sub,1e-06,EX_cpd00264_e0,-0.0002997781565291837,0.01322959107889078,cpd00264_e0,import
S285C141_Phocaeicola_sp900554435,ERR1620289_sub,1e-06,EX_cpd00208_e0,-0.00524064455913885,0.01322959107889078,cpd00208_e0,import
S285C141_Phocaeicola_sp900554435,ERR1620289_sub,1e-06,EX_cpd00067_e0,1.6267945310857015,0.01322959107889078,cpd00067_e0,export
S285C141_Phocaeicola_sp900554435,ERR1620289_sub,1e-06,EX_cpd00048_e0,-0.000554056740092955,0.01322959107889078,cpd00048_e0,import
S285C141_Phocaeicola_sp900554435,ERR1620289_sub,1e-06,EX_cpd00039_e0,-0.024743089098408454,0.01322959107889078,cpd00039_e0,import
S285C141_Phocaeicola_sp900554435,ERR1620289_sub,1e-06,EX_cpd00017_e0,-0.0014988907826459187,0.01322959107889078,cpd00017_e0,import
S285C141_Phocaeicola_sp900554435,ERR1620289_sub,1e-06,EX_cpd00412_e0,-0.010362302428993359,0.01322959107889078,cpd00412_e0,import
S285C141_Phocaeicola_sp900554435,ERR1620289_sub,1e-06,EX_cpd00161_e0,-0.01829167016170686,0.01322959107889078,cpd00161_e0,import
S285C141_Phocaeicola_sp900554435,ERR1620289_sub,1e-06,EX_cpd00069_e0,-0.010242553223681075,0.01322959107889078,cpd00069_e0,import
S285C141_Phocaeicola_sp900554435,ERR1620289_sub,1e-06,EX_cpd00184_e0,-0.0018748756599582205,0.01322959107889078,cpd00184_e0,import
S285C141_Phocaeicola_sp900554435,ERR1620289_sub,1e-06,EX_cpd00119_e0,-0.006830914168272277,0.01322959107889078,cpd00119_e0,import
S285C141_Phocaeicola_sp900554435,ERR1620289_sub,1e-06,EX_cpd00063_e0,-0.000554056740092955,0.01322959107889078,cpd00063_e0,import
S285C141_Phocaeicola_sp900554435,ERR1620289_sub,1e-06,EX_cpd00099_e0,-0.000554056740092955,0.01322959107889078,cpd00099_e0,import
S285C141_Phocaeicola_sp900554435,ERR1620289_sub,1e-06,EX_cpd11606_e0,-0.3473030389808236,0.01322959107889078,cpd11606_e0,import
S285C141_Phocaeicola_sp900554435,ERR1620289_sub,1e-06,EX_cpd00036_e0,0.6316466571984205,0.01322959107889078,cpd00036_e0,export
S285C141_Phocaeicola_sp900554435,ERR1620289_sub,1e-06,EX_cpd00033_e0,-0.044772801267885735,0.01322959107889078,cpd00033_e0,import
S285C141_Phocaeicola_sp900554435,ERR1620289_sub,1e-06,EX_cpd00010_e0,-0.0005995563130582653,0.01322959107889078,cpd00010_e0,import
S285C141_Phocaeicola_sp900554435,ERR1620289_sub,1e-06,EX_cpd00060_e0,-0.009882148135747134,0.01322959107889078,cpd00060_e0,import
S285C141_Phocaeicola_sp900554435,ERR1620289_sub,1e-06,EX_cpd00064_e0,-0.0002997781565291837,0.01322959107889078,cpd00064_e0,import
S285C141_Phocaeicola_sp900554435,ERR1620289_sub,1e-06,EX_cpd00006_e0,-0.0005995563130584136,0.01322959107889078,cpd00006_e0,import
S285C141_Phocaeicola_sp900554435,ERR1620289_sub,1e-06,EX_cpd00156_e0,-0.030511416618282786,0.01322959107889078,cpd00156_e0,import
S285C141_Phocaeicola_sp900554435,ERR1620289_sub,1e-06,EX_cpd00277_e0,-0.08756837296055126,0.01322959107889078,cpd00277_e0,import
S285C141_Phocaeicola_sp900554435,ERR1620289_sub,1e-06,EX_cpd00132_e0,-0.0173808816059372,0.01322959107889078,cpd00132_e0,import
S285C141_Phocaeicola_sp900554435,ERR1620289_sub,1e-06,EX_cpd00058_e0,-0.000554056740092955,0.01322959107889078,cpd00058_e0,import
S285C141_Phocaeicola_sp900554435,ERR1620289_sub,1e-06,EX_cpd00066_e0,-0.01335823215128798,0.01322959107889078,cpd00066_e0,import
S285C141_Phocaeicola_sp900554435,ERR1620289_sub,1e-06,EX_cpd00182_e0,-0.013544630247759606,0.01322959107889078,cpd00182_e0,import
S285C141_Phocaeicola_sp900554435,ERR1620289_sub,1e-06,EX_cpd00030_e0,-0.000554056740092955,0.01322959107889078,cpd00030_e0,import
S285C141_Phocaeicola_sp900554435,ERR1620289_sub,1e-06,EX_cpd00254_e0,-0.000554056740092955,0.01322959107889078,cpd00254_e0,import
S285C141_Phocaeicola_sp900554435,ERR1620289_sub,1e-06,EX_cpd00204_e0,0.0002997781565291837,0.01322959107889078,cpd00204_e0,export
S285C141_Phocaeicola_sp900554435,ERR1620289_sub,1e-06,EX_cpd11451_e0,0.3473030389808236,0.01322959107889078,cpd11451_e0,export
S285C141_Phocaeicola_sp900554435,ERR1620289_sub,1e-06,EX_cpd00205_e0,-0.000554056740092955,0.01322959107889078,cpd00205_e0,import
S285C141_Phocaeicola_sp900554435,ERR1620289_sub,1e-06,EX_cpd01741_e0,-0.00628877347096662,0.01322959107889078,cpd01741_e0,import
S285C141_Phocaeicola_sp900554435,ERR1620289_sub,1e-06,EX_cpd00129_e0,-0.01593879972596862,0.01322959107889078,cpd00129_e0,import
S285C141_Phocaeicola_sp900554435,ERR1620289_sub,1e-06,EX_cpd10516_e0,-0.000554056740092955,0.01322959107889078,cpd10516_e0,import
S285C141_Phocaeicola_sp900554435,ERR1620289_sub,1e-06,EX_cpd10515_e0,-0.0008538348966221387,0.01322959107889078,cpd10515_e0,import
S285C141_Phocaeicola_sp900554435,ERR1620289_sub,1e-06,EX_cpd00084_e0,-0.0072027733423882245,0.01322959107889078,cpd00084_e0,import
S285C141_Phocaeicola_sp900554435,ERR1620289_sub,1e-06,EX_cpd00029_e0,0.5372456267750069,0.01322959107889078,cpd00029_e0,export
S285C141_Phocaeicola_sp900554435,ERR1620289_sub,1e-06,EX_cpd00107_e0,-0.03880714578676528,0.01322959107889078,cpd00107_e0,import
S285C141_Phocaeicola_sp900554435,ERR1620289_sub,1e-06,EX_cpd01217_e0,-0.7326956670161339,0.01322959107889078,cpd01217_e0,import
S285C141_Phocaeicola_sp900554435,ERR1620289_sub,1e-06,EX_cpd00117_e0,-0.00209625782365554,0.01322959107889078,cpd00117_e0,import
S285C141_Phocaeicola_sp900554435,ERR1620289_sub,1e-06,EX_cpd00054_e0,-0.019429078013661998,0.01322959107889078,cpd00054_e0,import
S285C141_Phocaeicola_sp900554435,ERR1620289_sub,1e-06,EX_cpd00130_e0,-0.04201092490625637,0.01322959107889078,cpd00130_e0,import
S285C141_Phocaeicola_sp900554435,ERR1620289_sub,1e-06,EX_cpd00028_e0,-0.0002997781565291837,0.01322959107889078,cpd00028_e0,import
S285C141_Phocaeicola_sp900554435,ERR1620289_sub,1e-06,EX_cpd00149_e0,-0.000554056740092955,0.01322959107889078,cpd00149_e0,import
S285C141_Phocaeicola_sp900554435,ERR1620289_sub,1e-06,EX_cpd00065_e0,-0.004098548500963352,0.01322959107889078,cpd00065_e0,import
S285C141_Phocaeicola_sp900554435,ERR1620289_sub,1e-06,EX_cpd00023_e0,-0.0401967646950126,0.01322959107889078,cpd00023_e0,import
S285C141_Phocaeicola_sp900554435,ERR1620289_sub,1e-06,EX_cpd00034_e0,-0.000554056740092955,0.01322959107889078,cpd00034_e0,import
S285C141_Phocaeicola_sp900554435,ERR1620289_sub,1e-06,EX_cpd00220_e0,-0.0005995563130583674,0.01322959107889078,cpd00220_e0,import
S285C141_Phocaeicola_sp900554435,ERR1620289_sub,1e-06,EX_cpd00012_e0,-0.0364103818778772,0.01322959107889078,cpd00012_e0,import
S285C141_Phocaeicola_sp900554435,ERR1620289_sub,1e-06,EX_cpd00322_e0,-0.027270490747016613,0.01322959107889078,cpd00322_e0,import
S285C141_Phocaeicola_sp900554435,ERR1620289_sub,1e-06,EX_cpd00051_e0,-0.02132763201427229,0.01322959107889078,cpd00051_e0,import
S285C141_Phocaeicola_sp900554435,ERR1620289_sub,1e-06,EX_cpd00367_e0,-0.011530571697425898,0.01322959107889078,cpd00367_e0,import
S287C140_Eisenbergiella_sp900066775,ERR1620289_sub,1e-06,EX_cpd00309_e0,0.1163770241438495,0.0022225206455124425,cpd00309_e0,export
S287C140_Eisenbergiella_sp900066775,ERR1620289_sub,1e-06,EX_cpd00067_e0,0.19342116181484179,0.0022225206455124425,cpd00067_e0,export
S287C140_Eisenbergiella_sp900066775,ERR1620289_sub,1e-06,EX_cpd00048_e0,-0.0003156143403323375,0.0022225206455124425,cpd00048_e0,import
S287C140_Eisenbergiella_sp900066775,ERR1620289_sub,1e-06,EX_cpd00080_e0,-0.04351219943393365,0.0022225206455124425,cpd00080_e0,import
S287C140_Eisenbergiella_sp900066775,ERR1620289_sub,1e-06,EX_cpd00393_e0,-0.0006705093194684073,0.0022225206455124425,cpd00393_e0,import
S287C140_Eisenbergiella_sp900066775,ERR1620289_sub,1e-06,EX_cpd00161_e0,-0.02662277693643586,0.0022225206455124425,cpd00161_e0,import
S287C140_Eisenbergiella_sp900066775,ERR1620289_sub,1e-06,EX_cpd00069_e0,-0.005575394414135038,0.0022225206455124425,cpd00069_e0,import
S287C140_Eisenbergiella_sp900066775,ERR1620289_sub,1e-06,EX_cpd00119_e0,-0.004114682224453917,0.0022225206455124425,cpd00119_e0,import
S287C140_Eisenbergiella_sp900066775,ERR1620289_sub,1e-06,EX_cpd00063_e0,-0.00031561434033228647,0.0022225206455124425,cpd00063_e0,import
S287C140_Eisenbergiella_sp900066775,ERR1620289_sub,1e-06,EX_cpd00099_e0,-0.00031561434033228647,0.0022225206455124425,cpd00099_e0,import
S287C140_Eisenbergiella_sp900066775,ERR1620289_sub,1e-06,EX_cpd00033_e0,-0.019488078852853356,0.0022225206455124425,cpd00033_e0,import
S287C140_Eisenbergiella_sp900066775,ERR1620289_sub,1e-06,EX_cpd00216_e0,-0.00884656678257594,0.0022225206455124425,cpd00216_e0,import
S287C140_Eisenbergiella_sp900066775,ERR1620289_sub,1e-06,EX_cpd00060_e0,-0.005922337987358162,0.0022225206455124425,cpd00060_e0,import
S287C140_Eisenbergiella_sp900066775,ERR1620289_sub,1e-06,EX_cpd00239_e0,-0.0035302134654638813,0.0022225206455124425,cpd00239_e0,import
S287C140_Eisenbergiella_sp900066775,ERR1620289_sub,1e-06,EX_cpd00064_e0,-0.0004470062129789382,0.0022225206455124425,cpd00064_e0,import
S287C140_Eisenbergiella_sp900066775,ERR1620289_sub,1e-06,EX_cpd00311_e0,-0.120402068652155,0.0022225206455124425,cpd00311_e0,import
S287C140_Eisenbergiella_sp900066775,ERR1620289_sub,1e-06,EX_cpd00307_e0,0.36692286107788363,0.0022225206455124425,cpd00307_e0,export
S287C140_Eisenbergiella_sp900066775,ERR1620289_sub,1e-06,EX_cpd00132_e0,-0.007447574826261583,0.0022225206455124425,cpd00132_e0,import
S287C140_Eisenbergiella_sp900066775,ERR1620289_sub,1e-06,EX_cpd00058_e0,-0.00031561434033228647,0.0022225206455124425,cpd00058_e0,import
S287C140_Eisenbergiella_sp900066775,ERR1620289_sub,1e-06,EX_cpd00182_e0,-0.004248320817087538,0.0022225206455124425,cpd00182_e0,import
S287C140_Eisenbergiella_sp900066775,ERR1620289_sub,1e-06,EX_cpd00030_e0,-0.00031561434033228647,0.0022225206455124425,cpd00030_e0,import
S287C140_Eisenbergiella_sp900066775,ERR1620289_sub,1e-06,EX_cpd00254_e0,-0.00031561434033228647,0.0022225206455124425,cpd00254_e0,import
S287C140_Eisenbergiella_sp900066775,ERR1620289_sub,1e-06,EX_cpd00205_e0,-0.00031561434033228647,0.0022225206455124425,cpd00205_e0,import
S287C140_Eisenbergiella_sp900066775,ERR1620289_sub,1e-06,EX_cpd00035_e0,0.03286354439416273,0.0022225206455124425,cpd00035_e0,export
S287C140_Eisenbergiella_sp900066775,ERR1620289_sub,1e-06,EX_cpd00129_e0,-0.008085350571051935,0.0022225206455124425,cpd00129_e0,import
S287C140_Eisenbergiella_sp900066775,ERR1620289_sub,1e-06,EX_cpd10516_e0,-0.00031561434033228647,0.0022225206455124425,cpd10516_e0,import
S287C140_Eisenbergiella_sp900066775,ERR1620289_sub,1e-06,EX_cpd00644_e0,-0.000447006212978939,0.0022225206455124425,cpd00644_e0,import
S287C140_Eisenbergiella_sp900066775,ERR1620289_sub,1e-06,EX_cpd00211_e0,0.28626484290779786,0.0022225206455124425,cpd00211_e0,export
S287C140_Eisenbergiella_sp900066775,ERR1620289_sub,1e-06,EX_cpd10515_e0,-0.0005391174468217556,0.0022225206455124425,cpd10515_e0,import
S287C140_Eisenbergiella_sp900066775,ERR1620289_sub,1e-06,EX_cpd23431_e0,-0.545031147936872,0.0022225206455124425,cpd23431_e0,import
S287C140_Eisenbergiella_sp900066775,ERR1620289_sub,1e-06,EX_cpd00076_e0,-0.014001024767632316,0.0022225206455124425,cpd00076_e0,import
S287C140_Eisenbergiella_sp900066775,ERR1620289_sub,1e-06,EX_cpd00107_e0,-0.021109102755667627,0.0022225206455124425,cpd00107_e0,import
S287C140_Eisenbergiella_sp900066775,ERR1620289_sub,1e-06,EX_cpd00054_e0,-0.016829746696954303,0.0022225206455124425,cpd00054_e0,import
S287C140_Eisenbergiella_sp900066775,ERR1620289_sub,1e-06,EX_cpd00526_e0,0.545031147936872,0.0022225206455124425,cpd00526_e0,export
S287C140_Eisenbergiella_sp900066775,ERR1620289_sub,1e-06,EX_cpd00028_e0,-0.0002235031064894691,0.0022225206455124425,cpd00028_e0,import
S287C140_Eisenbergiella_sp900066775,ERR1620289_sub,1e-06,EX_cpd00149_e0,-0.00031561434033228647,0.0022225206455124425,cpd00149_e0,import
S287C140_Eisenbergiella_sp900066775,ERR1620289_sub,1e-06,EX_cpd00065_e0,-0.002736263679261854,0.0022225206455124425,cpd00065_e0,import
S287C140_Eisenbergiella_sp900066775,ERR1620289_sub,1e-06,EX_cpd00023_e0,-0.005968657914158654,0.0022225206455124425,cpd00023_e0,import
S287C140_Eisenbergiella_sp900066775,ERR1620289_sub,1e-06,EX_cpd00305_e0,-0.0002235031064894691,0.0022225206455124425,cpd00305_e0,import
S287C140_Eisenbergiella_sp900066775,ERR1620289_sub,1e-06,EX_cpd00034_e0,-0.00031561434033228647,0.0022225206455124425,cpd00034_e0,import
S287C140_Eisenbergiella_sp900066775,ERR1620289_sub,1e-06,EX_cpd00220_e0,-0.0004470062129789382,0.0022225206455124425,cpd00220_e0,import
S287C140_Eisenbergiella_sp900066775,ERR1620289_sub,1e-06,EX_cpd00009_e0,-0.01453789838135533,0.0022225206455124425,cpd00009_e0,import
S287C140_Eisenbergiella_sp900066775,ERR1620289_sub,1e-06,EX_cpd00053_e0,-0.022335273151840425,0.0022225206455124425,cpd00053_e0,import
S287C140_Eisenbergiella_sp900066775,ERR1620289_sub,1e-06,EX_cpd00051_e0,-0.009710650049711257,0.0022225206455124425,cpd00051_e0,import
S287C140_Eisenbergiella_sp900066775,ERR1620289_sub,1e-06,EX_cpd00092_e0,-0.00543802233638766,0.0022225206455124425,cpd00092_e0,import
S287C140_Eisenbergiella_sp900066775,ERR1620289_sub,1e-06,EX_cpd00011_e0,0.702489890482209,0.0022225206455124425,cpd00011_e0,export
S287C140_Eisenbergiella_sp900066775,ERR1620289_sub,1e-06,EX_cpd00367_e0,-0.3669228610778834,0.0022225206455124425,cpd00367_e0,import
S365C30_Lachnospira_sp000436535,ERR1620289_sub,1e-06,EX_cpd00024_e0,-0.0334735295647931,0.0035886426662227267,cpd00024_e0,import
S365C30_Lachnospira_sp000436535,ERR1620289_sub,1e-06,EX_cpd00309_e0,0.5479508549663743,0.0035886426662227267,cpd00309_e0,export
S365C30_Lachnospira_sp000436535,ERR1620289_sub,1e-06,EX_cpd00067_e0,0.5009259458433373,0.0035886426662227267,cpd00067_e0,export
S365C30_Lachnospira_sp000436535,ERR1620289_sub,1e-06,EX_cpd00048_e0,-0.0003732600226996969,0.0035886426662227267,cpd00048_e0,import
S365C30_Lachnospira_sp000436535,ERR1620289_sub,1e-06,EX_cpd00039_e0,-0.01840690865207205,0.0035886426662227267,cpd00039_e0,import
S365C30_Lachnospira_sp000436535,ERR1620289_sub,1e-06,EX_cpd00393_e0,-0.0007929751339614075,0.0035886426662227267,cpd00393_e0,import
S365C30_Lachnospira_sp000436535,ERR1620289_sub,1e-06,EX_cpd00017_e0,-0.0007929751339614073,0.0035886426662227267,cpd00017_e0,import
S365C30_Lachnospira_sp000436535,ERR1620289_sub,1e-06,EX_cpd00161_e0,-0.014898168802512267,0.0035886426662227267,cpd00161_e0,import
S365C30_Lachnospira_sp000436535,ERR1620289_sub,1e-06,EX_cpd00069_e0,-0.00659371764726788,0.0035886426662227267,cpd00069_e0,import
S365C30_Lachnospira_sp000436535,ERR1620289_sub,1e-06,EX_cpd00003_e0,-0.0005286500893077325,0.0035886426662227267,cpd00003_e0,import
S365C30_Lachnospira_sp000436535,ERR1620289_sub,1e-06,EX_cpd00119_e0,-0.004866212285806569,0.0035886426662227267,cpd00119_e0,import
S365C30_Lachnospira_sp000436535,ERR1620289_sub,1e-06,EX_cpd00063_e0,-0.0003732600226996969,0.0035886426662227267,cpd00063_e0,import
S365C30_Lachnospira_sp000436535,ERR1620289_sub,1e-06,EX_cpd00099_e0,-0.0003732600226996969,0.0035886426662227267,cpd00099_e0,import
S365C30_Lachnospira_sp000436535,ERR1620289_sub,1e-06,EX_cpd00033_e0,-0.023311822656236197,0.0035886426662227267,cpd00033_e0,import
S365C30_Lachnospira_sp000436535,ERR1620289_sub,1e-06,EX_cpd00060_e0,-0.006739704015842121,0.0035886426662227267,cpd00060_e0,import
S365C30_Lachnospira_sp000436535,ERR1620289_sub,1e-06,EX_cpd00239_e0,-0.003646342583289346,0.0035886426662227267,cpd00239_e0,import
S365C30_Lachnospira_sp000436535,ERR1620289_sub,1e-06,EX_cpd00064_e0,0.33808794820318844,0.0035886426662227267,cpd00064_e0,export
S365C30_Lachnospira_sp000436535,ERR1620289_sub,1e-06,EX_cpd00311_e0,-0.0047602026034547435,0.0035886426662227267,cpd00311_e0,import
S365C30_Lachnospira_sp000436535,ERR1620289_sub,1e-06,EX_cpd00132_e0,-0.008807844237309884,0.0035886426662227267,cpd00132_e0,import
S365C30_Lachnospira_sp000436535,ERR1620289_sub,1e-06,EX_cpd00058_e0,-0.0003732600226996969,0.0035886426662227267,cpd00058_e0,import
S365C30_Lachnospira_sp000436535,ERR1620289_sub,1e-06,EX_cpd00066_e0,-0.010462356414484146,0.0035886426662227267,cpd00066_e0,import
S365C30_Lachnospira_sp000436535,ERR1620289_sub,1e-06,EX_cpd00182_e0,-0.0037026342034500483,0.0035886426662227267,cpd00182_e0,import
S365C30_Lachnospira_sp000436535,ERR1620289_sub,1e-06,EX_cpd00030_e0,-0.0003732600226996969,0.0035886426662227267,cpd00030_e0,import
S365C30_Lachnospira_sp000436535,ERR1620289_sub,1e-06,EX_cpd00254_e0,-0.0003732600226996969,0.0035886426662227267,cpd00254_e0,import
S365C30_Lachnospira_sp000436535,ERR1620289_sub,1e-06,EX_cpd00205_e0,-0.0003732600226996969,0.0035886426662227267,cpd00205_e0,import
S365C30_Lachnospira_sp000436535,ERR1620289_sub,1e-06,EX_cpd00035_e0,0.559029710933835,0.0035886426662227267,cpd00035_e0,export
S365C30_Lachnospira_sp000436535,ERR1620289_sub,1e-06,EX_cpd00129_e0,-0.009562107141609894,0.0035886426662227267,cpd00129_e0,import
S365C30_Lachnospira_sp000436535,ERR1620289_sub,1e-06,EX_cpd10516_e0,-0.0003732600226996969,0.0035886426662227267,cpd10516_e0,import
S365C30_Lachnospira_sp000436535,ERR1620289_sub,1e-06,EX_cpd00644_e0,-0.0005286500893075807,0.0035886426662227267,cpd00644_e0,import
S365C30_Lachnospira_sp000436535,ERR1620289_sub,1e-06,EX_cpd10515_e0,-0.0006375850673534994,0.0035886426662227267,cpd10515_e0,import
S365C30_Lachnospira_sp000436535,ERR1620289_sub,1e-06,EX_cpd00082_e0,-0.19822666742501494,0.0035886426662227267,cpd00082_e0,import
S365C30_Lachnospira_sp000436535,ERR1620289_sub,1e-06,EX_cpd00122_e0,-0.010651509255317368,0.0035886426662227267,cpd00122_e0,import
S365C30_Lachnospira_sp000436535,ERR1620289_sub,1e-06,EX_cpd00029_e0,0.6283762026891464,0.0035886426662227267,cpd00029_e0,export
S365C30_Lachnospira_sp000436535,ERR1620289_sub,1e-06,EX_cpd01217_e0,-0.5479508549663743,0.0035886426662227267,cpd01217_e0,import
S365C30_Lachnospira_sp000436535,ERR1620289_sub,1e-06,EX_cpd00054_e0,-0.019639306797681364,0.0035886426662227267,cpd00054_e0,import
S365C30_Lachnospira_sp000436535,ERR1620289_sub,1e-06,EX_cpd00028_e0,-0.00026432504465380245,0.0035886426662227267,cpd00028_e0,import
S365C30_Lachnospira_sp000436535,ERR1620289_sub,1e-06,EX_cpd00149_e0,-0.0003732600226996969,0.0035886426662227267,cpd00149_e0,import
S365C30_Lachnospira_sp000436535,ERR1620289_sub,1e-06,EX_cpd00065_e0,-0.003236031170061368,0.0035886426662227267,cpd00065_e0,import
S365C30_Lachnospira_sp000436535,ERR1620289_sub,1e-06,EX_cpd00305_e0,-0.00026432504465380245,0.0035886426662227267,cpd00305_e0,import
S365C30_Lachnospira_sp000436535,ERR1620289_sub,1e-06,EX_cpd00034_e0,-0.0003732600226996969,0.0035886426662227267,cpd00034_e0,import
S365C30_Lachnospira_sp000436535,ERR1620289_sub,1e-06,EX_cpd00220_e0,-0.0005286500893076049,0.0035886426662227267,cpd00220_e0,import
S365C30_Lachnospira_sp000436535,ERR1620289_sub,1e-06,EX_cpd00009_e0,-0.06759541314690534,0.0035886426662227267,cpd00009_e0,import
S365C30_Lachnospira_sp000436535,ERR1620289_sub,1e-06,EX_cpd00322_e0,-0.016058500543161665,0.0035886426662227267,cpd00322_e0,import
S365C30_Lachnospira_sp000436535,ERR1620289_sub,1e-06,EX_cpd00051_e0,-0.3501008592869995,0.0035886426662227267,cpd00051_e0,import
S365C30_Lachnospira_sp000436535,ERR1620289_sub,1e-06,EX_cpd00011_e0,0.5302992523036639,0.0035886426662227267,cpd00011_e0,export
S365C30_Lachnospira_sp000436535,ERR1620289_sub,1e-06,EX_cpd00367_e0,-0.00643125511529196,0.0035886426662227267,cpd00367_e0,import
S371C172_Anaerostipes_sp900066705,ERR1620289_sub,1e-06,EX_cpd00309_e0,1.2206863152757925,0.020767007071488718,cpd00309_e0,export
S371C172_Anaerostipes_sp900066705,ERR1620289_sub,1e-06,EX_cpd00067_e0,1.7849245119261348,0.020767007071488718,cpd00067_e0,export
S371C172_Anaerostipes_sp900066705,ERR1620289_sub,1e-06,EX_cpd00048_e0,-0.0008697288717150961,0.020767007071488718,cpd00048_e0,import
S371C172_Anaerostipes_sp900066705,ERR1620289_sub,1e-06,EX_cpd00039_e0,-0.044787885122242514,0.020767007071488718,cpd00039_e0,import
S371C172_Anaerostipes_sp900066705,ERR1620289_sub,1e-06,EX_cpd00393_e0,-0.0018477022092270794,0.020767007071488718,cpd00393_e0,import
S371C172_Anaerostipes_sp900066705,ERR1620289_sub,1e-06,EX_cpd00017_e0,-0.003079503682045132,0.020767007071488718,cpd00017_e0,import
S371C172_Anaerostipes_sp900066705,ERR1620289_sub,1e-06,EX_cpd00161_e0,-0.07336357949537795,0.020767007071488718,cpd00161_e0,import
S371C172_Anaerostipes_sp900066705,ERR1620289_sub,1e-06,EX_cpd00069_e0,-0.015979846139102295,0.020767007071488718,cpd00069_e0,import
S371C172_Anaerostipes_sp900066705,ERR1620289_sub,1e-06,EX_cpd00119_e0,-0.011338705094238613,0.020767007071488718,cpd00119_e0,import
S371C172_Anaerostipes_sp900066705,ERR1620289_sub,1e-06,EX_cpd00063_e0,-0.0008697288717150935,0.020767007071488718,cpd00063_e0,import
S371C172_Anaerostipes_sp900066705,ERR1620289_sub,1e-06,EX_cpd00099_e0,-0.0008697288717150935,0.020767007071488718,cpd00099_e0,import
S371C172_Anaerostipes_sp900066705,ERR1620289_sub,1e-06,EX_cpd00036_e0,0.0012318014728180948,0.020767007071488718,cpd00036_e0,export
S371C172_Anaerostipes_sp900066705,ERR1620289_sub,1e-06,EX_cpd00033_e0,-0.06540967714515444,0.020767007071488718,cpd00033_e0,import
S371C172_Anaerostipes_sp900066705,ERR1620289_sub,1e-06,EX_cpd00380_e0,0.052424108753452416,0.020767007071488718,cpd00380_e0,export
S371C172_Anaerostipes_sp900066705,ERR1620289_sub,1e-06,EX_cpd00060_e0,-0.013240503609884421,0.020767007071488718,cpd00060_e0,import
S371C172_Anaerostipes_sp900066705,ERR1620289_sub,1e-06,EX_cpd00239_e0,-0.010344002986131987,0.020767007071488718,cpd00239_e0,import
S371C172_Anaerostipes_sp900066705,ERR1620289_sub,1e-06,EX_cpd00064_e0,-0.001231801472818053,0.020767007071488718,cpd00064_e0,import
S371C172_Anaerostipes_sp900066705,ERR1620289_sub,1e-06,EX_cpd00311_e0,-1.2293144054868297,0.020767007071488718,cpd00311_e0,import
S371C172_Anaerostipes_sp900066705,ERR1620289_sub,1e-06,EX_cpd00307_e0,0.36298537612612136,0.020767007071488718,cpd00307_e0,export
S371C172_Anaerostipes_sp900066705,ERR1620289_sub,1e-06,EX_cpd00132_e0,-0.02052305622057187,0.020767007071488718,cpd00132_e0,import
S371C172_Anaerostipes_sp900066705,ERR1620289_sub,1e-06,EX_cpd00058_e0,-0.0008697288717150935,0.020767007071488718,cpd00058_e0,import
S371C172_Anaerostipes_sp900066705,ERR1620289_sub,1e-06,EX_cpd00066_e0,-0.024378215952613067,0.020767007071488718,cpd00066_e0,import
S371C172_Anaerostipes_sp900066705,ERR1620289_sub,1e-06,EX_cpd00221_e0,0.22991812411145493,0.020767007071488718,cpd00221_e0,export
S371C172_Anaerostipes_sp900066705,ERR1620289_sub,1e-06,EX_cpd00030_e0,-0.0008697288717150935,0.020767007071488718,cpd00030_e0,import
S371C172_Anaerostipes_sp900066705,ERR1620289_sub,1e-06,EX_cpd00254_e0,-0.0008697288717150935,0.020767007071488718,cpd00254_e0,import
S371C172_Anaerostipes_sp900066705,ERR1620289_sub,1e-06,EX_cpd00204_e0,0.0006159007364090265,0.020767007071488718,cpd00204_e0,export
S371C172_Anaerostipes_sp900066705,ERR1620289_sub,1e-06,EX_cpd00205_e0,-0.0008697288717150935,0.020767007071488718,cpd00205_e0,import
S371C172_Anaerostipes_sp900066705,ERR1620289_sub,1e-06,EX_cpd00035_e0,1.0979238942462328,0.020767007071488718,cpd00035_e0,export
S371C172_Anaerostipes_sp900066705,ERR1620289_sub,1e-06,EX_cpd00129_e0,-0.02228055551017884,0.020767007071488718,cpd00129_e0,import
S371C172_Anaerostipes_sp900066705,ERR1620289_sub,1e-06,EX_cpd10516_e0,-0.0008697288717150935,0.020767007071488718,cpd10516_e0,import
S371C172_Anaerostipes_sp900066705,ERR1620289_sub,1e-06,EX_cpd00644_e0,-0.0012318014728180948,0.020767007071488718,cpd00644_e0,import
S371C172_Anaerostipes_sp900066705,ERR1620289_sub,1e-06,EX_cpd00211_e0,0.1440553987930827,0.020767007071488718,cpd00211_e0,export
S371C172_Anaerostipes_sp900066705,ERR1620289_sub,1e-06,EX_cpd10515_e0,-0.00148562960812412,0.020767007071488718,cpd10515_e0,import
S371C172_Anaerostipes_sp900066705,ERR1620289_sub,1e-06,EX_cpd00082_e0,-0.29426687399436613,0.020767007071488718,cpd00082_e0,import
S371C172_Anaerostipes_sp900066705,ERR1620289_sub,1e-06,EX_cpd00363_e0,0.001231801472818053,0.020767007071488718,cpd00363_e0,export
S371C172_Anaerostipes_sp900066705,ERR1620289_sub,1e-06,EX_cpd00122_e0,-0.024818958804338015,0.020767007071488718,cpd00122_e0,import
S371C172_Anaerostipes_sp900066705,ERR1620289_sub,1e-06,EX_cpd00029_e0,1.4242139192768644,0.020767007071488718,cpd00029_e0,export
S371C172_Anaerostipes_sp900066705,ERR1620289_sub,1e-06,EX_cpd00107_e0,-0.05816971466909825,0.020767007071488718,cpd00107_e0,import
S371C172_Anaerostipes_sp900066705,ERR1620289_sub,1e-06,EX_cpd00054_e0,-0.04699312361729072,0.020767007071488718,cpd00054_e0,import
S371C172_Anaerostipes_sp900066705,ERR1620289_sub,1e-06,EX_cpd00028_e0,-0.0006159007364090265,0.020767007071488718,cpd00028_e0,import
S371C172_Anaerostipes_sp900066705,ERR1620289_sub,1e-06,EX_cpd00149_e0,-0.0008697288717150935,0.020767007071488718,cpd00149_e0,import
S371C172_Anaerostipes_sp900066705,ERR1620289_sub,1e-06,EX_cpd00065_e0,-0.007540238887668675,0.020767007071488718,cpd00065_e0,import
S371C172_Anaerostipes_sp900066705,ERR1620289_sub,1e-06,EX_cpd00023_e0,-0.017852670687618533,0.020767007071488718,cpd00023_e0,import
S371C172_Anaerostipes_sp900066705,ERR1620289_sub,1e-06,EX_cpd00034_e0,-0.0008697288717150935,0.020767007071488718,cpd00034_e0,import
S371C172_Anaerostipes_sp900066705,ERR1620289_sub,1e-06,EX_cpd00220_e0,-0.001231801472818053,0.020767007071488718,cpd00220_e0,import
S371C172_Anaerostipes_sp900066705,ERR1620289_sub,1e-06,EX_cpd00100_e0,0.0031082212064086827,0.020767007071488718,cpd00100_e0,export
S371C172_Anaerostipes_sp900066705,ERR1620289_sub,1e-06,EX_cpd00106_e0,0.020950334881388866,0.020767007071488718,cpd00106_e0,export
S371C172_Anaerostipes_sp900066705,ERR1620289_sub,1e-06,EX_cpd00009_e0,-0.1599668951121977,0.020767007071488718,cpd00009_e0,import
S371C172_Anaerostipes_sp900066705,ERR1620289_sub,1e-06,EX_cpd00053_e0,-0.06014361428858402,0.020767007071488718,cpd00053_e0,import
S371C172_Anaerostipes_sp900066705,ERR1620289_sub,1e-06,EX_cpd00051_e0,-0.02675934402240316,0.020767007071488718,cpd00051_e0,import
S371C172_Anaerostipes_sp900066705,ERR1620289_sub,1e-06,EX_cpd00011_e0,0.4511861904196021,0.020767007071488718,cpd00011_e0,export
S371C172_Anaerostipes_sp900066705,ERR1620289_sub,1e-06,EX_cpd00367_e0,-0.3779707694577693,0.020767007071488718,cpd00367_e0,import
S371C172_Anaerostipes_sp900066705,ERR1620289_sub,1e-06,EX_cpd00027_e0,-0.038582199595834546,0.020767007071488718,cpd00027_e0,import
S456C3_Enterocloster_sp001517625,ERR1620289_sub,1e-06,EX_cpd00309_e0,1.2065469926115284,0.0019726717552821147,cpd00309_e0,export
S456C3_Enterocloster_sp001517625,ERR1620289_sub,1e-06,EX_cpd00067_e0,1.0115704538474284,0.0019726717552821147,cpd00067_e0,export
S456C3_Enterocloster_sp001517625,ERR1620289_sub,1e-06,EX_cpd00048_e0,-0.0005347807840985454,0.0019726717552821147,cpd00048_e0,import
S456C3_Enterocloster_sp001517625,ERR1620289_sub,1e-06,EX_cpd00393_e0,-0.0011361191612306966,0.0019726717552821147,cpd00393_e0,import
S456C3_Enterocloster_sp001517625,ERR1620289_sub,1e-06,EX_cpd00017_e0,-0.0011361191612306966,0.0019726717552821147,cpd00017_e0,import
S456C3_Enterocloster_sp001517625,ERR1620289_sub,1e-06,EX_cpd00161_e0,-0.04510995764627934,0.0019726717552821147,cpd00161_e0,import
S456C3_Enterocloster_sp001517625,ERR1620289_sub,1e-06,EX_cpd00069_e0,-0.009447016232883049,0.0019726717552821147,cpd00069_e0,import
S456C3_Enterocloster_sp001517625,ERR1620289_sub,1e-06,EX_cpd00003_e0,-0.000757412774153754,0.0019726717552821147,cpd00003_e0,import
S456C3_Enterocloster_sp001517625,ERR1620289_sub,1e-06,EX_cpd00119_e0,-0.006971967699544709,0.0019726717552821147,cpd00119_e0,import
S456C3_Enterocloster_sp001517625,ERR1620289_sub,1e-06,EX_cpd00063_e0,-0.0005347807840985454,0.0019726717552821147,cpd00063_e0,import
S456C3_Enterocloster_sp001517625,ERR1620289_sub,1e-06,EX_cpd00099_e0,-0.0005347807840985454,0.0019726717552821147,cpd00099_e0,import
S456C3_Enterocloster_sp001517625,ERR1620289_sub,1e-06,EX_cpd00033_e0,-0.035671782984918354,0.0019726717552821147,cpd00033_e0,import
S456C3_Enterocloster_sp001517625,ERR1620289_sub,1e-06,EX_cpd00060_e0,-0.008898762489715656,0.0019726717552821147,cpd00060_e0,import
S456C3_Enterocloster_sp001517625,ERR1620289_sub,1e-06,EX_cpd00239_e0,-0.005981636712414279,0.0019726717552821147,cpd00239_e0,import
S456C3_Enterocloster_sp001517625,ERR1620289_sub,1e-06,EX_cpd00064_e0,0.29799261153306655,0.0019726717552821147,cpd00064_e0,export
S456C3_Enterocloster_sp001517625,ERR1620289_sub,1e-06,EX_cpd00156_e0,0.08477643715461602,0.0019726717552821147,cpd00156_e0,export
S456C3_Enterocloster_sp001517625,ERR1620289_sub,1e-06,EX_cpd00277_e0,-0.46665885471813096,0.0019726717552821147,cpd00277_e0,import
S456C3_Enterocloster_sp001517625,ERR1620289_sub,1e-06,EX_cpd00132_e0,-0.012619261536175914,0.0019726717552821147,cpd00132_e0,import
S456C3_Enterocloster_sp001517625,ERR1620289_sub,1e-06,EX_cpd00058_e0,-0.0005347807840985454,0.0019726717552821147,cpd00058_e0,import
S456C3_Enterocloster_sp001517625,ERR1620289_sub,1e-06,EX_cpd00066_e0,-0.014989730554021157,0.0019726717552821147,cpd00066_e0,import
S456C3_Enterocloster_sp001517625,ERR1620289_sub,1e-06,EX_cpd00182_e0,-0.005304874623939094,0.0019726717552821147,cpd00182_e0,import
S456C3_Enterocloster_sp001517625,ERR1620289_sub,1e-06,EX_cpd00030_e0,-0.0005347807840985454,0.0019726717552821147,cpd00030_e0,import
S456C3_Enterocloster_sp001517625,ERR1620289_sub,1e-06,EX_cpd00254_e0,-0.0005347807840985454,0.0019726717552821147,cpd00254_e0,import
S456C3_Enterocloster_sp001517625,ERR1620289_sub,1e-06,EX_cpd00205_e0,-0.0005347807840985454,0.0019726717552821147,cpd00205_e0,import
S456C3_Enterocloster_sp001517625,ERR1620289_sub,1e-06,EX_cpd00035_e0,-0.022902208497915588,0.0019726717552821147,cpd00035_e0,import
S456C3_Enterocloster_sp001517625,ERR1620289_sub,1e-06,EX_cpd00129_e0,-0.013699916529605335,0.0019726717552821147,cpd00129_e0,import
S456C3_Enterocloster_sp001517625,ERR1620289_sub,1e-06,EX_cpd10516_e0,-0.0005347807840985454,0.0019726717552821147,cpd10516_e0,import
S456C3_Enterocloster_sp001517625,ERR1620289_sub,1e-06,EX_cpd00644_e0,-0.0007574127741538069,0.0019726717552821147,cpd00644_e0,import
S456C3_Enterocloster_sp001517625,ERR1620289_sub,1e-06,EX_cpd10515_e0,-0.0009134871711754443,0.0019726717552821147,cpd10515_e0,import
S456C3_Enterocloster_sp001517625,ERR1620289_sub,1e-06,EX_cpd00363_e0,0.46665885471813096,0.0019726717552821147,cpd00363_e0,export
S456C3_Enterocloster_sp001517625,ERR1620289_sub,1e-06,EX_cpd00122_e0,-0.015260735479230198,0.0019726717552821147,cpd00122_e0,import
S456C3_Enterocloster_sp001517625,ERR1620289_sub,1e-06,EX_cpd00029_e0,0.29671155020942536,0.0019726717552821147,cpd00029_e0,export
S456C3_Enterocloster_sp001517625,ERR1620289_sub,1e-06,EX_cpd00107_e0,-0.03576752092888946,0.0019726717552821147,cpd00107_e0,import
S456C3_Enterocloster_sp001517625,ERR1620289_sub,1e-06,EX_cpd01217_e0,-0.7467082223544422,0.0019726717552821147,cpd01217_e0,import
S456C3_Enterocloster_sp001517625,ERR1620289_sub,1e-06,EX_cpd00117_e0,-0.016509341109349034,0.0019726717552821147,cpd00117_e0,import
S456C3_Enterocloster_sp001517625,ERR1620289_sub,1e-06,EX_cpd00054_e0,-0.028895234265060746,0.0019726717552821147,cpd00054_e0,import
S456C3_Enterocloster_sp001517625,ERR1620289_sub,1e-06,EX_cpd00028_e0,-0.0003787063870768989,0.0019726717552821147,cpd00028_e0,import
S456C3_Enterocloster_sp001517625,ERR1620289_sub,1e-06,EX_cpd00149_e0,-0.0005347807840985454,0.0019726717552821147,cpd00149_e0,import
S456C3_Enterocloster_sp001517625,ERR1620289_sub,1e-06,EX_cpd00065_e0,-0.004636358520197231,0.0019726717552821147,cpd00065_e0,import
S456C3_Enterocloster_sp001517625,ERR1620289_sub,1e-06,EX_cpd00023_e0,-0.047958525688694076,0.0019726717552821147,cpd00023_e0,import
S456C3_Enterocloster_sp001517625,ERR1620289_sub,1e-06,EX_cpd00305_e0,-0.0003787063870768989,0.0019726717552821147,cpd00305_e0,import
S456C3_Enterocloster_sp001517625,ERR1620289_sub,1e-06,EX_cpd00034_e0,-0.0005347807840985454,0.0019726717552821147,cpd00034_e0,import
S456C3_Enterocloster_sp001517625,ERR1620289_sub,1e-06,EX_cpd00220_e0,-0.0007574127741537978,0.0019726717552821147,cpd00220_e0,import
S456C3_Enterocloster_sp001517625,ERR1620289_sub,1e-06,EX_cpd00009_e0,-0.09684596754485197,0.0019726717552821147,cpd00009_e0,import
S456C3_Enterocloster_sp001517625,ERR1620289_sub,1e-06,EX_cpd00041_e0,0.876631708602961,0.0019726717552821147,cpd00041_e0,export
S456C3_Enterocloster_sp001517625,ERR1620289_sub,1e-06,EX_cpd00051_e0,-0.3152038680781459,0.0019726717552821147,cpd00051_e0,import
S456C3_Enterocloster_sp001517625,ERR1620289_sub,1e-06,EX_cpd00367_e0,-0.00921425131043481,0.0019726717552821147,cpd00367_e0,import
S456C3_Enterocloster_sp001517625,ERR1620289_sub,1e-06,EX_cpd00027_e0,-0.02372350697225785,0.0019726717552821147,cpd00027_e0,import
S456C3_Enterocloster_sp001517625,ERR1620289_sub,1e-06,EX_cpd00001_e0,-0.5361721310452181,0.0019726717552821147,cpd00001_e0,import
S473C356_Ruminococcus_B_gnavus,ERR1620289_sub,1e-06,EX_cpd00024_e0,-0.010015574239493967,0.0026459709821752483,cpd00024_e0,import
S473C356_Ruminococcus_B_gnavus,ERR1620289_sub,1e-06,EX_cpd00309_e0,0.17483690332311674,0.0026459709821752483,cpd00309_e0,export
S473C356_Ruminococcus_B_gnavus,ERR1620289_sub,1e-06,EX_cpd00264_e0,-7.846874493751679e-05,0.0026459709821752483,cpd00264_e0,import
S473C356_Ruminococcus_B_gnavus,ERR1620289_sub,1e-06,EX_cpd00048_e0,-0.00011080768209064561,0.0026459709821752483,cpd00048_e0,import
S473C356_Ruminococcus_B_gnavus,ERR1620289_sub,1e-06,EX_cpd00039_e0,-0.005706194076725485,0.0026459709821752483,cpd00039_e0,import
S473C356_Ruminococcus_B_gnavus,ERR1620289_sub,1e-06,EX_cpd00393_e0,-0.00023540623481255033,0.0026459709821752483,cpd00393_e0,import
S473C356_Ruminococcus_B_gnavus,ERR1620289_sub,1e-06,EX_cpd00161_e0,-0.0032937018974516733,0.0026459709821752483,cpd00161_e0,import
S473C356_Ruminococcus_B_gnavus,ERR1620289_sub,1e-06,EX_cpd00069_e0,-0.0020359100041686578,0.0026459709821752483,cpd00069_e0,import
S473C356_Ruminococcus_B_gnavus,ERR1620289_sub,1e-06,EX_cpd00003_e0,-0.00015693748987507606,0.0026459709821752483,cpd00003_e0,import
S473C356_Ruminococcus_B_gnavus,ERR1620289_sub,1e-06,EX_cpd00119_e0,-0.0014446060953735404,0.0026459709821752483,cpd00119_e0,import
S473C356_Ruminococcus_B_gnavus,ERR1620289_sub,1e-06,EX_cpd00063_e0,-0.00011080768209064561,0.0026459709821752483,cpd00063_e0,import
S473C356_Ruminococcus_B_gnavus,ERR1620289_sub,1e-06,EX_cpd00099_e0,-0.00011080768209064561,0.0026459709821752483,cpd00099_e0,import
S473C356_Ruminococcus_B_gnavus,ERR1620289_sub,1e-06,EX_cpd00033_e0,-0.006763517090721626,0.0026459709821752483,cpd00033_e0,import
S473C356_Ruminococcus_B_gnavus,ERR1620289_sub,1e-06,EX_cpd00246_e0,0.0012219550605126039,0.0026459709821752483,cpd00246_e0,export
S473C356_Ruminococcus_B_gnavus,ERR1620289_sub,1e-06,EX_cpd00060_e0,-0.002079248187029877,0.0026459709821752483,cpd00060_e0,import
S473C356_Ruminococcus_B_gnavus,ERR1620289_sub,1e-06,EX_cpd00239_e0,-0.0013178762160346769,0.0026459709821752483,cpd00239_e0,import
S473C356_Ruminococcus_B_gnavus,ERR1620289_sub,1e-06,EX_cpd00156_e0,-0.005424495888127645,0.0026459709821752483,cpd00156_e0,import
S473C356_Ruminococcus_B_gnavus,ERR1620289_sub,1e-06,EX_cpd00277_e0,-0.17747199395854474,0.0026459709821752483,cpd00277_e0,import
S473C356_Ruminococcus_B_gnavus,ERR1620289_sub,1e-06,EX_cpd00132_e0,-0.002614737032626106,0.0026459709821752483,cpd00132_e0,import
S473C356_Ruminococcus_B_gnavus,ERR1620289_sub,1e-06,EX_cpd00371_e0,0.020471347414888673,0.0026459709821752483,cpd00371_e0,export
S473C356_Ruminococcus_B_gnavus,ERR1620289_sub,1e-06,EX_cpd00058_e0,-0.00011080768209064561,0.0026459709821752483,cpd00058_e0,import
S473C356_Ruminococcus_B_gnavus,ERR1620289_sub,1e-06,EX_cpd00182_e0,-0.0013345872045458938,0.0026459709821752483,cpd00182_e0,import
S473C356_Ruminococcus_B_gnavus,ERR1620289_sub,1e-06,EX_cpd00030_e0,-0.00011080768209064561,0.0026459709821752483,cpd00030_e0,import
S473C356_Ruminococcus_B_gnavus,ERR1620289_sub,1e-06,EX_cpd00254_e0,-0.00011080768209064561,0.0026459709821752483,cpd00254_e0,import
S473C356_Ruminococcus_B_gnavus,ERR1620289_sub,1e-06,EX_cpd00204_e0,0.16156938724973516,0.0026459709821752483,cpd00204_e0,export
S473C356_Ruminococcus_B_gnavus,ERR1620289_sub,1e-06,EX_cpd00205_e0,-0.00011080768209064561,0.0026459709821752483,cpd00205_e0,import
S473C356_Ruminococcus_B_gnavus,ERR1620289_sub,1e-06,EX_cpd00035_e0,0.1434568168834053,0.0026459709821752483,cpd00035_e0,export
S473C356_Ruminococcus_B_gnavus,ERR1620289_sub,1e-06,EX_cpd00129_e0,-0.002838650977409003,0.0026459709821752483,cpd00129_e0,import
S473C356_Ruminococcus_B_gnavus,ERR1620289_sub,1e-06,EX_cpd10516_e0,-0.00011080768209064561,0.0026459709821752483,cpd10516_e0,import
S473C356_Ruminococcus_B_gnavus,ERR1620289_sub,1e-06,EX_cpd00644_e0,-0.00015693748987503225,0.0026459709821752483,cpd00644_e0,import
S473C356_Ruminococcus_B_gnavus,ERR1620289_sub,1e-06,EX_cpd10515_e0,-0.0001892764270281624,0.0026459709821752483,cpd10515_e0,import
S473C356_Ruminococcus_B_gnavus,ERR1620289_sub,1e-06,EX_cpd00082_e0,-0.10247204057143347,0.0026459709821752483,cpd00082_e0,import
S473C356_Ruminococcus_B_gnavus,ERR1620289_sub,1e-06,EX_cpd00363_e0,0.11505413926923128,0.0026459709821752483,cpd00363_e0,export
S473C356_Ruminococcus_B_gnavus,ERR1620289_sub,1e-06,EX_cpd00122_e0,-0.003162055884828447,0.0026459709821752483,cpd00122_e0,import
S473C356_Ruminococcus_B_gnavus,ERR1620289_sub,1e-06,EX_cpd00029_e0,0.18975742800795412,0.0026459709821752483,cpd00029_e0,export
S473C356_Ruminococcus_B_gnavus,ERR1620289_sub,1e-06,EX_cpd00054_e0,-0.006144089660599951,0.0026459709821752483,cpd00054_e0,import
S473C356_Ruminococcus_B_gnavus,ERR1620289_sub,1e-06,EX_cpd00028_e0,-7.846874493751679e-05,0.0026459709821752483,cpd00028_e0,import
S473C356_Ruminococcus_B_gnavus,ERR1620289_sub,1e-06,EX_cpd00149_e0,-0.00011080768209064561,0.0026459709821752483,cpd00149_e0,import
S473C356_Ruminococcus_B_gnavus,ERR1620289_sub,1e-06,EX_cpd00065_e0,-0.0009606630534234042,0.0026459709821752483,cpd00065_e0,import
S473C356_Ruminococcus_B_gnavus,ERR1620289_sub,1e-06,EX_cpd00034_e0,-0.00011080768209064561,0.0026459709821752483,cpd00034_e0,import
S473C356_Ruminococcus_B_gnavus,ERR1620289_sub,1e-06,EX_cpd00220_e0,-0.00015693748987503358,0.0026459709821752483,cpd00220_e0,import
S473C356_Ruminococcus_B_gnavus,ERR1620289_sub,1e-06,EX_cpd00012_e0,-0.010033342168006568,0.0026459709821752483,cpd00012_e0,import
S473C356_Ruminococcus_B_gnavus,ERR1620289_sub,1e-06,EX_cpd00322_e0,-0.006053174420135532,0.0026459709821752483,cpd00322_e0,import
S473C356_Ruminococcus_B_gnavus,ERR1620289_sub,1e-06,EX_cpd00051_e0,-0.0034092703850815602,0.0026459709821752483,cpd00051_e0,import
S473C356_Ruminococcus_B_gnavus,ERR1620289_sub,1e-06,EX_cpd00092_e0,-0.00015693748987503358,0.0026459709821752483,cpd00092_e0,import
S473C356_Ruminococcus_B_gnavus,ERR1620289_sub,1e-06,EX_cpd00011_e0,0.019226348187234715,0.0026459709821752483,cpd00011_e0,export
S473C356_Ruminococcus_B_gnavus,ERR1620289_sub,1e-06,EX_cpd00367_e0,-0.0017522743970685949,0.0026459709821752483,cpd00367_e0,import
S473C356_Ruminococcus_B_gnavus,ERR1620289_sub,1e-06,EX_cpd00027_e0,-0.004915559602778768,0.0026459709821752483,cpd00027_e0,import
S506C1400_Faecalibacterium_prausnitzii_G,ERR1620289_sub,1e-06,EX_cpd00309_e0,1.6250707607910533,0.027925296500981082,cpd00309_e0,export
S506C1400_Faecalibacterium_prausnitzii_G,ERR1620289_sub,1e-06,EX_cpd00067_e0,3.480650403155631,0.027925296500981082,cpd00067_e0,export
S506C1400_Faecalibacterium_prausnitzii_G,ERR1620289_sub,1e-06,EX_cpd00048_e0,-0.001174481952428863,0.027925296500981082,cpd00048_e0,import
S506C1400_Faecalibacterium_prausnitzii_G,ERR1620289_sub,1e-06,EX_cpd00393_e0,-0.002495137241932366,0.027925296500981082,cpd00393_e0,import
S506C1400_Faecalibacterium_prausnitzii_G,ERR1620289_sub,1e-06,EX_cpd00161_e0,-0.0485412829393953,0.027925296500981082,cpd00161_e0,import
S506C1400_Faecalibacterium_prausnitzii_G,ERR1620289_sub,1e-06,EX_cpd00069_e0,-0.020747473356819597,0.027925296500981082,cpd00069_e0,import
S506C1400_Faecalibacterium_prausnitzii_G,ERR1620289_sub,1e-06,EX_cpd00119_e0,-0.015311788455217468,0.027925296500981082,cpd00119_e0,import
S506C1400_Faecalibacterium_prausnitzii_G,ERR1620289_sub,1e-06,EX_cpd00063_e0,-0.001174481952428865,0.027925296500981082,cpd00063_e0,import
S506C1400_Faecalibacterium_prausnitzii_G,ERR1620289_sub,1e-06,EX_cpd00099_e0,-0.001174481952428865,0.027925296500981082,cpd00099_e0,import
S506C1400_Faecalibacterium_prausnitzii_G,ERR1620289_sub,1e-06,EX_cpd00036_e0,-0.006653699311819644,0.027925296500981082,cpd00036_e0,import
S506C1400_Faecalibacterium_prausnitzii_G,ERR1620289_sub,1e-06,EX_cpd00033_e0,-0.07834212928455826,0.027925296500981082,cpd00033_e0,import
S506C1400_Faecalibacterium_prausnitzii_G,ERR1620289_sub,1e-06,EX_cpd00060_e0,-0.022038539424453718,0.027925296500981082,cpd00060_e0,import
S506C1400_Faecalibacterium_prausnitzii_G,ERR1620289_sub,1e-06,EX_cpd00239_e0,-0.013136830218308568,0.027925296500981082,cpd00239_e0,import
S506C1400_Faecalibacterium_prausnitzii_G,ERR1620289_sub,1e-06,EX_cpd00311_e0,-0.016641648338808896,0.027925296500981082,cpd00311_e0,import
S506C1400_Faecalibacterium_prausnitzii_G,ERR1620289_sub,1e-06,EX_cpd00277_e0,-1.6184170614792337,0.027925296500981082,cpd00277_e0,import
S506C1400_Faecalibacterium_prausnitzii_G,ERR1620289_sub,1e-06,EX_cpd00132_e0,-0.027714337103943592,0.027925296500981082,cpd00132_e0,import
S506C1400_Faecalibacterium_prausnitzii_G,ERR1620289_sub,1e-06,EX_cpd00058_e0,-0.001174481952428865,0.027925296500981082,cpd00058_e0,import
S506C1400_Faecalibacterium_prausnitzii_G,ERR1620289_sub,1e-06,EX_cpd00066_e0,-0.03292034517871762,0.027925296500981082,cpd00066_e0,import
S506C1400_Faecalibacterium_prausnitzii_G,ERR1620289_sub,1e-06,EX_cpd00073_e0,0.001663424827954911,0.027925296500981082,cpd00073_e0,export
S506C1400_Faecalibacterium_prausnitzii_G,ERR1620289_sub,1e-06,EX_cpd00182_e0,-0.01580909195236356,0.027925296500981082,cpd00182_e0,import
S506C1400_Faecalibacterium_prausnitzii_G,ERR1620289_sub,1e-06,EX_cpd00030_e0,-0.001174481952428865,0.027925296500981082,cpd00030_e0,import
S506C1400_Faecalibacterium_prausnitzii_G,ERR1620289_sub,1e-06,EX_cpd00254_e0,-0.001174481952428865,0.027925296500981082,cpd00254_e0,import
S506C1400_Faecalibacterium_prausnitzii_G,ERR1620289_sub,1e-06,EX_cpd00205_e0,-0.001174481952428865,0.027925296500981082,cpd00205_e0,import
S506C1400_Faecalibacterium_prausnitzii_G,ERR1620289_sub,1e-06,EX_cpd00035_e0,1.3128622603058306,0.027925296500981082,cpd00035_e0,export
S506C1400_Faecalibacterium_prausnitzii_G,ERR1620289_sub,1e-06,EX_cpd00129_e0,-0.03008766431450228,0.027925296500981082,cpd00129_e0,import
S506C1400_Faecalibacterium_prausnitzii_G,ERR1620289_sub,1e-06,EX_cpd10516_e0,-0.001174481952428865,0.027925296500981082,cpd10516_e0,import
S506C1400_Faecalibacterium_prausnitzii_G,ERR1620289_sub,1e-06,EX_cpd00644_e0,-0.0016634248279549686,0.027925296500981082,cpd00644_e0,import
S506C1400_Faecalibacterium_prausnitzii_G,ERR1620289_sub,1e-06,EX_cpd10515_e0,-0.0020061943664063204,0.027925296500981082,cpd10515_e0,import
S506C1400_Faecalibacterium_prausnitzii_G,ERR1620289_sub,1e-06,EX_cpd00082_e0,-1.3742994500325945,0.027925296500981082,cpd00082_e0,import
S506C1400_Faecalibacterium_prausnitzii_G,ERR1620289_sub,1e-06,EX_cpd00047_e0,0.616503924117163,0.027925296500981082,cpd00047_e0,export
S506C1400_Faecalibacterium_prausnitzii_G,ERR1620289_sub,1e-06,EX_cpd00363_e0,1.6184170614792337,0.027925296500981082,cpd00363_e0,export
S506C1400_Faecalibacterium_prausnitzii_G,ERR1620289_sub,1e-06,EX_cpd00122_e0,-0.033515524368287586,0.027925296500981082,cpd00122_e0,import
S506C1400_Faecalibacterium_prausnitzii_G,ERR1620289_sub,1e-06,EX_cpd00029_e0,1.2355539947848801,0.027925296500981082,cpd00029_e0,export
S506C1400_Faecalibacterium_prausnitzii_G,ERR1620289_sub,1e-06,EX_cpd00107_e0,-0.07855238831162153,0.027925296500981082,cpd00107_e0,import
S506C1400_Faecalibacterium_prausnitzii_G,ERR1620289_sub,1e-06,EX_cpd01217_e0,-0.0066536993118195276,0.027925296500981082,cpd01217_e0,import
S506C1400_Faecalibacterium_prausnitzii_G,ERR1620289_sub,1e-06,EX_cpd00054_e0,-0.06345951867497236,0.027925296500981082,cpd00054_e0,import
S506C1400_Faecalibacterium_prausnitzii_G,ERR1620289_sub,1e-06,EX_cpd00028_e0,-0.0008317124139774555,0.027925296500981082,cpd00028_e0,import
S506C1400_Faecalibacterium_prausnitzii_G,ERR1620289_sub,1e-06,EX_cpd00149_e0,-0.001174481952428865,0.027925296500981082,cpd00149_e0,import
S506C1400_Faecalibacterium_prausnitzii_G,ERR1620289_sub,1e-06,EX_cpd00065_e0,-0.010182339322719614,0.027925296500981082,cpd00065_e0,import
S506C1400_Faecalibacterium_prausnitzii_G,ERR1620289_sub,1e-06,EX_cpd00023_e0,-0.09867249145887902,0.027925296500981082,cpd00023_e0,import
S506C1400_Faecalibacterium_prausnitzii_G,ERR1620289_sub,1e-06,EX_cpd00305_e0,-0.0008317124139774555,0.027925296500981082,cpd00305_e0,import
S506C1400_Faecalibacterium_prausnitzii_G,ERR1620289_sub,1e-06,EX_cpd00034_e0,-0.001174481952428865,0.027925296500981082,cpd00034_e0,import
S506C1400_Faecalibacterium_prausnitzii_G,ERR1620289_sub,1e-06,EX_cpd00106_e0,0.9981762570099224,0.027925296500981082,cpd00106_e0,export
S506C1400_Faecalibacterium_prausnitzii_G,ERR1620289_sub,1e-06,EX_cpd00009_e0,-0.21601931062133534,0.027925296500981082,cpd00009_e0,import
S506C1400_Faecalibacterium_prausnitzii_G,ERR1620289_sub,1e-06,EX_cpd00322_e0,-0.0505289019022176,0.027925296500981082,cpd00322_e0,import
S506C1400_Faecalibacterium_prausnitzii_G,ERR1620289_sub,1e-06,EX_cpd00051_e0,-0.03779924558226818,0.027925296500981082,cpd00051_e0,import
S506C1400_Faecalibacterium_prausnitzii_G,ERR1620289_sub,1e-06,EX_cpd00367_e0,-0.02023627660349058,0.027925296500981082,cpd00367_e0,import
S506C1400_Faecalibacterium_prausnitzii_G,ERR1620289_sub,1e-06,EX_cpd00027_e0,-0.05210140606342887,0.027925296500981082,cpd00027_e0,import
S515C180_Bacteroides_fragilis_A,ERR1620289_sub,1e-06,EX_cpd00309_e0,0.02021407968230837,0.005478998842041417,cpd00309_e0,export
S515C180_Bacteroides_fragilis_A,ERR1620289_sub,1e-06,EX_cpd00105_e0,-0.0697242558941526,0.005478998842041417,cpd00105_e0,import
S515C180_Bacteroides_fragilis_A,ERR1620289_sub,1e-06,EX_cpd00264_e0,-0.00012414994889845473,0.005478998842041417,cpd00264_e0,import
S515C180_Bacteroides_fragilis_A,ERR1620289_sub,1e-06,EX_cpd00067_e0,0.7067008133340426,0.005478998842041417,cpd00067_e0,export
S515C180_Bacteroides_fragilis_A,ERR1620289_sub,1e-06,EX_cpd00048_e0,-0.0002294567314903358,0.005478998842041417,cpd00048_e0,import
S515C180_Bacteroides_fragilis_A,ERR1620289_sub,1e-06,EX_cpd00039_e0,-0.010247088322655269,0.005478998842041417,cpd00039_e0,import
S515C180_Bacteroides_fragilis_A,ERR1620289_sub,1e-06,EX_cpd00393_e0,-0.00037244984669536417,0.005478998842041417,cpd00393_e0,import
S515C180_Bacteroides_fragilis_A,ERR1620289_sub,1e-06,EX_cpd00017_e0,-0.0006207497444922737,0.005478998842041417,cpd00017_e0,import
S515C180_Bacteroides_fragilis_A,ERR1620289_sub,1e-06,EX_cpd00412_e0,-0.18454101747897253,0.005478998842041417,cpd00412_e0,import
S515C180_Bacteroides_fragilis_A,ERR1620289_sub,1e-06,EX_cpd00161_e0,-0.0075753014900611015,0.005478998842041417,cpd00161_e0,import
S515C180_Bacteroides_fragilis_A,ERR1620289_sub,1e-06,EX_cpd00069_e0,-0.004241844949720062,0.005478998842041417,cpd00069_e0,import
S515C180_Bacteroides_fragilis_A,ERR1620289_sub,1e-06,EX_cpd00184_e0,-0.0007764598997796214,0.005478998842041417,cpd00184_e0,import
S515C180_Bacteroides_fragilis_A,ERR1620289_sub,1e-06,EX_cpd00119_e0,-0.002828950763923235,0.005478998842041417,cpd00119_e0,import
S515C180_Bacteroides_fragilis_A,ERR1620289_sub,1e-06,EX_cpd00063_e0,-0.0002294567314903358,0.005478998842041417,cpd00063_e0,import
S515C180_Bacteroides_fragilis_A,ERR1620289_sub,1e-06,EX_cpd00099_e0,-0.0002294567314903358,0.005478998842041417,cpd00099_e0,import
S515C180_Bacteroides_fragilis_A,ERR1620289_sub,1e-06,EX_cpd11606_e0,-0.19463635948057734,0.005478998842041417,cpd11606_e0,import
S515C180_Bacteroides_fragilis_A,ERR1620289_sub,1e-06,EX_cpd00036_e0,0.2856181249775751,0.005478998842041417,cpd00036_e0,export
S515C180_Bacteroides_fragilis_A,ERR1620289_sub,1e-06,EX_cpd00033_e0,-0.018914631351195848,0.005478998842041417,cpd00033_e0,import
S515C180_Bacteroides_fragilis_A,ERR1620289_sub,1e-06,EX_cpd00010_e0,-0.0002482998977968859,0.005478998842041417,cpd00010_e0,import
S515C180_Bacteroides_fragilis_A,ERR1620289_sub,1e-06,EX_cpd00060_e0,-0.004092586999214966,0.005478998842041417,cpd00060_e0,import
S515C180_Bacteroides_fragilis_A,ERR1620289_sub,1e-06,EX_cpd00064_e0,-0.00012414994889845473,0.005478998842041417,cpd00064_e0,import
S515C180_Bacteroides_fragilis_A,ERR1620289_sub,1e-06,EX_cpd00156_e0,-0.012635980078857096,0.005478998842041417,cpd00156_e0,import
S515C180_Bacteroides_fragilis_A,ERR1620289_sub,1e-06,EX_cpd00277_e0,-0.027413211497659976,0.005478998842041417,cpd00277_e0,import
S515C180_Bacteroides_fragilis_A,ERR1620289_sub,1e-06,EX_cpd00132_e0,-0.007198108054871328,0.005478998842041417,cpd00132_e0,import
S515C180_Bacteroides_fragilis_A,ERR1620289_sub,1e-06,EX_cpd00058_e0,-0.0002294567314903358,0.005478998842041417,cpd00058_e0,import
S515C180_Bacteroides_fragilis_A,ERR1620289_sub,1e-06,EX_cpd00066_e0,-0.005532170382783204,0.005478998842041417,cpd00066_e0,import
S515C180_Bacteroides_fragilis_A,ERR1620289_sub,1e-06,EX_cpd00182_e0,-0.005857665078291644,0.005478998842041417,cpd00182_e0,import
S515C180_Bacteroides_fragilis_A,ERR1620289_sub,1e-06,EX_cpd00179_e0,-0.031774745119294276,0.005478998842041417,cpd00179_e0,import
S515C180_Bacteroides_fragilis_A,ERR1620289_sub,1e-06,EX_cpd00030_e0,-0.0002294567314903358,0.005478998842041417,cpd00030_e0,import
S515C180_Bacteroides_fragilis_A,ERR1620289_sub,1e-06,EX_cpd00254_e0,-0.0002294567314903358,0.005478998842041417,cpd00254_e0,import
S515C180_Bacteroides_fragilis_A,ERR1620289_sub,1e-06,EX_cpd00204_e0,0.00012414994889845473,0.005478998842041417,cpd00204_e0,export
S515C180_Bacteroides_fragilis_A,ERR1620289_sub,1e-06,EX_cpd11451_e0,0.19463635948057734,0.005478998842041417,cpd11451_e0,export
S515C180_Bacteroides_fragilis_A,ERR1620289_sub,1e-06,EX_cpd00205_e0,-0.0002294567314903358,0.005478998842041417,cpd00205_e0,import
S515C180_Bacteroides_fragilis_A,ERR1620289_sub,1e-06,EX_cpd00794_e0,-0.002170357446136052,0.005478998842041417,cpd00794_e0,import
S515C180_Bacteroides_fragilis_A,ERR1620289_sub,1e-06,EX_cpd01741_e0,-0.0026044289353632623,0.005478998842041417,cpd01741_e0,import
S515C180_Bacteroides_fragilis_A,ERR1620289_sub,1e-06,EX_cpd00129_e0,-0.00660088511582087,0.005478998842041417,cpd00129_e0,import
S515C180_Bacteroides_fragilis_A,ERR1620289_sub,1e-06,EX_cpd10516_e0,-0.0002294567314903358,0.005478998842041417,cpd10516_e0,import
S515C180_Bacteroides_fragilis_A,ERR1620289_sub,1e-06,EX_cpd10515_e0,-0.00035360668038879057,0.005478998842041417,cpd10515_e0,import
S515C180_Bacteroides_fragilis_A,ERR1620289_sub,1e-06,EX_cpd00084_e0,-0.002982952302922699,0.005478998842041417,cpd00084_e0,import
S515C180_Bacteroides_fragilis_A,ERR1620289_sub,1e-06,EX_cpd00029_e0,0.3445543681883077,0.005478998842041417,cpd00029_e0,export
S515C180_Bacteroides_fragilis_A,ERR1620289_sub,1e-06,EX_cpd00107_e0,-0.01607156846283683,0.005478998842041417,cpd00107_e0,import
S515C180_Bacteroides_fragilis_A,ERR1620289_sub,1e-06,EX_cpd00054_e0,-0.008046346906884806,0.005478998842041417,cpd00054_e0,import
S515C180_Bacteroides_fragilis_A,ERR1620289_sub,1e-06,EX_cpd00130_e0,-0.08915027690346124,0.005478998842041417,cpd00130_e0,import
S515C180_Bacteroides_fragilis_A,ERR1620289_sub,1e-06,EX_cpd00028_e0,-0.00012414994889845473,0.005478998842041417,cpd00028_e0,import
S515C180_Bacteroides_fragilis_A,ERR1620289_sub,1e-06,EX_cpd00149_e0,-0.0002294567314903358,0.005478998842041417,cpd00149_e0,import
S515C180_Bacteroides_fragilis_A,ERR1620289_sub,1e-06,EX_cpd00065_e0,-0.0016973704583539354,0.005478998842041417,cpd00065_e0,import
S515C180_Bacteroides_fragilis_A,ERR1620289_sub,1e-06,EX_cpd00023_e0,-0.009161317697969807,0.005478998842041417,cpd00023_e0,import
S515C180_Bacteroides_fragilis_A,ERR1620289_sub,1e-06,EX_cpd00034_e0,-0.0002294567314903358,0.005478998842041417,cpd00034_e0,import
S515C180_Bacteroides_fragilis_A,ERR1620289_sub,1e-06,EX_cpd00220_e0,-0.00024829989779690946,0.005478998842041417,cpd00220_e0,import
S515C180_Bacteroides_fragilis_A,ERR1620289_sub,1e-06,EX_cpd00012_e0,-0.015451423918215058,0.005478998842041417,cpd00012_e0,import
S515C180_Bacteroides_fragilis_A,ERR1620289_sub,1e-06,EX_cpd00053_e0,-0.008106496464250318,0.005478998842041417,cpd00053_e0,import
S515C180_Bacteroides_fragilis_A,ERR1620289_sub,1e-06,EX_cpd00322_e0,-0.011293784950433173,0.005478998842041417,cpd00322_e0,import
S515C180_Bacteroides_fragilis_A,ERR1620289_sub,1e-06,EX_cpd00051_e0,-0.00883261294069364,0.005478998842041417,cpd00051_e0,import
S515C180_Bacteroides_fragilis_A,ERR1620289_sub,1e-06,EX_cpd00092_e0,0.18024957966400745,0.005478998842041417,cpd00092_e0,export
S515C180_Bacteroides_fragilis_A,ERR1620289_sub,1e-06,EX_cpd00367_e0,-0.0047752641606028205,0.005478998842041417,cpd00367_e0,import
S619C2566_Phocaeicola_sp900066455,ERR1620289_sub,1e-06,EX_cpd00118_e0,-5.297685546122996e-05,0.002338079055143788,cpd00118_e0,import
S619C2566_Phocaeicola_sp900066455,ERR1620289_sub,1e-06,EX_cpd00309_e0,0.09695008914403692,0.002338079055143788,cpd00309_e0,export
S619C2566_Phocaeicola_sp900066455,ERR1620289_sub,1e-06,EX_cpd00264_e0,-5.297685546122996e-05,0.002338079055143788,cpd00264_e0,import
S619C2566_Phocaeicola_sp900066455,ERR1620289_sub,1e-06,EX_cpd00071_e0,0.04183723742929028,0.002338079055143788,cpd00071_e0,export
S619C2566_Phocaeicola_sp900066455,ERR1620289_sub,1e-06,EX_cpd00048_e0,-9.791301733609554e-05,0.002338079055143788,cpd00048_e0,import
S619C2566_Phocaeicola_sp900066455,ERR1620289_sub,1e-06,EX_cpd00039_e0,-0.004372603627986853,0.002338079055143788,cpd00039_e0,import
S619C2566_Phocaeicola_sp900066455,ERR1620289_sub,1e-06,EX_cpd00017_e0,-0.0003178611327673798,0.002338079055143788,cpd00017_e0,import
S619C2566_Phocaeicola_sp900066455,ERR1620289_sub,1e-06,EX_cpd00007_e0,-0.08766401098133272,0.002338079055143788,cpd00007_e0,import
S619C2566_Phocaeicola_sp900066455,ERR1620289_sub,1e-06,EX_cpd00013_e0,0.09901990658468937,0.002338079055143788,cpd00013_e0,export
S619C2566_Phocaeicola_sp900066455,ERR1620289_sub,1e-06,EX_cpd00161_e0,-0.00323250759001482,0.002338079055143788,cpd00161_e0,import
S619C2566_Phocaeicola_sp900066455,ERR1620289_sub,1e-06,EX_cpd00069_e0,-0.001810066043394602,0.002338079055143788,cpd00069_e0,import
S619C2566_Phocaeicola_sp900066455,ERR1620289_sub,1e-06,EX_cpd00184_e0,-0.0003313283996251254,0.002338079055143788,cpd00184_e0,import
S619C2566_Phocaeicola_sp900066455,ERR1620289_sub,1e-06,EX_cpd00003_e0,-0.00010595371092247952,0.002338079055143788,cpd00003_e0,import
S619C2566_Phocaeicola_sp900066455,ERR1620289_sub,1e-06,EX_cpd00119_e0,-0.001207160510793917,0.002338079055143788,cpd00119_e0,import
S619C2566_Phocaeicola_sp900066455,ERR1620289_sub,1e-06,EX_cpd00063_e0,-9.791301733609554e-05,0.002338079055143788,cpd00063_e0,import
S619C2566_Phocaeicola_sp900066455,ERR1620289_sub,1e-06,EX_cpd00099_e0,-9.791301733609554e-05,0.002338079055143788,cpd00099_e0,import
S619C2566_Phocaeicola_sp900066455,ERR1620289_sub,1e-06,EX_cpd11606_e0,-0.0001589305663836899,0.002338079055143788,cpd11606_e0,import
S619C2566_Phocaeicola_sp900066455,ERR1620289_sub,1e-06,EX_cpd00036_e0,0.00828230286756503,0.002338079055143788,cpd00036_e0,export
S619C2566_Phocaeicola_sp900066455,ERR1620289_sub,1e-06,EX_cpd00033_e0,-0.0074884435036999455,0.002338079055143788,cpd00033_e0,import
S619C2566_Phocaeicola_sp900066455,ERR1620289_sub,1e-06,EX_cpd00232_e0,-0.0007409021992732206,0.002338079055143788,cpd00232_e0,import
S619C2566_Phocaeicola_sp900066455,ERR1620289_sub,1e-06,EX_cpd00010_e0,-0.00010595371092245176,0.002338079055143788,cpd00010_e0,import
S619C2566_Phocaeicola_sp900066455,ERR1620289_sub,1e-06,EX_cpd00060_e0,-0.001693398329092863,0.002338079055143788,cpd00060_e0,import
S619C2566_Phocaeicola_sp900066455,ERR1620289_sub,1e-06,EX_cpd00311_e0,-0.05850270255844148,0.002338079055143788,cpd00311_e0,import
S619C2566_Phocaeicola_sp900066455,ERR1620289_sub,1e-06,EX_cpd00156_e0,-0.005391983614879487,0.002338079055143788,cpd00156_e0,import
S619C2566_Phocaeicola_sp900066455,ERR1620289_sub,1e-06,EX_cpd00277_e0,-0.04167830686290659,0.002338079055143788,cpd00277_e0,import
S619C2566_Phocaeicola_sp900066455,ERR1620289_sub,1e-06,EX_cpd00132_e0,-0.0030715528552422936,0.002338079055143788,cpd00132_e0,import
S619C2566_Phocaeicola_sp900066455,ERR1620289_sub,1e-06,EX_cpd00588_e0,0.0007362834195535323,0.002338079055143788,cpd00588_e0,export
S619C2566_Phocaeicola_sp900066455,ERR1620289_sub,1e-06,EX_cpd00058_e0,-9.791301733609554e-05,0.002338079055143788,cpd00058_e0,import
S619C2566_Phocaeicola_sp900066455,ERR1620289_sub,1e-06,EX_cpd00066_e0,-0.002360669443330322,0.002338079055143788,cpd00066_e0,import
S619C2566_Phocaeicola_sp900066455,ERR1620289_sub,1e-06,EX_cpd00182_e0,-0.0023406328965617784,0.002338079055143788,cpd00182_e0,import
S619C2566_Phocaeicola_sp900066455,ERR1620289_sub,1e-06,EX_cpd00030_e0,-9.791301733609554e-05,0.002338079055143788,cpd00030_e0,import
S619C2566_Phocaeicola_sp900066455,ERR1620289_sub,1e-06,EX_cpd00254_e0,-9.791301733609554e-05,0.002338079055143788,cpd00254_e0,import
S619C2566_Phocaeicola_sp900066455,ERR1620289_sub,1e-06,EX_cpd11451_e0,0.0001589305663836899,0.002338079055143788,cpd11451_e0,export
S619C2566_Phocaeicola_sp900066455,ERR1620289_sub,1e-06,EX_cpd00205_e0,-9.791301733609554e-05,0.002338079055143788,cpd00205_e0,import
S619C2566_Phocaeicola_sp900066455,ERR1620289_sub,1e-06,EX_cpd01741_e0,-0.001111353298909831,0.002338079055143788,cpd01741_e0,import
S619C2566_Phocaeicola_sp900066455,ERR1620289_sub,1e-06,EX_cpd00129_e0,-0.0028167078585191346,0.002338079055143788,cpd00129_e0,import
S619C2566_Phocaeicola_sp900066455,ERR1620289_sub,1e-06,EX_cpd10516_e0,-9.791301733609554e-05,0.002338079055143788,cpd10516_e0,import
S619C2566_Phocaeicola_sp900066455,ERR1620289_sub,1e-06,EX_cpd10515_e0,-0.00020386672825855543,0.002338079055143788,cpd10515_e0,import
S619C2566_Phocaeicola_sp900066455,ERR1620289_sub,1e-06,EX_cpd00082_e0,0.008099117615088856,0.002338079055143788,cpd00082_e0,export
S619C2566_Phocaeicola_sp900066455,ERR1620289_sub,1e-06,EX_cpd00084_e0,-0.0012728755380232448,0.002338079055143788,cpd00084_e0,import
S619C2566_Phocaeicola_sp900066455,ERR1620289_sub,1e-06,EX_cpd00047_e0,0.015449637320717554,0.002338079055143788,cpd00047_e0,export
S619C2566_Phocaeicola_sp900066455,ERR1620289_sub,1e-06,EX_cpd00029_e0,0.08869036422239022,0.002338079055143788,cpd00029_e0,export
S619C2566_Phocaeicola_sp900066455,ERR1620289_sub,1e-06,EX_cpd00107_e0,-0.006858006523928306,0.002338079055143788,cpd00107_e0,import
S619C2566_Phocaeicola_sp900066455,ERR1620289_sub,1e-06,EX_cpd90003_e0,-3.4301027744130583e-05,0.002338079055143788,cpd90003_e0,import
S619C2566_Phocaeicola_sp900066455,ERR1620289_sub,1e-06,EX_cpd00054_e0,-0.0034335105318940404,0.002338079055143788,cpd00054_e0,import
S619C2566_Phocaeicola_sp900066455,ERR1620289_sub,1e-06,EX_cpd00149_e0,-9.791301733609554e-05,0.002338079055143788,cpd00149_e0,import
S619C2566_Phocaeicola_sp900066455,ERR1620289_sub,1e-06,EX_cpd00065_e0,-0.0007242963064763478,0.002338079055143788,cpd00065_e0,import
S619C2566_Phocaeicola_sp900066455,ERR1620289_sub,1e-06,EX_cpd00023_e0,-0.012615404890395986,0.002338079055143788,cpd00023_e0,import
S619C2566_Phocaeicola_sp900066455,ERR1620289_sub,1e-06,EX_cpd00034_e0,-9.791301733609554e-05,0.002338079055143788,cpd00034_e0,import
S619C2566_Phocaeicola_sp900066455,ERR1620289_sub,1e-06,EX_cpd00220_e0,-0.00010595371092245992,0.002338079055143788,cpd00220_e0,import
S619C2566_Phocaeicola_sp900066455,ERR1620289_sub,1e-06,EX_cpd00100_e0,0.0004189828688906356,0.002338079055143788,cpd00100_e0,export
S619C2566_Phocaeicola_sp900066455,ERR1620289_sub,1e-06,EX_cpd28763_e0,-0.0007362834195535323,0.002338079055143788,cpd28763_e0,import
S619C2566_Phocaeicola_sp900066455,ERR1620289_sub,1e-06,EX_cpd00012_e0,-0.006487426784587573,0.002338079055143788,cpd00012_e0,import
S619C2566_Phocaeicola_sp900066455,ERR1620289_sub,1e-06,EX_cpd00053_e0,-0.0036181079184003533,0.002338079055143788,cpd00053_e0,import
S619C2566_Phocaeicola_sp900066455,ERR1620289_sub,1e-06,EX_cpd00322_e0,-0.004819246550143037,0.002338079055143788,cpd00322_e0,import
S619C2566_Phocaeicola_sp900066455,ERR1620289_sub,1e-06,EX_cpd00051_e0,-0.0037690233725898893,0.002338079055143788,cpd00051_e0,import
S619C2566_Phocaeicola_sp900066455,ERR1620289_sub,1e-06,EX_cpd00011_e0,0.10777066072106807,0.002338079055143788,cpd00011_e0,export
S619C2566_Phocaeicola_sp900066455,ERR1620289_sub,1e-06,EX_cpd00367_e0,-0.003868913071100643,0.002338079055143788,cpd00367_e0,import
S749C937_Phocaeicola_plebeius,ERR1620289_sub,1e-06,EX_cpd00105_e0,-0.01809853539385546,0.09129932240031179,cpd00105_e0,import
S749C937_Phocaeicola_plebeius,ERR1620289_sub,1e-06,EX_cpd00264_e0,0.0011100617820573799,0.09129932240031179,cpd00264_e0,export
S749C937_Phocaeicola_plebeius,ERR1620289_sub,1e-06,EX_cpd00067_e0,16.488400002806145,0.09129932240031179,cpd00067_e0,export
S749C937_Phocaeicola_plebeius,ERR1620289_sub,1e-06,EX_cpd00048_e0,-0.0038236687707206727,0.09129932240031179,cpd00048_e0,import
S749C937_Phocaeicola_plebeius,ERR1620289_sub,1e-06,EX_cpd00039_e0,-0.1707575600666292,0.09129932240031179,cpd00039_e0,import
S749C937_Phocaeicola_plebeius,ERR1620289_sub,1e-06,EX_cpd00017_e0,-0.008275342883276141,0.09129932240031179,cpd00017_e0,import
S749C937_Phocaeicola_plebeius,ERR1620289_sub,1e-06,EX_cpd00013_e0,0.11904658961099596,0.09129932240031179,cpd00013_e0,export
S749C937_Phocaeicola_plebeius,ERR1620289_sub,1e-06,EX_cpd00161_e0,-0.12623488336213998,0.09129932240031179,cpd00161_e0,import
S749C937_Phocaeicola_plebeius,ERR1620289_sub,1e-06,EX_cpd00069_e0,-0.07068613746538495,0.09129932240031179,cpd00069_e0,import
S749C937_Phocaeicola_plebeius,ERR1620289_sub,1e-06,EX_cpd00184_e0,-0.012938933851366595,0.09129932240031179,cpd00184_e0,import
S749C937_Phocaeicola_plebeius,ERR1620289_sub,1e-06,EX_cpd00119_e0,-0.04714165768710625,0.09129932240031179,cpd00119_e0,import
S749C937_Phocaeicola_plebeius,ERR1620289_sub,1e-06,EX_cpd00063_e0,-0.0038236687707206727,0.09129932240031179,cpd00063_e0,import
S749C937_Phocaeicola_plebeius,ERR1620289_sub,1e-06,EX_cpd00099_e0,-0.0038236687707206727,0.09129932240031179,cpd00099_e0,import
S749C937_Phocaeicola_plebeius,ERR1620289_sub,1e-06,EX_cpd11606_e0,-3.8169298664616655,0.09129932240031179,cpd11606_e0,import
S749C937_Phocaeicola_plebeius,ERR1620289_sub,1e-06,EX_cpd00036_e0,7.062551200548615,0.09129932240031179,cpd00036_e0,export
S749C937_Phocaeicola_plebeius,ERR1620289_sub,1e-06,EX_cpd00033_e0,-0.30898705781825836,0.09129932240031179,cpd00033_e0,import
S749C937_Phocaeicola_plebeius,ERR1620289_sub,1e-06,EX_cpd00232_e0,-0.028933482784979078,0.09129932240031179,cpd00232_e0,import
S749C937_Phocaeicola_plebeius,ERR1620289_sub,1e-06,EX_cpd00010_e0,-0.004137671441636515,0.09129932240031179,cpd00010_e0,import
S749C937_Phocaeicola_plebeius,ERR1620289_sub,1e-06,EX_cpd00060_e0,-0.07026773752995939,0.09129932240031179,cpd00060_e0,import
S749C937_Phocaeicola_plebeius,ERR1620289_sub,1e-06,EX_cpd00064_e0,-0.00524773322369545,0.09129932240031179,cpd00064_e0,import
S749C937_Phocaeicola_plebeius,ERR1620289_sub,1e-06,EX_cpd00311_e0,-0.12617289611897783,0.09129932240031179,cpd00311_e0,import
S749C937_Phocaeicola_plebeius,ERR1620289_sub,1e-06,EX_cpd00156_e0,-0.2105660710024076,0.09129932240031179,cpd00156_e0,import
S749C937_Phocaeicola_plebeius,ERR1620289_sub,1e-06,EX_cpd00132_e0,-0.11994932900385899,0.09129932240031179,cpd00132_e0,import
S749C937_Phocaeicola_plebeius,ERR1620289_sub,1e-06,EX_cpd00058_e0,-0.0038236687707206727,0.09129932240031179,cpd00058_e0,import
S749C937_Phocaeicola_plebeius,ERR1620289_sub,1e-06,EX_cpd00066_e0,-0.0921881305881187,0.09129932240031179,cpd00066_e0,import
S749C937_Phocaeicola_plebeius,ERR1620289_sub,1e-06,EX_cpd00182_e0,-0.09968101246429018,0.09129932240031179,cpd00182_e0,import
S749C937_Phocaeicola_plebeius,ERR1620289_sub,1e-06,EX_cpd00030_e0,-0.0038236687707206727,0.09129932240031179,cpd00030_e0,import
S749C937_Phocaeicola_plebeius,ERR1620289_sub,1e-06,EX_cpd00254_e0,-0.0038236687707206727,0.09129932240031179,cpd00254_e0,import
S749C937_Phocaeicola_plebeius,ERR1620289_sub,1e-06,EX_cpd11451_e0,3.8169298664616655,0.09129932240031179,cpd11451_e0,export
S749C937_Phocaeicola_plebeius,ERR1620289_sub,1e-06,EX_cpd00205_e0,-0.0038236687707206727,0.09129932240031179,cpd00205_e0,import
S749C937_Phocaeicola_plebeius,ERR1620289_sub,1e-06,EX_cpd01741_e0,-0.043400224177468624,0.09129932240031179,cpd01741_e0,import
S749C937_Phocaeicola_plebeius,ERR1620289_sub,1e-06,EX_cpd00129_e0,-0.1099972012699144,0.09129932240031179,cpd00129_e0,import
S749C937_Phocaeicola_plebeius,ERR1620289_sub,1e-06,EX_cpd10516_e0,-0.0038236687707206727,0.09129932240031179,cpd10516_e0,import
S749C937_Phocaeicola_plebeius,ERR1620289_sub,1e-06,EX_cpd10515_e0,-0.005892504491539708,0.09129932240031179,cpd10515_e0,import
S749C937_Phocaeicola_plebeius,ERR1620289_sub,1e-06,EX_cpd00084_e0,-0.049707940539174045,0.09129932240031179,cpd00084_e0,import
S749C937_Phocaeicola_plebeius,ERR1620289_sub,1e-06,EX_cpd00363_e0,0.0020688357208190353,0.09129932240031179,cpd00363_e0,export
S749C937_Phocaeicola_plebeius,ERR1620289_sub,1e-06,EX_cpd00029_e0,4.420718692096037,0.09129932240031179,cpd00029_e0,export
S749C937_Phocaeicola_plebeius,ERR1620289_sub,1e-06,EX_cpd00107_e0,-0.2678167427414813,0.09129932240031179,cpd00107_e0,import
S749C937_Phocaeicola_plebeius,ERR1620289_sub,1e-06,EX_cpd00028_e0,-0.0020688357208190353,0.09129932240031179,cpd00028_e0,import
S749C937_Phocaeicola_plebeius,ERR1620289_sub,1e-06,EX_cpd00149_e0,-0.0038236687707206727,0.09129932240031179,cpd00149_e0,import
S749C937_Phocaeicola_plebeius,ERR1620289_sub,1e-06,EX_cpd00065_e0,-0.028284994612263657,0.09129932240031179,cpd00065_e0,import
S749C937_Phocaeicola_plebeius,ERR1620289_sub,1e-06,EX_cpd00023_e0,-0.9341686534992575,0.09129932240031179,cpd00023_e0,import
S749C937_Phocaeicola_plebeius,ERR1620289_sub,1e-06,EX_cpd00034_e0,-0.0038236687707206727,0.09129932240031179,cpd00034_e0,import
S749C937_Phocaeicola_plebeius,ERR1620289_sub,1e-06,EX_cpd00220_e0,-0.004137671441638071,0.09129932240031179,cpd00220_e0,import
S749C937_Phocaeicola_plebeius,ERR1620289_sub,1e-06,EX_cpd00106_e0,-0.3104597669143589,0.09129932240031179,cpd00106_e0,import
S749C937_Phocaeicola_plebeius,ERR1620289_sub,1e-06,EX_cpd28763_e0,-0.5195670821016494,0.09129932240031179,cpd28763_e0,import
S749C937_Phocaeicola_plebeius,ERR1620289_sub,1e-06,EX_cpd00012_e0,-0.2574826491928083,0.09129932240031179,cpd00012_e0,import
S749C937_Phocaeicola_plebeius,ERR1620289_sub,1e-06,EX_cpd00322_e0,-0.1881997208699246,0.09129932240031179,cpd00322_e0,import
S749C937_Phocaeicola_plebeius,ERR1620289_sub,1e-06,EX_cpd00051_e0,-0.1471867312230759,0.09129932240031179,cpd00051_e0,import
S749C937_Phocaeicola_plebeius,ERR1620289_sub,1e-06,EX_cpd00367_e0,-0.15108759273366762,0.09129932240031179,cpd00367_e0,import
S74C75_Phascolarctobacterium_faecium,ERR1620289_sub,1e-06,EX_cpd00024_e0,-0.3367231350172479,0.005997428693469711,cpd00024_e0,import
S74C75_Phascolarctobacterium_faecium,ERR1620289_sub,1e-06,EX_cpd00309_e0,0.30019303580314993,0.005997428693469711,cpd00309_e0,export
S74C75_Phascolarctobacterium_faecium,ERR1620289_sub,1e-06,EX_cpd00264_e0,-0.0001371980683927256,0.005997428693469711,cpd00264_e0,import
S74C75_Phascolarctobacterium_faecium,ERR1620289_sub,1e-06,EX_cpd00067_e0,0.06181441495160359,0.005997428693469711,cpd00067_e0,export
S74C75_Phascolarctobacterium_faecium,ERR1620289_sub,1e-06,EX_cpd00048_e0,-0.0002535725597916392,0.005997428693469711,cpd00048_e0,import
S74C75_Phascolarctobacterium_faecium,ERR1620289_sub,1e-06,EX_cpd00017_e0,-0.000685990341963628,0.005997428693469711,cpd00017_e0,import
S74C75_Phascolarctobacterium_faecium,ERR1620289_sub,1e-06,EX_cpd00161_e0,-0.011264985429761917,0.005997428693469711,cpd00161_e0,import
S74C75_Phascolarctobacterium_faecium,ERR1620289_sub,1e-06,EX_cpd00069_e0,-0.004687661482640161,0.005997428693469711,cpd00069_e0,import
S74C75_Phascolarctobacterium_faecium,ERR1620289_sub,1e-06,EX_cpd00003_e0,-0.0002743961367855374,0.005997428693469711,cpd00003_e0,import
S74C75_Phascolarctobacterium_faecium,ERR1620289_sub,1e-06,EX_cpd00119_e0,-0.0031262725746738045,0.005997428693469711,cpd00119_e0,import
S74C75_Phascolarctobacterium_faecium,ERR1620289_sub,1e-06,EX_cpd00063_e0,-0.0002535725597916392,0.005997428693469711,cpd00063_e0,import
S74C75_Phascolarctobacterium_faecium,ERR1620289_sub,1e-06,EX_cpd00099_e0,-0.0002535725597916392,0.005997428693469711,cpd00099_e0,import
S74C75_Phascolarctobacterium_faecium,ERR1620289_sub,1e-06,EX_cpd00036_e0,0.2282194770201832,0.005997428693469711,cpd00036_e0,export
S74C75_Phascolarctobacterium_faecium,ERR1620289_sub,1e-06,EX_cpd00033_e0,-0.018535308654966907,0.005997428693469711,cpd00033_e0,import
S74C75_Phascolarctobacterium_faecium,ERR1620289_sub,1e-06,EX_cpd00010_e0,-0.0002743961367853709,0.005997428693469711,cpd00010_e0,import
S74C75_Phascolarctobacterium_faecium,ERR1620289_sub,1e-06,EX_cpd00060_e0,-0.004522716569788804,0.005997428693469711,cpd00060_e0,import
S74C75_Phascolarctobacterium_faecium,ERR1620289_sub,1e-06,EX_cpd00239_e0,-0.0032964596256367914,0.005997428693469711,cpd00239_e0,import
S74C75_Phascolarctobacterium_faecium,ERR1620289_sub,1e-06,EX_cpd00277_e0,-0.27426965000598574,0.005997428693469711,cpd00277_e0,import
S74C75_Phascolarctobacterium_faecium,ERR1620289_sub,1e-06,EX_cpd00132_e0,-0.007954626884447775,0.005997428693469711,cpd00132_e0,import
S74C75_Phascolarctobacterium_faecium,ERR1620289_sub,1e-06,EX_cpd00058_e0,-0.0002535725597916392,0.005997428693469711,cpd00058_e0,import
S74C75_Phascolarctobacterium_faecium,ERR1620289_sub,1e-06,EX_cpd00182_e0,-0.00030927331066309404,0.005997428693469711,cpd00182_e0,import
S74C75_Phascolarctobacterium_faecium,ERR1620289_sub,1e-06,EX_cpd00030_e0,-0.0002535725597916392,0.005997428693469711,cpd00030_e0,import
S74C75_Phascolarctobacterium_faecium,ERR1620289_sub,1e-06,EX_cpd00254_e0,-0.0002535725597916392,0.005997428693469711,cpd00254_e0,import
S74C75_Phascolarctobacterium_faecium,ERR1620289_sub,1e-06,EX_cpd00204_e0,0.0001371980683927256,0.005997428693469711,cpd00204_e0,export
S74C75_Phascolarctobacterium_faecium,ERR1620289_sub,1e-06,EX_cpd00205_e0,-0.0002535725597916392,0.005997428693469711,cpd00205_e0,import
S74C75_Phascolarctobacterium_faecium,ERR1620289_sub,1e-06,EX_cpd10516_e0,-0.0002535725597916392,0.005997428693469711,cpd10516_e0,import
S74C75_Phascolarctobacterium_faecium,ERR1620289_sub,1e-06,EX_cpd00211_e0,-0.0028781535745151642,0.005997428693469711,cpd00211_e0,import
S74C75_Phascolarctobacterium_faecium,ERR1620289_sub,1e-06,EX_cpd10515_e0,-0.0003907706281843648,0.005997428693469711,cpd10515_e0,import
S74C75_Phascolarctobacterium_faecium,ERR1620289_sub,1e-06,EX_cpd11640_e0,0.4083542913048403,0.005997428693469711,cpd11640_e0,export
S74C75_Phascolarctobacterium_faecium,ERR1620289_sub,1e-06,EX_cpd00082_e0,-0.10277744018127209,0.005997428693469711,cpd00082_e0,import
S74C75_Phascolarctobacterium_faecium,ERR1620289_sub,1e-06,EX_cpd00363_e0,0.2736859805585372,0.005997428693469711,cpd00363_e0,export
S74C75_Phascolarctobacterium_faecium,ERR1620289_sub,1e-06,EX_cpd00029_e0,0.3043292153777057,0.005997428693469711,cpd00029_e0,export
S74C75_Phascolarctobacterium_faecium,ERR1620289_sub,1e-06,EX_cpd00107_e0,-0.017760685112695233,0.005997428693469711,cpd00107_e0,import
S74C75_Phascolarctobacterium_faecium,ERR1620289_sub,1e-06,EX_cpd01217_e0,-0.04018037258108213,0.005997428693469711,cpd01217_e0,import
S74C75_Phascolarctobacterium_faecium,ERR1620289_sub,1e-06,EX_cpd00054_e0,-0.013046540575461632,0.005997428693469711,cpd00054_e0,import
S74C75_Phascolarctobacterium_faecium,ERR1620289_sub,1e-06,EX_cpd00028_e0,-0.0001371980683927256,0.005997428693469711,cpd00028_e0,import
S74C75_Phascolarctobacterium_faecium,ERR1620289_sub,1e-06,EX_cpd00149_e0,-0.0002535725597916392,0.005997428693469711,cpd00149_e0,import
S74C75_Phascolarctobacterium_faecium,ERR1620289_sub,1e-06,EX_cpd00065_e0,-0.0018757635448042763,0.005997428693469711,cpd00065_e0,import
S74C75_Phascolarctobacterium_faecium,ERR1620289_sub,1e-06,EX_cpd00034_e0,-0.0002535725597916392,0.005997428693469711,cpd00034_e0,import
S74C75_Phascolarctobacterium_faecium,ERR1620289_sub,1e-06,EX_cpd00220_e0,-0.0002743961367854511,0.005997428693469711,cpd00220_e0,import
S74C75_Phascolarctobacterium_faecium,ERR1620289_sub,1e-06,EX_cpd00106_e0,0.005889634336916194,0.005997428693469711,cpd00106_e0,export
S74C75_Phascolarctobacterium_faecium,ERR1620289_sub,1e-06,EX_cpd00012_e0,-0.016800967440126796,0.005997428693469711,cpd00012_e0,import
S74C75_Phascolarctobacterium_faecium,ERR1620289_sub,1e-06,EX_cpd00053_e0,0.08157757386755791,0.005997428693469711,cpd00053_e0,export
S74C75_Phascolarctobacterium_faecium,ERR1620289_sub,1e-06,EX_cpd00322_e0,-0.009587235895666325,0.005997428693469711,cpd00322_e0,import
S74C75_Phascolarctobacterium_faecium,ERR1620289_sub,1e-06,EX_cpd00051_e0,-0.009760917705370416,0.005997428693469711,cpd00051_e0,import
S74C75_Phascolarctobacterium_faecium,ERR1620289_sub,1e-06,EX_cpd00011_e0,0.629939421290597,0.005997428693469711,cpd00011_e0,export
S74C75_Phascolarctobacterium_faecium,ERR1620289_sub,1e-06,EX_cpd00367_e0,-0.010877675006368097,0.005997428693469711,cpd00367_e0,import
S74C75_Phascolarctobacterium_faecium,ERR1620289_sub,1e-06,EX_cpd00001_e0,-0.39205423052537414,0.005997428693469711,cpd00001_e0,import
S801C789_Blautia_A_sp003471165,ERR1620289_sub,1e-06,EX_cpd00067_e0,8.80962045714963,0.072201844132812,cpd00067_e0,export
S801C789_Blautia_A_sp003471165,ERR1620289_sub,1e-06,EX_cpd00048_e0,-0.0030714524132939604,0.072201844132812,cpd00048_e0,import
S801C789_Blautia_A_sp003471165,ERR1620289_sub,1e-06,EX_cpd00039_e0,-0.15816866878728583,0.072201844132812,cpd00039_e0,import
S801C789_Blautia_A_sp003471165,ERR1620289_sub,1e-06,EX_cpd00393_e0,-0.006525170767744914,0.072201844132812,cpd00393_e0,import
S801C789_Blautia_A_sp003471165,ERR1620289_sub,1e-06,EX_cpd00017_e0,-0.006525170767744916,0.072201844132812,cpd00017_e0,import
S801C789_Blautia_A_sp003471165,ERR1620289_sub,1e-06,EX_cpd00161_e0,-0.25908389455280334,0.072201844132812,cpd00161_e0,import
S801C789_Blautia_A_sp003471165,ERR1620289_sub,1e-06,EX_cpd00069_e0,-0.054257859799182684,0.072201844132812,cpd00069_e0,import
S801C789_Blautia_A_sp003471165,ERR1620289_sub,1e-06,EX_cpd00003_e0,-0.004350113845162706,0.072201844132812,cpd00003_e0,import
S801C789_Blautia_A_sp003471165,ERR1620289_sub,1e-06,EX_cpd00119_e0,-0.04004270095880654,0.072201844132812,cpd00119_e0,import
S801C789_Blautia_A_sp003471165,ERR1620289_sub,1e-06,EX_cpd00063_e0,-0.0030714524132939604,0.072201844132812,cpd00063_e0,import
S801C789_Blautia_A_sp003471165,ERR1620289_sub,1e-06,EX_cpd00099_e0,-0.0030714524132939604,0.072201844132812,cpd00099_e0,import
S801C789_Blautia_A_sp003471165,ERR1620289_sub,1e-06,EX_cpd00036_e0,0.05292100102631388,0.072201844132812,cpd00036_e0,export
S801C789_Blautia_A_sp003471165,ERR1620289_sub,1e-06,EX_cpd00033_e0,-0.19400153069789824,0.072201844132812,cpd00033_e0,import
S801C789_Blautia_A_sp003471165,ERR1620289_sub,1e-06,EX_cpd00232_e0,-0.08764829292685475,0.072201844132812,cpd00232_e0,import
S801C789_Blautia_A_sp003471165,ERR1620289_sub,1e-06,EX_cpd00060_e0,-0.05110902698278397,0.072201844132812,cpd00060_e0,import
S801C789_Blautia_A_sp003471165,ERR1620289_sub,1e-06,EX_cpd00239_e0,0.004350113845163277,0.072201844132812,cpd00239_e0,export
S801C789_Blautia_A_sp003471165,ERR1620289_sub,1e-06,EX_cpd00064_e0,0.282086227834358,0.072201844132812,cpd00064_e0,export
S801C789_Blautia_A_sp003471165,ERR1620289_sub,1e-06,EX_cpd00311_e0,-0.0391703769088399,0.072201844132812,cpd00311_e0,import
S801C789_Blautia_A_sp003471165,ERR1620289_sub,1e-06,EX_cpd00132_e0,-0.07247728873543978,0.072201844132812,cpd00132_e0,import
S801C789_Blautia_A_sp003471165,ERR1620289_sub,1e-06,EX_cpd00324_e0,-0.004350113845163277,0.072201844132812,cpd00324_e0,import
S801C789_Blautia_A_sp003471165,ERR1620289_sub,1e-06,EX_cpd00058_e0,-0.0030714524132939604,0.072201844132812,cpd00058_e0,import
S801C789_Blautia_A_sp003471165,ERR1620289_sub,1e-06,EX_cpd00182_e0,-0.030467942099648995,0.072201844132812,cpd00182_e0,import
S801C789_Blautia_A_sp003471165,ERR1620289_sub,1e-06,EX_cpd00030_e0,-0.0030714524132939604,0.072201844132812,cpd00030_e0,import
S801C789_Blautia_A_sp003471165,ERR1620289_sub,1e-06,EX_cpd00254_e0,-0.0030714524132939604,0.072201844132812,cpd00254_e0,import
S801C789_Blautia_A_sp003471165,ERR1620289_sub,1e-06,EX_cpd00204_e0,4.016541256016739,0.072201844132812,cpd00204_e0,export
S801C789_Blautia_A_sp003471165,ERR1620289_sub,1e-06,EX_cpd00205_e0,-0.0030714524132939604,0.072201844132812,cpd00205_e0,import
S801C789_Blautia_A_sp003471165,ERR1620289_sub,1e-06,EX_cpd00129_e0,-0.07868390738405474,0.072201844132812,cpd00129_e0,import
S801C789_Blautia_A_sp003471165,ERR1620289_sub,1e-06,EX_cpd10516_e0,-0.0030714524132939604,0.072201844132812,cpd10516_e0,import
S801C789_Blautia_A_sp003471165,ERR1620289_sub,1e-06,EX_cpd00644_e0,-0.0043501138451631505,0.072201844132812,cpd00644_e0,import
S801C789_Blautia_A_sp003471165,ERR1620289_sub,1e-06,EX_cpd10515_e0,-0.005246509335875599,0.072201844132812,cpd10515_e0,import
S801C789_Blautia_A_sp003471165,ERR1620289_sub,1e-06,EX_cpd11640_e0,5.918975174255401,0.072201844132812,cpd11640_e0,export
S801C789_Blautia_A_sp003471165,ERR1620289_sub,1e-06,EX_cpd00082_e0,-1.1415374737826274,0.072201844132812,cpd00082_e0,import
S801C789_Blautia_A_sp003471165,ERR1620289_sub,1e-06,EX_cpd00084_e0,-0.03435484793411535,0.072201844132812,cpd00084_e0,import
S801C789_Blautia_A_sp003471165,ERR1620289_sub,1e-06,EX_cpd00076_e0,-1.3855373822800128,0.072201844132812,cpd00076_e0,import
S801C789_Blautia_A_sp003471165,ERR1620289_sub,1e-06,EX_cpd00029_e0,13.264773699928625,0.072201844132812,cpd00029_e0,export
S801C789_Blautia_A_sp003471165,ERR1620289_sub,1e-06,EX_cpd00107_e0,-0.20542667526800273,0.072201844132812,cpd00107_e0,import
S801C789_Blautia_A_sp003471165,ERR1620289_sub,1e-06,EX_cpd90003_e0,-0.10177404586345018,0.072201844132812,cpd90003_e0,import
S801C789_Blautia_A_sp003471165,ERR1620289_sub,1e-06,EX_cpd00028_e0,-0.0021750569225816386,0.072201844132812,cpd00028_e0,import
S801C789_Blautia_A_sp003471165,ERR1620289_sub,1e-06,EX_cpd00149_e0,-0.0030714524132939604,0.072201844132812,cpd00149_e0,import
S801C789_Blautia_A_sp003471165,ERR1620289_sub,1e-06,EX_cpd00065_e0,-0.026628396137606345,0.072201844132812,cpd00065_e0,import
S801C789_Blautia_A_sp003471165,ERR1620289_sub,1e-06,EX_cpd00305_e0,-0.0021750569225816386,0.072201844132812,cpd00305_e0,import
S801C789_Blautia_A_sp003471165,ERR1620289_sub,1e-06,EX_cpd00034_e0,-0.0030714524132939604,0.072201844132812,cpd00034_e0,import
S801C789_Blautia_A_sp003471165,ERR1620289_sub,1e-06,EX_cpd00220_e0,-0.004350113845163277,0.072201844132812,cpd00220_e0,import
S801C789_Blautia_A_sp003471165,ERR1620289_sub,1e-06,EX_cpd00009_e0,-0.5562237641631778,0.072201844132812,cpd00009_e0,import
S801C789_Blautia_A_sp003471165,ERR1620289_sub,1e-06,EX_cpd00053_e0,-0.2754443200738038,0.072201844132812,cpd00053_e0,import
S801C789_Blautia_A_sp003471165,ERR1620289_sub,1e-06,EX_cpd00051_e0,-0.38093711594230484,0.072201844132812,cpd00051_e0,import
S801C789_Blautia_A_sp003471165,ERR1620289_sub,1e-06,EX_cpd00011_e0,2.5221378474168468,0.072201844132812,cpd00011_e0,export
S880C852_Phocaeicola_plebeius_A,ERR1620289_sub,1e-06,EX_cpd90008_e0,0.01918182042039943,0.43114684334263526,cpd90008_e0,export
S880C852_Phocaeicola_plebeius_A,ERR1620289_sub,1e-06,EX_cpd00309_e0,-0.21661045317232386,0.43114684334263526,cpd00309_e0,import
S880C852_Phocaeicola_plebeius_A,ERR1620289_sub,1e-06,EX_cpd90021_e0,-0.007521169518040133,0.43114684334263526,cpd90021_e0,import
S880C852_Phocaeicola_plebeius_A,ERR1620289_sub,1e-06,EX_cpd00105_e0,0.005275111457511144,0.43114684334263526,cpd00105_e0,export
S880C852_Phocaeicola_plebeius_A,ERR1620289_sub,1e-06,EX_cpd00071_e0,-0.0005763306213175945,0.43114684334263526,cpd00071_e0,import
S880C852_Phocaeicola_plebeius_A,ERR1620289_sub,1e-06,EX_cpd00067_e0,105.72874137728643,0.43114684334263526,cpd00067_e0,export
S880C852_Phocaeicola_plebeius_A,ERR1620289_sub,1e-06,EX_cpd00048_e0,-0.018057280340169513,0.43114684334263526,cpd00048_e0,import
S880C852_Phocaeicola_plebeius_A,ERR1620289_sub,1e-06,EX_cpd00039_e0,-0.041699594073352886,0.43114684334263526,cpd00039_e0,import
S880C852_Phocaeicola_plebeius_A,ERR1620289_sub,1e-06,EX_cpd00080_e0,0.017828357977504816,0.43114684334263526,cpd00080_e0,export
S880C852_Phocaeicola_plebeius_A,ERR1620289_sub,1e-06,EX_cpd00017_e0,0.008563442534883142,0.43114684334263526,cpd00017_e0,export
S880C852_Phocaeicola_plebeius_A,ERR1620289_sub,1e-06,EX_cpd00013_e0,-2.571100674684936,0.43114684334263526,cpd00013_e0,import
S880C852_Phocaeicola_plebeius_A,ERR1620289_sub,1e-06,EX_cpd00161_e0,-0.06836590493992112,0.43114684334263526,cpd00161_e0,import
S880C852_Phocaeicola_plebeius_A,ERR1620289_sub,1e-06,EX_cpd00069_e0,-0.15755684585057167,0.43114684334263526,cpd00069_e0,import
S880C852_Phocaeicola_plebeius_A,ERR1620289_sub,1e-06,EX_cpd00184_e0,0.006865613065244221,0.43114684334263526,cpd00184_e0,export
S880C852_Phocaeicola_plebeius_A,ERR1620289_sub,1e-06,EX_cpd00119_e0,-0.18014004516636023,0.43114684334263526,cpd00119_e0,import
S880C852_Phocaeicola_plebeius_A,ERR1620289_sub,1e-06,EX_cpd00063_e0,-0.018057280340170675,0.43114684334263526,cpd00063_e0,import
S880C852_Phocaeicola_plebeius_A,ERR1620289_sub,1e-06,EX_cpd00099_e0,-0.018057280340170675,0.43114684334263526,cpd00099_e0,import
S880C852_Phocaeicola_plebeius_A,ERR1620289_sub,1e-06,EX_cpd11606_e0,0.8556571739831978,0.43114684334263526,cpd11606_e0,export
S880C852_Phocaeicola_plebeius_A,ERR1620289_sub,1e-06,EX_cpd00036_e0,31.571292465261383,0.43114684334263526,cpd00036_e0,export
S880C852_Phocaeicola_plebeius_A,ERR1620289_sub,1e-06,EX_cpd00033_e0,0.29021550892427017,0.43114684334263526,cpd00033_e0,export
S880C852_Phocaeicola_plebeius_A,ERR1620289_sub,1e-06,EX_cpd00232_e0,-11.56703213285855,0.43114684334263526,cpd00232_e0,import
S880C852_Phocaeicola_plebeius_A,ERR1620289_sub,1e-06,EX_cpd00246_e0,-7.499202839040754e-06,0.43114684334263526,cpd00246_e0,import
S880C852_Phocaeicola_plebeius_A,ERR1620289_sub,1e-06,EX_cpd00010_e0,0.0026244693841641076,0.43114684334263526,cpd00010_e0,export
S880C852_Phocaeicola_plebeius_A,ERR1620289_sub,1e-06,EX_cpd00060_e0,-0.1589078789202946,0.43114684334263526,cpd00060_e0,import
S880C852_Phocaeicola_plebeius_A,ERR1620289_sub,1e-06,EX_cpd00239_e0,-0.2948677877992909,0.43114684334263526,cpd00239_e0,import
S880C852_Phocaeicola_plebeius_A,ERR1620289_sub,1e-06,EX_cpd00064_e0,-0.05973828713687371,0.43114684334263526,cpd00064_e0,import
S880C852_Phocaeicola_plebeius_A,ERR1620289_sub,1e-06,EX_cpd00311_e0,0.16130988746944122,0.43114684334263526,cpd00311_e0,export
S880C852_Phocaeicola_plebeius_A,ERR1620289_sub,1e-06,EX_cpd00156_e0,-0.047573897755613534,0.43114684334263526,cpd00156_e0,import
S880C852_Phocaeicola_plebeius_A,ERR1620289_sub,1e-06,EX_cpd00141_e0,2.6667688767455238e-05,0.43114684334263526,cpd00141_e0,export
S880C852_Phocaeicola_plebeius_A,ERR1620289_sub,1e-06,EX_cpd00277_e0,0.12486066640441143,0.43114684334263526,cpd00277_e0,export
S880C852_Phocaeicola_plebeius_A,ERR1620289_sub,1e-06,EX_cpd00132_e0,0.1162868817230761,0.43114684334263526,cpd00132_e0,export
S880C852_Phocaeicola_plebeius_A,ERR1620289_sub,1e-06,EX_cpd00324_e0,0.0006373002830121433,0.43114684334263526,cpd00324_e0,export
S880C852_Phocaeicola_plebeius_A,ERR1620289_sub,1e-06,EX_cpd00058_e0,-0.018057280340170675,0.43114684334263526,cpd00058_e0,import
S880C852_Phocaeicola_plebeius_A,ERR1620289_sub,1e-06,EX_cpd00066_e0,-0.14144728324720454,0.43114684334263526,cpd00066_e0,import
S880C852_Phocaeicola_plebeius_A,ERR1620289_sub,1e-06,EX_cpd00182_e0,0.08284280308490066,0.43114684334263526,cpd00182_e0,export
S880C852_Phocaeicola_plebeius_A,ERR1620289_sub,1e-06,EX_cpd00179_e0,-0.5606497130798691,0.43114684334263526,cpd00179_e0,import
S880C852_Phocaeicola_plebeius_A,ERR1620289_sub,1e-06,EX_cpd00030_e0,-0.018057280340170675,0.43114684334263526,cpd00030_e0,import
S880C852_Phocaeicola_plebeius_A,ERR1620289_sub,1e-06,EX_cpd00254_e0,-0.018057280340170675,0.43114684334263526,cpd00254_e0,import
S880C852_Phocaeicola_plebeius_A,ERR1620289_sub,1e-06,EX_cpd11451_e0,-0.8556571739831978,0.43114684334263526,cpd11451_e0,import
S880C852_Phocaeicola_plebeius_A,ERR1620289_sub,1e-06,EX_cpd00205_e0,-0.018057280340170675,0.43114684334263526,cpd00205_e0,import
S880C852_Phocaeicola_plebeius_A,ERR1620289_sub,1e-06,EX_cpd01741_e0,0.033315660731740464,0.43114684334263526,cpd01741_e0,export
S880C852_Phocaeicola_plebeius_A,ERR1620289_sub,1e-06,EX_cpd00035_e0,-0.14422929232371942,0.43114684334263526,cpd00035_e0,import
S880C852_Phocaeicola_plebeius_A,ERR1620289_sub,1e-06,EX_cpd00129_e0,-0.11895602163827385,0.43114684334263526,cpd00129_e0,import
S880C852_Phocaeicola_plebeius_A,ERR1620289_sub,1e-06,EX_cpd10516_e0,-0.018057280340170675,0.43114684334263526,cpd10516_e0,import
S880C852_Phocaeicola_plebeius_A,ERR1620289_sub,1e-06,EX_cpd00644_e0,-0.02216462771307684,0.43114684334263526,cpd00644_e0,import
S880C852_Phocaeicola_plebeius_A,ERR1620289_sub,1e-06,EX_cpd10515_e0,-0.04005478915530582,0.43114684334263526,cpd10515_e0,import
S880C852_Phocaeicola_plebeius_A,ERR1620289_sub,1e-06,EX_cpd23431_e0,0.0030985512869446986,0.43114684334263526,cpd23431_e0,export
S880C852_Phocaeicola_plebeius_A,ERR1620289_sub,1e-06,EX_cpd00082_e0,-9.030752387018218,0.43114684334263526,cpd00082_e0,import
S880C852_Phocaeicola_plebeius_A,ERR1620289_sub,1e-06,EX_cpd00084_e0,-0.18325530355795552,0.43114684334263526,cpd00084_e0,import
S880C852_Phocaeicola_plebeius_A,ERR1620289_sub,1e-06,EX_cpd00076_e0,-5.566387798902633,0.43114684334263526,cpd00076_e0,import
S880C852_Phocaeicola_plebeius_A,ERR1620289_sub,1e-06,EX_cpd00122_e0,-11.5617834260362,0.43114684334263526,cpd00122_e0,import
S880C852_Phocaeicola_plebeius_A,ERR1620289_sub,1e-06,EX_cpd00029_e0,55.99342527137203,0.43114684334263526,cpd00029_e0,export
S880C852_Phocaeicola_plebeius_A,ERR1620289_sub,1e-06,EX_cpd90005_e0,0.01918182042039943,0.43114684334263526,cpd90005_e0,export
S880C852_Phocaeicola_plebeius_A,ERR1620289_sub,1e-06,EX_cpd00107_e0,0.05036763036838061,0.43114684334263526,cpd00107_e0,export
S880C852_Phocaeicola_plebeius_A,ERR1620289_sub,1e-06,EX_cpd90003_e0,-0.01918182042039943,0.43114684334263526,cpd90003_e0,import
S880C852_Phocaeicola_plebeius_A,ERR1620289_sub,1e-06,EX_cpd01217_e0,0.036643818661685625,0.43114684334263526,cpd01217_e0,export
S880C852_Phocaeicola_plebeius_A,ERR1620289_sub,1e-06,EX_cpd00117_e0,0.00014260063491333932,0.43114684334263526,cpd00117_e0,export
S880C852_Phocaeicola_plebeius_A,ERR1620289_sub,1e-06,EX_cpd00054_e0,-0.11895792862292445,0.43114684334263526,cpd00054_e0,import
S880C852_Phocaeicola_plebeius_A,ERR1620289_sub,1e-06,EX_cpd00185_e0,4.2134441284588904e-06,0.43114684334263526,cpd00185_e0,export
S880C852_Phocaeicola_plebeius_A,ERR1620289_sub,1e-06,EX_cpd00526_e0,-0.0030985512869446986,0.43114684334263526,cpd00526_e0,import
S880C852_Phocaeicola_plebeius_A,ERR1620289_sub,1e-06,EX_cpd00130_e0,0.002422009200349472,0.43114684334263526,cpd00130_e0,export
S880C852_Phocaeicola_plebeius_A,ERR1620289_sub,1e-06,EX_cpd00028_e0,0.0024573504862287635,0.43114684334263526,cpd00028_e0,export
S880C852_Phocaeicola_plebeius_A,ERR1620289_sub,1e-06,EX_cpd00149_e0,-0.018057280340170675,0.43114684334263526,cpd00149_e0,import
S880C852_Phocaeicola_plebeius_A,ERR1620289_sub,1e-06,EX_cpd00065_e0,-0.13357592086555065,0.43114684334263526,cpd00065_e0,import
S880C852_Phocaeicola_plebeius_A,ERR1620289_sub,1e-06,EX_cpd00023_e0,0.21066714774609585,0.43114684334263526,cpd00023_e0,export
S880C852_Phocaeicola_plebeius_A,ERR1620289_sub,1e-06,EX_cpd00314_e0,13.09565552732831,0.43114684334263526,cpd00314_e0,export
S880C852_Phocaeicola_plebeius_A,ERR1620289_sub,1e-06,EX_cpd00034_e0,-0.018057280340170675,0.43114684334263526,cpd00034_e0,import
S880C852_Phocaeicola_plebeius_A,ERR1620289_sub,1e-06,EX_cpd00220_e0,-0.01954015832890638,0.43114684334263526,cpd00220_e0,import
S880C852_Phocaeicola_plebeius_A,ERR1620289_sub,1e-06,EX_cpd00100_e0,0.07726951254415174,0.43114684334263526,cpd00100_e0,export
S880C852_Phocaeicola_plebeius_A,ERR1620289_sub,1e-06,EX_cpd00009_e0,-2.9726568743533703,0.43114684334263526,cpd00009_e0,import
S880C852_Phocaeicola_plebeius_A,ERR1620289_sub,1e-06,EX_cpd28763_e0,-0.7049596976803203,0.43114684334263526,cpd28763_e0,import
S880C852_Phocaeicola_plebeius_A,ERR1620289_sub,1e-06,EX_cpd00012_e0,0.2282051980356487,0.43114684334263526,cpd00012_e0,export
S880C852_Phocaeicola_plebeius_A,ERR1620289_sub,1e-06,EX_cpd00053_e0,0.05342523896043245,0.43114684334263526,cpd00053_e0,export
S880C852_Phocaeicola_plebeius_A,ERR1620289_sub,1e-06,EX_cpd00322_e0,-0.053304403715619494,0.43114684334263526,cpd00322_e0,import
S880C852_Phocaeicola_plebeius_A,ERR1620289_sub,1e-06,EX_cpd00051_e0,-0.021657431224549106,0.43114684334263526,cpd00051_e0,import
S880C852_Phocaeicola_plebeius_A,ERR1620289_sub,1e-06,EX_cpd01262_e0,0.03836364084079886,0.43114684334263526,cpd01262_e0,export
S880C852_Phocaeicola_plebeius_A,ERR1620289_sub,1e-06,EX_cpd00367_e0,0.11894912803681178,0.43114684334263526,cpd00367_e0,export
S880C852_Phocaeicola_plebeius_A,ERR1620289_sub,1e-06,EX_cpd00001_e0,7.2066818441315785,0.43114684334263526,cpd00001_e0,export
S898C3140_Bacteroides_ovatus,ERR1620289_sub,1e-06,EX_cpd00309_e0,0.07262925445589113,0.0027646953756321094,cpd00309_e0,export
S898C3140_Bacteroides_ovatus,ERR1620289_sub,1e-06,EX_cpd00264_e0,-6.264395849053864e-05,0.0027646953756321094,cpd00264_e0,import
S898C3140_Bacteroides_ovatus,ERR1620289_sub,1e-06,EX_cpd00067_e0,0.194984040378422,0.0027646953756321094,cpd00067_e0,export
S898C3140_Bacteroides_ovatus,ERR1620289_sub,1e-06,EX_cpd00048_e0,-0.00011577997486420373,0.0027646953756321094,cpd00048_e0,import
S898C3140_Bacteroides_ovatus,ERR1620289_sub,1e-06,EX_cpd00039_e0,-0.005170506965398273,0.0027646953756321094,cpd00039_e0,import
S898C3140_Bacteroides_ovatus,ERR1620289_sub,1e-06,EX_cpd00080_e0,-0.015217189120051225,0.0027646953756321094,cpd00080_e0,import
S898C3140_Bacteroides_ovatus,ERR1620289_sub,1e-06,EX_cpd00393_e0,-0.0001879318754716159,0.0027646953756321094,cpd00393_e0,import
S898C3140_Bacteroides_ovatus,ERR1620289_sub,1e-06,EX_cpd00249_e0,-0.0021653867337898362,0.0027646953756321094,cpd00249_e0,import
S898C3140_Bacteroides_ovatus,ERR1620289_sub,1e-06,EX_cpd00017_e0,-0.0003132197924526932,0.0027646953756321094,cpd00017_e0,import
S898C3140_Bacteroides_ovatus,ERR1620289_sub,1e-06,EX_cpd00007_e0,-0.07016178428195004,0.0027646953756321094,cpd00007_e0,import
S898C3140_Bacteroides_ovatus,ERR1620289_sub,1e-06,EX_cpd00013_e0,0.05451543045340717,0.0027646953756321094,cpd00013_e0,export
S898C3140_Bacteroides_ovatus,ERR1620289_sub,1e-06,EX_cpd00412_e0,-0.02972478706791501,0.0027646953756321094,cpd00412_e0,import
S898C3140_Bacteroides_ovatus,ERR1620289_sub,1e-06,EX_cpd00161_e0,-0.003822368646199336,0.0027646953756321094,cpd00161_e0,import
S898C3140_Bacteroides_ovatus,ERR1620289_sub,1e-06,EX_cpd00069_e0,-0.0021403630151383165,0.0027646953756321094,cpd00069_e0,import
S898C3140_Bacteroides_ovatus,ERR1620289_sub,1e-06,EX_cpd00184_e0,-0.00039178849579025326,0.0027646953756321094,cpd00184_e0,import
S898C3140_Bacteroides_ovatus,ERR1620289_sub,1e-06,EX_cpd00119_e0,-0.0014274405732694626,0.0027646953756321094,cpd00119_e0,import
S898C3140_Bacteroides_ovatus,ERR1620289_sub,1e-06,EX_cpd00063_e0,-0.00011577997486420373,0.0027646953756321094,cpd00063_e0,import
S898C3140_Bacteroides_ovatus,ERR1620289_sub,1e-06,EX_cpd00099_e0,-0.00011577997486420373,0.0027646953756321094,cpd00099_e0,import
S898C3140_Bacteroides_ovatus,ERR1620289_sub,1e-06,EX_cpd00036_e0,0.05337764572696115,0.0027646953756321094,cpd00036_e0,export
S898C3140_Bacteroides_ovatus,ERR1620289_sub,1e-06,EX_cpd00033_e0,-0.009669290083242956,0.0027646953756321094,cpd00033_e0,import
S898C3140_Bacteroides_ovatus,ERR1620289_sub,1e-06,EX_cpd00010_e0,-0.0001252879169810798,0.0027646953756321094,cpd00010_e0,import
S898C3140_Bacteroides_ovatus,ERR1620289_sub,1e-06,EX_cpd00060_e0,-0.0077637023155129395,0.0027646953756321094,cpd00060_e0,import
S898C3140_Bacteroides_ovatus,ERR1620289_sub,1e-06,EX_cpd00064_e0,-6.264395849053864e-05,0.0027646953756321094,cpd00064_e0,import
S898C3140_Bacteroides_ovatus,ERR1620289_sub,1e-06,EX_cpd00006_e0,-0.00012528791698106223,0.0027646953756321094,cpd00006_e0,import
S898C3140_Bacteroides_ovatus,ERR1620289_sub,1e-06,EX_cpd00156_e0,-0.006375901227270255,0.0027646953756321094,cpd00156_e0,import
S898C3140_Bacteroides_ovatus,ERR1620289_sub,1e-06,EX_cpd00277_e0,-0.07051358674880166,0.0027646953756321094,cpd00277_e0,import
S898C3140_Bacteroides_ovatus,ERR1620289_sub,1e-06,EX_cpd00132_e0,-0.0036320432364300693,0.0027646953756321094,cpd00132_e0,import
S898C3140_Bacteroides_ovatus,ERR1620289_sub,1e-06,EX_cpd00324_e0,0.005573364413634675,0.0027646953756321094,cpd00324_e0,export
S898C3140_Bacteroides_ovatus,ERR1620289_sub,1e-06,EX_cpd00058_e0,-0.00011577997486420373,0.0027646953756321094,cpd00058_e0,import
S898C3140_Bacteroides_ovatus,ERR1620289_sub,1e-06,EX_cpd00182_e0,-0.0028303905288970936,0.0027646953756321094,cpd00182_e0,import
S898C3140_Bacteroides_ovatus,ERR1620289_sub,1e-06,EX_cpd00030_e0,-0.00011577997486420373,0.0027646953756321094,cpd00030_e0,import
S898C3140_Bacteroides_ovatus,ERR1620289_sub,1e-06,EX_cpd00254_e0,-0.00011577997486420373,0.0027646953756321094,cpd00254_e0,import
S898C3140_Bacteroides_ovatus,ERR1620289_sub,1e-06,EX_cpd00204_e0,6.264395849053864e-05,0.0027646953756321094,cpd00204_e0,export
S898C3140_Bacteroides_ovatus,ERR1620289_sub,1e-06,EX_cpd00205_e0,-0.00011577997486420373,0.0027646953756321094,cpd00205_e0,import
S898C3140_Bacteroides_ovatus,ERR1620289_sub,1e-06,EX_cpd01741_e0,-0.0013141506667223822,0.0027646953756321094,cpd01741_e0,import
S898C3140_Bacteroides_ovatus,ERR1620289_sub,1e-06,EX_cpd00129_e0,-0.0033306946709620736,0.0027646953756321094,cpd00129_e0,import
S898C3140_Bacteroides_ovatus,ERR1620289_sub,1e-06,EX_cpd10516_e0,-0.00011577997486420373,0.0027646953756321094,cpd10516_e0,import
S898C3140_Bacteroides_ovatus,ERR1620289_sub,1e-06,EX_cpd10515_e0,-0.00017842393335474238,0.0027646953756321094,cpd10515_e0,import
S898C3140_Bacteroides_ovatus,ERR1620289_sub,1e-06,EX_cpd11640_e0,0.04379089912855048,0.0027646953756321094,cpd11640_e0,export
S898C3140_Bacteroides_ovatus,ERR1620289_sub,1e-06,EX_cpd00084_e0,-0.0013798592208271454,0.0027646953756321094,cpd00084_e0,import
S898C3140_Bacteroides_ovatus,ERR1620289_sub,1e-06,EX_cpd00122_e0,-0.0008761004444815881,0.0027646953756321094,cpd00122_e0,import
S898C3140_Bacteroides_ovatus,ERR1620289_sub,1e-06,EX_cpd00029_e0,0.16519942422985825,0.0027646953756321094,cpd00029_e0,export
S898C3140_Bacteroides_ovatus,ERR1620289_sub,1e-06,EX_cpd00107_e0,-0.008109440854359717,0.0027646953756321094,cpd00107_e0,import
S898C3140_Bacteroides_ovatus,ERR1620289_sub,1e-06,EX_cpd01217_e0,-0.00574822751569375,0.0027646953756321094,cpd01217_e0,import
S898C3140_Bacteroides_ovatus,ERR1620289_sub,1e-06,EX_cpd00054_e0,-0.004060050174065272,0.0027646953756321094,cpd00054_e0,import
S898C3140_Bacteroides_ovatus,ERR1620289_sub,1e-06,EX_cpd00185_e0,-0.0006570753333611911,0.0027646953756321094,cpd00185_e0,import
S898C3140_Bacteroides_ovatus,ERR1620289_sub,1e-06,EX_cpd00028_e0,-6.264395849053864e-05,0.0027646953756321094,cpd00028_e0,import
S898C3140_Bacteroides_ovatus,ERR1620289_sub,1e-06,EX_cpd00149_e0,-0.00011577997486420373,0.0027646953756321094,cpd00149_e0,import
S898C3140_Bacteroides_ovatus,ERR1620289_sub,1e-06,EX_cpd00065_e0,-0.0008564643439616747,0.0027646953756321094,cpd00065_e0,import
S898C3140_Bacteroides_ovatus,ERR1620289_sub,1e-06,EX_cpd00023_e0,-0.0041214938561561325,0.0027646953756321094,cpd00023_e0,import
S898C3140_Bacteroides_ovatus,ERR1620289_sub,1e-06,EX_cpd00034_e0,-0.00011577997486420373,0.0027646953756321094,cpd00034_e0,import
S898C3140_Bacteroides_ovatus,ERR1620289_sub,1e-06,EX_cpd00220_e0,-0.00012528791698107727,0.0027646953756321094,cpd00220_e0,import
S898C3140_Bacteroides_ovatus,ERR1620289_sub,1e-06,EX_cpd00100_e0,0.0004954379647210264,0.0027646953756321094,cpd00100_e0,export
S898C3140_Bacteroides_ovatus,ERR1620289_sub,1e-06,EX_cpd28763_e0,-0.0028985835061664054,0.0027646953756321094,cpd28763_e0,import
S898C3140_Bacteroides_ovatus,ERR1620289_sub,1e-06,EX_cpd00053_e0,-0.004090400620507351,0.0027646953756321094,cpd00053_e0,import
S898C3140_Bacteroides_ovatus,ERR1620289_sub,1e-06,EX_cpd00051_e0,-0.004456786678763536,0.0027646953756321094,cpd00051_e0,import
S898C3140_Bacteroides_ovatus,ERR1620289_sub,1e-06,EX_cpd00092_e0,0.02972478706791501,0.0027646953756321094,cpd00092_e0,export
S898C3140_Bacteroides_ovatus,ERR1620289_sub,1e-06,EX_cpd00011_e0,0.05042165520311992,0.0027646953756321094,cpd00011_e0,export
S898C3140_Bacteroides_ovatus,ERR1620289_sub,1e-06,EX_cpd00367_e0,-0.0024095173015563215,0.0027646953756321094,cpd00367_e0,import
S908C121_CAG_279_sp000437795,ERR1620289_sub,1e-06,EX_cpd00105_e0,-0.003077150774195493,0.0034459095620890338,cpd00105_e0,import
S908C121_CAG_279_sp000437795,ERR1620289_sub,1e-06,EX_cpd00067_e0,0.38989638559691,0.0034459095620890338,cpd00067_e0,export
S908C121_CAG_279_sp000437795,ERR1620289_sub,1e-06,EX_cpd00048_e0,-0.0001441278088406029,0.0034459095620890338,cpd00048_e0,import
S908C121_CAG_279_sp000437795,ERR1620289_sub,1e-06,EX_cpd00039_e0,-0.006436465722090336,0.0034459095620890338,cpd00039_e0,import
S908C121_CAG_279_sp000437795,ERR1620289_sub,1e-06,EX_cpd00080_e0,-0.2826945713423753,0.0034459095620890338,cpd00080_e0,import
S908C121_CAG_279_sp000437795,ERR1620289_sub,1e-06,EX_cpd00017_e0,-0.00023394554589252568,0.0034459095620890338,cpd00017_e0,import
S908C121_CAG_279_sp000437795,ERR1620289_sub,1e-06,EX_cpd00007_e0,-0.00015596369726168379,0.0034459095620890338,cpd00007_e0,import
S908C121_CAG_279_sp000437795,ERR1620289_sub,1e-06,EX_cpd00013_e0,0.01086990536819187,0.0034459095620890338,cpd00013_e0,export
S908C121_CAG_279_sp000437795,ERR1620289_sub,1e-06,EX_cpd00161_e0,-0.0047582461319747565,0.0034459095620890338,cpd00161_e0,import
S908C121_CAG_279_sp000437795,ERR1620289_sub,1e-06,EX_cpd00003_e0,-0.00015596369726175036,0.0034459095620890338,cpd00003_e0,import
S908C121_CAG_279_sp000437795,ERR1620289_sub,1e-06,EX_cpd00119_e0,-0.0017769383895341428,0.0034459095620890338,cpd00119_e0,import
S908C121_CAG_279_sp000437795,ERR1620289_sub,1e-06,EX_cpd00063_e0,-0.0001441278088406029,0.0034459095620890338,cpd00063_e0,import
S908C121_CAG_279_sp000437795,ERR1620289_sub,1e-06,EX_cpd00099_e0,-0.0001441278088406029,0.0034459095620890338,cpd00099_e0,import
S908C121_CAG_279_sp000437795,ERR1620289_sub,1e-06,EX_cpd11606_e0,-0.31569726673123505,0.0034459095620890338,cpd11606_e0,import
S908C121_CAG_279_sp000437795,ERR1620289_sub,1e-06,EX_cpd00036_e0,0.15502944408795988,0.0034459095620890338,cpd00036_e0,export
S908C121_CAG_279_sp000437795,ERR1620289_sub,1e-06,EX_cpd00033_e0,-0.012094899245552754,0.0034459095620890338,cpd00033_e0,import
S908C121_CAG_279_sp000437795,ERR1620289_sub,1e-06,EX_cpd00216_e0,-0.002820378090658895,0.0034459095620890338,cpd00216_e0,import
S908C121_CAG_279_sp000437795,ERR1620289_sub,1e-06,EX_cpd00060_e0,-0.009820548652803516,0.0034459095620890338,cpd00060_e0,import
S908C121_CAG_279_sp000437795,ERR1620289_sub,1e-06,EX_cpd00064_e0,-0.00015596369726168379,0.0034459095620890338,cpd00064_e0,import
S908C121_CAG_279_sp000437795,ERR1620289_sub,1e-06,EX_cpd00311_e0,-0.004755909610150105,0.0034459095620890338,cpd00311_e0,import
S908C121_CAG_279_sp000437795,ERR1620289_sub,1e-06,EX_cpd00132_e0,-0.004521321013370198,0.0034459095620890338,cpd00132_e0,import
S908C121_CAG_279_sp000437795,ERR1620289_sub,1e-06,EX_cpd00324_e0,0.006937959709781474,0.0034459095620890338,cpd00324_e0,export
S908C121_CAG_279_sp000437795,ERR1620289_sub,1e-06,EX_cpd00058_e0,-0.0001441278088406029,0.0034459095620890338,cpd00058_e0,import
S908C121_CAG_279_sp000437795,ERR1620289_sub,1e-06,EX_cpd00066_e0,-0.003474901739533428,0.0034459095620890338,cpd00066_e0,import
S908C121_CAG_279_sp000437795,ERR1620289_sub,1e-06,EX_cpd00182_e0,-0.0038353172170861984,0.0034459095620890338,cpd00182_e0,import
S908C121_CAG_279_sp000437795,ERR1620289_sub,1e-06,EX_cpd00179_e0,-0.0006816293012646936,0.0034459095620890338,cpd00179_e0,import
S908C121_CAG_279_sp000437795,ERR1620289_sub,1e-06,EX_cpd00030_e0,-0.0001441278088406029,0.0034459095620890338,cpd00030_e0,import
S908C121_CAG_279_sp000437795,ERR1620289_sub,1e-06,EX_cpd00254_e0,-0.0001441278088406029,0.0034459095620890338,cpd00254_e0,import
S908C121_CAG_279_sp000437795,ERR1620289_sub,1e-06,EX_cpd11451_e0,0.31569726673123505,0.0034459095620890338,cpd11451_e0,export
S908C121_CAG_279_sp000437795,ERR1620289_sub,1e-06,EX_cpd00205_e0,-0.0001441278088406029,0.0034459095620890338,cpd00205_e0,import
S908C121_CAG_279_sp000437795,ERR1620289_sub,1e-06,EX_cpd00129_e0,-0.004146189575579659,0.0034459095620890338,cpd00129_e0,import
S908C121_CAG_279_sp000437795,ERR1620289_sub,1e-06,EX_cpd10516_e0,-0.0001441278088406029,0.0034459095620890338,cpd10516_e0,import
S908C121_CAG_279_sp000437795,ERR1620289_sub,1e-06,EX_cpd10515_e0,-0.00030009150610228665,0.0034459095620890338,cpd10515_e0,import
S908C121_CAG_279_sp000437795,ERR1620289_sub,1e-06,EX_cpd00084_e0,-0.001873670807144683,0.0034459095620890338,cpd00084_e0,import
S908C121_CAG_279_sp000437795,ERR1620289_sub,1e-06,EX_cpd00029_e0,0.08119557633459104,0.0034459095620890338,cpd00029_e0,export
S908C121_CAG_279_sp000437795,ERR1620289_sub,1e-06,EX_cpd00276_e0,-0.04123596515113884,0.0034459095620890338,cpd00276_e0,import
S908C121_CAG_279_sp000437795,ERR1620289_sub,1e-06,EX_cpd00025_e0,7.798184863084189e-05,0.0034459095620890338,cpd00025_e0,export
S908C121_CAG_279_sp000437795,ERR1620289_sub,1e-06,EX_cpd00054_e0,-0.005697800733853733,0.0034459095620890338,cpd00054_e0,import
S908C121_CAG_279_sp000437795,ERR1620289_sub,1e-06,EX_cpd00149_e0,-0.0001441278088406029,0.0034459095620890338,cpd00149_e0,import
S908C121_CAG_279_sp000437795,ERR1620289_sub,1e-06,EX_cpd00065_e0,-0.001066163033720482,0.0034459095620890338,cpd00065_e0,import
S908C121_CAG_279_sp000437795,ERR1620289_sub,1e-06,EX_cpd00023_e0,-0.0051306098428031965,0.0034459095620890338,cpd00023_e0,import
S908C121_CAG_279_sp000437795,ERR1620289_sub,1e-06,EX_cpd00034_e0,-0.0001441278088406029,0.0034459095620890338,cpd00034_e0,import
S908C121_CAG_279_sp000437795,ERR1620289_sub,1e-06,EX_cpd00220_e0,-0.00015596369726168379,0.0034459095620890338,cpd00220_e0,import
S908C121_CAG_279_sp000437795,ERR1620289_sub,1e-06,EX_cpd00229_e0,0.00023394554589252568,0.0034459095620890338,cpd00229_e0,export
S908C121_CAG_279_sp000437795,ERR1620289_sub,1e-06,EX_cpd00009_e0,0.2631277160287692,0.0034459095620890338,cpd00009_e0,export
S908C121_CAG_279_sp000437795,ERR1620289_sub,1e-06,EX_cpd00053_e0,-0.0053258492140823704,0.0034459095620890338,cpd00053_e0,import
S908C121_CAG_279_sp000437795,ERR1620289_sub,1e-06,EX_cpd00051_e0,-0.0055479965273232575,0.0034459095620890338,cpd00051_e0,import
S908C121_CAG_279_sp000437795,ERR1620289_sub,1e-06,EX_cpd00011_e0,0.024078836144345948,0.0034459095620890338,cpd00011_e0,export
S908C121_CAG_279_sp000437795,ERR1620289_sub,1e-06,EX_cpd00367_e0,-0.0061827488953704905,0.0034459095620890338,cpd00367_e0,import
S91C103_Phocaeicola_coprophilus,ERR1620289_sub,1e-06,EX_cpd00309_e0,0.11336311339938973,0.0030277358651354222,cpd00309_e0,export
S91C103_Phocaeicola_coprophilus,ERR1620289_sub,1e-06,EX_cpd00264_e0,-6.860444954580288e-05,0.0030277358651354222,cpd00264_e0,import
S91C103_Phocaeicola_coprophilus,ERR1620289_sub,1e-06,EX_cpd00208_e0,-0.014527663585981126,0.0030277358651354222,cpd00208_e0,import
S91C103_Phocaeicola_coprophilus,ERR1620289_sub,1e-06,EX_cpd00067_e0,0.14270495051285267,0.0030277358651354222,cpd00067_e0,export
S91C103_Phocaeicola_coprophilus,ERR1620289_sub,1e-06,EX_cpd00048_e0,-0.00012679628866661192,0.0030277358651354222,cpd00048_e0,import
S91C103_Phocaeicola_coprophilus,ERR1620289_sub,1e-06,EX_cpd00039_e0,-0.005662473968458793,0.0030277358651354222,cpd00039_e0,import
S91C103_Phocaeicola_coprophilus,ERR1620289_sub,1e-06,EX_cpd00017_e0,-0.00048023114682062013,0.0030277358651354222,cpd00017_e0,import
S91C103_Phocaeicola_coprophilus,ERR1620289_sub,1e-06,EX_cpd00007_e0,-0.08807197634558228,0.0030277358651354222,cpd00007_e0,import
S91C103_Phocaeicola_coprophilus,ERR1620289_sub,1e-06,EX_cpd00013_e0,0.0927134109564532,0.0030277358651354222,cpd00013_e0,export
S91C103_Phocaeicola_coprophilus,ERR1620289_sub,1e-06,EX_cpd00161_e0,-0.0041860620441673884,0.0030277358651354222,cpd00161_e0,import
S91C103_Phocaeicola_coprophilus,ERR1620289_sub,1e-06,EX_cpd00069_e0,-0.0023440157681596185,0.0030277358651354222,cpd00069_e0,import
S91C103_Phocaeicola_coprophilus,ERR1620289_sub,1e-06,EX_cpd00184_e0,-0.0004290666608517084,0.0030277358651354222,cpd00184_e0,import
S91C103_Phocaeicola_coprophilus,ERR1620289_sub,1e-06,EX_cpd00003_e0,-0.00013720889909164813,0.0030277358651354222,cpd00003_e0,import
S91C103_Phocaeicola_coprophilus,ERR1620289_sub,1e-06,EX_cpd00119_e0,-0.0015632596845438394,0.0030277358651354222,cpd00119_e0,import
S91C103_Phocaeicola_coprophilus,ERR1620289_sub,1e-06,EX_cpd00063_e0,-0.00012679628866661192,0.0030277358651354222,cpd00063_e0,import
S91C103_Phocaeicola_coprophilus,ERR1620289_sub,1e-06,EX_cpd00099_e0,-0.00012679628866661192,0.0030277358651354222,cpd00099_e0,import
S91C103_Phocaeicola_coprophilus,ERR1620289_sub,1e-06,EX_cpd00036_e0,0.04493743746010735,0.0030277358651354222,cpd00036_e0,export
S91C103_Phocaeicola_coprophilus,ERR1620289_sub,1e-06,EX_cpd00033_e0,-0.01079512378884152,0.0030277358651354222,cpd00033_e0,import
S91C103_Phocaeicola_coprophilus,ERR1620289_sub,1e-06,EX_cpd00010_e0,-0.00013720889909162102,0.0030277358651354222,cpd00010_e0,import
S91C103_Phocaeicola_coprophilus,ERR1620289_sub,1e-06,EX_cpd00060_e0,-0.00212432790209629,0.0030277358651354222,cpd00060_e0,import
S91C103_Phocaeicola_coprophilus,ERR1620289_sub,1e-06,EX_cpd00064_e0,-6.860444954580288e-05,0.0030277358651354222,cpd00064_e0,import
S91C103_Phocaeicola_coprophilus,ERR1620289_sub,1e-06,EX_cpd00156_e0,-0.006982559924295805,0.0030277358651354222,cpd00156_e0,import
S91C103_Phocaeicola_coprophilus,ERR1620289_sub,1e-06,EX_cpd00277_e0,-0.11058738878355397,0.0030277358651354222,cpd00277_e0,import
S91C103_Phocaeicola_coprophilus,ERR1620289_sub,1e-06,EX_cpd00132_e0,-0.003977627419561538,0.0030277358651354222,cpd00132_e0,import
S91C103_Phocaeicola_coprophilus,ERR1620289_sub,1e-06,EX_cpd00058_e0,-0.00012679628866661192,0.0030277358651354222,cpd00058_e0,import
S91C103_Phocaeicola_coprophilus,ERR1620289_sub,1e-06,EX_cpd00066_e0,-0.0030570411608857244,0.0030277358651354222,cpd00066_e0,import
S91C103_Phocaeicola_coprophilus,ERR1620289_sub,1e-06,EX_cpd00182_e0,-0.0029624896019846644,0.0030277358651354222,cpd00182_e0,import
S91C103_Phocaeicola_coprophilus,ERR1620289_sub,1e-06,EX_cpd00030_e0,-0.00012679628866661192,0.0030277358651354222,cpd00030_e0,import
S91C103_Phocaeicola_coprophilus,ERR1620289_sub,1e-06,EX_cpd00254_e0,-0.00012679628866661192,0.0030277358651354222,cpd00254_e0,import
S91C103_Phocaeicola_coprophilus,ERR1620289_sub,1e-06,EX_cpd00204_e0,6.860444954580288e-05,0.0030277358651354222,cpd00204_e0,export
S91C103_Phocaeicola_coprophilus,ERR1620289_sub,1e-06,EX_cpd00205_e0,-0.00012679628866661192,0.0030277358651354222,cpd00205_e0,import
S91C103_Phocaeicola_coprophilus,ERR1620289_sub,1e-06,EX_cpd01741_e0,-0.0014391903909513576,0.0030277358651354222,cpd01741_e0,import
S91C103_Phocaeicola_coprophilus,ERR1620289_sub,1e-06,EX_cpd00129_e0,-0.0036476059306022857,0.0030277358651354222,cpd00129_e0,import
S91C103_Phocaeicola_coprophilus,ERR1620289_sub,1e-06,EX_cpd10516_e0,-0.00012679628866661192,0.0030277358651354222,cpd10516_e0,import
S91C103_Phocaeicola_coprophilus,ERR1620289_sub,1e-06,EX_cpd10515_e0,-0.00026400518775821766,0.0030277358651354222,cpd10515_e0,import
S91C103_Phocaeicola_coprophilus,ERR1620289_sub,1e-06,EX_cpd11640_e0,0.01639269244983628,0.0030277358651354222,cpd11640_e0,export
S91C103_Phocaeicola_coprophilus,ERR1620289_sub,1e-06,EX_cpd00084_e0,-0.0016483599274839814,0.0030277358651354222,cpd00084_e0,import
S91C103_Phocaeicola_coprophilus,ERR1620289_sub,1e-06,EX_cpd00029_e0,0.1739974755660645,0.0030277358651354222,cpd00029_e0,export
S91C103_Phocaeicola_coprophilus,ERR1620289_sub,1e-06,EX_cpd00107_e0,-0.008881043588929981,0.0030277358651354222,cpd00107_e0,import
S91C103_Phocaeicola_coprophilus,ERR1620289_sub,1e-06,EX_cpd01217_e0,-0.006959731107378451,0.0030277358651354222,cpd01217_e0,import
S91C103_Phocaeicola_coprophilus,ERR1620289_sub,1e-06,EX_cpd00054_e0,-0.004446358659824439,0.0030277358651354222,cpd00054_e0,import
S91C103_Phocaeicola_coprophilus,ERR1620289_sub,1e-06,EX_cpd00149_e0,-0.00012679628866661192,0.0030277358651354222,cpd00149_e0,import
S91C103_Phocaeicola_coprophilus,ERR1620289_sub,1e-06,EX_cpd00065_e0,-0.0009379558107263005,0.0030277358651354222,cpd00065_e0,import
S91C103_Phocaeicola_coprophilus,ERR1620289_sub,1e-06,EX_cpd00023_e0,-0.009199058888585299,0.0030277358651354222,cpd00023_e0,import
S91C103_Phocaeicola_coprophilus,ERR1620289_sub,1e-06,EX_cpd00034_e0,-0.00012679628866661192,0.0030277358651354222,cpd00034_e0,import
S91C103_Phocaeicola_coprophilus,ERR1620289_sub,1e-06,EX_cpd00220_e0,-0.00013720889909160576,0.0030277358651354222,cpd00220_e0,import
S91C103_Phocaeicola_coprophilus,ERR1620289_sub,1e-06,EX_cpd00009_e0,-0.01680229374319707,0.0030277358651354222,cpd00009_e0,import
S91C103_Phocaeicola_coprophilus,ERR1620289_sub,1e-06,EX_cpd00322_e0,-0.0062408716772559564,0.0030277358651354222,cpd00322_e0,import
S91C103_Phocaeicola_coprophilus,ERR1620289_sub,1e-06,EX_cpd00051_e0,-0.004880844126186867,0.0030277358651354222,cpd00051_e0,import
S91C103_Phocaeicola_coprophilus,ERR1620289_sub,1e-06,EX_cpd00011_e0,0.05314808735768151,0.0030277358651354222,cpd00011_e0,export
S91C103_Phocaeicola_coprophilus,ERR1620289_sub,1e-06,EX_cpd00367_e0,-0.005010200195397916,0.0030277358651354222,cpd00367_e0,import
S922C1126_Phocaeicola_sp900542985,ERR1620289_sub,1e-06,EX_cpd00118_e0,-5.4005138793664274e-05,0.0023834581566428547,cpd00118_e0,import
S922C1126_Phocaeicola_sp900542985,ERR1620289_sub,1e-06,EX_cpd00309_e0,0.056446704523028655,0.0023834581566428547,cpd00309_e0,export
S922C1126_Phocaeicola_sp900542985,ERR1620289_sub,1e-06,EX_cpd00105_e0,0.00010801027758732855,0.0023834581566428547,cpd00105_e0,export
S922C1126_Phocaeicola_sp900542985,ERR1620289_sub,1e-06,EX_cpd00264_e0,-5.4005138793664274e-05,0.0023834581566428547,cpd00264_e0,import
S922C1126_Phocaeicola_sp900542985,ERR1620289_sub,1e-06,EX_cpd00071_e0,0.06255844292442267,0.0023834581566428547,cpd00071_e0,export
S922C1126_Phocaeicola_sp900542985,ERR1620289_sub,1e-06,EX_cpd00208_e0,-0.0009441039335933157,0.0023834581566428547,cpd00208_e0,import
S922C1126_Phocaeicola_sp900542985,ERR1620289_sub,1e-06,EX_cpd00048_e0,-9.981351374869863e-05,0.0023834581566428547,cpd00048_e0,import
S922C1126_Phocaeicola_sp900542985,ERR1620289_sub,1e-06,EX_cpd00039_e0,-0.004457476076358033,0.0023834581566428547,cpd00039_e0,import
S922C1126_Phocaeicola_sp900542985,ERR1620289_sub,1e-06,EX_cpd00393_e0,-0.00016201541638099284,0.0023834581566428547,cpd00393_e0,import
S922C1126_Phocaeicola_sp900542985,ERR1620289_sub,1e-06,EX_cpd00007_e0,-0.08819494478120782,0.0023834581566428547,cpd00007_e0,import
S922C1126_Phocaeicola_sp900542985,ERR1620289_sub,1e-06,EX_cpd00013_e0,0.09174330856358767,0.0023834581566428547,cpd00013_e0,export
S922C1126_Phocaeicola_sp900542985,ERR1620289_sub,1e-06,EX_cpd00161_e0,-0.003295250719025416,0.0023834581566428547,cpd00161_e0,import
S922C1126_Phocaeicola_sp900542985,ERR1620289_sub,1e-06,EX_cpd00069_e0,-0.0018451995130357008,0.0023834581566428547,cpd00069_e0,import
S922C1126_Phocaeicola_sp900542985,ERR1620289_sub,1e-06,EX_cpd00119_e0,-0.0012305915548227705,0.0023834581566428547,cpd00119_e0,import
S922C1126_Phocaeicola_sp900542985,ERR1620289_sub,1e-06,EX_cpd00063_e0,-9.981351374869863e-05,0.0023834581566428547,cpd00063_e0,import
S922C1126_Phocaeicola_sp900542985,ERR1620289_sub,1e-06,EX_cpd00099_e0,-9.981351374869863e-05,0.0023834581566428547,cpd00099_e0,import
S922C1126_Phocaeicola_sp900542985,ERR1620289_sub,1e-06,EX_cpd00036_e0,0.001954023584190152,0.0023834581566428547,cpd00036_e0,export
S922C1126_Phocaeicola_sp900542985,ERR1620289_sub,1e-06,EX_cpd00033_e0,-0.008322132692249311,0.0023834581566428547,cpd00033_e0,import
S922C1126_Phocaeicola_sp900542985,ERR1620289_sub,1e-06,EX_cpd00010_e0,-0.00010801027758734066,0.0023834581566428547,cpd00010_e0,import
S922C1126_Phocaeicola_sp900542985,ERR1620289_sub,1e-06,EX_cpd00060_e0,-0.00205029810550615,0.0023834581566428547,cpd00060_e0,import
S922C1126_Phocaeicola_sp900542985,ERR1620289_sub,1e-06,EX_cpd00156_e0,-0.005496642278208366,0.0023834581566428547,cpd00156_e0,import
S922C1126_Phocaeicola_sp900542985,ERR1620289_sub,1e-06,EX_cpd00277_e0,-0.06239642750804168,0.0023834581566428547,cpd00277_e0,import
S922C1126_Phocaeicola_sp900542985,ERR1620289_sub,1e-06,EX_cpd00132_e0,-0.0031311718450490423,0.0023834581566428547,cpd00132_e0,import
S922C1126_Phocaeicola_sp900542985,ERR1620289_sub,1e-06,EX_cpd00588_e0,0.0037923538389453143,0.0023834581566428547,cpd00588_e0,export
S922C1126_Phocaeicola_sp900542985,ERR1620289_sub,1e-06,EX_cpd00058_e0,-9.981351374869863e-05,0.0023834581566428547,cpd00058_e0,import
S922C1126_Phocaeicola_sp900542985,ERR1620289_sub,1e-06,EX_cpd00066_e0,-0.0024064901516534128,0.0023834581566428547,cpd00066_e0,import
S922C1126_Phocaeicola_sp900542985,ERR1620289_sub,1e-06,EX_cpd00030_e0,-9.981351374869863e-05,0.0023834581566428547,cpd00030_e0,import
S922C1126_Phocaeicola_sp900542985,ERR1620289_sub,1e-06,EX_cpd00254_e0,-9.981351374869863e-05,0.0023834581566428547,cpd00254_e0,import
S922C1126_Phocaeicola_sp900542985,ERR1620289_sub,1e-06,EX_cpd00205_e0,-9.981351374869863e-05,0.0023834581566428547,cpd00205_e0,import
S922C1126_Phocaeicola_sp900542985,ERR1620289_sub,1e-06,EX_cpd01741_e0,-0.001132924720311979,0.0023834581566428547,cpd01741_e0,import
S922C1126_Phocaeicola_sp900542985,ERR1620289_sub,1e-06,EX_cpd00035_e0,0.003758735812088432,0.0023834581566428547,cpd00035_e0,export
S922C1126_Phocaeicola_sp900542985,ERR1620289_sub,1e-06,EX_cpd00129_e0,-0.002871380294586459,0.0023834581566428547,cpd00129_e0,import
S922C1126_Phocaeicola_sp900542985,ERR1620289_sub,1e-06,EX_cpd10516_e0,-9.981351374869863e-05,0.0023834581566428547,cpd10516_e0,import
S922C1126_Phocaeicola_sp900542985,ERR1620289_sub,1e-06,EX_cpd10515_e0,-0.0002078237913360272,0.0023834581566428547,cpd10515_e0,import
S922C1126_Phocaeicola_sp900542985,ERR1620289_sub,1e-06,EX_cpd00084_e0,-0.0012975821139160047,0.0023834581566428547,cpd00084_e0,import
S922C1126_Phocaeicola_sp900542985,ERR1620289_sub,1e-06,EX_cpd00047_e0,0.00022386075631297057,0.0023834581566428547,cpd00047_e0,export
S922C1126_Phocaeicola_sp900542985,ERR1620289_sub,1e-06,EX_cpd00029_e0,0.10041064623186742,0.0023834581566428547,cpd00029_e0,export
S922C1126_Phocaeicola_sp900542985,ERR1620289_sub,1e-06,EX_cpd00107_e0,-0.006991120762983928,0.0023834581566428547,cpd00107_e0,import
S922C1126_Phocaeicola_sp900542985,ERR1620289_sub,1e-06,EX_cpd00054_e0,-0.003410799290986866,0.0023834581566428547,cpd00054_e0,import
S922C1126_Phocaeicola_sp900542985,ERR1620289_sub,1e-06,EX_cpd00149_e0,-9.981351374869863e-05,0.0023834581566428547,cpd00149_e0,import
S922C1126_Phocaeicola_sp900542985,ERR1620289_sub,1e-06,EX_cpd00065_e0,-0.0007383549328936598,0.0023834581566428547,cpd00065_e0,import
S922C1126_Phocaeicola_sp900542985,ERR1620289_sub,1e-06,EX_cpd00023_e0,-0.00344511524484535,0.0023834581566428547,cpd00023_e0,import
S922C1126_Phocaeicola_sp900542985,ERR1620289_sub,1e-06,EX_cpd00034_e0,-9.981351374869863e-05,0.0023834581566428547,cpd00034_e0,import
S922C1126_Phocaeicola_sp900542985,ERR1620289_sub,1e-06,EX_cpd00220_e0,-0.00010801027758732855,0.0023834581566428547,cpd00220_e0,import
S922C1126_Phocaeicola_sp900542985,ERR1620289_sub,1e-06,EX_cpd28763_e0,-0.0028482499053520014,0.0023834581566428547,cpd28763_e0,import
S922C1126_Phocaeicola_sp900542985,ERR1620289_sub,1e-06,EX_cpd00012_e0,-0.006721358330525534,0.0023834581566428547,cpd00012_e0,import
S922C1126_Phocaeicola_sp900542985,ERR1620289_sub,1e-06,EX_cpd00053_e0,-0.0036343304296823477,0.0023834581566428547,cpd00053_e0,import
S922C1126_Phocaeicola_sp900542985,ERR1620289_sub,1e-06,EX_cpd00322_e0,-0.004912788359283262,0.0023834581566428547,cpd00322_e0,import
S922C1126_Phocaeicola_sp900542985,ERR1620289_sub,1e-06,EX_cpd00051_e0,-0.0038421802989466428,0.0023834581566428547,cpd00051_e0,import
S922C1126_Phocaeicola_sp900542985,ERR1620289_sub,1e-06,EX_cpd00011_e0,0.14097614295531602,0.0023834581566428547,cpd00011_e0,export
S922C1126_Phocaeicola_sp900542985,ERR1620289_sub,1e-06,EX_cpd00367_e0,-0.019674782953828386,0.0023834581566428547,cpd00367_e0,import
S93C206_Lachnospira_sp000436475,ERR1620289_sub,1e-06,EX_cpd00067_e0,26.377087940732345,0.1002461288592354,cpd00067_e0,export
S93C206_Lachnospira_sp000436475,ERR1620289_sub,1e-06,EX_cpd00048_e0,-0.0041983680079326485,0.1002461288592354,cpd00048_e0,import
S93C206_Lachnospira_sp000436475,ERR1620289_sub,1e-06,EX_cpd00039_e0,-0.21620073813277135,0.1002461288592354,cpd00039_e0,import
S93C206_Lachnospira_sp000436475,ERR1620289_sub,1e-06,EX_cpd00017_e0,-0.008919255294018342,0.1002461288592354,cpd00017_e0,import
S93C206_Lachnospira_sp000436475,ERR1620289_sub,1e-06,EX_cpd00161_e0,-0.12479435011208072,0.1002461288592354,cpd00161_e0,import
S93C206_Lachnospira_sp000436475,ERR1620289_sub,1e-06,EX_cpd00069_e0,-0.07416506333415296,0.1002461288592354,cpd00069_e0,import
S93C206_Lachnospira_sp000436475,ERR1620289_sub,1e-06,EX_cpd00003_e0,-0.005946170196012623,0.1002461288592354,cpd00003_e0,import
S93C206_Lachnospira_sp000436475,ERR1620289_sub,1e-06,EX_cpd00119_e0,-0.054734364084245916,0.1002461288592354,cpd00119_e0,import
S93C206_Lachnospira_sp000436475,ERR1620289_sub,1e-06,EX_cpd00063_e0,-0.0041983680079326485,0.1002461288592354,cpd00063_e0,import
S93C206_Lachnospira_sp000436475,ERR1620289_sub,1e-06,EX_cpd00099_e0,-0.0041983680079326485,0.1002461288592354,cpd00099_e0,import
S93C206_Lachnospira_sp000436475,ERR1620289_sub,1e-06,EX_cpd00033_e0,-0.24734216303943615,0.1002461288592354,cpd00033_e0,import
S93C206_Lachnospira_sp000436475,ERR1620289_sub,1e-06,EX_cpd00060_e0,-0.0698609240606686,0.1002461288592354,cpd00060_e0,import
S93C206_Lachnospira_sp000436475,ERR1620289_sub,1e-06,EX_cpd00064_e0,0.03301846797566355,0.1002461288592354,cpd00064_e0,export
S93C206_Lachnospira_sp000436475,ERR1620289_sub,1e-06,EX_cpd00311_e0,-0.06246123971837475,0.1002461288592354,cpd00311_e0,import
S93C206_Lachnospira_sp000436475,ERR1620289_sub,1e-06,EX_cpd00156_e0,-0.20552753713634342,0.1002461288592354,cpd00156_e0,import
S93C206_Lachnospira_sp000436475,ERR1620289_sub,1e-06,EX_cpd00132_e0,-0.09906919899248502,0.1002461288592354,cpd00132_e0,import
S93C206_Lachnospira_sp000436475,ERR1620289_sub,1e-06,EX_cpd00058_e0,-0.0041983680079326485,0.1002461288592354,cpd00058_e0,import
S93C206_Lachnospira_sp000436475,ERR1620289_sub,1e-06,EX_cpd00066_e0,-0.11767888278112897,0.1002461288592354,cpd00066_e0,import
S93C206_Lachnospira_sp000436475,ERR1620289_sub,1e-06,EX_cpd00182_e0,-0.04164662712176299,0.1002461288592354,cpd00182_e0,import
S93C206_Lachnospira_sp000436475,ERR1620289_sub,1e-06,EX_cpd00179_e0,-0.02509269383663898,0.1002461288592354,cpd00179_e0,import
S93C206_Lachnospira_sp000436475,ERR1620289_sub,1e-06,EX_cpd00030_e0,-0.0041983680079326485,0.1002461288592354,cpd00030_e0,import
S93C206_Lachnospira_sp000436475,ERR1620289_sub,1e-06,EX_cpd00254_e0,-0.0041983680079326485,0.1002461288592354,cpd00254_e0,import
S93C206_Lachnospira_sp000436475,ERR1620289_sub,1e-06,EX_cpd00205_e0,-0.0041983680079326485,0.1002461288592354,cpd00205_e0,import
S93C206_Lachnospira_sp000436475,ERR1620289_sub,1e-06,EX_cpd00129_e0,-0.10755302542554306,0.1002461288592354,cpd00129_e0,import
S93C206_Lachnospira_sp000436475,ERR1620289_sub,1e-06,EX_cpd10516_e0,-0.0041983680079326485,0.1002461288592354,cpd10516_e0,import
S93C206_Lachnospira_sp000436475,ERR1620289_sub,1e-06,EX_cpd00644_e0,-0.005946170196012068,0.1002461288592354,cpd00644_e0,import
S93C206_Lachnospira_sp000436475,ERR1620289_sub,1e-06,EX_cpd10515_e0,-0.0071714531059387625,0.1002461288592354,cpd10515_e0,import
S93C206_Lachnospira_sp000436475,ERR1620289_sub,1e-06,EX_cpd00082_e0,-9.734113141499643,0.1002461288592354,cpd00082_e0,import
S93C206_Lachnospira_sp000436475,ERR1620289_sub,1e-06,EX_cpd00084_e0,-0.04695963833256911,0.1002461288592354,cpd00084_e0,import
S93C206_Lachnospira_sp000436475,ERR1620289_sub,1e-06,EX_cpd00047_e0,9.868549677164504,0.1002461288592354,cpd00047_e0,export
S93C206_Lachnospira_sp000436475,ERR1620289_sub,1e-06,EX_cpd00363_e0,4.250594746410329,0.1002461288592354,cpd00363_e0,export
S93C206_Lachnospira_sp000436475,ERR1620289_sub,1e-06,EX_cpd00122_e0,-0.11980644316067349,0.1002461288592354,cpd00122_e0,import
S93C206_Lachnospira_sp000436475,ERR1620289_sub,1e-06,EX_cpd00029_e0,16.757807887874808,0.1002461288592354,cpd00029_e0,export
S93C206_Lachnospira_sp000436475,ERR1620289_sub,1e-06,EX_cpd00107_e0,-0.28079770264004034,0.1002461288592354,cpd00107_e0,import
S93C206_Lachnospira_sp000436475,ERR1620289_sub,1e-06,EX_cpd00054_e0,-0.17988625951441778,0.1002461288592354,cpd00054_e0,import
S93C206_Lachnospira_sp000436475,ERR1620289_sub,1e-06,EX_cpd00028_e0,-0.002973085098006114,0.1002461288592354,cpd00028_e0,import
S93C206_Lachnospira_sp000436475,ERR1620289_sub,1e-06,EX_cpd00149_e0,-0.0041983680079326485,0.1002461288592354,cpd00149_e0,import
S93C206_Lachnospira_sp000436475,ERR1620289_sub,1e-06,EX_cpd00065_e0,-0.036398352116023526,0.1002461288592354,cpd00065_e0,import
S93C206_Lachnospira_sp000436475,ERR1620289_sub,1e-06,EX_cpd00305_e0,-0.002973085098006114,0.1002461288592354,cpd00305_e0,import
S93C206_Lachnospira_sp000436475,ERR1620289_sub,1e-06,EX_cpd00034_e0,-0.0041983680079326485,0.1002461288592354,cpd00034_e0,import
S93C206_Lachnospira_sp000436475,ERR1620289_sub,1e-06,EX_cpd00220_e0,-0.005946170196012228,0.1002461288592354,cpd00220_e0,import
S93C206_Lachnospira_sp000436475,ERR1620289_sub,1e-06,EX_cpd00041_e0,-0.01690540781623008,0.1002461288592354,cpd00041_e0,import
S93C206_Lachnospira_sp000436475,ERR1620289_sub,1e-06,EX_cpd00012_e0,-0.3801511048335071,0.1002461288592354,cpd00012_e0,import
S93C206_Lachnospira_sp000436475,ERR1620289_sub,1e-06,EX_cpd00053_e0,-0.38542406987599875,0.1002461288592354,cpd00053_e0,import
S93C206_Lachnospira_sp000436475,ERR1620289_sub,1e-06,EX_cpd00322_e0,-0.22934740040084892,0.1002461288592354,cpd00322_e0,import
S93C206_Lachnospira_sp000436475,ERR1620289_sub,1e-06,EX_cpd00051_e0,-0.1681377374104963,0.1002461288592354,cpd00051_e0,import
S93C206_Lachnospira_sp000436475,ERR1620289_sub,1e-06,EX_cpd00092_e0,-0.01404237090975391,0.1002461288592354,cpd00092_e0,import
S93C206_Lachnospira_sp000436475,ERR1620289_sub,1e-06,EX_cpd00011_e0,0.6294933967593749,0.1002461288592354,cpd00011_e0,export
S93C206_Lachnospira_sp000436475,ERR1620289_sub,1e-06,EX_cpd00367_e0,-0.05829534029651212,0.1002461288592354,cpd00367_e0,import
S93C206_Lachnospira_sp000436475,ERR1620289_sub,1e-06,EX_cpd00001_e0,0.32808081623868546,0.1002461288592354,cpd00001_e0,export
S951C743_Blautia_A_sp003480185,ERR1620289_sub,1e-06,EX_cpd00024_e0,-0.0657787150799547,0.002056570326658297,cpd00024_e0,import
S951C743_Blautia_A_sp003480185,ERR1620289_sub,1e-06,EX_cpd00309_e0,0.015754582068173442,0.002056570326658297,cpd00309_e0,export
S951C743_Blautia_A_sp003480185,ERR1620289_sub,1e-06,EX_cpd00048_e0,-0.0007334919562747496,0.002056570326658297,cpd00048_e0,import
S951C743_Blautia_A_sp003480185,ERR1620289_sub,1e-06,EX_cpd00039_e0,-0.0377721776798551,0.002056570326658297,cpd00039_e0,import
S951C743_Blautia_A_sp003480185,ERR1620289_sub,1e-06,EX_cpd00393_e0,-0.0015582726435039048,0.002056570326658297,cpd00393_e0,import
S951C743_Blautia_A_sp003480185,ERR1620289_sub,1e-06,EX_cpd00017_e0,-0.0015582726435039048,0.002056570326658297,cpd00017_e0,import
S951C743_Blautia_A_sp003480185,ERR1620289_sub,1e-06,EX_cpd00013_e0,1.2162207145579242,0.002056570326658297,cpd00013_e0,export
S951C743_Blautia_A_sp003480185,ERR1620289_sub,1e-06,EX_cpd00161_e0,-0.02180267471141004,0.002056570326658297,cpd00161_e0,import
S951C743_Blautia_A_sp003480185,ERR1620289_sub,1e-06,EX_cpd00069_e0,-0.012957291330684429,0.002056570326658297,cpd00069_e0,import
S951C743_Blautia_A_sp003480185,ERR1620289_sub,1e-06,EX_cpd00003_e0,-0.0010388484290025598,0.002056570326658297,cpd00003_e0,import
S951C743_Blautia_A_sp003480185,ERR1620289_sub,1e-06,EX_cpd00119_e0,-0.009562576627811419,0.002056570326658297,cpd00119_e0,import
S951C743_Blautia_A_sp003480185,ERR1620289_sub,1e-06,EX_cpd00063_e0,-0.0007334919562747496,0.002056570326658297,cpd00063_e0,import
S951C743_Blautia_A_sp003480185,ERR1620289_sub,1e-06,EX_cpd00099_e0,-0.0007334919562747496,0.002056570326658297,cpd00099_e0,import
S951C743_Blautia_A_sp003480185,ERR1620289_sub,1e-06,EX_cpd00036_e0,0.01263803678116563,0.002056570326658297,cpd00036_e0,export
S951C743_Blautia_A_sp003480185,ERR1620289_sub,1e-06,EX_cpd00033_e0,0.7678868384916422,0.002056570326658297,cpd00033_e0,export
S951C743_Blautia_A_sp003480185,ERR1620289_sub,1e-06,EX_cpd00232_e0,-0.020931243331266294,0.002056570326658297,cpd00232_e0,import
S951C743_Blautia_A_sp003480185,ERR1620289_sub,1e-06,EX_cpd00010_e0,-0.0010388484290024813,0.002056570326658297,cpd00010_e0,import
S951C743_Blautia_A_sp003480185,ERR1620289_sub,1e-06,EX_cpd00060_e0,-0.013244168629518858,0.002056570326658297,cpd00060_e0,import
S951C743_Blautia_A_sp003480185,ERR1620289_sub,1e-06,EX_cpd00239_e0,-0.0061265665418276365,0.002056570326658297,cpd00239_e0,import
S951C743_Blautia_A_sp003480185,ERR1620289_sub,1e-06,EX_cpd00064_e0,0.6975662837652213,0.002056570326658297,cpd00064_e0,export
S951C743_Blautia_A_sp003480185,ERR1620289_sub,1e-06,EX_cpd00311_e0,-0.010393105803308364,0.002056570326658297,cpd00311_e0,import
S951C743_Blautia_A_sp003480185,ERR1620289_sub,1e-06,EX_cpd00156_e0,-0.03590747523743188,0.002056570326658297,cpd00156_e0,import
S951C743_Blautia_A_sp003480185,ERR1620289_sub,1e-06,EX_cpd00132_e0,-0.017308263696338654,0.002056570326658297,cpd00132_e0,import
S951C743_Blautia_A_sp003480185,ERR1620289_sub,1e-06,EX_cpd00058_e0,-0.0007334919562747496,0.002056570326658297,cpd00058_e0,import
S951C743_Blautia_A_sp003480185,ERR1620289_sub,1e-06,EX_cpd00066_e0,-0.020559539749794593,0.002056570326658297,cpd00066_e0,import
S951C743_Blautia_A_sp003480185,ERR1620289_sub,1e-06,EX_cpd00182_e0,-0.006237185006389884,0.002056570326658297,cpd00182_e0,import
S951C743_Blautia_A_sp003480185,ERR1620289_sub,1e-06,EX_cpd00030_e0,-0.0007334919562747496,0.002056570326658297,cpd00030_e0,import
S951C743_Blautia_A_sp003480185,ERR1620289_sub,1e-06,EX_cpd00254_e0,-0.0007334919562747496,0.002056570326658297,cpd00254_e0,import
S951C743_Blautia_A_sp003480185,ERR1620289_sub,1e-06,EX_cpd00204_e0,0.7490163276408837,0.002056570326658297,cpd00204_e0,export
S951C743_Blautia_A_sp003480185,ERR1620289_sub,1e-06,EX_cpd00205_e0,-0.0007334919562747496,0.002056570326658297,cpd00205_e0,import
S951C743_Blautia_A_sp003480185,ERR1620289_sub,1e-06,EX_cpd00129_e0,-0.01879046307364941,0.002056570326658297,cpd00129_e0,import
S951C743_Blautia_A_sp003480185,ERR1620289_sub,1e-06,EX_cpd10516_e0,-0.0007334919562747496,0.002056570326658297,cpd10516_e0,import
S951C743_Blautia_A_sp003480185,ERR1620289_sub,1e-06,EX_cpd10515_e0,-0.001252916170776051,0.002056570326658297,cpd10515_e0,import
S951C743_Blautia_A_sp003480185,ERR1620289_sub,1e-06,EX_cpd11640_e0,0.246826497030741,0.002056570326658297,cpd11640_e0,export
S951C743_Blautia_A_sp003480185,ERR1620289_sub,1e-06,EX_cpd00082_e0,-0.875070550790007,0.002056570326658297,cpd00082_e0,import
S951C743_Blautia_A_sp003480185,ERR1620289_sub,1e-06,EX_cpd00029_e0,2.2045491944668982,0.002056570326658297,cpd00029_e0,export
S951C743_Blautia_A_sp003480185,ERR1620289_sub,1e-06,EX_cpd00107_e0,-0.049057837673529336,0.002056570326658297,cpd00107_e0,import
S951C743_Blautia_A_sp003480185,ERR1620289_sub,1e-06,EX_cpd01217_e0,-0.015754582068173442,0.002056570326658297,cpd01217_e0,import
S951C743_Blautia_A_sp003480185,ERR1620289_sub,1e-06,EX_cpd00054_e0,-0.8512511033119536,0.002056570326658297,cpd00054_e0,import
S951C743_Blautia_A_sp003480185,ERR1620289_sub,1e-06,EX_cpd00028_e0,-0.0005194242145013016,0.002056570326658297,cpd00028_e0,import
S951C743_Blautia_A_sp003480185,ERR1620289_sub,1e-06,EX_cpd00149_e0,-0.0007334919562747496,0.002056570326658297,cpd00149_e0,import
S951C743_Blautia_A_sp003480185,ERR1620289_sub,1e-06,EX_cpd00065_e0,-0.006359113457494592,0.002056570326658297,cpd00065_e0,import
S951C743_Blautia_A_sp003480185,ERR1620289_sub,1e-06,EX_cpd00305_e0,-0.0005194242145013016,0.002056570326658297,cpd00305_e0,import
S951C743_Blautia_A_sp003480185,ERR1620289_sub,1e-06,EX_cpd00034_e0,-0.0007334919562747496,0.002056570326658297,cpd00034_e0,import
S951C743_Blautia_A_sp003480185,ERR1620289_sub,1e-06,EX_cpd00009_e0,-0.12971496306933225,0.002056570326658297,cpd00009_e0,import
S951C743_Blautia_A_sp003480185,ERR1620289_sub,1e-06,EX_cpd00322_e0,-0.03903016721438396,0.002056570326658297,cpd00322_e0,import
S951C743_Blautia_A_sp003480185,ERR1620289_sub,1e-06,EX_cpd00051_e0,-0.7211728130358589,0.002056570326658297,cpd00051_e0,import
S951C743_Blautia_A_sp003480185,ERR1620289_sub,1e-06,EX_cpd00011_e0,0.6881079672969347,0.002056570326658297,cpd00011_e0,export
S951C743_Blautia_A_sp003480185,ERR1620289_sub,1e-06,EX_cpd00027_e0,-0.03253856917860488,0.002056570326658297,cpd00027_e0,import
S975C400_Phocaeicola_dorei,ERR1620289_sub,1e-06,EX_cpd00067_e0,19.1306168584733,0.11023296100484108,cpd00067_e0,export
S975C400_Phocaeicola_dorei,ERR1620289_sub,1e-06,EX_cpd00048_e0,-0.004616622645193409,0.11023296100484108,cpd00048_e0,import
S975C400_Phocaeicola_dorei,ERR1620289_sub,1e-06,EX_cpd00039_e0,-0.2061693273952162,0.11023296100484108,cpd00039_e0,import
S975C400_Phocaeicola_dorei,ERR1620289_sub,1e-06,EX_cpd00017_e0,-0.009991486617307638,0.11023296100484108,cpd00017_e0,import
S975C400_Phocaeicola_dorei,ERR1620289_sub,1e-06,EX_cpd00412_e0,0.012117684515201748,0.11023296100484108,cpd00412_e0,export
S975C400_Phocaeicola_dorei,ERR1620289_sub,1e-06,EX_cpd00161_e0,-0.1524135211725371,0.11023296100484108,cpd00161_e0,import
S975C400_Phocaeicola_dorei,ERR1620289_sub,1e-06,EX_cpd00069_e0,-0.08534505536222077,0.11023296100484108,cpd00069_e0,import
S975C400_Phocaeicola_dorei,ERR1620289_sub,1e-06,EX_cpd00184_e0,-0.015622214842532005,0.11023296100484108,cpd00184_e0,import
S975C400_Phocaeicola_dorei,ERR1620289_sub,1e-06,EX_cpd00119_e0,-0.05691791247107199,0.11023296100484108,cpd00119_e0,import
S975C400_Phocaeicola_dorei,ERR1620289_sub,1e-06,EX_cpd00063_e0,-0.004616622645193409,0.11023296100484108,cpd00063_e0,import
S975C400_Phocaeicola_dorei,ERR1620289_sub,1e-06,EX_cpd00099_e0,-0.004616622645193409,0.11023296100484108,cpd00099_e0,import
S975C400_Phocaeicola_dorei,ERR1620289_sub,1e-06,EX_cpd00036_e0,6.856822865705924,0.11023296100484108,cpd00036_e0,export
S975C400_Phocaeicola_dorei,ERR1620289_sub,1e-06,EX_cpd00033_e0,-0.3730649106215858,0.11023296100484108,cpd00033_e0,import
S975C400_Phocaeicola_dorei,ERR1620289_sub,1e-06,EX_cpd00232_e0,-0.034933719377652134,0.11023296100484108,cpd00232_e0,import
S975C400_Phocaeicola_dorei,ERR1620289_sub,1e-06,EX_cpd00010_e0,-0.004995743308653482,0.11023296100484108,cpd00010_e0,import
S975C400_Phocaeicola_dorei,ERR1620289_sub,1e-06,EX_cpd00060_e0,-0.08483988749009122,0.11023296100484108,cpd00060_e0,import
S975C400_Phocaeicola_dorei,ERR1620289_sub,1e-06,EX_cpd00064_e0,-0.004995743308653819,0.11023296100484108,cpd00064_e0,import
S975C400_Phocaeicola_dorei,ERR1620289_sub,1e-06,EX_cpd00311_e0,-0.14022099447626393,0.11023296100484108,cpd00311_e0,import
S975C400_Phocaeicola_dorei,ERR1620289_sub,1e-06,EX_cpd00006_e0,0.01011339586967619,0.11023296100484108,cpd00006_e0,export
S975C400_Phocaeicola_dorei,ERR1620289_sub,1e-06,EX_cpd00156_e0,-0.2542333423707878,0.11023296100484108,cpd00156_e0,import
S975C400_Phocaeicola_dorei,ERR1620289_sub,1e-06,EX_cpd00277_e0,-0.012117684515201748,0.11023296100484108,cpd00277_e0,import
S975C400_Phocaeicola_dorei,ERR1620289_sub,1e-06,EX_cpd00132_e0,-0.14482446617639397,0.11023296100484108,cpd00132_e0,import
S975C400_Phocaeicola_dorei,ERR1620289_sub,1e-06,EX_cpd00058_e0,-0.004616622645193409,0.11023296100484108,cpd00058_e0,import
S975C400_Phocaeicola_dorei,ERR1620289_sub,1e-06,EX_cpd00066_e0,-0.11130613994342944,0.11023296100484108,cpd00066_e0,import
S975C400_Phocaeicola_dorei,ERR1620289_sub,1e-06,EX_cpd00182_e0,-0.1304662943639694,0.11023296100484108,cpd00182_e0,import
S975C400_Phocaeicola_dorei,ERR1620289_sub,1e-06,EX_cpd00030_e0,-0.004616622645193409,0.11023296100484108,cpd00030_e0,import
S975C400_Phocaeicola_dorei,ERR1620289_sub,1e-06,EX_cpd00254_e0,-0.004616622645193409,0.11023296100484108,cpd00254_e0,import
S975C400_Phocaeicola_dorei,ERR1620289_sub,1e-06,EX_cpd00205_e0,-0.004616622645193409,0.11023296100484108,cpd00205_e0,import
S975C400_Phocaeicola_dorei,ERR1620289_sub,1e-06,EX_cpd01741_e0,-0.0524005790664782,0.11023296100484108,cpd01741_e0,import
S975C400_Phocaeicola_dorei,ERR1620289_sub,1e-06,EX_cpd00129_e0,-0.13280846243250108,0.11023296100484108,cpd00129_e0,import
S975C400_Phocaeicola_dorei,ERR1620289_sub,1e-06,EX_cpd10516_e0,-0.004616622645193409,0.11023296100484108,cpd10516_e0,import
S975C400_Phocaeicola_dorei,ERR1620289_sub,1e-06,EX_cpd10515_e0,-0.007114494299520319,0.11023296100484108,cpd10515_e0,import
S975C400_Phocaeicola_dorei,ERR1620289_sub,1e-06,EX_cpd11640_e0,5.099110124113177,0.11023296100484108,cpd11640_e0,export
S975C400_Phocaeicola_dorei,ERR1620289_sub,1e-06,EX_cpd00084_e0,-0.060016392030689994,0.11023296100484108,cpd00084_e0,import
S975C400_Phocaeicola_dorei,ERR1620289_sub,1e-06,EX_cpd00029_e0,5.892233061196713,0.11023296100484108,cpd00029_e0,export
S975C400_Phocaeicola_dorei,ERR1620289_sub,1e-06,EX_cpd00107_e0,-0.3233566800476878,0.11023296100484108,cpd00107_e0,import
S975C400_Phocaeicola_dorei,ERR1620289_sub,1e-06,EX_cpd00054_e0,-0.1618908589002144,0.11023296100484108,cpd00054_e0,import
S975C400_Phocaeicola_dorei,ERR1620289_sub,1e-06,EX_cpd00028_e0,-0.0024978716543269095,0.11023296100484108,cpd00028_e0,import
S975C400_Phocaeicola_dorei,ERR1620289_sub,1e-06,EX_cpd00149_e0,-0.004616622645193409,0.11023296100484108,cpd00149_e0,import
S975C400_Phocaeicola_dorei,ERR1620289_sub,1e-06,EX_cpd00065_e0,-0.03415074748264308,0.11023296100484108,cpd00065_e0,import
S975C400_Phocaeicola_dorei,ERR1620289_sub,1e-06,EX_cpd00034_e0,-0.004616622645193409,0.11023296100484108,cpd00034_e0,import
S975C400_Phocaeicola_dorei,ERR1620289_sub,1e-06,EX_cpd00220_e0,-0.004995743308653819,0.11023296100484108,cpd00220_e0,import
S975C400_Phocaeicola_dorei,ERR1620289_sub,1e-06,EX_cpd28763_e0,-0.6223306866699209,0.11023296100484108,cpd28763_e0,import
S975C400_Phocaeicola_dorei,ERR1620289_sub,1e-06,EX_cpd00012_e0,-0.3260495920785695,0.11023296100484108,cpd00012_e0,import
S975C400_Phocaeicola_dorei,ERR1620289_sub,1e-06,EX_cpd00053_e0,-0.4145201835036011,0.11023296100484108,cpd00053_e0,import
S975C400_Phocaeicola_dorei,ERR1620289_sub,1e-06,EX_cpd00322_e0,-0.2272286500965446,0.11023296100484108,cpd00322_e0,import
S975C400_Phocaeicola_dorei,ERR1620289_sub,1e-06,EX_cpd00051_e0,-0.17771037115967997,0.11023296100484108,cpd00051_e0,import
S975C400_Phocaeicola_dorei,ERR1620289_sub,1e-06,EX_cpd00011_e0,0.4196723219455983,0.11023296100484108,cpd00011_e0,export
S975C400_Phocaeicola_dorei,ERR1620289_sub,1e-06,EX_cpd00367_e0,-0.19453787931950853,0.11023296100484108,cpd00367_e0,import
medium,ERR1620289_sub,1e-06,EX_cpd00161_m,-0.1,,cpd00161_m,import
medium,ERR1620289_sub,1e-06,EX_cpd00067_m,53.48385961070468,,cpd00067_m,export
medium,ERR1620289_sub,1e-06,EX_cpd00053_m,-0.1,,cpd00053_m,import
medium,ERR1620289_sub,1e-06,EX_cpd00013_m,-1.0922185758638379,,cpd00013_m,import
medium,ERR1620289_sub,1e-06,EX_cpd00009_m,-1.3500123732461178,,cpd00009_m,import
medium,ERR1620289_sub,1e-06,EX_cpd00322_m,-0.1,,cpd00322_m,import
medium,ERR1620289_sub,1e-06,EX_cpd00208_m,-0.00011556774480435934,,cpd00208_m,import
medium,ERR1620289_sub,1e-06,EX_cpd28763_m,-0.42,,cpd28763_m,import
medium,ERR1620289_sub,1e-06,EX_cpd00039_m,-0.1,,cpd00039_m,import
medium,ERR1620289_sub,1e-06,EX_cpd01262_m,0.01654036264764103,,cpd01262_m,export
medium,ERR1620289_sub,1e-06,EX_cpd00107_m,-0.1,,cpd00107_m,import
medium,ERR1620289_sub,1e-06,EX_cpd00205_m,-0.009556663760111814,,cpd00205_m,import
medium,ERR1620289_sub,1e-06,EX_cpd00305_m,-0.0005725658973774,,cpd00305_m,import
medium,ERR1620289_sub,1e-06,EX_cpd00239_m,-0.1274674817907703,,cpd00239_m,import
medium,ERR1620289_sub,1e-06,EX_cpd00084_m,-0.1,,cpd00084_m,import
medium,ERR1620289_sub,1e-06,EX_cpd00054_m,-0.1,,cpd00054_m,import
medium,ERR1620289_sub,1e-06,EX_cpd00036_m,15.162746125853305,,cpd00036_m,export
medium,ERR1620289_sub,1e-06,EX_cpd00314_m,5.728852355348339,,cpd00314_m,export
medium,ERR1620289_sub,1e-06,EX_cpd90021_m,-0.0032427284959478525,,cpd90021_m,import
medium,ERR1620289_sub,1e-06,EX_cpd00644_m,-0.010544555990605168,,cpd00644_m,import
medium,ERR1620289_sub,1e-06,EX_cpd00232_m,-5.0,,cpd00232_m,import
medium,ERR1620289_sub,1e-06,EX_cpd00363_m,0.4762096839444333,,cpd00363_m,export
medium,ERR1620289_sub,1e-06,EX_cpd00794_m,-0.12497796315655978,,cpd00794_m,import
medium,ERR1620289_sub,1e-06,EX_cpd00063_m,-0.009556663760111812,,cpd00063_m,import
medium,ERR1620289_sub,1e-06,EX_cpd00099_m,-0.009556663760111814,,cpd00099_m,import
medium,ERR1620289_sub,1e-06,EX_cpd00069_m,-0.1,,cpd00069_m,import
medium,ERR1620289_sub,1e-06,EX_cpd90003_m,-0.015618535318533543,,cpd90003_m,import
medium,ERR1620289_sub,1e-06,EX_cpd00371_m,5.416659122582371e-05,,cpd00371_m,export
medium,ERR1620289_sub,1e-06,EX_cpd00229_m,1.1918594194128647e-06,,cpd00229_m,export
medium,ERR1620289_sub,1e-06,EX_cpd10515_m,-0.020101757187513107,,cpd10515_m,import
medium,ERR1620289_sub,1e-06,EX_cpd10516_m,-0.009556663760111814,,cpd10516_m,import
medium,ERR1620289_sub,1e-06,EX_cpd00034_m,-0.009556663760111814,,cpd00034_m,import
medium,ERR1620289_sub,1e-06,EX_cpd00082_m,-5.0,,cpd00082_m,import
medium,ERR1620289_sub,1e-06,EX_cpd00011_m,0.3431253271963845,,cpd00011_m,export
medium,ERR1620289_sub,1e-06,EX_cpd00066_m,-0.1,,cpd00066_m,import
medium,ERR1620289_sub,1e-06,EX_cpd00076_m,-2.5,,cpd00076_m,import
medium,ERR1620289_sub,1e-06,EX_cpd00048_m,-0.009556663760111312,,cpd00048_m,import
medium,ERR1620289_sub,1e-06,EX_cpd00119_m,-0.1,,cpd00119_m,import
medium,ERR1620289_sub,1e-06,EX_cpd00588_m,1.0760405532217812e-05,,cpd00588_m,export
medium,ERR1620289_sub,1e-06,EX_cpd00254_m,-0.009556663760111812,,cpd00254_m,import
medium,ERR1620289_sub,1e-06,EX_cpd00073_m,4.658019960300556e-05,,cpd00073_m,export
medium,ERR1620289_sub,1e-06,EX_cpd00211_m,0.0038325578684175678,,cpd00211_m,export
medium,ERR1620289_sub,1e-06,EX_cpd00220_m,-0.01049650533102058,,cpd00220_m,import
medium,ERR1620289_sub,1e-06,EX_cpd00179_m,-0.2444263913669,,cpd00179_m,import
medium,ERR1620289_sub,1e-06,EX_cpd00060_m,-0.1,,cpd00060_m,import
medium,ERR1620289_sub,1e-06,EX_cpd00380_m,0.00210550641975122,,cpd00380_m,export
medium,ERR1620289_sub,1e-06,EX_cpd00029_m,28.514154357098853,,cpd00029_m,export
medium,ERR1620289_sub,1e-06,EX_cpd00122_m,-5.0,,cpd00122_m,import
medium,ERR1620289_sub,1e-06,EX_cpd00007_m,-0.001,,cpd00007_m,import
medium,ERR1620289_sub,1e-06,EX_cpd00221_m,0.004774711309286006,,cpd00221_m,export
medium,ERR1620289_sub,1e-06,EX_cpd00065_m,-0.07158272656723913,,cpd00065_m,import
medium,ERR1620289_sub,1e-06,EX_cpd00149_m,-0.009556663760111814,,cpd00149_m,import
medium,ERR1620289_sub,1e-06,EX_cpd00051_m,-0.1,,cpd00051_m,import
medium,ERR1620289_sub,1e-06,EX_cpd00156_m,-0.1,,cpd00156_m,import
medium,ERR1620289_sub,1e-06,EX_cpd00001_m,3.1339533612748074,,cpd00001_m,export
medium,ERR1620289_sub,1e-06,EX_cpd00030_m,-0.009556663760111814,,cpd00030_m,import
medium,ERR1620289_sub,1e-06,EX_cpd11640_m,1.008543842181208,,cpd11640_m,export
medium,ERR1620289_sub,1e-06,EX_cpd00216_m,-2.938044514748751e-05,,cpd00216_m,import
medium,ERR1620289_sub,1e-06,EX_cpd00058_m,-0.009556663760111812,,cpd00058_m,import
medium,ERR1620289_sub,1e-06,EX_cpd00204_m,0.29198893367302914,,cpd00204_m,export
medium,ERR1620289_sub,1e-06,EX_cpd00129_m,-0.1,,cpd00129_m,import
medium,ERR1620289_sub,1e-06,EX_cpd00047_m,1.0079945006829394,,cpd00047_m,export
medium,ERR1620289_sub,1e-06,EX_cpd00100_m,0.03421469463561659,,cpd00100_m,export
medium,ERR1620289_sub,1e-06,EX_cpd00027_m,0.0058777438058973735,,cpd00027_m,export
