taxon,sample_id,tolerance,reaction,flux,abundance,metabolite,direction
S1083C200_Klebsiella_pneumoniae,ERR1620286_sub,1e-06,EX_cpd01262_e0,0.18250993093624004,0.08540578728037343,cpd01262_e0,export
S1083C200_Klebsiella_pneumoniae,ERR1620286_sub,1e-06,EX_cpd00211_e0,-0.2001663525859932,0.08540578728037343,cpd00211_e0,import
S1083C200_Klebsiella_pneumoniae,ERR1620286_sub,1e-06,EX_cpd10515_e0,-0.012878834396863567,0.08540578728037343,cpd10515_e0,import
S1083C200_Klebsiella_pneumoniae,ERR1620286_sub,1e-06,EX_cpd00080_e0,0.008525166407758134,0.08540578728037343,cpd00080_e0,export
S1083C200_Klebsiella_pneumoniae,ERR1620286_sub,1e-06,EX_cpd00066_e0,-0.21202454898994155,0.08540578728037343,cpd00066_e0,import
S1083C200_Klebsiella_pneumoniae,ERR1620286_sub,1e-06,EX_cpd00305_e0,-0.004084734316658012,0.08540578728037343,cpd00305_e0,import
S1083C200_Klebsiella_pneumoniae,ERR1620286_sub,1e-06,EX_cpd00107_e0,-0.6159548276927109,0.08540578728037343,cpd00107_e0,import
S1083C200_Klebsiella_pneumoniae,ERR1620286_sub,1e-06,EX_cpd00003_e0,-0.008317444840767019,0.08540578728037343,cpd00003_e0,import
S1083C200_Klebsiella_pneumoniae,ERR1620286_sub,1e-06,EX_cpd00393_e0,0.03662917975919233,0.08540578728037343,cpd00393_e0,export
S1083C200_Klebsiella_pneumoniae,ERR1620286_sub,1e-06,EX_cpd00033_e0,-0.6051965258052991,0.08540578728037343,cpd00033_e0,import
S1083C200_Klebsiella_pneumoniae,ERR1620286_sub,1e-06,EX_cpd11640_e0,7.808070651612201,0.08540578728037343,cpd11640_e0,export
S1083C200_Klebsiella_pneumoniae,ERR1620286_sub,1e-06,EX_cpd00149_e0,-0.008794100080205555,0.08540578728037343,cpd00149_e0,import
S1083C200_Klebsiella_pneumoniae,ERR1620286_sub,1e-06,EX_cpd00006_e0,0.00014797620745210516,0.08540578728037343,cpd00006_e0,export
S1083C200_Klebsiella_pneumoniae,ERR1620286_sub,1e-06,EX_cpd00644_e0,-0.056647251376377585,0.08540578728037343,cpd00644_e0,import
S1083C200_Klebsiella_pneumoniae,ERR1620286_sub,1e-06,EX_cpd00039_e0,-0.3927272896063696,0.08540578728037343,cpd00039_e0,import
S1083C200_Klebsiella_pneumoniae,ERR1620286_sub,1e-06,EX_cpd00029_e0,27.955309800625972,0.08540578728037343,cpd00029_e0,export
S1083C200_Klebsiella_pneumoniae,ERR1620286_sub,1e-06,EX_cpd00184_e0,0.0009493840254127582,0.08540578728037343,cpd00184_e0,export
S1083C200_Klebsiella_pneumoniae,ERR1620286_sub,1e-06,EX_cpd00010_e0,0.04847778274306158,0.08540578728037343,cpd00010_e0,export
S1083C200_Klebsiella_pneumoniae,ERR1620286_sub,1e-06,EX_cpd00065_e0,-0.0650529866219138,0.08540578728037343,cpd00065_e0,import
S1083C200_Klebsiella_pneumoniae,ERR1620286_sub,1e-06,EX_cpd00122_e0,-0.393107218209794,0.08540578728037343,cpd00122_e0,import
S1083C200_Klebsiella_pneumoniae,ERR1620286_sub,1e-06,EX_cpd00311_e0,-0.2938149643882665,0.08540578728037343,cpd00311_e0,import
S1083C200_Klebsiella_pneumoniae,ERR1620286_sub,1e-06,EX_cpd00034_e0,-0.008794100080205555,0.08540578728037343,cpd00034_e0,import
S1083C200_Klebsiella_pneumoniae,ERR1620286_sub,1e-06,EX_cpd00099_e0,-0.008794100080205555,0.08540578728037343,cpd00099_e0,import
S1083C200_Klebsiella_pneumoniae,ERR1620286_sub,1e-06,EX_cpd00129_e0,-0.2529838368629985,0.08540578728037343,cpd00129_e0,import
S1083C200_Klebsiella_pneumoniae,ERR1620286_sub,1e-06,EX_cpd00060_e0,-0.16362979791668167,0.08540578728037343,cpd00060_e0,import
S1083C200_Klebsiella_pneumoniae,ERR1620286_sub,1e-06,EX_cpd00092_e0,-0.04297777002784929,0.08540578728037343,cpd00092_e0,import
S1083C200_Klebsiella_pneumoniae,ERR1620286_sub,1e-06,EX_cpd00367_e0,-0.043234708327951225,0.08540578728037343,cpd00367_e0,import
S1083C200_Klebsiella_pneumoniae,ERR1620286_sub,1e-06,EX_cpd00307_e0,-0.2922561310000733,0.08540578728037343,cpd00307_e0,import
S1083C200_Klebsiella_pneumoniae,ERR1620286_sub,1e-06,EX_cpd00117_e0,-0.033272226039607215,0.08540578728037343,cpd00117_e0,import
S1083C200_Klebsiella_pneumoniae,ERR1620286_sub,1e-06,EX_cpd00264_e0,-0.004084734316658012,0.08540578728037343,cpd00264_e0,import
S1083C200_Klebsiella_pneumoniae,ERR1620286_sub,1e-06,EX_cpd00036_e0,3.272631599559494,0.08540578728037343,cpd00036_e0,export
S1083C200_Klebsiella_pneumoniae,ERR1620286_sub,1e-06,EX_cpd00048_e0,-0.008794100080205555,0.08540578728037343,cpd00048_e0,import
S1083C200_Klebsiella_pneumoniae,ERR1620286_sub,1e-06,EX_cpd90003_e0,-0.11457708333688701,0.08540578728037343,cpd90003_e0,import
S1083C200_Klebsiella_pneumoniae,ERR1620286_sub,1e-06,EX_cpd00161_e0,-0.29032906992372715,0.08540578728037343,cpd00161_e0,import
S1083C200_Klebsiella_pneumoniae,ERR1620286_sub,1e-06,EX_cpd00054_e0,-0.33572299949490614,0.08540578728037343,cpd00054_e0,import
S1083C200_Klebsiella_pneumoniae,ERR1620286_sub,1e-06,EX_cpd00232_e0,-0.011310713453481946,0.08540578728037343,cpd00232_e0,import
S1083C200_Klebsiella_pneumoniae,ERR1620286_sub,1e-06,EX_cpd10516_e0,-0.008794100080205555,0.08540578728037343,cpd10516_e0,import
S1083C200_Klebsiella_pneumoniae,ERR1620286_sub,1e-06,EX_cpd00064_e0,-0.004084734316658012,0.08540578728037343,cpd00064_e0,import
S1083C200_Klebsiella_pneumoniae,ERR1620286_sub,1e-06,EX_cpd00017_e0,-0.016338937266632048,0.08540578728037343,cpd00017_e0,import
S1083C200_Klebsiella_pneumoniae,ERR1620286_sub,1e-06,EX_cpd00105_e0,0.0002569383001019342,0.08540578728037343,cpd00105_e0,export
S1083C200_Klebsiella_pneumoniae,ERR1620286_sub,1e-06,EX_cpd00156_e0,-0.48428334485202584,0.08540578728037343,cpd00156_e0,import
S1083C200_Klebsiella_pneumoniae,ERR1620286_sub,1e-06,EX_cpd00314_e0,1.8250993093624004,0.08540578728037343,cpd00314_e0,export
S1083C200_Klebsiella_pneumoniae,ERR1620286_sub,1e-06,EX_cpd00051_e0,-0.33851646742144087,0.08540578728037343,cpd00051_e0,import
S1083C200_Klebsiella_pneumoniae,ERR1620286_sub,1e-06,EX_cpd00412_e0,0.0002727175673350703,0.08540578728037343,cpd00412_e0,export
S1083C200_Klebsiella_pneumoniae,ERR1620286_sub,1e-06,EX_cpd00322_e0,-0.3324930427342269,0.08540578728037343,cpd00322_e0,import
S1083C200_Klebsiella_pneumoniae,ERR1620286_sub,1e-06,EX_cpd00063_e0,-0.008794100080205555,0.08540578728037343,cpd00063_e0,import
S1083C200_Klebsiella_pneumoniae,ERR1620286_sub,1e-06,EX_cpd00009_e0,-1.3405899678248794,0.08540578728037343,cpd00009_e0,import
S1083C200_Klebsiella_pneumoniae,ERR1620286_sub,1e-06,EX_cpd00276_e0,0.011310713453473528,0.08540578728037343,cpd00276_e0,export
S1083C200_Klebsiella_pneumoniae,ERR1620286_sub,1e-06,EX_cpd00119_e0,-0.1084216443698567,0.08540578728037343,cpd00119_e0,import
S1083C200_Klebsiella_pneumoniae,ERR1620286_sub,1e-06,EX_cpd00058_e0,-0.008794100080205555,0.08540578728037343,cpd00058_e0,import
S1083C200_Klebsiella_pneumoniae,ERR1620286_sub,1e-06,EX_cpd00277_e0,-0.03098050537797719,0.08540578728037343,cpd00277_e0,import
S1083C200_Klebsiella_pneumoniae,ERR1620286_sub,1e-06,EX_cpd00028_e0,-0.004084734316658012,0.08540578728037343,cpd00028_e0,import
S1083C200_Klebsiella_pneumoniae,ERR1620286_sub,1e-06,EX_cpd00011_e0,6.176805212073586,0.08540578728037343,cpd00011_e0,export
S1083C200_Klebsiella_pneumoniae,ERR1620286_sub,1e-06,EX_cpd00371_e0,0.0376311279251893,0.08540578728037343,cpd00371_e0,export
S1083C200_Klebsiella_pneumoniae,ERR1620286_sub,1e-06,EX_cpd00132_e0,-0.2758728506744126,0.08540578728037343,cpd00132_e0,import
S1083C200_Klebsiella_pneumoniae,ERR1620286_sub,1e-06,EX_cpd00053_e0,-0.7127940419336325,0.08540578728037343,cpd00053_e0,import
S1083C200_Klebsiella_pneumoniae,ERR1620286_sub,1e-06,EX_cpd00182_e0,-0.27773529752033443,0.08540578728037343,cpd00182_e0,import
S1083C200_Klebsiella_pneumoniae,ERR1620286_sub,1e-06,EX_cpd00067_e0,32.81190299687933,0.08540578728037343,cpd00067_e0,export
S1083C200_Klebsiella_pneumoniae,ERR1620286_sub,1e-06,EX_cpd00794_e0,-7.149366518847504,0.08540578728037343,cpd00794_e0,import
S1083C200_Klebsiella_pneumoniae,ERR1620286_sub,1e-06,EX_cpd00220_e0,-0.008169468633316024,0.08540578728037343,cpd00220_e0,import
S1083C200_Klebsiella_pneumoniae,ERR1620286_sub,1e-06,EX_cpd00141_e0,-0.10034967446717155,0.08540578728037343,cpd00141_e0,import
S1083C200_Klebsiella_pneumoniae,ERR1620286_sub,1e-06,EX_cpd00084_e0,-0.1655395752505636,0.08540578728037343,cpd00084_e0,import
S1083C200_Klebsiella_pneumoniae,ERR1620286_sub,1e-06,EX_cpd00030_e0,-0.008794100080205555,0.08540578728037343,cpd00030_e0,import
S1083C200_Klebsiella_pneumoniae,ERR1620286_sub,1e-06,EX_cpd00069_e0,-0.157813726805014,0.08540578728037343,cpd00069_e0,import
S1083C200_Klebsiella_pneumoniae,ERR1620286_sub,1e-06,EX_cpd00205_e0,-0.008794100080205555,0.08540578728037343,cpd00205_e0,import
S1083C200_Klebsiella_pneumoniae,ERR1620286_sub,1e-06,EX_cpd00027_e0,0.7209521479248291,0.08540578728037343,cpd00027_e0,export
S1083C200_Klebsiella_pneumoniae,ERR1620286_sub,1e-06,EX_cpd00254_e0,-0.008794100080205555,0.08540578728037343,cpd00254_e0,import
S117C198_Faecalimonas_umbilicata,ERR1620286_sub,1e-06,EX_cpd00035_e0,0.4082498856584287,0.002751523178399039,cpd00035_e0,export
S117C198_Faecalimonas_umbilicata,ERR1620286_sub,1e-06,EX_cpd10515_e0,-0.0004838858045021191,0.002751523178399039,cpd10515_e0,import
S117C198_Faecalimonas_umbilicata,ERR1620286_sub,1e-06,EX_cpd00107_e0,-0.018946511988177667,0.002751523178399039,cpd00107_e0,import
S117C198_Faecalimonas_umbilicata,ERR1620286_sub,1e-06,EX_cpd00003_e0,-0.00040121120594416304,0.002751523178399039,cpd00003_e0,import
S117C198_Faecalimonas_umbilicata,ERR1620286_sub,1e-06,EX_cpd00393_e0,-0.000601816808915867,0.002751523178399039,cpd00393_e0,import
S117C198_Faecalimonas_umbilicata,ERR1620286_sub,1e-06,EX_cpd00033_e0,-0.3757256230624671,0.002751523178399039,cpd00033_e0,import
S117C198_Faecalimonas_umbilicata,ERR1620286_sub,1e-06,EX_cpd00149_e0,-0.0002832802015301634,0.002751523178399039,cpd00149_e0,import
S117C198_Faecalimonas_umbilicata,ERR1620286_sub,1e-06,EX_cpd00039_e0,-0.014587903812505439,0.002751523178399039,cpd00039_e0,import
S117C198_Faecalimonas_umbilicata,ERR1620286_sub,1e-06,EX_cpd00029_e0,0.5983121059274962,0.002751523178399039,cpd00029_e0,export
S117C198_Faecalimonas_umbilicata,ERR1620286_sub,1e-06,EX_cpd00010_e0,-0.00040121120594391324,0.002751523178399039,cpd00010_e0,import
S117C198_Faecalimonas_umbilicata,ERR1620286_sub,1e-06,EX_cpd00065_e0,-0.00245593823678889,0.002751523178399039,cpd00065_e0,import
S117C198_Faecalimonas_umbilicata,ERR1620286_sub,1e-06,EX_cpd00122_e0,-0.00808380620732667,0.002751523178399039,cpd00122_e0,import
S117C198_Faecalimonas_umbilicata,ERR1620286_sub,1e-06,EX_cpd00034_e0,-0.0002832802015301634,0.002751523178399039,cpd00034_e0,import
S117C198_Faecalimonas_umbilicata,ERR1620286_sub,1e-06,EX_cpd00007_e0,-0.00010030280148597786,0.002751523178399039,cpd00007_e0,import
S117C198_Faecalimonas_umbilicata,ERR1620286_sub,1e-06,EX_cpd00099_e0,-0.0002832802015301634,0.002751523178399039,cpd00099_e0,import
S117C198_Faecalimonas_umbilicata,ERR1620286_sub,1e-06,EX_cpd00129_e0,-0.007257020504195733,0.002751523178399039,cpd00129_e0,import
S117C198_Faecalimonas_umbilicata,ERR1620286_sub,1e-06,EX_cpd00060_e0,-0.00531560478786312,0.002751523178399039,cpd00060_e0,import
S117C198_Faecalimonas_umbilicata,ERR1620286_sub,1e-06,EX_cpd00367_e0,-0.004880906430790087,0.002751523178399039,cpd00367_e0,import
S117C198_Faecalimonas_umbilicata,ERR1620286_sub,1e-06,EX_cpd00264_e0,-0.00020060560297195573,0.002751523178399039,cpd00264_e0,import
S117C198_Faecalimonas_umbilicata,ERR1620286_sub,1e-06,EX_cpd00048_e0,-0.0002832802015301634,0.002751523178399039,cpd00048_e0,import
S117C198_Faecalimonas_umbilicata,ERR1620286_sub,1e-06,EX_cpd00161_e0,-0.008420359668990483,0.002751523178399039,cpd00161_e0,import
S117C198_Faecalimonas_umbilicata,ERR1620286_sub,1e-06,EX_cpd01217_e0,-0.41780179030844433,0.002751523178399039,cpd01217_e0,import
S117C198_Faecalimonas_umbilicata,ERR1620286_sub,1e-06,EX_cpd00054_e0,-0.011937019243508398,0.002751523178399039,cpd00054_e0,import
S117C198_Faecalimonas_umbilicata,ERR1620286_sub,1e-06,EX_cpd10516_e0,-0.0002832802015301634,0.002751523178399039,cpd10516_e0,import
S117C198_Faecalimonas_umbilicata,ERR1620286_sub,1e-06,EX_cpd00309_e0,0.5120923828000898,0.002751523178399039,cpd00309_e0,export
S117C198_Faecalimonas_umbilicata,ERR1620286_sub,1e-06,EX_cpd00156_e0,-0.013867741472394413,0.002751523178399039,cpd00156_e0,import
S117C198_Faecalimonas_umbilicata,ERR1620286_sub,1e-06,EX_cpd00051_e0,-0.0087158108854463,0.002751523178399039,cpd00051_e0,import
S117C198_Faecalimonas_umbilicata,ERR1620286_sub,1e-06,EX_cpd00322_e0,-0.015474960194821927,0.002751523178399039,cpd00322_e0,import
S117C198_Faecalimonas_umbilicata,ERR1620286_sub,1e-06,EX_cpd00363_e0,0.09790327820890476,0.002751523178399039,cpd00363_e0,export
S117C198_Faecalimonas_umbilicata,ERR1620286_sub,1e-06,EX_cpd00063_e0,-0.0002832802015301634,0.002751523178399039,cpd00063_e0,import
S117C198_Faecalimonas_umbilicata,ERR1620286_sub,1e-06,EX_cpd00009_e0,-0.05009691049153605,0.002751523178399039,cpd00009_e0,import
S117C198_Faecalimonas_umbilicata,ERR1620286_sub,1e-06,EX_cpd00119_e0,-0.0036931402056975798,0.002751523178399039,cpd00119_e0,import
S117C198_Faecalimonas_umbilicata,ERR1620286_sub,1e-06,EX_cpd00058_e0,-0.0002832802015301634,0.002751523178399039,cpd00058_e0,import
S117C198_Faecalimonas_umbilicata,ERR1620286_sub,1e-06,EX_cpd00277_e0,-0.09790327820890476,0.002751523178399039,cpd00277_e0,import
S117C198_Faecalimonas_umbilicata,ERR1620286_sub,1e-06,EX_cpd00028_e0,-0.00020060560297195573,0.002751523178399039,cpd00028_e0,import
S117C198_Faecalimonas_umbilicata,ERR1620286_sub,1e-06,EX_cpd00011_e0,0.34235666184304264,0.002751523178399039,cpd00011_e0,export
S117C198_Faecalimonas_umbilicata,ERR1620286_sub,1e-06,EX_cpd00132_e0,-0.006684583772312614,0.002751523178399039,cpd00132_e0,import
S117C198_Faecalimonas_umbilicata,ERR1620286_sub,1e-06,EX_cpd00053_e0,-0.012364468364062657,0.002751523178399039,cpd00053_e0,import
S117C198_Faecalimonas_umbilicata,ERR1620286_sub,1e-06,EX_cpd00182_e0,-0.00301066534566566,0.002751523178399039,cpd00182_e0,import
S117C198_Faecalimonas_umbilicata,ERR1620286_sub,1e-06,EX_cpd00067_e0,0.49177447596922214,0.002751523178399039,cpd00067_e0,export
S117C198_Faecalimonas_umbilicata,ERR1620286_sub,1e-06,EX_cpd00220_e0,-0.00040121120594391145,0.002751523178399039,cpd00220_e0,import
S117C198_Faecalimonas_umbilicata,ERR1620286_sub,1e-06,EX_cpd00084_e0,-0.002967943648903731,0.002751523178399039,cpd00084_e0,import
S117C198_Faecalimonas_umbilicata,ERR1620286_sub,1e-06,EX_cpd00216_e0,-0.012944456420970018,0.002751523178399039,cpd00216_e0,import
S117C198_Faecalimonas_umbilicata,ERR1620286_sub,1e-06,EX_cpd00118_e0,-0.00020060560297195573,0.002751523178399039,cpd00118_e0,import
S117C198_Faecalimonas_umbilicata,ERR1620286_sub,1e-06,EX_cpd00030_e0,-0.0002832802015301634,0.002751523178399039,cpd00030_e0,import
S117C198_Faecalimonas_umbilicata,ERR1620286_sub,1e-06,EX_cpd00137_e0,-0.013039774320317856,0.002751523178399039,cpd00137_e0,import
S117C198_Faecalimonas_umbilicata,ERR1620286_sub,1e-06,EX_cpd00205_e0,-0.0002832802015301634,0.002751523178399039,cpd00205_e0,import
S117C198_Faecalimonas_umbilicata,ERR1620286_sub,1e-06,EX_cpd00027_e0,-0.012566644195026008,0.002751523178399039,cpd00027_e0,import
S117C198_Faecalimonas_umbilicata,ERR1620286_sub,1e-06,EX_cpd00254_e0,-0.0002832802015301634,0.002751523178399039,cpd00254_e0,import
S124C1363_Intestinibacter_bartlettii,ERR1620286_sub,1e-06,EX_cpd10515_e0,-0.016340355765578827,0.0929034628285812,cpd10515_e0,import
S124C1363_Intestinibacter_bartlettii,ERR1620286_sub,1e-06,EX_cpd00066_e0,-0.26813461405012995,0.0929034628285812,cpd00066_e0,import
S124C1363_Intestinibacter_bartlettii,ERR1620286_sub,1e-06,EX_cpd00107_e0,-0.6398053911132487,0.0929034628285812,cpd00107_e0,import
S124C1363_Intestinibacter_bartlettii,ERR1620286_sub,1e-06,EX_cpd00033_e0,-0.5838987835105321,0.0929034628285812,cpd00033_e0,import
S124C1363_Intestinibacter_bartlettii,ERR1620286_sub,1e-06,EX_cpd11640_e0,29.260842410384093,0.0929034628285812,cpd11640_e0,export
S124C1363_Intestinibacter_bartlettii,ERR1620286_sub,1e-06,EX_cpd00149_e0,-0.009566098511838997,0.0929034628285812,cpd00149_e0,import
S124C1363_Intestinibacter_bartlettii,ERR1620286_sub,1e-06,EX_cpd00644_e0,-0.013548514507479681,0.0929034628285812,cpd00644_e0,import
S124C1363_Intestinibacter_bartlettii,ERR1620286_sub,1e-06,EX_cpd00039_e0,-0.4926194072083772,0.0929034628285812,cpd00039_e0,import
S124C1363_Intestinibacter_bartlettii,ERR1620286_sub,1e-06,EX_cpd00029_e0,28.308562349014938,0.0929034628285812,cpd00029_e0,export
S124C1363_Intestinibacter_bartlettii,ERR1620286_sub,1e-06,EX_cpd00065_e0,-0.08293465969457488,0.0929034628285812,cpd00065_e0,import
S124C1363_Intestinibacter_bartlettii,ERR1620286_sub,1e-06,EX_cpd00041_e0,-0.5003805813296989,0.0929034628285812,cpd00041_e0,import
S124C1363_Intestinibacter_bartlettii,ERR1620286_sub,1e-06,EX_cpd00122_e0,-0.2729823196686355,0.0929034628285812,cpd00122_e0,import
S124C1363_Intestinibacter_bartlettii,ERR1620286_sub,1e-06,EX_cpd00311_e0,-0.1423196754521261,0.0929034628285812,cpd00311_e0,import
S124C1363_Intestinibacter_bartlettii,ERR1620286_sub,1e-06,EX_cpd00034_e0,-0.009566098511838997,0.0929034628285812,cpd00034_e0,import
S124C1363_Intestinibacter_bartlettii,ERR1620286_sub,1e-06,EX_cpd00099_e0,-0.009566098511838997,0.0929034628285812,cpd00099_e0,import
S124C1363_Intestinibacter_bartlettii,ERR1620286_sub,1e-06,EX_cpd00129_e0,-0.2450625658644202,0.0929034628285812,cpd00129_e0,import
S124C1363_Intestinibacter_bartlettii,ERR1620286_sub,1e-06,EX_cpd00060_e0,-0.12515135602330282,0.0929034628285812,cpd00060_e0,import
S124C1363_Intestinibacter_bartlettii,ERR1620286_sub,1e-06,EX_cpd00367_e0,-0.16482349098807236,0.0929034628285812,cpd00367_e0,import
S124C1363_Intestinibacter_bartlettii,ERR1620286_sub,1e-06,EX_cpd00117_e0,-0.2953172367324328,0.0929034628285812,cpd00117_e0,import
S124C1363_Intestinibacter_bartlettii,ERR1620286_sub,1e-06,EX_cpd00264_e0,-0.006774257253739831,0.0929034628285812,cpd00264_e0,import
S124C1363_Intestinibacter_bartlettii,ERR1620286_sub,1e-06,EX_cpd00036_e0,0.2586184784726716,0.0929034628285812,cpd00036_e0,export
S124C1363_Intestinibacter_bartlettii,ERR1620286_sub,1e-06,EX_cpd00048_e0,-0.009566098511838997,0.0929034628285812,cpd00048_e0,import
S124C1363_Intestinibacter_bartlettii,ERR1620286_sub,1e-06,EX_cpd00161_e0,-0.284347404667114,0.0929034628285812,cpd00161_e0,import
S124C1363_Intestinibacter_bartlettii,ERR1620286_sub,1e-06,EX_cpd01217_e0,-0.08278609191410005,0.0929034628285812,cpd01217_e0,import
S124C1363_Intestinibacter_bartlettii,ERR1620286_sub,1e-06,EX_cpd00047_e0,3.288741755382927,0.0929034628285812,cpd00047_e0,export
S124C1363_Intestinibacter_bartlettii,ERR1620286_sub,1e-06,EX_cpd00076_e0,-8.469544261655315,0.0929034628285812,cpd00076_e0,import
S124C1363_Intestinibacter_bartlettii,ERR1620286_sub,1e-06,EX_cpd00239_e0,-0.10022458742135881,0.0929034628285812,cpd00239_e0,import
S124C1363_Intestinibacter_bartlettii,ERR1620286_sub,1e-06,EX_cpd00324_e0,-0.013548514507479662,0.0929034628285812,cpd00324_e0,import
S124C1363_Intestinibacter_bartlettii,ERR1620286_sub,1e-06,EX_cpd10516_e0,-0.009566098511838997,0.0929034628285812,cpd10516_e0,import
S124C1363_Intestinibacter_bartlettii,ERR1620286_sub,1e-06,EX_cpd00309_e0,0.008373283272572307,0.0929034628285812,cpd00309_e0,export
S124C1363_Intestinibacter_bartlettii,ERR1620286_sub,1e-06,EX_cpd00064_e0,-0.006774257253739831,0.0929034628285812,cpd00064_e0,import
S124C1363_Intestinibacter_bartlettii,ERR1620286_sub,1e-06,EX_cpd00017_e0,-0.05435147818831161,0.0929034628285812,cpd00017_e0,import
S124C1363_Intestinibacter_bartlettii,ERR1620286_sub,1e-06,EX_cpd00156_e0,-0.4683002212829004,0.0929034628285812,cpd00156_e0,import
S124C1363_Intestinibacter_bartlettii,ERR1620286_sub,1e-06,EX_cpd00051_e0,-0.2943245065852587,0.0929034628285812,cpd00051_e0,import
S124C1363_Intestinibacter_bartlettii,ERR1620286_sub,1e-06,EX_cpd00322_e0,-0.5225744435750521,0.0929034628285812,cpd00322_e0,import
S124C1363_Intestinibacter_bartlettii,ERR1620286_sub,1e-06,EX_cpd00063_e0,-0.009566098511838997,0.0929034628285812,cpd00063_e0,import
S124C1363_Intestinibacter_bartlettii,ERR1620286_sub,1e-06,EX_cpd00009_e0,-1.7594668028654692,0.0929034628285812,cpd00009_e0,import
S124C1363_Intestinibacter_bartlettii,ERR1620286_sub,1e-06,EX_cpd00119_e0,-0.12471377397680436,0.0929034628285812,cpd00119_e0,import
S124C1363_Intestinibacter_bartlettii,ERR1620286_sub,1e-06,EX_cpd00058_e0,-0.009566098511838997,0.0929034628285812,cpd00058_e0,import
S124C1363_Intestinibacter_bartlettii,ERR1620286_sub,1e-06,EX_cpd00028_e0,-0.006774257253739831,0.0929034628285812,cpd00028_e0,import
S124C1363_Intestinibacter_bartlettii,ERR1620286_sub,1e-06,EX_cpd00011_e0,4.246302981253406,0.0929034628285812,cpd00011_e0,export
S124C1363_Intestinibacter_bartlettii,ERR1620286_sub,1e-06,EX_cpd00132_e0,-0.22573193089801571,0.0929034628285812,cpd00132_e0,import
S124C1363_Intestinibacter_bartlettii,ERR1620286_sub,1e-06,EX_cpd00053_e0,-0.8781994847286549,0.0929034628285812,cpd00053_e0,import
S124C1363_Intestinibacter_bartlettii,ERR1620286_sub,1e-06,EX_cpd00067_e0,6.630005499503472,0.0929034628285812,cpd00067_e0,export
S124C1363_Intestinibacter_bartlettii,ERR1620286_sub,1e-06,EX_cpd00220_e0,-0.013548514507479662,0.0929034628285812,cpd00220_e0,import
S124C1363_Intestinibacter_bartlettii,ERR1620286_sub,1e-06,EX_cpd00204_e0,23.488454583209236,0.0929034628285812,cpd00204_e0,export
S124C1363_Intestinibacter_bartlettii,ERR1620286_sub,1e-06,EX_cpd00030_e0,-0.009566098511838997,0.0929034628285812,cpd00030_e0,import
S124C1363_Intestinibacter_bartlettii,ERR1620286_sub,1e-06,EX_cpd00069_e0,-0.17576142099230915,0.0929034628285812,cpd00069_e0,import
S124C1363_Intestinibacter_bartlettii,ERR1620286_sub,1e-06,EX_cpd00205_e0,-0.009566098511838997,0.0929034628285812,cpd00205_e0,import
S124C1363_Intestinibacter_bartlettii,ERR1620286_sub,1e-06,EX_cpd00254_e0,-0.009566098511838997,0.0929034628285812,cpd00254_e0,import
S124C63_Clostridium_Q_sp000435655,ERR1620286_sub,1e-06,EX_cpd00211_e0,13.339707164025702,0.09006189447837866,cpd00211_e0,export
S124C63_Clostridium_Q_sp000435655,ERR1620286_sub,1e-06,EX_cpd10515_e0,-0.01584074429959715,0.09006189447837866,cpd10515_e0,import
S124C63_Clostridium_Q_sp000435655,ERR1620286_sub,1e-06,EX_cpd00066_e0,-0.25993631472740575,0.09006189447837866,cpd00066_e0,import
S124C63_Clostridium_Q_sp000435655,ERR1620286_sub,1e-06,EX_cpd00305_e0,-0.00656713222867719,0.09006189447837866,cpd00305_e0,import
S124C63_Clostridium_Q_sp000435655,ERR1620286_sub,1e-06,EX_cpd00107_e0,-0.6202431420421222,0.09006189447837866,cpd00107_e0,import
S124C63_Clostridium_Q_sp000435655,ERR1620286_sub,1e-06,EX_cpd00003_e0,-0.013134264457356437,0.09006189447837866,cpd00003_e0,import
S124C63_Clostridium_Q_sp000435655,ERR1620286_sub,1e-06,EX_cpd00393_e0,-0.019701396686031568,0.09006189447837866,cpd00393_e0,import
S124C63_Clostridium_Q_sp000435655,ERR1620286_sub,1e-06,EX_cpd00033_e0,-0.6630027445061825,0.09006189447837866,cpd00033_e0,import
S124C63_Clostridium_Q_sp000435655,ERR1620286_sub,1e-06,EX_cpd00149_e0,-0.009273612070919958,0.09006189447837866,cpd00149_e0,import
S124C63_Clostridium_Q_sp000435655,ERR1620286_sub,1e-06,EX_cpd00644_e0,-0.013134264457354716,0.09006189447837866,cpd00644_e0,import
S124C63_Clostridium_Q_sp000435655,ERR1620286_sub,1e-06,EX_cpd00029_e0,7.9762941468079145,0.09006189447837866,cpd00029_e0,export
S124C63_Clostridium_Q_sp000435655,ERR1620286_sub,1e-06,EX_cpd00065_e0,-0.08039890664824391,0.09006189447837866,cpd00065_e0,import
S124C63_Clostridium_Q_sp000435655,ERR1620286_sub,1e-06,EX_cpd00122_e0,-3.1369216515515235,0.09006189447837866,cpd00122_e0,import
S124C63_Clostridium_Q_sp000435655,ERR1620286_sub,1e-06,EX_cpd00311_e0,-0.11826681037025605,0.09006189447837866,cpd00311_e0,import
S124C63_Clostridium_Q_sp000435655,ERR1620286_sub,1e-06,EX_cpd00034_e0,-0.009273612070919958,0.09006189447837866,cpd00034_e0,import
S124C63_Clostridium_Q_sp000435655,ERR1620286_sub,1e-06,EX_cpd00099_e0,-0.009273612070919958,0.09006189447837866,cpd00099_e0,import
S124C63_Clostridium_Q_sp000435655,ERR1620286_sub,1e-06,EX_cpd00023_e0,-1.0166795090926568,0.09006189447837866,cpd00023_e0,import
S124C63_Clostridium_Q_sp000435655,ERR1620286_sub,1e-06,EX_cpd00060_e0,-0.15431308247169556,0.09006189447837866,cpd00060_e0,import
S124C63_Clostridium_Q_sp000435655,ERR1620286_sub,1e-06,EX_cpd00106_e0,-0.05253705782941752,0.09006189447837866,cpd00106_e0,import
S124C63_Clostridium_Q_sp000435655,ERR1620286_sub,1e-06,EX_cpd00264_e0,-0.00656713222867719,0.09006189447837866,cpd00264_e0,import
S124C63_Clostridium_Q_sp000435655,ERR1620286_sub,1e-06,EX_cpd00048_e0,-0.009273612070919958,0.09006189447837866,cpd00048_e0,import
S124C63_Clostridium_Q_sp000435655,ERR1620286_sub,1e-06,EX_cpd90003_e0,-0.6330904150028958,0.09006189447837866,cpd90003_e0,import
S124C63_Clostridium_Q_sp000435655,ERR1620286_sub,1e-06,EX_cpd00100_e0,0.03314186597255252,0.09006189447837866,cpd00100_e0,export
S124C63_Clostridium_Q_sp000435655,ERR1620286_sub,1e-06,EX_cpd00161_e0,-0.7822499614536207,0.09006189447837866,cpd00161_e0,import
S124C63_Clostridium_Q_sp000435655,ERR1620286_sub,1e-06,EX_cpd00047_e0,34.107403434768976,0.09006189447837866,cpd00047_e0,export
S124C63_Clostridium_Q_sp000435655,ERR1620286_sub,1e-06,EX_cpd00054_e0,-0.35292398339301134,0.09006189447837866,cpd00054_e0,import
S124C63_Clostridium_Q_sp000435655,ERR1620286_sub,1e-06,EX_cpd10516_e0,-0.009273612070919958,0.09006189447837866,cpd10516_e0,import
S124C63_Clostridium_Q_sp000435655,ERR1620286_sub,1e-06,EX_cpd00064_e0,-0.00656713222867719,0.09006189447837866,cpd00064_e0,import
S124C63_Clostridium_Q_sp000435655,ERR1620286_sub,1e-06,EX_cpd00017_e0,-0.019701396686031568,0.09006189447837866,cpd00017_e0,import
S124C63_Clostridium_Q_sp000435655,ERR1620286_sub,1e-06,EX_cpd00051_e0,-0.2853254431426405,0.09006189447837866,cpd00051_e0,import
S124C63_Clostridium_Q_sp000435655,ERR1620286_sub,1e-06,EX_cpd00063_e0,-0.009273612070919958,0.09006189447837866,cpd00063_e0,import
S124C63_Clostridium_Q_sp000435655,ERR1620286_sub,1e-06,EX_cpd00009_e0,-1.679402028548564,0.09006189447837866,cpd00009_e0,import
S124C63_Clostridium_Q_sp000435655,ERR1620286_sub,1e-06,EX_cpd00119_e0,-0.1209006115011187,0.09006189447837866,cpd00119_e0,import
S124C63_Clostridium_Q_sp000435655,ERR1620286_sub,1e-06,EX_cpd00058_e0,-0.009273612070919958,0.09006189447837866,cpd00058_e0,import
S124C63_Clostridium_Q_sp000435655,ERR1620286_sub,1e-06,EX_cpd00028_e0,-0.00656713222867719,0.09006189447837866,cpd00028_e0,import
S124C63_Clostridium_Q_sp000435655,ERR1620286_sub,1e-06,EX_cpd00011_e0,0.8183664475410388,0.09006189447837866,cpd00011_e0,export
S124C63_Clostridium_Q_sp000435655,ERR1620286_sub,1e-06,EX_cpd00132_e0,-0.21883010681702467,0.09006189447837866,cpd00132_e0,import
S124C63_Clostridium_Q_sp000435655,ERR1620286_sub,1e-06,EX_cpd00182_e0,-0.09199161751896617,0.09006189447837866,cpd00182_e0,import
S124C63_Clostridium_Q_sp000435655,ERR1620286_sub,1e-06,EX_cpd00067_e0,52.44486386708299,0.09006189447837866,cpd00067_e0,export
S124C63_Clostridium_Q_sp000435655,ERR1620286_sub,1e-06,EX_cpd00220_e0,-0.01313426445735438,0.09006189447837866,cpd00220_e0,import
S124C63_Clostridium_Q_sp000435655,ERR1620286_sub,1e-06,EX_cpd00084_e0,-0.10372732167930944,0.09006189447837866,cpd00084_e0,import
S124C63_Clostridium_Q_sp000435655,ERR1620286_sub,1e-06,EX_cpd00030_e0,-0.009273612070919958,0.09006189447837866,cpd00030_e0,import
S124C63_Clostridium_Q_sp000435655,ERR1620286_sub,1e-06,EX_cpd00069_e0,-0.16382032858401527,0.09006189447837866,cpd00069_e0,import
S124C63_Clostridium_Q_sp000435655,ERR1620286_sub,1e-06,EX_cpd00205_e0,-0.009273612070919958,0.09006189447837866,cpd00205_e0,import
S124C63_Clostridium_Q_sp000435655,ERR1620286_sub,1e-06,EX_cpd00001_e0,-8.361740560906618,0.09006189447837866,cpd00001_e0,import
S124C63_Clostridium_Q_sp000435655,ERR1620286_sub,1e-06,EX_cpd00254_e0,-0.009273612070919958,0.09006189447837866,cpd00254_e0,import
S137C130_Phascolarctobacterium_A_succinatutens,ERR1620286_sub,1e-06,EX_cpd00035_e0,-0.6532889090986201,0.09302772516567029,cpd00035_e0,import
S137C130_Phascolarctobacterium_A_succinatutens,ERR1620286_sub,1e-06,EX_cpd10515_e0,-0.01476168015872722,0.09302772516567029,cpd10515_e0,import
S137C130_Phascolarctobacterium_A_succinatutens,ERR1620286_sub,1e-06,EX_cpd00066_e0,-0.2309462301007421,0.09302772516567029,cpd00066_e0,import
S137C130_Phascolarctobacterium_A_succinatutens,ERR1620286_sub,1e-06,EX_cpd00107_e0,-0.6709244096764108,0.09302772516567029,cpd00107_e0,import
S137C130_Phascolarctobacterium_A_succinatutens,ERR1620286_sub,1e-06,EX_cpd00003_e0,-0.010365538543255587,0.09302772516567029,cpd00003_e0,import
S137C130_Phascolarctobacterium_A_succinatutens,ERR1620286_sub,1e-06,EX_cpd00033_e0,-0.6347127818604757,0.09302772516567029,cpd00033_e0,import
S137C130_Phascolarctobacterium_A_succinatutens,ERR1620286_sub,1e-06,EX_cpd11640_e0,31.707445849064953,0.09302772516567029,cpd11640_e0,export
S137C130_Phascolarctobacterium_A_succinatutens,ERR1620286_sub,1e-06,EX_cpd00149_e0,-0.009578910887099473,0.09302772516567029,cpd00149_e0,import
S137C130_Phascolarctobacterium_A_succinatutens,ERR1620286_sub,1e-06,EX_cpd00039_e0,-0.42777540348205706,0.09302772516567029,cpd00039_e0,import
S137C130_Phascolarctobacterium_A_succinatutens,ERR1620286_sub,1e-06,EX_cpd00029_e0,18.764091522748434,0.09302772516567029,cpd00029_e0,export
S137C130_Phascolarctobacterium_A_succinatutens,ERR1620286_sub,1e-06,EX_cpd00010_e0,-0.010365538543253727,0.09302772516567029,cpd00010_e0,import
S137C130_Phascolarctobacterium_A_succinatutens,ERR1620286_sub,1e-06,EX_cpd00065_e0,-0.07085850241727305,0.09302772516567029,cpd00065_e0,import
S137C130_Phascolarctobacterium_A_succinatutens,ERR1620286_sub,1e-06,EX_cpd00311_e0,-0.31608358379409396,0.09302772516567029,cpd00311_e0,import
S137C130_Phascolarctobacterium_A_succinatutens,ERR1620286_sub,1e-06,EX_cpd00034_e0,-0.009578910887099473,0.09302772516567029,cpd00034_e0,import
S137C130_Phascolarctobacterium_A_succinatutens,ERR1620286_sub,1e-06,EX_cpd00099_e0,-0.009578910887099473,0.09302772516567029,cpd00099_e0,import
S137C130_Phascolarctobacterium_A_succinatutens,ERR1620286_sub,1e-06,EX_cpd00012_e0,-0.6346702894756469,0.09302772516567029,cpd00012_e0,import
S137C130_Phascolarctobacterium_A_succinatutens,ERR1620286_sub,1e-06,EX_cpd00129_e0,-0.27556084273384013,0.09302772516567029,cpd00129_e0,import
S137C130_Phascolarctobacterium_A_succinatutens,ERR1620286_sub,1e-06,EX_cpd00060_e0,-0.1760320876095956,0.09302772516567029,cpd00060_e0,import
S137C130_Phascolarctobacterium_A_succinatutens,ERR1620286_sub,1e-06,EX_cpd00082_e0,-14.588556044352398,0.09302772516567029,cpd00082_e0,import
S137C130_Phascolarctobacterium_A_succinatutens,ERR1620286_sub,1e-06,EX_cpd00367_e0,-0.4109130721023103,0.09302772516567029,cpd00367_e0,import
S137C130_Phascolarctobacterium_A_succinatutens,ERR1620286_sub,1e-06,EX_cpd00117_e0,-0.05436230290911902,0.09302772516567029,cpd00117_e0,import
S137C130_Phascolarctobacterium_A_succinatutens,ERR1620286_sub,1e-06,EX_cpd00036_e0,5.309869493436617,0.09302772516567029,cpd00036_e0,export
S137C130_Phascolarctobacterium_A_succinatutens,ERR1620286_sub,1e-06,EX_cpd00048_e0,-0.009578910887099473,0.09302772516567029,cpd00048_e0,import
S137C130_Phascolarctobacterium_A_succinatutens,ERR1620286_sub,1e-06,EX_cpd00161_e0,-0.31623887189931205,0.09302772516567029,cpd00161_e0,import
S137C130_Phascolarctobacterium_A_succinatutens,ERR1620286_sub,1e-06,EX_cpd01217_e0,-0.2476021986034546,0.09302772516567029,cpd01217_e0,import
S137C130_Phascolarctobacterium_A_succinatutens,ERR1620286_sub,1e-06,EX_cpd00047_e0,-0.10585090732106125,0.09302772516567029,cpd00047_e0,import
S137C130_Phascolarctobacterium_A_succinatutens,ERR1620286_sub,1e-06,EX_cpd00054_e0,-0.3683172841616665,0.09302772516567029,cpd00054_e0,import
S137C130_Phascolarctobacterium_A_succinatutens,ERR1620286_sub,1e-06,EX_cpd00324_e0,0.06547366582417521,0.09302772516567029,cpd00324_e0,export
S137C130_Phascolarctobacterium_A_succinatutens,ERR1620286_sub,1e-06,EX_cpd10516_e0,-0.009578910887099473,0.09302772516567029,cpd10516_e0,import
S137C130_Phascolarctobacterium_A_succinatutens,ERR1620286_sub,1e-06,EX_cpd00064_e0,-0.010365538543255493,0.09302772516567029,cpd00064_e0,import
S137C130_Phascolarctobacterium_A_succinatutens,ERR1620286_sub,1e-06,EX_cpd00017_e0,-0.020731077086510986,0.09302772516567029,cpd00017_e0,import
S137C130_Phascolarctobacterium_A_succinatutens,ERR1620286_sub,1e-06,EX_cpd00156_e0,-0.5275021846619226,0.09302772516567029,cpd00156_e0,import
S137C130_Phascolarctobacterium_A_succinatutens,ERR1620286_sub,1e-06,EX_cpd00051_e0,-0.3687266514676622,0.09302772516567029,cpd00051_e0,import
S137C130_Phascolarctobacterium_A_succinatutens,ERR1620286_sub,1e-06,EX_cpd00322_e0,-0.4714708473166797,0.09302772516567029,cpd00322_e0,import
S137C130_Phascolarctobacterium_A_succinatutens,ERR1620286_sub,1e-06,EX_cpd00063_e0,-0.009578910887099473,0.09302772516567029,cpd00063_e0,import
S137C130_Phascolarctobacterium_A_succinatutens,ERR1620286_sub,1e-06,EX_cpd00119_e0,-0.11809750402878882,0.09302772516567029,cpd00119_e0,import
S137C130_Phascolarctobacterium_A_succinatutens,ERR1620286_sub,1e-06,EX_cpd00058_e0,-0.009578910887099473,0.09302772516567029,cpd00058_e0,import
S137C130_Phascolarctobacterium_A_succinatutens,ERR1620286_sub,1e-06,EX_cpd00028_e0,-0.005182769271627747,0.09302772516567029,cpd00028_e0,import
S137C130_Phascolarctobacterium_A_succinatutens,ERR1620286_sub,1e-06,EX_cpd00011_e0,16.655006782374965,0.09302772516567029,cpd00011_e0,export
S137C130_Phascolarctobacterium_A_succinatutens,ERR1620286_sub,1e-06,EX_cpd00246_e0,-0.0021149167603172416,0.09302772516567029,cpd00246_e0,import
S137C130_Phascolarctobacterium_A_succinatutens,ERR1620286_sub,1e-06,EX_cpd00132_e0,-0.3004925380288065,0.09302772516567029,cpd00132_e0,import
S137C130_Phascolarctobacterium_A_succinatutens,ERR1620286_sub,1e-06,EX_cpd00053_e0,-0.653097476850999,0.09302772516567029,cpd00053_e0,import
S137C130_Phascolarctobacterium_A_succinatutens,ERR1620286_sub,1e-06,EX_cpd00182_e0,0.010365538543255493,0.09302772516567029,cpd00182_e0,export
S137C130_Phascolarctobacterium_A_succinatutens,ERR1620286_sub,1e-06,EX_cpd00067_e0,28.762547261892607,0.09302772516567029,cpd00067_e0,export
S137C130_Phascolarctobacterium_A_succinatutens,ERR1620286_sub,1e-06,EX_cpd00220_e0,-0.010365538543255491,0.09302772516567029,cpd00220_e0,import
S137C130_Phascolarctobacterium_A_succinatutens,ERR1620286_sub,1e-06,EX_cpd00141_e0,0.23726156233218,0.09302772516567029,cpd00141_e0,export
S137C130_Phascolarctobacterium_A_succinatutens,ERR1620286_sub,1e-06,EX_cpd00071_e0,0.005182769271627747,0.09302772516567029,cpd00071_e0,export
S137C130_Phascolarctobacterium_A_succinatutens,ERR1620286_sub,1e-06,EX_cpd00084_e0,-0.19000012492859308,0.09302772516567029,cpd00084_e0,import
S137C130_Phascolarctobacterium_A_succinatutens,ERR1620286_sub,1e-06,EX_cpd00030_e0,-0.009578910887099473,0.09302772516567029,cpd00030_e0,import
S137C130_Phascolarctobacterium_A_succinatutens,ERR1620286_sub,1e-06,EX_cpd00069_e0,-0.1770802473579763,0.09302772516567029,cpd00069_e0,import
S137C130_Phascolarctobacterium_A_succinatutens,ERR1620286_sub,1e-06,EX_cpd00205_e0,-0.009578910887099473,0.09302772516567029,cpd00205_e0,import
S137C130_Phascolarctobacterium_A_succinatutens,ERR1620286_sub,1e-06,EX_cpd00254_e0,-0.009578910887099473,0.09302772516567029,cpd00254_e0,import
S143C104_Enterocloster_aldenensis,ERR1620286_sub,1e-06,EX_cpd10515_e0,-0.00041287694301557417,0.0023072145735280585,cpd10515_e0,import
S143C104_Enterocloster_aldenensis,ERR1620286_sub,1e-06,EX_cpd00066_e0,-0.006775042193321357,0.0023072145735280585,cpd00066_e0,import
S143C104_Enterocloster_aldenensis,ERR1620286_sub,1e-06,EX_cpd00305_e0,-0.00017116730297983838,0.0023072145735280585,cpd00305_e0,import
S143C104_Enterocloster_aldenensis,ERR1620286_sub,1e-06,EX_cpd11606_e0,-0.5558007335085515,0.0023072145735280585,cpd11606_e0,import
S143C104_Enterocloster_aldenensis,ERR1620286_sub,1e-06,EX_cpd00107_e0,-0.016166165400399682,0.0023072145735280585,cpd00107_e0,import
S143C104_Enterocloster_aldenensis,ERR1620286_sub,1e-06,EX_cpd00003_e0,-0.00034233460595971266,0.0023072145735280585,cpd00003_e0,import
S143C104_Enterocloster_aldenensis,ERR1620286_sub,1e-06,EX_cpd00393_e0,-0.0005135019089395152,0.0023072145735280585,cpd00393_e0,import
S143C104_Enterocloster_aldenensis,ERR1620286_sub,1e-06,EX_cpd00033_e0,-0.016122893868095057,0.0023072145735280585,cpd00033_e0,import
S143C104_Enterocloster_aldenensis,ERR1620286_sub,1e-06,EX_cpd00149_e0,-0.00024170964003573578,0.0023072145735280585,cpd00149_e0,import
S143C104_Enterocloster_aldenensis,ERR1620286_sub,1e-06,EX_cpd00644_e0,-0.0003423346059596849,0.0023072145735280585,cpd00644_e0,import
S143C104_Enterocloster_aldenensis,ERR1620286_sub,1e-06,EX_cpd00039_e0,-0.01244717054121828,0.0023072145735280585,cpd00039_e0,import
S143C104_Enterocloster_aldenensis,ERR1620286_sub,1e-06,EX_cpd00029_e0,0.4401240958617237,0.0023072145735280585,cpd00029_e0,export
S143C104_Enterocloster_aldenensis,ERR1620286_sub,1e-06,EX_cpd00065_e0,-0.0020955363063063686,0.0023072145735280585,cpd00065_e0,import
S143C104_Enterocloster_aldenensis,ERR1620286_sub,1e-06,EX_cpd00041_e0,-0.005766344996653052,0.0023072145735280585,cpd00041_e0,import
S143C104_Enterocloster_aldenensis,ERR1620286_sub,1e-06,EX_cpd00122_e0,-0.006897530706124985,0.0023072145735280585,cpd00122_e0,import
S143C104_Enterocloster_aldenensis,ERR1620286_sub,1e-06,EX_cpd00311_e0,-0.0030825343937352567,0.0023072145735280585,cpd00311_e0,import
S143C104_Enterocloster_aldenensis,ERR1620286_sub,1e-06,EX_cpd00034_e0,-0.00024170964003573578,0.0023072145735280585,cpd00034_e0,import
S143C104_Enterocloster_aldenensis,ERR1620286_sub,1e-06,EX_cpd00099_e0,-0.00024170964003573578,0.0023072145735280585,cpd00099_e0,import
S143C104_Enterocloster_aldenensis,ERR1620286_sub,1e-06,EX_cpd00012_e0,-0.02188616780017405,0.0023072145735280585,cpd00012_e0,import
S143C104_Enterocloster_aldenensis,ERR1620286_sub,1e-06,EX_cpd00129_e0,-0.006192073446454149,0.0023072145735280585,cpd00129_e0,import
S143C104_Enterocloster_aldenensis,ERR1620286_sub,1e-06,EX_cpd00023_e0,-0.011468559241801924,0.0023072145735280585,cpd00023_e0,import
S143C104_Enterocloster_aldenensis,ERR1620286_sub,1e-06,EX_cpd00060_e0,-0.004022053039505482,0.0023072145735280585,cpd00060_e0,import
S143C104_Enterocloster_aldenensis,ERR1620286_sub,1e-06,EX_cpd00082_e0,-0.12522185860309246,0.0023072145735280585,cpd00082_e0,import
S143C104_Enterocloster_aldenensis,ERR1620286_sub,1e-06,EX_cpd00367_e0,-0.180352265176195,0.0023072145735280585,cpd00367_e0,import
S143C104_Enterocloster_aldenensis,ERR1620286_sub,1e-06,EX_cpd00307_e0,0.17618761784093548,0.0023072145735280585,cpd00307_e0,export
S143C104_Enterocloster_aldenensis,ERR1620286_sub,1e-06,EX_cpd00117_e0,-0.007461874127535212,0.0023072145735280585,cpd00117_e0,import
S143C104_Enterocloster_aldenensis,ERR1620286_sub,1e-06,EX_cpd00264_e0,-0.00017116730297983838,0.0023072145735280585,cpd00264_e0,import
S143C104_Enterocloster_aldenensis,ERR1620286_sub,1e-06,EX_cpd00048_e0,-0.00024170964003573578,0.0023072145735280585,cpd00048_e0,import
S143C104_Enterocloster_aldenensis,ERR1620286_sub,1e-06,EX_cpd00161_e0,-0.007184695907336124,0.0023072145735280585,cpd00161_e0,import
S143C104_Enterocloster_aldenensis,ERR1620286_sub,1e-06,EX_cpd00054_e0,-0.010356463023834663,0.0023072145735280585,cpd00054_e0,import
S143C104_Enterocloster_aldenensis,ERR1620286_sub,1e-06,EX_cpd10516_e0,-0.00024170964003573578,0.0023072145735280585,cpd10516_e0,import
S143C104_Enterocloster_aldenensis,ERR1620286_sub,1e-06,EX_cpd00064_e0,0.00041886528831625676,0.0023072145735280585,cpd00064_e0,export
S143C104_Enterocloster_aldenensis,ERR1620286_sub,1e-06,EX_cpd00017_e0,-0.0005135019089395152,0.0023072145735280585,cpd00017_e0,import
S143C104_Enterocloster_aldenensis,ERR1620286_sub,1e-06,EX_cpd00156_e0,-0.011832689970196113,0.0023072145735280585,cpd00156_e0,import
S143C104_Enterocloster_aldenensis,ERR1620286_sub,1e-06,EX_cpd00051_e0,-0.007855655788892253,0.0023072145735280585,cpd00051_e0,import
S143C104_Enterocloster_aldenensis,ERR1620286_sub,1e-06,EX_cpd00322_e0,-0.013204053929831268,0.0023072145735280585,cpd00322_e0,import
S143C104_Enterocloster_aldenensis,ERR1620286_sub,1e-06,EX_cpd00063_e0,-0.00024170964003573578,0.0023072145735280585,cpd00063_e0,import
S143C104_Enterocloster_aldenensis,ERR1620286_sub,1e-06,EX_cpd00119_e0,-0.003151182415498299,0.0023072145735280585,cpd00119_e0,import
S143C104_Enterocloster_aldenensis,ERR1620286_sub,1e-06,EX_cpd00058_e0,-0.00024170964003573578,0.0023072145735280585,cpd00058_e0,import
S143C104_Enterocloster_aldenensis,ERR1620286_sub,1e-06,EX_cpd00028_e0,-0.00017116730297983838,0.0023072145735280585,cpd00028_e0,import
S143C104_Enterocloster_aldenensis,ERR1620286_sub,1e-06,EX_cpd00011_e0,0.20410261698415041,0.0023072145735280585,cpd00011_e0,export
S143C104_Enterocloster_aldenensis,ERR1620286_sub,1e-06,EX_cpd00132_e0,-0.005703640172051916,0.0023072145735280585,cpd00132_e0,import
S143C104_Enterocloster_aldenensis,ERR1620286_sub,1e-06,EX_cpd00053_e0,-0.010207683296341922,0.0023072145735280585,cpd00053_e0,import
S143C104_Enterocloster_aldenensis,ERR1620286_sub,1e-06,EX_cpd00182_e0,-0.0023976914913805417,0.0023072145735280585,cpd00182_e0,import
S143C104_Enterocloster_aldenensis,ERR1620286_sub,1e-06,EX_cpd00067_e0,0.10340452953774262,0.0023072145735280585,cpd00067_e0,export
S143C104_Enterocloster_aldenensis,ERR1620286_sub,1e-06,EX_cpd00220_e0,-0.00034233460595967677,0.0023072145735280585,cpd00220_e0,import
S143C104_Enterocloster_aldenensis,ERR1620286_sub,1e-06,EX_cpd00204_e0,0.3055934212506418,0.0023072145735280585,cpd00204_e0,export
S143C104_Enterocloster_aldenensis,ERR1620286_sub,1e-06,EX_cpd00084_e0,-0.0027035736877108426,0.0023072145735280585,cpd00084_e0,import
S143C104_Enterocloster_aldenensis,ERR1620286_sub,1e-06,EX_cpd00118_e0,-0.00017116730297983838,0.0023072145735280585,cpd00118_e0,import
S143C104_Enterocloster_aldenensis,ERR1620286_sub,1e-06,EX_cpd00030_e0,-0.00024170964003573578,0.0023072145735280585,cpd00030_e0,import
S143C104_Enterocloster_aldenensis,ERR1620286_sub,1e-06,EX_cpd00069_e0,-0.004269852173000181,0.0023072145735280585,cpd00069_e0,import
S143C104_Enterocloster_aldenensis,ERR1620286_sub,1e-06,EX_cpd00205_e0,-0.00024170964003573578,0.0023072145735280585,cpd00205_e0,import
S143C104_Enterocloster_aldenensis,ERR1620286_sub,1e-06,EX_cpd00027_e0,-0.010722525006794298,0.0023072145735280585,cpd00027_e0,import
S143C104_Enterocloster_aldenensis,ERR1620286_sub,1e-06,EX_cpd11451_e0,0.5558007335085515,0.0023072145735280585,cpd11451_e0,export
S143C104_Enterocloster_aldenensis,ERR1620286_sub,1e-06,EX_cpd00254_e0,-0.00024170964003573578,0.0023072145735280585,cpd00254_e0,import
S189C697_Escherichia_coli,ERR1620286_sub,1e-06,EX_cpd10515_e0,-0.002206765103025237,0.014634141321523532,cpd10515_e0,import
S189C697_Escherichia_coli,ERR1620286_sub,1e-06,EX_cpd00080_e0,-0.04513618246314843,0.014634141321523532,cpd00080_e0,import
S189C697_Escherichia_coli,ERR1620286_sub,1e-06,EX_cpd00066_e0,-0.036330025006736204,0.014634141321523532,cpd00066_e0,import
S189C697_Escherichia_coli,ERR1620286_sub,1e-06,EX_cpd00305_e0,-0.0006999118761342072,0.014634141321523532,cpd00305_e0,import
S189C697_Escherichia_coli,ERR1620286_sub,1e-06,EX_cpd00107_e0,-0.10554275153372769,0.014634141321523532,cpd00107_e0,import
S189C697_Escherichia_coli,ERR1620286_sub,1e-06,EX_cpd00003_e0,-0.09772394148447064,0.014634141321523532,cpd00003_e0,import
S189C697_Escherichia_coli,ERR1620286_sub,1e-06,EX_cpd00393_e0,-0.002099735628402621,0.014634141321523532,cpd00393_e0,import
S189C697_Escherichia_coli,ERR1620286_sub,1e-06,EX_cpd00033_e0,-0.11223809078470173,0.014634141321523532,cpd00033_e0,import
S189C697_Escherichia_coli,ERR1620286_sub,1e-06,EX_cpd11640_e0,0.318203055744485,0.014634141321523532,cpd11640_e0,export
S189C697_Escherichia_coli,ERR1620286_sub,1e-06,EX_cpd00149_e0,-0.0015068532268910299,0.014634141321523532,cpd00149_e0,import
S189C697_Escherichia_coli,ERR1620286_sub,1e-06,EX_cpd00006_e0,-0.0006999118761342737,0.014634141321523532,cpd00006_e0,import
S189C697_Escherichia_coli,ERR1620286_sub,1e-06,EX_cpd00039_e0,-0.06729311450111375,0.014634141321523532,cpd00039_e0,import
S189C697_Escherichia_coli,ERR1620286_sub,1e-06,EX_cpd00029_e0,4.317192067785444,0.014634141321523532,cpd00029_e0,export
S189C697_Escherichia_coli,ERR1620286_sub,1e-06,EX_cpd00010_e0,-0.0013998237522685683,0.014634141321523532,cpd00010_e0,import
S189C697_Escherichia_coli,ERR1620286_sub,1e-06,EX_cpd00065_e0,-0.011146712217975866,0.014634141321523532,cpd00065_e0,import
S189C697_Escherichia_coli,ERR1620286_sub,1e-06,EX_cpd00122_e0,-0.011402272140723235,0.014634141321523532,cpd00122_e0,import
S189C697_Escherichia_coli,ERR1620286_sub,1e-06,EX_cpd00311_e0,-0.04727703971166059,0.014634141321523532,cpd00311_e0,import
S189C697_Escherichia_coli,ERR1620286_sub,1e-06,EX_cpd00034_e0,-0.0015068532268910299,0.014634141321523532,cpd00034_e0,import
S189C697_Escherichia_coli,ERR1620286_sub,1e-06,EX_cpd00099_e0,-0.0015068532268910299,0.014634141321523532,cpd00099_e0,import
S189C697_Escherichia_coli,ERR1620286_sub,1e-06,EX_cpd00129_e0,-0.033166512824464894,0.014634141321523532,cpd00129_e0,import
S189C697_Escherichia_coli,ERR1620286_sub,1e-06,EX_cpd00023_e0,-0.062154747829952804,0.014634141321523532,cpd00023_e0,import
S189C697_Escherichia_coli,ERR1620286_sub,1e-06,EX_cpd00060_e0,-0.02803767147945803,0.014634141321523532,cpd00060_e0,import
S189C697_Escherichia_coli,ERR1620286_sub,1e-06,EX_cpd00367_e0,-0.06464051038442886,0.014634141321523532,cpd00367_e0,import
S189C697_Escherichia_coli,ERR1620286_sub,1e-06,EX_cpd00264_e0,-0.0006999118761342072,0.014634141321523532,cpd00264_e0,import
S189C697_Escherichia_coli,ERR1620286_sub,1e-06,EX_cpd00036_e0,0.7511132912820062,0.014634141321523532,cpd00036_e0,export
S189C697_Escherichia_coli,ERR1620286_sub,1e-06,EX_cpd00048_e0,-0.0015068532268910299,0.014634141321523532,cpd00048_e0,import
S189C697_Escherichia_coli,ERR1620286_sub,1e-06,EX_cpd00100_e0,0.00644802606616404,0.014634141321523532,cpd00100_e0,export
S189C697_Escherichia_coli,ERR1620286_sub,1e-06,EX_cpd00161_e0,-0.04974736378763316,0.014634141321523532,cpd00161_e0,import
S189C697_Escherichia_coli,ERR1620286_sub,1e-06,EX_cpd00076_e0,-0.7441326608732632,0.014634141321523532,cpd00076_e0,import
S189C697_Escherichia_coli,ERR1620286_sub,1e-06,EX_cpd00054_e0,-0.057362856704763786,0.014634141321523532,cpd00054_e0,import
S189C697_Escherichia_coli,ERR1620286_sub,1e-06,EX_cpd10516_e0,-0.0015068532268910299,0.014634141321523532,cpd10516_e0,import
S189C697_Escherichia_coli,ERR1620286_sub,1e-06,EX_cpd00309_e0,0.05914099067079203,0.014634141321523532,cpd00309_e0,export
S189C697_Escherichia_coli,ERR1620286_sub,1e-06,EX_cpd00017_e0,-0.0027996475045368287,0.014634141321523532,cpd00017_e0,import
S189C697_Escherichia_coli,ERR1620286_sub,1e-06,EX_cpd00156_e0,-0.0829810798449316,0.014634141321523532,cpd00156_e0,import
S189C697_Escherichia_coli,ERR1620286_sub,1e-06,EX_cpd00314_e0,0.7441326608732632,0.014634141321523532,cpd00314_e0,export
S189C697_Escherichia_coli,ERR1620286_sub,1e-06,EX_cpd00051_e0,-0.06888591199659817,0.014634141321523532,cpd00051_e0,import
S189C697_Escherichia_coli,ERR1620286_sub,1e-06,EX_cpd00322_e0,-0.07416682084609201,0.014634141321523532,cpd00322_e0,import
S189C697_Escherichia_coli,ERR1620286_sub,1e-06,EX_cpd00063_e0,-0.0015068532268910299,0.014634141321523532,cpd00063_e0,import
S189C697_Escherichia_coli,ERR1620286_sub,1e-06,EX_cpd00009_e0,0.04078181568674711,0.014634141321523532,cpd00009_e0,export
S189C697_Escherichia_coli,ERR1620286_sub,1e-06,EX_cpd00119_e0,-0.018577853696626505,0.014634141321523532,cpd00119_e0,import
S189C697_Escherichia_coli,ERR1620286_sub,1e-06,EX_cpd00058_e0,-0.0015068532268910299,0.014634141321523532,cpd00058_e0,import
S189C697_Escherichia_coli,ERR1620286_sub,1e-06,EX_cpd00028_e0,-0.0006999118761342072,0.014634141321523532,cpd00028_e0,import
S189C697_Escherichia_coli,ERR1620286_sub,1e-06,EX_cpd00011_e0,0.636935204319049,0.014634141321523532,cpd00011_e0,export
S189C697_Escherichia_coli,ERR1620286_sub,1e-06,EX_cpd00132_e0,-0.0472703166280829,0.014634141321523532,cpd00132_e0,import
S189C697_Escherichia_coli,ERR1620286_sub,1e-06,EX_cpd00053_e0,-0.0516051491572957,0.014634141321523532,cpd00053_e0,import
S189C697_Escherichia_coli,ERR1620286_sub,1e-06,EX_cpd00067_e0,5.836903312809557,0.014634141321523532,cpd00067_e0,export
S189C697_Escherichia_coli,ERR1620286_sub,1e-06,EX_cpd00794_e0,-0.7441930072171441,0.014634141321523532,cpd00794_e0,import
S189C697_Escherichia_coli,ERR1620286_sub,1e-06,EX_cpd00220_e0,-0.0013998237522684254,0.014634141321523532,cpd00220_e0,import
S189C697_Escherichia_coli,ERR1620286_sub,1e-06,EX_cpd00084_e0,-0.018658503782873138,0.014634141321523532,cpd00084_e0,import
S189C697_Escherichia_coli,ERR1620286_sub,1e-06,EX_cpd00030_e0,-0.0015068532268910299,0.014634141321523532,cpd00030_e0,import
S189C697_Escherichia_coli,ERR1620286_sub,1e-06,EX_cpd00069_e0,-0.027041098158423087,0.014634141321523532,cpd00069_e0,import
S189C697_Escherichia_coli,ERR1620286_sub,1e-06,EX_cpd00205_e0,-0.0015068532268910299,0.014634141321523532,cpd00205_e0,import
S189C697_Escherichia_coli,ERR1620286_sub,1e-06,EX_cpd00254_e0,-0.0015068532268910299,0.014634141321523532,cpd00254_e0,import
S189C697_Escherichia_coli,ERR1620286_sub,1e-06,EX_cpd00133_e0,0.09702402960833656,0.014634141321523532,cpd00133_e0,export
S235C693_Phascolarctobacterium_A_succinatutens_A,ERR1620286_sub,1e-06,EX_cpd10515_e0,-0.00047955130950092407,0.003022173237648762,cpd10515_e0,import
S235C693_Phascolarctobacterium_A_succinatutens_A,ERR1620286_sub,1e-06,EX_cpd00066_e0,-0.00750257192123459,0.003022173237648762,cpd00066_e0,import
S235C693_Phascolarctobacterium_A_succinatutens_A,ERR1620286_sub,1e-06,EX_cpd11606_e0,-0.26226698208630456,0.003022173237648762,cpd11606_e0,import
S235C693_Phascolarctobacterium_A_succinatutens_A,ERR1620286_sub,1e-06,EX_cpd00107_e0,-0.021795803443569423,0.003022173237648762,cpd00107_e0,import
S235C693_Phascolarctobacterium_A_succinatutens_A,ERR1620286_sub,1e-06,EX_cpd00003_e0,-0.00033673725000486765,0.003022173237648762,cpd00003_e0,import
S235C693_Phascolarctobacterium_A_succinatutens_A,ERR1620286_sub,1e-06,EX_cpd00033_e0,-0.022746416686413685,0.003022173237648762,cpd00033_e0,import
S235C693_Phascolarctobacterium_A_succinatutens_A,ERR1620286_sub,1e-06,EX_cpd00149_e0,-0.0003111826844985156,0.003022173237648762,cpd00149_e0,import
S235C693_Phascolarctobacterium_A_succinatutens_A,ERR1620286_sub,1e-06,EX_cpd00039_e0,-0.013896809354105,0.003022173237648762,cpd00039_e0,import
S235C693_Phascolarctobacterium_A_succinatutens_A,ERR1620286_sub,1e-06,EX_cpd00029_e0,0.2822367587230879,0.003022173237648762,cpd00029_e0,export
S235C693_Phascolarctobacterium_A_succinatutens_A,ERR1620286_sub,1e-06,EX_cpd00010_e0,-0.000336737250004826,0.003022173237648762,cpd00010_e0,import
S235C693_Phascolarctobacterium_A_succinatutens_A,ERR1620286_sub,1e-06,EX_cpd00065_e0,-0.002301925475833337,0.003022173237648762,cpd00065_e0,import
S235C693_Phascolarctobacterium_A_succinatutens_A,ERR1620286_sub,1e-06,EX_cpd00311_e0,-0.01026836341733014,0.003022173237648762,cpd00311_e0,import
S235C693_Phascolarctobacterium_A_succinatutens_A,ERR1620286_sub,1e-06,EX_cpd00034_e0,-0.0003111826844985156,0.003022173237648762,cpd00034_e0,import
S235C693_Phascolarctobacterium_A_succinatutens_A,ERR1620286_sub,1e-06,EX_cpd00099_e0,-0.0003111826844985156,0.003022173237648762,cpd00099_e0,import
S235C693_Phascolarctobacterium_A_succinatutens_A,ERR1620286_sub,1e-06,EX_cpd00012_e0,-0.02061804382338281,0.003022173237648762,cpd00012_e0,import
S235C693_Phascolarctobacterium_A_succinatutens_A,ERR1620286_sub,1e-06,EX_cpd00129_e0,-0.008951932406018546,0.003022173237648762,cpd00129_e0,import
S235C693_Phascolarctobacterium_A_succinatutens_A,ERR1620286_sub,1e-06,EX_cpd00023_e0,-0.012255949529804376,0.003022173237648762,cpd00023_e0,import
S235C693_Phascolarctobacterium_A_succinatutens_A,ERR1620286_sub,1e-06,EX_cpd00060_e0,-0.005718618559653274,0.003022173237648762,cpd00060_e0,import
S235C693_Phascolarctobacterium_A_succinatutens_A,ERR1620286_sub,1e-06,EX_cpd00092_e0,0.025205934573718267,0.003022173237648762,cpd00092_e0,export
S235C693_Phascolarctobacterium_A_succinatutens_A,ERR1620286_sub,1e-06,EX_cpd00082_e0,-0.007989553429003338,0.003022173237648762,cpd00082_e0,import
S235C693_Phascolarctobacterium_A_succinatutens_A,ERR1620286_sub,1e-06,EX_cpd00367_e0,-0.038554950383494546,0.003022173237648762,cpd00367_e0,import
S235C693_Phascolarctobacterium_A_succinatutens_A,ERR1620286_sub,1e-06,EX_cpd00117_e0,-0.00176602617501785,0.003022173237648762,cpd00117_e0,import
S235C693_Phascolarctobacterium_A_succinatutens_A,ERR1620286_sub,1e-06,EX_cpd00264_e0,-0.00016836862500240843,0.003022173237648762,cpd00264_e0,import
S235C693_Phascolarctobacterium_A_succinatutens_A,ERR1620286_sub,1e-06,EX_cpd00036_e0,0.3041695152226232,0.003022173237648762,cpd00036_e0,export
S235C693_Phascolarctobacterium_A_succinatutens_A,ERR1620286_sub,1e-06,EX_cpd00048_e0,-0.0003111826844985156,0.003022173237648762,cpd00048_e0,import
S235C693_Phascolarctobacterium_A_succinatutens_A,ERR1620286_sub,1e-06,EX_cpd00161_e0,-0.010273408142145104,0.003022173237648762,cpd00161_e0,import
S235C693_Phascolarctobacterium_A_succinatutens_A,ERR1620286_sub,1e-06,EX_cpd01217_e0,-0.4278537761323389,0.003022173237648762,cpd01217_e0,import
S235C693_Phascolarctobacterium_A_succinatutens_A,ERR1620286_sub,1e-06,EX_cpd00047_e0,-0.0034386967250245974,0.003022173237648762,cpd00047_e0,import
S235C693_Phascolarctobacterium_A_succinatutens_A,ERR1620286_sub,1e-06,EX_cpd00054_e0,-0.011965239324544491,0.003022173237648762,cpd00054_e0,import
S235C693_Phascolarctobacterium_A_succinatutens_A,ERR1620286_sub,1e-06,EX_cpd10516_e0,-0.0003111826844985156,0.003022173237648762,cpd10516_e0,import
S235C693_Phascolarctobacterium_A_succinatutens_A,ERR1620286_sub,1e-06,EX_cpd00309_e0,0.4200781461998922,0.003022173237648762,cpd00309_e0,export
S235C693_Phascolarctobacterium_A_succinatutens_A,ERR1620286_sub,1e-06,EX_cpd00017_e0,-0.0006734745000096337,0.003022173237648762,cpd00017_e0,import
S235C693_Phascolarctobacterium_A_succinatutens_A,ERR1620286_sub,1e-06,EX_cpd00156_e0,-0.01713655632009265,0.003022173237648762,cpd00156_e0,import
S235C693_Phascolarctobacterium_A_succinatutens_A,ERR1620286_sub,1e-06,EX_cpd00051_e0,-0.011978538124243864,0.003022173237648762,cpd00051_e0,import
S235C693_Phascolarctobacterium_A_succinatutens_A,ERR1620286_sub,1e-06,EX_cpd00322_e0,-0.015316309511594125,0.003022173237648762,cpd00322_e0,import
S235C693_Phascolarctobacterium_A_succinatutens_A,ERR1620286_sub,1e-06,EX_cpd00063_e0,-0.0003111826844985156,0.003022173237648762,cpd00063_e0,import
S235C693_Phascolarctobacterium_A_succinatutens_A,ERR1620286_sub,1e-06,EX_cpd00276_e0,-0.0023547015666904665,0.003022173237648762,cpd00276_e0,import
S235C693_Phascolarctobacterium_A_succinatutens_A,ERR1620286_sub,1e-06,EX_cpd00119_e0,-0.0038365424597222413,0.003022173237648762,cpd00119_e0,import
S235C693_Phascolarctobacterium_A_succinatutens_A,ERR1620286_sub,1e-06,EX_cpd00058_e0,-0.0003111826844985156,0.003022173237648762,cpd00058_e0,import
S235C693_Phascolarctobacterium_A_succinatutens_A,ERR1620286_sub,1e-06,EX_cpd00028_e0,-0.00016836862500240843,0.003022173237648762,cpd00028_e0,import
S235C693_Phascolarctobacterium_A_succinatutens_A,ERR1620286_sub,1e-06,EX_cpd00011_e0,0.0871250300573963,0.003022173237648762,cpd00011_e0,export
S235C693_Phascolarctobacterium_A_succinatutens_A,ERR1620286_sub,1e-06,EX_cpd00132_e0,-0.00976186914751546,0.003022173237648762,cpd00132_e0,import
S235C693_Phascolarctobacterium_A_succinatutens_A,ERR1620286_sub,1e-06,EX_cpd00053_e0,-0.011667274138131754,0.003022173237648762,cpd00053_e0,import
S235C693_Phascolarctobacterium_A_succinatutens_A,ERR1620286_sub,1e-06,EX_cpd00067_e0,0.853288764504325,0.003022173237648762,cpd00067_e0,export
S235C693_Phascolarctobacterium_A_succinatutens_A,ERR1620286_sub,1e-06,EX_cpd00220_e0,-0.0003367372500048169,0.003022173237648762,cpd00220_e0,import
S235C693_Phascolarctobacterium_A_succinatutens_A,ERR1620286_sub,1e-06,EX_cpd00071_e0,0.00016836862500240843,0.003022173237648762,cpd00071_e0,export
S235C693_Phascolarctobacterium_A_succinatutens_A,ERR1620286_sub,1e-06,EX_cpd00084_e0,-0.004045394961069644,0.003022173237648762,cpd00084_e0,import
S235C693_Phascolarctobacterium_A_succinatutens_A,ERR1620286_sub,1e-06,EX_cpd00118_e0,-0.00016836862500240843,0.003022173237648762,cpd00118_e0,import
S235C693_Phascolarctobacterium_A_succinatutens_A,ERR1620286_sub,1e-06,EX_cpd00030_e0,-0.0003111826844985156,0.003022173237648762,cpd00030_e0,import
S235C693_Phascolarctobacterium_A_succinatutens_A,ERR1620286_sub,1e-06,EX_cpd00069_e0,-0.005752669316375906,0.003022173237648762,cpd00069_e0,import
S235C693_Phascolarctobacterium_A_succinatutens_A,ERR1620286_sub,1e-06,EX_cpd00205_e0,-0.0003111826844985156,0.003022173237648762,cpd00205_e0,import
S235C693_Phascolarctobacterium_A_succinatutens_A,ERR1620286_sub,1e-06,EX_cpd11451_e0,0.26226698208630456,0.003022173237648762,cpd11451_e0,export
S235C693_Phascolarctobacterium_A_succinatutens_A,ERR1620286_sub,1e-06,EX_cpd00254_e0,-0.0003111826844985156,0.003022173237648762,cpd00254_e0,import
S256C408_Faecalimonas_phoceensis,ERR1620286_sub,1e-06,EX_cpd10515_e0,-0.0019484475507421627,0.011077871579119615,cpd10515_e0,import
S256C408_Faecalimonas_phoceensis,ERR1620286_sub,1e-06,EX_cpd00305_e0,-0.0008077721895107797,0.011077871579119615,cpd00305_e0,import
S256C408_Faecalimonas_phoceensis,ERR1620286_sub,1e-06,EX_cpd00393_e0,-0.0024233165685323393,0.011077871579119615,cpd00393_e0,import
S256C408_Faecalimonas_phoceensis,ERR1620286_sub,1e-06,EX_cpd00033_e0,-0.06962493172939334,0.011077871579119615,cpd00033_e0,import
S256C408_Faecalimonas_phoceensis,ERR1620286_sub,1e-06,EX_cpd11640_e0,1.3611887578204622,0.011077871579119615,cpd11640_e0,export
S256C408_Faecalimonas_phoceensis,ERR1620286_sub,1e-06,EX_cpd00149_e0,-0.001140675361231383,0.011077871579119615,cpd00149_e0,import
S256C408_Faecalimonas_phoceensis,ERR1620286_sub,1e-06,EX_cpd00644_e0,-0.0016155443790215052,0.011077871579119615,cpd00644_e0,import
S256C408_Faecalimonas_phoceensis,ERR1620286_sub,1e-06,EX_cpd00039_e0,-0.05874064746161406,0.011077871579119615,cpd00039_e0,import
S256C408_Faecalimonas_phoceensis,ERR1620286_sub,1e-06,EX_cpd00029_e0,2.3828850085509243,0.011077871579119615,cpd00029_e0,export
S256C408_Faecalimonas_phoceensis,ERR1620286_sub,1e-06,EX_cpd00065_e0,-0.009889248243537554,0.011077871579119615,cpd00065_e0,import
S256C408_Faecalimonas_phoceensis,ERR1620286_sub,1e-06,EX_cpd00034_e0,-0.001140675361231383,0.011077871579119615,cpd00034_e0,import
S256C408_Faecalimonas_phoceensis,ERR1620286_sub,1e-06,EX_cpd00099_e0,-0.001140675361231383,0.011077871579119615,cpd00099_e0,import
S256C408_Faecalimonas_phoceensis,ERR1620286_sub,1e-06,EX_cpd00129_e0,-0.029221613230904164,0.011077871579119615,cpd00129_e0,import
S256C408_Faecalimonas_phoceensis,ERR1620286_sub,1e-06,EX_cpd00023_e0,-0.10229445455167091,0.011077871579119615,cpd00023_e0,import
S256C408_Faecalimonas_phoceensis,ERR1620286_sub,1e-06,EX_cpd00060_e0,-0.02140417642605147,0.011077871579119615,cpd00060_e0,import
S256C408_Faecalimonas_phoceensis,ERR1620286_sub,1e-06,EX_cpd00092_e0,-0.0016155443790215594,0.011077871579119615,cpd00092_e0,import
S256C408_Faecalimonas_phoceensis,ERR1620286_sub,1e-06,EX_cpd00082_e0,-1.4888487991454726,0.011077871579119615,cpd00082_e0,import
S256C408_Faecalimonas_phoceensis,ERR1620286_sub,1e-06,EX_cpd00367_e0,-0.018038246023571153,0.011077871579119615,cpd00367_e0,import
S256C408_Faecalimonas_phoceensis,ERR1620286_sub,1e-06,EX_cpd00036_e0,0.0016155443790215607,0.011077871579119615,cpd00036_e0,export
S256C408_Faecalimonas_phoceensis,ERR1620286_sub,1e-06,EX_cpd00048_e0,-0.001140675361231383,0.011077871579119615,cpd00048_e0,import
S256C408_Faecalimonas_phoceensis,ERR1620286_sub,1e-06,EX_cpd00161_e0,-0.03390599397784306,0.011077871579119615,cpd00161_e0,import
S256C408_Faecalimonas_phoceensis,ERR1620286_sub,1e-06,EX_cpd00054_e0,-0.061632883535115805,0.011077871579119615,cpd00054_e0,import
S256C408_Faecalimonas_phoceensis,ERR1620286_sub,1e-06,EX_cpd00239_e0,-0.012758696311778308,0.011077871579119615,cpd00239_e0,import
S256C408_Faecalimonas_phoceensis,ERR1620286_sub,1e-06,EX_cpd10516_e0,-0.001140675361231383,0.011077871579119615,cpd10516_e0,import
S256C408_Faecalimonas_phoceensis,ERR1620286_sub,1e-06,EX_cpd00309_e0,1.1041476949343758,0.011077871579119615,cpd00309_e0,export
S256C408_Faecalimonas_phoceensis,ERR1620286_sub,1e-06,EX_cpd00051_e0,-0.03509567797706566,0.011077871579119615,cpd00051_e0,import
S256C408_Faecalimonas_phoceensis,ERR1620286_sub,1e-06,EX_cpd00322_e0,-0.06231252913165629,0.011077871579119615,cpd00322_e0,import
S256C408_Faecalimonas_phoceensis,ERR1620286_sub,1e-06,EX_cpd00363_e0,1.1312738192764176,0.011077871579119615,cpd00363_e0,export
S256C408_Faecalimonas_phoceensis,ERR1620286_sub,1e-06,EX_cpd00130_e0,0.5719919038872189,0.011077871579119615,cpd00130_e0,export
S256C408_Faecalimonas_phoceensis,ERR1620286_sub,1e-06,EX_cpd00063_e0,-0.001140675361231383,0.011077871579119615,cpd00063_e0,import
S256C408_Faecalimonas_phoceensis,ERR1620286_sub,1e-06,EX_cpd00009_e0,-0.2098013551135149,0.011077871579119615,cpd00009_e0,import
S256C408_Faecalimonas_phoceensis,ERR1620286_sub,1e-06,EX_cpd00119_e0,-0.014871049990282041,0.011077871579119615,cpd00119_e0,import
S256C408_Faecalimonas_phoceensis,ERR1620286_sub,1e-06,EX_cpd00058_e0,-0.001140675361231383,0.011077871579119615,cpd00058_e0,import
S256C408_Faecalimonas_phoceensis,ERR1620286_sub,1e-06,EX_cpd00277_e0,-1.1312738192764176,0.011077871579119615,cpd00277_e0,import
S256C408_Faecalimonas_phoceensis,ERR1620286_sub,1e-06,EX_cpd00028_e0,-0.0008077721895107797,0.011077871579119615,cpd00028_e0,import
S256C408_Faecalimonas_phoceensis,ERR1620286_sub,1e-06,EX_cpd00246_e0,0.012579037876800772,0.011077871579119615,cpd00246_e0,export
S256C408_Faecalimonas_phoceensis,ERR1620286_sub,1e-06,EX_cpd00013_e0,0.7934024274661219,0.011077871579119615,cpd00013_e0,export
S256C408_Faecalimonas_phoceensis,ERR1620286_sub,1e-06,EX_cpd00132_e0,-0.02691660048241047,0.011077871579119615,cpd00132_e0,import
S256C408_Faecalimonas_phoceensis,ERR1620286_sub,1e-06,EX_cpd00182_e0,-0.01535403897540416,0.011077871579119615,cpd00182_e0,import
S256C408_Faecalimonas_phoceensis,ERR1620286_sub,1e-06,EX_cpd00220_e0,-0.0016155443790215594,0.011077871579119615,cpd00220_e0,import
S256C408_Faecalimonas_phoceensis,ERR1620286_sub,1e-06,EX_cpd00204_e0,2.4447259723019004,0.011077871579119615,cpd00204_e0,export
S256C408_Faecalimonas_phoceensis,ERR1620286_sub,1e-06,EX_cpd00118_e0,-0.0016155443790215594,0.011077871579119615,cpd00118_e0,import
S256C408_Faecalimonas_phoceensis,ERR1620286_sub,1e-06,EX_cpd00030_e0,-0.001140675361231383,0.011077871579119615,cpd00030_e0,import
S256C408_Faecalimonas_phoceensis,ERR1620286_sub,1e-06,EX_cpd00069_e0,-0.020150272736832096,0.011077871579119615,cpd00069_e0,import
S256C408_Faecalimonas_phoceensis,ERR1620286_sub,1e-06,EX_cpd00205_e0,-0.001140675361231383,0.011077871579119615,cpd00205_e0,import
S256C408_Faecalimonas_phoceensis,ERR1620286_sub,1e-06,EX_cpd00027_e0,-0.05060170576411155,0.011077871579119615,cpd00027_e0,import
S256C408_Faecalimonas_phoceensis,ERR1620286_sub,1e-06,EX_cpd00254_e0,-0.001140675361231383,0.011077871579119615,cpd00254_e0,import
S276C106_Agathobacter_faecis,ERR1620286_sub,1e-06,EX_cpd00035_e0,2.6848580884566378,0.020878645350144512,cpd00035_e0,export
S276C106_Agathobacter_faecis,ERR1620286_sub,1e-06,EX_cpd00211_e0,0.06290752906631408,0.020878645350144512,cpd00211_e0,export
S276C106_Agathobacter_faecis,ERR1620286_sub,1e-06,EX_cpd10515_e0,-0.0036722814641609357,0.020878645350144512,cpd10515_e0,import
S276C106_Agathobacter_faecis,ERR1620286_sub,1e-06,EX_cpd00305_e0,-0.0015224258090371708,0.020878645350144512,cpd00305_e0,import
S276C106_Agathobacter_faecis,ERR1620286_sub,1e-06,EX_cpd00107_e0,-0.14378790230533225,0.020878645350144512,cpd00107_e0,import
S276C106_Agathobacter_faecis,ERR1620286_sub,1e-06,EX_cpd00393_e0,-0.0045672774271115135,0.020878645350144512,cpd00393_e0,import
S276C106_Agathobacter_faecis,ERR1620286_sub,1e-06,EX_cpd00033_e0,-0.1312236226917848,0.020878645350144512,cpd00033_e0,import
S276C106_Agathobacter_faecis,ERR1620286_sub,1e-06,EX_cpd00149_e0,-0.002149855655123765,0.020878645350144512,cpd00149_e0,import
S276C106_Agathobacter_faecis,ERR1620286_sub,1e-06,EX_cpd00644_e0,-0.003044851618074218,0.020878645350144512,cpd00644_e0,import
S276C106_Agathobacter_faecis,ERR1620286_sub,1e-06,EX_cpd00039_e0,-0.1107097754742912,0.020878645350144512,cpd00039_e0,import
S276C106_Agathobacter_faecis,ERR1620286_sub,1e-06,EX_cpd00029_e0,3.886779694838806,0.020878645350144512,cpd00029_e0,export
S276C106_Agathobacter_faecis,ERR1620286_sub,1e-06,EX_cpd00065_e0,-0.018638481187443958,0.020878645350144512,cpd00065_e0,import
S276C106_Agathobacter_faecis,ERR1620286_sub,1e-06,EX_cpd00311_e0,-0.027417210159700174,0.020878645350144512,cpd00311_e0,import
S276C106_Agathobacter_faecis,ERR1620286_sub,1e-06,EX_cpd00034_e0,-0.002149855655123765,0.020878645350144512,cpd00034_e0,import
S276C106_Agathobacter_faecis,ERR1620286_sub,1e-06,EX_cpd00099_e0,-0.002149855655123765,0.020878645350144512,cpd00099_e0,import
S276C106_Agathobacter_faecis,ERR1620286_sub,1e-06,EX_cpd00023_e0,-0.061918863997423995,0.020878645350144512,cpd00023_e0,import
S276C106_Agathobacter_faecis,ERR1620286_sub,1e-06,EX_cpd00060_e0,-0.03577363927607599,0.020878645350144512,cpd00060_e0,import
S276C106_Agathobacter_faecis,ERR1620286_sub,1e-06,EX_cpd00082_e0,-0.9154936371984594,0.020878645350144512,cpd00082_e0,import
S276C106_Agathobacter_faecis,ERR1620286_sub,1e-06,EX_cpd00048_e0,-0.002149855655123765,0.020878645350144512,cpd00048_e0,import
S276C106_Agathobacter_faecis,ERR1620286_sub,1e-06,EX_cpd00161_e0,-0.1813451425928132,0.020878645350144512,cpd00161_e0,import
S276C106_Agathobacter_faecis,ERR1620286_sub,1e-06,EX_cpd01217_e0,-3.3602724004341087,0.020878645350144512,cpd01217_e0,import
S276C106_Agathobacter_faecis,ERR1620286_sub,1e-06,EX_cpd00054_e0,-0.11616083568817917,0.020878645350144512,cpd00054_e0,import
S276C106_Agathobacter_faecis,ERR1620286_sub,1e-06,EX_cpd00232_e0,-0.061349209707814115,0.020878645350144512,cpd00232_e0,import
S276C106_Agathobacter_faecis,ERR1620286_sub,1e-06,EX_cpd00239_e0,-0.02404659235233479,0.020878645350144512,cpd00239_e0,import
S276C106_Agathobacter_faecis,ERR1620286_sub,1e-06,EX_cpd10516_e0,-0.002149855655123765,0.020878645350144512,cpd10516_e0,import
S276C106_Agathobacter_faecis,ERR1620286_sub,1e-06,EX_cpd00309_e0,3.3602724004341087,0.020878645350144512,cpd00309_e0,export
S276C106_Agathobacter_faecis,ERR1620286_sub,1e-06,EX_cpd00064_e0,1.4875802777710074,0.020878645350144512,cpd00064_e0,export
S276C106_Agathobacter_faecis,ERR1620286_sub,1e-06,EX_cpd00017_e0,-0.004567277427111513,0.020878645350144512,cpd00017_e0,import
S276C106_Agathobacter_faecis,ERR1620286_sub,1e-06,EX_cpd00051_e0,-1.6118453265856159,0.020878645350144512,cpd00051_e0,import
S276C106_Agathobacter_faecis,ERR1620286_sub,1e-06,EX_cpd23431_e0,-0.6783309543848999,0.020878645350144512,cpd23431_e0,import
S276C106_Agathobacter_faecis,ERR1620286_sub,1e-06,EX_cpd00063_e0,-0.002149855655123765,0.020878645350144512,cpd00063_e0,import
S276C106_Agathobacter_faecis,ERR1620286_sub,1e-06,EX_cpd00009_e0,-0.39541717571292373,0.020878645350144512,cpd00009_e0,import
S276C106_Agathobacter_faecis,ERR1620286_sub,1e-06,EX_cpd00119_e0,-0.02802779125931423,0.020878645350144512,cpd00119_e0,import
S276C106_Agathobacter_faecis,ERR1620286_sub,1e-06,EX_cpd00058_e0,-0.002149855655123765,0.020878645350144512,cpd00058_e0,import
S276C106_Agathobacter_faecis,ERR1620286_sub,1e-06,EX_cpd00526_e0,0.6783309543848999,0.020878645350144512,cpd00526_e0,export
S276C106_Agathobacter_faecis,ERR1620286_sub,1e-06,EX_cpd00028_e0,-0.0015224258090371708,0.020878645350144512,cpd00028_e0,import
S276C106_Agathobacter_faecis,ERR1620286_sub,1e-06,EX_cpd00011_e0,2.889095640590393,0.020878645350144512,cpd00011_e0,export
S276C106_Agathobacter_faecis,ERR1620286_sub,1e-06,EX_cpd00132_e0,-0.05073030217935871,0.020878645350144512,cpd00132_e0,import
S276C106_Agathobacter_faecis,ERR1620286_sub,1e-06,EX_cpd00053_e0,-0.090790940969953,0.020878645350144512,cpd00053_e0,import
S276C106_Agathobacter_faecis,ERR1620286_sub,1e-06,EX_cpd00448_e0,0.0076831149974313905,0.020878645350144512,cpd00448_e0,export
S276C106_Agathobacter_faecis,ERR1620286_sub,1e-06,EX_cpd00182_e0,-0.02437081367413861,0.020878645350144512,cpd00182_e0,import
S276C106_Agathobacter_faecis,ERR1620286_sub,1e-06,EX_cpd00067_e0,3.52552772409328,0.020878645350144512,cpd00067_e0,export
S276C106_Agathobacter_faecis,ERR1620286_sub,1e-06,EX_cpd00220_e0,-0.0030448516180743416,0.020878645350144512,cpd00220_e0,import
S276C106_Agathobacter_faecis,ERR1620286_sub,1e-06,EX_cpd00030_e0,-0.002149855655123765,0.020878645350144512,cpd00030_e0,import
S276C106_Agathobacter_faecis,ERR1620286_sub,1e-06,EX_cpd00069_e0,-0.03797765715637065,0.020878645350144512,cpd00069_e0,import
S276C106_Agathobacter_faecis,ERR1620286_sub,1e-06,EX_cpd00205_e0,-0.002149855655123765,0.020878645350144512,cpd00205_e0,import
S276C106_Agathobacter_faecis,ERR1620286_sub,1e-06,EX_cpd00254_e0,-0.002149855655123765,0.020878645350144512,cpd00254_e0,import
S287C754_Enterocloster_bolteae,ERR1620286_sub,1e-06,EX_cpd10515_e0,-0.008566660562206152,0.048705433428575425,cpd10515_e0,import
S287C754_Enterocloster_bolteae,ERR1620286_sub,1e-06,EX_cpd00066_e0,-0.14057333001184186,0.048705433428575425,cpd00066_e0,import
S287C754_Enterocloster_bolteae,ERR1620286_sub,1e-06,EX_cpd00305_e0,-0.0035514993239069326,0.048705433428575425,cpd00305_e0,import
S287C754_Enterocloster_bolteae,ERR1620286_sub,1e-06,EX_cpd11606_e0,-5.821657204440868,0.048705433428575425,cpd11606_e0,import
S287C754_Enterocloster_bolteae,ERR1620286_sub,1e-06,EX_cpd00107_e0,-0.3354269448087867,0.048705433428575425,cpd00107_e0,import
S287C754_Enterocloster_bolteae,ERR1620286_sub,1e-06,EX_cpd00003_e0,-0.007102998647813941,0.048705433428575425,cpd00003_e0,import
S287C754_Enterocloster_bolteae,ERR1620286_sub,1e-06,EX_cpd00393_e0,-0.010654497971720796,0.048705433428575425,cpd00393_e0,import
S287C754_Enterocloster_bolteae,ERR1620286_sub,1e-06,EX_cpd00033_e0,-0.3345291166894618,0.048705433428575425,cpd00033_e0,import
S287C754_Enterocloster_bolteae,ERR1620286_sub,1e-06,EX_cpd00149_e0,-0.005015161238299219,0.048705433428575425,cpd00149_e0,import
S287C754_Enterocloster_bolteae,ERR1620286_sub,1e-06,EX_cpd00644_e0,-0.007102998647813941,0.048705433428575425,cpd00644_e0,import
S287C754_Enterocloster_bolteae,ERR1620286_sub,1e-06,EX_cpd00039_e0,-0.25826262955663915,0.048705433428575425,cpd00039_e0,import
S287C754_Enterocloster_bolteae,ERR1620286_sub,1e-06,EX_cpd00029_e0,8.139659326497297,0.048705433428575425,cpd00029_e0,export
S287C754_Enterocloster_bolteae,ERR1620286_sub,1e-06,EX_cpd00065_e0,-0.04347965788738355,0.048705433428575425,cpd00065_e0,import
S287C754_Enterocloster_bolteae,ERR1620286_sub,1e-06,EX_cpd00122_e0,-0.14311480763540232,0.048705433428575425,cpd00122_e0,import
S287C754_Enterocloster_bolteae,ERR1620286_sub,1e-06,EX_cpd00311_e0,-0.06395858686024948,0.048705433428575425,cpd00311_e0,import
S287C754_Enterocloster_bolteae,ERR1620286_sub,1e-06,EX_cpd00034_e0,-0.005015161238299219,0.048705433428575425,cpd00034_e0,import
S287C754_Enterocloster_bolteae,ERR1620286_sub,1e-06,EX_cpd00099_e0,-0.005015161238299219,0.048705433428575425,cpd00099_e0,import
S287C754_Enterocloster_bolteae,ERR1620286_sub,1e-06,EX_cpd00012_e0,-0.4541095687789588,0.048705433428575425,cpd00012_e0,import
S287C754_Enterocloster_bolteae,ERR1620286_sub,1e-06,EX_cpd00129_e0,-0.12847748533640385,0.048705433428575425,cpd00129_e0,import
S287C754_Enterocloster_bolteae,ERR1620286_sub,1e-06,EX_cpd00023_e0,-0.02517519334483137,0.048705433428575425,cpd00023_e0,import
S287C754_Enterocloster_bolteae,ERR1620286_sub,1e-06,EX_cpd00060_e0,-0.08345237905748902,0.048705433428575425,cpd00060_e0,import
S287C754_Enterocloster_bolteae,ERR1620286_sub,1e-06,EX_cpd00092_e0,-0.08641102557552827,0.048705433428575425,cpd00092_e0,import
S287C754_Enterocloster_bolteae,ERR1620286_sub,1e-06,EX_cpd00117_e0,-0.1548242009873898,0.048705433428575425,cpd00117_e0,import
S287C754_Enterocloster_bolteae,ERR1620286_sub,1e-06,EX_cpd00036_e0,6.343494724752372,0.048705433428575425,cpd00036_e0,export
S287C754_Enterocloster_bolteae,ERR1620286_sub,1e-06,EX_cpd00048_e0,-0.005015161238299219,0.048705433428575425,cpd00048_e0,import
S287C754_Enterocloster_bolteae,ERR1620286_sub,1e-06,EX_cpd90003_e0,-0.307524383225276,0.048705433428575425,cpd90003_e0,import
S287C754_Enterocloster_bolteae,ERR1620286_sub,1e-06,EX_cpd00161_e0,-0.14907311275674365,0.048705433428575425,cpd00161_e0,import
S287C754_Enterocloster_bolteae,ERR1620286_sub,1e-06,EX_cpd01217_e0,-0.09351402422334212,0.048705433428575425,cpd01217_e0,import
S287C754_Enterocloster_bolteae,ERR1620286_sub,1e-06,EX_cpd00047_e0,0.371069556723545,0.048705433428575425,cpd00047_e0,export
S287C754_Enterocloster_bolteae,ERR1620286_sub,1e-06,EX_cpd00054_e0,-0.2148831627705693,0.048705433428575425,cpd00054_e0,import
S287C754_Enterocloster_bolteae,ERR1620286_sub,1e-06,EX_cpd10516_e0,-0.005015161238299219,0.048705433428575425,cpd10516_e0,import
S287C754_Enterocloster_bolteae,ERR1620286_sub,1e-06,EX_cpd00309_e0,0.09351402422334212,0.048705433428575425,cpd00309_e0,export
S287C754_Enterocloster_bolteae,ERR1620286_sub,1e-06,EX_cpd00017_e0,-0.010654497971720798,0.048705433428575425,cpd00017_e0,import
S287C754_Enterocloster_bolteae,ERR1620286_sub,1e-06,EX_cpd00156_e0,-0.24551295543928608,0.048705433428575425,cpd00156_e0,import
S287C754_Enterocloster_bolteae,ERR1620286_sub,1e-06,EX_cpd00051_e0,-0.16140674693988202,0.048705433428575425,cpd00051_e0,import
S287C754_Enterocloster_bolteae,ERR1620286_sub,1e-06,EX_cpd00322_e0,-0.2739669772687255,0.048705433428575425,cpd00322_e0,import
S287C754_Enterocloster_bolteae,ERR1620286_sub,1e-06,EX_cpd00130_e0,-0.590303934940053,0.048705433428575425,cpd00130_e0,import
S287C754_Enterocloster_bolteae,ERR1620286_sub,1e-06,EX_cpd00063_e0,-0.005015161238299219,0.048705433428575425,cpd00063_e0,import
S287C754_Enterocloster_bolteae,ERR1620286_sub,1e-06,EX_cpd00119_e0,-0.06538294419155422,0.048705433428575425,cpd00119_e0,import
S287C754_Enterocloster_bolteae,ERR1620286_sub,1e-06,EX_cpd00058_e0,-0.005015161238299219,0.048705433428575425,cpd00058_e0,import
S287C754_Enterocloster_bolteae,ERR1620286_sub,1e-06,EX_cpd00028_e0,-0.0035514993239069326,0.048705433428575425,cpd00028_e0,import
S287C754_Enterocloster_bolteae,ERR1620286_sub,1e-06,EX_cpd00132_e0,-0.11834312898671304,0.048705433428575425,cpd00132_e0,import
S287C754_Enterocloster_bolteae,ERR1620286_sub,1e-06,EX_cpd00053_e0,-0.42457869877630783,0.048705433428575425,cpd00053_e0,import
S287C754_Enterocloster_bolteae,ERR1620286_sub,1e-06,EX_cpd00182_e0,-0.0497489857135891,0.048705433428575425,cpd00182_e0,import
S287C754_Enterocloster_bolteae,ERR1620286_sub,1e-06,EX_cpd00067_e0,16.348258179979016,0.048705433428575425,cpd00067_e0,export
S287C754_Enterocloster_bolteae,ERR1620286_sub,1e-06,EX_cpd00220_e0,-0.007102998647813864,0.048705433428575425,cpd00220_e0,import
S287C754_Enterocloster_bolteae,ERR1620286_sub,1e-06,EX_cpd00204_e0,3.344797378121557,0.048705433428575425,cpd00204_e0,export
S287C754_Enterocloster_bolteae,ERR1620286_sub,1e-06,EX_cpd00084_e0,-0.05609564418485108,0.048705433428575425,cpd00084_e0,import
S287C754_Enterocloster_bolteae,ERR1620286_sub,1e-06,EX_cpd00030_e0,-0.005015161238299219,0.048705433428575425,cpd00030_e0,import
S287C754_Enterocloster_bolteae,ERR1620286_sub,1e-06,EX_cpd00069_e0,-0.08859388937955566,0.048705433428575425,cpd00069_e0,import
S287C754_Enterocloster_bolteae,ERR1620286_sub,1e-06,EX_cpd00205_e0,-0.005015161238299219,0.048705433428575425,cpd00205_e0,import
S287C754_Enterocloster_bolteae,ERR1620286_sub,1e-06,EX_cpd11451_e0,5.821657204440868,0.048705433428575425,cpd11451_e0,export
S287C754_Enterocloster_bolteae,ERR1620286_sub,1e-06,EX_cpd00254_e0,-0.005015161238299219,0.048705433428575425,cpd00254_e0,import
S297C78_CAG_41_sp900066215,ERR1620286_sub,1e-06,EX_cpd10515_e0,-0.0010981978224707649,0.006243989484782111,cpd10515_e0,import
S297C78_CAG_41_sp900066215,ERR1620286_sub,1e-06,EX_cpd00066_e0,-0.018020712247843813,0.006243989484782111,cpd00066_e0,import
S297C78_CAG_41_sp900066215,ERR1620286_sub,1e-06,EX_cpd00107_e0,-0.04299985247602326,0.006243989484782111,cpd00107_e0,import
S297C78_CAG_41_sp900066215,ERR1620286_sub,1e-06,EX_cpd00393_e0,-0.0013658468649596753,0.006243989484782111,cpd00393_e0,import
S297C78_CAG_41_sp900066215,ERR1620286_sub,1e-06,EX_cpd00033_e0,-0.040153062218298716,0.006243989484782111,cpd00033_e0,import
S297C78_CAG_41_sp900066215,ERR1620286_sub,1e-06,EX_cpd00149_e0,-0.0006429155341508731,0.006243989484782111,cpd00149_e0,import
S297C78_CAG_41_sp900066215,ERR1620286_sub,1e-06,EX_cpd00039_e0,-0.03310782017627112,0.006243989484782111,cpd00039_e0,import
S297C78_CAG_41_sp900066215,ERR1620286_sub,1e-06,EX_cpd00029_e0,1.5742951624733195,0.006243989484782111,cpd00029_e0,export
S297C78_CAG_41_sp900066215,ERR1620286_sub,1e-06,EX_cpd00010_e0,-0.0009105645766397941,0.006243989484782111,cpd00010_e0,import
S297C78_CAG_41_sp900066215,ERR1620286_sub,1e-06,EX_cpd00065_e0,-0.005573848206891213,0.006243989484782111,cpd00065_e0,import
S297C78_CAG_41_sp900066215,ERR1620286_sub,1e-06,EX_cpd00041_e0,-0.016248276275160768,0.006243989484782111,cpd00041_e0,import
S297C78_CAG_41_sp900066215,ERR1620286_sub,1e-06,EX_cpd00034_e0,-0.0006429155341508731,0.006243989484782111,cpd00034_e0,import
S297C78_CAG_41_sp900066215,ERR1620286_sub,1e-06,EX_cpd00099_e0,-0.0006429155341508731,0.006243989484782111,cpd00099_e0,import
S297C78_CAG_41_sp900066215,ERR1620286_sub,1e-06,EX_cpd00012_e0,-0.05775901673460784,0.006243989484782111,cpd00012_e0,import
S297C78_CAG_41_sp900066215,ERR1620286_sub,1e-06,EX_cpd00129_e0,-0.016470092821866497,0.006243989484782111,cpd00129_e0,import
S297C78_CAG_41_sp900066215,ERR1620286_sub,1e-06,EX_cpd00092_e0,-0.16030404024531583,0.006243989484782111,cpd00092_e0,import
S297C78_CAG_41_sp900066215,ERR1620286_sub,1e-06,EX_cpd00082_e0,-0.4283109815916682,0.006243989484782111,cpd00082_e0,import
S297C78_CAG_41_sp900066215,ERR1620286_sub,1e-06,EX_cpd00106_e0,-0.0009105645766397386,0.006243989484782111,cpd00106_e0,import
S297C78_CAG_41_sp900066215,ERR1620286_sub,1e-06,EX_cpd00264_e0,-0.0004552822883198918,0.006243989484782111,cpd00264_e0,import
S297C78_CAG_41_sp900066215,ERR1620286_sub,1e-06,EX_cpd00036_e0,0.0009105645766397386,0.006243989484782111,cpd00036_e0,export
S297C78_CAG_41_sp900066215,ERR1620286_sub,1e-06,EX_cpd00048_e0,-0.0006429155341508731,0.006243989484782111,cpd00048_e0,import
S297C78_CAG_41_sp900066215,ERR1620286_sub,1e-06,EX_cpd00161_e0,-0.0542313661560747,0.006243989484782111,cpd00161_e0,import
S297C78_CAG_41_sp900066215,ERR1620286_sub,1e-06,EX_cpd01217_e0,-0.911684666825169,0.006243989484782111,cpd01217_e0,import
S297C78_CAG_41_sp900066215,ERR1620286_sub,1e-06,EX_cpd00047_e0,0.3434846642589563,0.006243989484782111,cpd00047_e0,export
S297C78_CAG_41_sp900066215,ERR1620286_sub,1e-06,EX_cpd00054_e0,-0.03382739820048361,0.006243989484782111,cpd00054_e0,import
S297C78_CAG_41_sp900066215,ERR1620286_sub,1e-06,EX_cpd00239_e0,-0.006735864582338123,0.006243989484782111,cpd00239_e0,import
S297C78_CAG_41_sp900066215,ERR1620286_sub,1e-06,EX_cpd10516_e0,-0.0006429155341508731,0.006243989484782111,cpd10516_e0,import
S297C78_CAG_41_sp900066215,ERR1620286_sub,1e-06,EX_cpd00309_e0,0.9078061207573271,0.006243989484782111,cpd00309_e0,export
S297C78_CAG_41_sp900066215,ERR1620286_sub,1e-06,EX_cpd00017_e0,-0.012063973666582083,0.006243989484782111,cpd00017_e0,import
S297C78_CAG_41_sp900066215,ERR1620286_sub,1e-06,EX_cpd00156_e0,0.39066743852155217,0.006243989484782111,cpd00156_e0,export
S297C78_CAG_41_sp900066215,ERR1620286_sub,1e-06,EX_cpd00051_e0,-0.01978087483949366,0.006243989484782111,cpd00051_e0,import
S297C78_CAG_41_sp900066215,ERR1620286_sub,1e-06,EX_cpd00363_e0,0.4298484125027707,0.006243989484782111,cpd00363_e0,export
S297C78_CAG_41_sp900066215,ERR1620286_sub,1e-06,EX_cpd00063_e0,-0.0006429155341508731,0.006243989484782111,cpd00063_e0,import
S297C78_CAG_41_sp900066215,ERR1620286_sub,1e-06,EX_cpd00276_e0,-0.1535691361230051,0.006243989484782111,cpd00276_e0,import
S297C78_CAG_41_sp900066215,ERR1620286_sub,1e-06,EX_cpd00119_e0,-0.008381726626904082,0.006243989484782111,cpd00119_e0,import
S297C78_CAG_41_sp900066215,ERR1620286_sub,1e-06,EX_cpd00058_e0,-0.0006429155341508731,0.006243989484782111,cpd00058_e0,import
S297C78_CAG_41_sp900066215,ERR1620286_sub,1e-06,EX_cpd00028_e0,-0.0004552822883198918,0.006243989484782111,cpd00028_e0,import
S297C78_CAG_41_sp900066215,ERR1620286_sub,1e-06,EX_cpd00011_e0,1.1624825109430026,0.006243989484782111,cpd00011_e0,export
S297C78_CAG_41_sp900066215,ERR1620286_sub,1e-06,EX_cpd00132_e0,-0.015170925194696375,0.006243989484782111,cpd00132_e0,import
S297C78_CAG_41_sp900066215,ERR1620286_sub,1e-06,EX_cpd00053_e0,-0.05765592571208271,0.006243989484782111,cpd00053_e0,import
S297C78_CAG_41_sp900066215,ERR1620286_sub,1e-06,EX_cpd00448_e0,0.002297639830257264,0.006243989484782111,cpd00448_e0,export
S297C78_CAG_41_sp900066215,ERR1620286_sub,1e-06,EX_cpd00067_e0,2.020748246605143,0.006243989484782111,cpd00067_e0,export
S297C78_CAG_41_sp900066215,ERR1620286_sub,1e-06,EX_cpd00220_e0,-0.0009105645766397835,0.006243989484782111,cpd00220_e0,import
S297C78_CAG_41_sp900066215,ERR1620286_sub,1e-06,EX_cpd00204_e0,0.0004552822883198918,0.006243989484782111,cpd00204_e0,export
S297C78_CAG_41_sp900066215,ERR1620286_sub,1e-06,EX_cpd00118_e0,-0.0004552822883198918,0.006243989484782111,cpd00118_e0,import
S297C78_CAG_41_sp900066215,ERR1620286_sub,1e-06,EX_cpd00030_e0,-0.0006429155341508731,0.006243989484782111,cpd00030_e0,import
S297C78_CAG_41_sp900066215,ERR1620286_sub,1e-06,EX_cpd00069_e0,-0.011812521867774884,0.006243989484782111,cpd00069_e0,import
S297C78_CAG_41_sp900066215,ERR1620286_sub,1e-06,EX_cpd00205_e0,-0.0006429155341508731,0.006243989484782111,cpd00205_e0,import
S297C78_CAG_41_sp900066215,ERR1620286_sub,1e-06,EX_cpd00027_e0,-0.028520492154016062,0.006243989484782111,cpd00027_e0,import
S297C78_CAG_41_sp900066215,ERR1620286_sub,1e-06,EX_cpd00254_e0,-0.0006429155341508731,0.006243989484782111,cpd00254_e0,import
S365C151_Anaerostipes_hadrus,ERR1620286_sub,1e-06,EX_cpd00035_e0,0.3693881899584601,0.009481499319001236,cpd00035_e0,export
S365C151_Anaerostipes_hadrus,ERR1620286_sub,1e-06,EX_cpd00211_e0,0.516301372437474,0.009481499319001236,cpd00211_e0,export
S365C151_Anaerostipes_hadrus,ERR1620286_sub,1e-06,EX_cpd10515_e0,-0.001667645648858239,0.009481499319001236,cpd10515_e0,import
S365C151_Anaerostipes_hadrus,ERR1620286_sub,1e-06,EX_cpd00066_e0,-0.027364980839090246,0.009481499319001236,cpd00066_e0,import
S365C151_Anaerostipes_hadrus,ERR1620286_sub,1e-06,EX_cpd00107_e0,-0.06529653894400735,0.009481499319001236,cpd00107_e0,import
S365C151_Anaerostipes_hadrus,ERR1620286_sub,1e-06,EX_cpd00003_e0,-0.0013827190540417478,0.009481499319001236,cpd00003_e0,import
S365C151_Anaerostipes_hadrus,ERR1620286_sub,1e-06,EX_cpd00393_e0,-0.002074078581063026,0.009481499319001236,cpd00393_e0,import
S365C151_Anaerostipes_hadrus,ERR1620286_sub,1e-06,EX_cpd00033_e0,-0.05959088526983888,0.009481499319001236,cpd00033_e0,import
S365C151_Anaerostipes_hadrus,ERR1620286_sub,1e-06,EX_cpd00149_e0,-0.0009762861218372302,0.009481499319001236,cpd00149_e0,import
S365C151_Anaerostipes_hadrus,ERR1620286_sub,1e-06,EX_cpd00644_e0,-0.0013827190540420808,0.009481499319001236,cpd00644_e0,import
S365C151_Anaerostipes_hadrus,ERR1620286_sub,1e-06,EX_cpd00039_e0,-0.05027519735553779,0.009481499319001236,cpd00039_e0,import
S365C151_Anaerostipes_hadrus,ERR1620286_sub,1e-06,EX_cpd00029_e0,2.360703611419132,0.009481499319001236,cpd00029_e0,export
S365C151_Anaerostipes_hadrus,ERR1620286_sub,1e-06,EX_cpd00065_e0,-0.008464052213020917,0.009481499319001236,cpd00065_e0,import
S365C151_Anaerostipes_hadrus,ERR1620286_sub,1e-06,EX_cpd00041_e0,-0.034357967870190076,0.009481499319001236,cpd00041_e0,import
S365C151_Anaerostipes_hadrus,ERR1620286_sub,1e-06,EX_cpd00122_e0,-0.027859722526335257,0.009481499319001236,cpd00122_e0,import
S365C151_Anaerostipes_hadrus,ERR1620286_sub,1e-06,EX_cpd00311_e0,-0.4652289691008158,0.009481499319001236,cpd00311_e0,import
S365C151_Anaerostipes_hadrus,ERR1620286_sub,1e-06,EX_cpd00034_e0,-0.0009762861218372302,0.009481499319001236,cpd00034_e0,import
S365C151_Anaerostipes_hadrus,ERR1620286_sub,1e-06,EX_cpd00099_e0,-0.0009762861218372302,0.009481499319001236,cpd00099_e0,import
S365C151_Anaerostipes_hadrus,ERR1620286_sub,1e-06,EX_cpd00129_e0,-0.025010319697121926,0.009481499319001236,cpd00129_e0,import
S365C151_Anaerostipes_hadrus,ERR1620286_sub,1e-06,EX_cpd00023_e0,-0.04493978270295849,0.009481499319001236,cpd00023_e0,import
S365C151_Anaerostipes_hadrus,ERR1620286_sub,1e-06,EX_cpd00060_e0,-0.014862700711515978,0.009481499319001236,cpd00060_e0,import
S365C151_Anaerostipes_hadrus,ERR1620286_sub,1e-06,EX_cpd00082_e0,-0.9167719653441063,0.009481499319001236,cpd00082_e0,import
S365C151_Anaerostipes_hadrus,ERR1620286_sub,1e-06,EX_cpd00106_e0,0.011067202168310697,0.009481499319001236,cpd00106_e0,export
S365C151_Anaerostipes_hadrus,ERR1620286_sub,1e-06,EX_cpd00367_e0,-0.01682137044744745,0.009481499319001236,cpd00367_e0,import
S365C151_Anaerostipes_hadrus,ERR1620286_sub,1e-06,EX_cpd00264_e0,-0.0006913595270210088,0.009481499319001236,cpd00264_e0,import
S365C151_Anaerostipes_hadrus,ERR1620286_sub,1e-06,EX_cpd00048_e0,-0.0009762861218372302,0.009481499319001236,cpd00048_e0,import
S365C151_Anaerostipes_hadrus,ERR1620286_sub,1e-06,EX_cpd00100_e0,0.0034890335667861075,0.009481499319001236,cpd00100_e0,export
S365C151_Anaerostipes_hadrus,ERR1620286_sub,1e-06,EX_cpd00161_e0,-0.04034985873720885,0.009481499319001236,cpd00161_e0,import
S365C151_Anaerostipes_hadrus,ERR1620286_sub,1e-06,EX_cpd01217_e0,-0.6001609112196863,0.009481499319001236,cpd01217_e0,import
S365C151_Anaerostipes_hadrus,ERR1620286_sub,1e-06,EX_cpd00047_e0,1.6492137087983885,0.009481499319001236,cpd00047_e0,export
S365C151_Anaerostipes_hadrus,ERR1620286_sub,1e-06,EX_cpd00076_e0,-0.04330920501821209,0.009481499319001236,cpd00076_e0,import
S365C151_Anaerostipes_hadrus,ERR1620286_sub,1e-06,EX_cpd00054_e0,-0.0541333358282904,0.009481499319001236,cpd00054_e0,import
S365C151_Anaerostipes_hadrus,ERR1620286_sub,1e-06,EX_cpd00239_e0,-0.011611327263045815,0.009481499319001236,cpd00239_e0,import
S365C151_Anaerostipes_hadrus,ERR1620286_sub,1e-06,EX_cpd10516_e0,-0.0009762861218372302,0.009481499319001236,cpd10516_e0,import
S365C151_Anaerostipes_hadrus,ERR1620286_sub,1e-06,EX_cpd00309_e0,1.044637493487246,0.009481499319001236,cpd00309_e0,export
S365C151_Anaerostipes_hadrus,ERR1620286_sub,1e-06,EX_cpd00064_e0,-0.0006913595270210088,0.009481499319001236,cpd00064_e0,import
S365C151_Anaerostipes_hadrus,ERR1620286_sub,1e-06,EX_cpd00017_e0,-0.003456797635105044,0.009481499319001236,cpd00017_e0,import
S365C151_Anaerostipes_hadrus,ERR1620286_sub,1e-06,EX_cpd00051_e0,-0.030037839432675784,0.009481499319001236,cpd00051_e0,import
S365C151_Anaerostipes_hadrus,ERR1620286_sub,1e-06,EX_cpd00322_e0,-0.042002063613487226,0.009481499319001236,cpd00322_e0,import
S365C151_Anaerostipes_hadrus,ERR1620286_sub,1e-06,EX_cpd00363_e0,0.0013827190540420175,0.009481499319001236,cpd00363_e0,export
S365C151_Anaerostipes_hadrus,ERR1620286_sub,1e-06,EX_cpd00063_e0,-0.0009762861218372302,0.009481499319001236,cpd00063_e0,import
S365C151_Anaerostipes_hadrus,ERR1620286_sub,1e-06,EX_cpd00009_e0,-0.17680024578541104,0.009481499319001236,cpd00009_e0,import
S365C151_Anaerostipes_hadrus,ERR1620286_sub,1e-06,EX_cpd00119_e0,-0.012727898064693112,0.009481499319001236,cpd00119_e0,import
S365C151_Anaerostipes_hadrus,ERR1620286_sub,1e-06,EX_cpd00058_e0,-0.0009762861218372302,0.009481499319001236,cpd00058_e0,import
S365C151_Anaerostipes_hadrus,ERR1620286_sub,1e-06,EX_cpd00028_e0,-0.0006913595270210088,0.009481499319001236,cpd00028_e0,import
S365C151_Anaerostipes_hadrus,ERR1620286_sub,1e-06,EX_cpd00011_e0,0.08011602654436692,0.009481499319001236,cpd00011_e0,export
S365C151_Anaerostipes_hadrus,ERR1620286_sub,1e-06,EX_cpd00132_e0,-0.023037495497094513,0.009481499319001236,cpd00132_e0,import
S365C151_Anaerostipes_hadrus,ERR1620286_sub,1e-06,EX_cpd00053_e0,-0.04261243391711058,0.009481499319001236,cpd00053_e0,import
S365C151_Anaerostipes_hadrus,ERR1620286_sub,1e-06,EX_cpd00067_e0,4.312244614684311,0.009481499319001236,cpd00067_e0,export
S365C151_Anaerostipes_hadrus,ERR1620286_sub,1e-06,EX_cpd00220_e0,-0.0013827190540420175,0.009481499319001236,cpd00220_e0,import
S365C151_Anaerostipes_hadrus,ERR1620286_sub,1e-06,EX_cpd00204_e0,0.0006913595270210088,0.009481499319001236,cpd00204_e0,export
S365C151_Anaerostipes_hadrus,ERR1620286_sub,1e-06,EX_cpd00030_e0,-0.0009762861218372302,0.009481499319001236,cpd00030_e0,import
S365C151_Anaerostipes_hadrus,ERR1620286_sub,1e-06,EX_cpd00069_e0,-0.017937661404680116,0.009481499319001236,cpd00069_e0,import
S365C151_Anaerostipes_hadrus,ERR1620286_sub,1e-06,EX_cpd00205_e0,-0.0009762861218372302,0.009481499319001236,cpd00205_e0,import
S365C151_Anaerostipes_hadrus,ERR1620286_sub,1e-06,EX_cpd00254_e0,-0.0009762861218372302,0.009481499319001236,cpd00254_e0,import
S36C433_CAG_521_sp000437635,ERR1620286_sub,1e-06,EX_cpd00035_e0,-0.013751698920056876,0.0029084590492567683,cpd00035_e0,import
S36C433_CAG_521_sp000437635,ERR1620286_sub,1e-06,EX_cpd01741_e0,-0.003399134914569637,0.0029084590492567683,cpd01741_e0,import
S36C433_CAG_521_sp000437635,ERR1620286_sub,1e-06,EX_cpd10515_e0,-0.0006235375506803261,0.0029084590492567683,cpd10515_e0,import
S36C433_CAG_521_sp000437635,ERR1620286_sub,1e-06,EX_cpd00066_e0,-0.007220236746004213,0.0029084590492567683,cpd00066_e0,import
S36C433_CAG_521_sp000437635,ERR1620286_sub,1e-06,EX_cpd00305_e0,-0.00016203261306644686,0.0029084590492567683,cpd00305_e0,import
S36C433_CAG_521_sp000437635,ERR1620286_sub,1e-06,EX_cpd00107_e0,-0.020975588449413874,0.0029084590492567683,cpd00107_e0,import
S36C433_CAG_521_sp000437635,ERR1620286_sub,1e-06,EX_cpd00003_e0,-0.0003240652261329085,0.0029084590492567683,cpd00003_e0,import
S36C433_CAG_521_sp000437635,ERR1620286_sub,1e-06,EX_cpd00149_e0,-0.00029947232454743234,0.0029084590492567683,cpd00149_e0,import
S36C433_CAG_521_sp000437635,ERR1620286_sub,1e-06,EX_cpd00039_e0,-0.013373847609076006,0.0029084590492567683,cpd00039_e0,import
S36C433_CAG_521_sp000437635,ERR1620286_sub,1e-06,EX_cpd00029_e0,1.9183959528457661,0.0029084590492567683,cpd00029_e0,export
S36C433_CAG_521_sp000437635,ERR1620286_sub,1e-06,EX_cpd00010_e0,-0.0003240652261329302,0.0029084590492567683,cpd00010_e0,import
S36C433_CAG_521_sp000437635,ERR1620286_sub,1e-06,EX_cpd00065_e0,-0.0022152999107058354,0.0029084590492567683,cpd00065_e0,import
S36C433_CAG_521_sp000437635,ERR1620286_sub,1e-06,EX_cpd00041_e0,-0.010447132909250518,0.0029084590492567683,cpd00041_e0,import
S36C433_CAG_521_sp000437635,ERR1620286_sub,1e-06,EX_cpd00020_e0,-1.812376606216362,0.0029084590492567683,cpd00020_e0,import
S36C433_CAG_521_sp000437635,ERR1620286_sub,1e-06,EX_cpd00311_e0,-0.015060513835878562,0.0029084590492567683,cpd00311_e0,import
S36C433_CAG_521_sp000437635,ERR1620286_sub,1e-06,EX_cpd00034_e0,-0.00029947232454743234,0.0029084590492567683,cpd00034_e0,import
S36C433_CAG_521_sp000437635,ERR1620286_sub,1e-06,EX_cpd00007_e0,-0.03205404571726973,0.0029084590492567683,cpd00007_e0,import
S36C433_CAG_521_sp000437635,ERR1620286_sub,1e-06,EX_cpd00099_e0,-0.00029947232454743234,0.0029084590492567683,cpd00099_e0,import
S36C433_CAG_521_sp000437635,ERR1620286_sub,1e-06,EX_cpd00129_e0,-0.008615055208300484,0.0029084590492567683,cpd00129_e0,import
S36C433_CAG_521_sp000437635,ERR1620286_sub,1e-06,EX_cpd00023_e0,-0.011148972456897945,0.0029084590492567683,cpd00023_e0,import
S36C433_CAG_521_sp000437635,ERR1620286_sub,1e-06,EX_cpd00060_e0,-0.005665449347256953,0.0029084590492567683,cpd00060_e0,import
S36C433_CAG_521_sp000437635,ERR1620286_sub,1e-06,EX_cpd00092_e0,-0.012846668513759145,0.0029084590492567683,cpd00092_e0,import
S36C433_CAG_521_sp000437635,ERR1620286_sub,1e-06,EX_cpd00117_e0,-0.0011330449715232123,0.0029084590492567683,cpd00117_e0,import
S36C433_CAG_521_sp000437635,ERR1620286_sub,1e-06,EX_cpd00264_e0,-0.00016203261306644686,0.0029084590492567683,cpd00264_e0,import
S36C433_CAG_521_sp000437635,ERR1620286_sub,1e-06,EX_cpd00036_e0,0.00048609783919934056,0.0029084590492567683,cpd00036_e0,export
S36C433_CAG_521_sp000437635,ERR1620286_sub,1e-06,EX_cpd00048_e0,-0.00029947232454743234,0.0029084590492567683,cpd00048_e0,import
S36C433_CAG_521_sp000437635,ERR1620286_sub,1e-06,EX_cpd00161_e0,-0.03210129509833258,0.0029084590492567683,cpd00161_e0,import
S36C433_CAG_521_sp000437635,ERR1620286_sub,1e-06,EX_cpd01217_e0,-0.02604046137234376,0.0029084590492567683,cpd01217_e0,import
S36C433_CAG_521_sp000437635,ERR1620286_sub,1e-06,EX_cpd00055_e0,-0.003844428770516887,0.0029084590492567683,cpd00055_e0,import
S36C433_CAG_521_sp000437635,ERR1620286_sub,1e-06,EX_cpd00047_e0,1.7630567067263572,0.0029084590492567683,cpd00047_e0,export
S36C433_CAG_521_sp000437635,ERR1620286_sub,1e-06,EX_cpd00054_e0,-0.01102886816882988,0.0029084590492567683,cpd00054_e0,import
S36C433_CAG_521_sp000437635,ERR1620286_sub,1e-06,EX_cpd00239_e0,0.0003240652261328937,0.0029084590492567683,cpd00239_e0,export
S36C433_CAG_521_sp000437635,ERR1620286_sub,1e-06,EX_cpd10516_e0,-0.00029947232454743234,0.0029084590492567683,cpd10516_e0,import
S36C433_CAG_521_sp000437635,ERR1620286_sub,1e-06,EX_cpd00309_e0,0.031219028637701166,0.0029084590492567683,cpd00309_e0,export
S36C433_CAG_521_sp000437635,ERR1620286_sub,1e-06,EX_cpd00017_e0,-0.0008101630653322342,0.0029084590492567683,cpd00017_e0,import
S36C433_CAG_521_sp000437635,ERR1620286_sub,1e-06,EX_cpd00156_e0,-0.016491677113032358,0.0029084590492567683,cpd00156_e0,import
S36C433_CAG_521_sp000437635,ERR1620286_sub,1e-06,EX_cpd00051_e0,-0.011527764350154455,0.0029084590492567683,cpd00051_e0,import
S36C433_CAG_521_sp000437635,ERR1620286_sub,1e-06,EX_cpd00322_e0,-0.014739929441501171,0.0029084590492567683,cpd00322_e0,import
S36C433_CAG_521_sp000437635,ERR1620286_sub,1e-06,EX_cpd00063_e0,-0.00029947232454743234,0.0029084590492567683,cpd00063_e0,import
S36C433_CAG_521_sp000437635,ERR1620286_sub,1e-06,EX_cpd00009_e0,-0.0396843000526178,0.0029084590492567683,cpd00009_e0,import
S36C433_CAG_521_sp000437635,ERR1620286_sub,1e-06,EX_cpd00119_e0,-0.003692166517843071,0.0029084590492567683,cpd00119_e0,import
S36C433_CAG_521_sp000437635,ERR1620286_sub,1e-06,EX_cpd00058_e0,-0.00029947232454743234,0.0029084590492567683,cpd00058_e0,import
S36C433_CAG_521_sp000437635,ERR1620286_sub,1e-06,EX_cpd00011_e0,0.052303315632216935,0.0029084590492567683,cpd00011_e0,export
S36C433_CAG_521_sp000437635,ERR1620286_sub,1e-06,EX_cpd00132_e0,-0.009394512584289572,0.0029084590492567683,cpd00132_e0,import
S36C433_CAG_521_sp000437635,ERR1620286_sub,1e-06,EX_cpd00053_e0,-0.013170238500431823,0.0029084590492567683,cpd00053_e0,import
S36C433_CAG_521_sp000437635,ERR1620286_sub,1e-06,EX_cpd00448_e0,-0.003520398273610688,0.0029084590492567683,cpd00448_e0,import
S36C433_CAG_521_sp000437635,ERR1620286_sub,1e-06,EX_cpd00182_e0,-0.007320986483715559,0.0029084590492567683,cpd00182_e0,import
S36C433_CAG_521_sp000437635,ERR1620286_sub,1e-06,EX_cpd00067_e0,1.8028130805741236,0.0029084590492567683,cpd00067_e0,export
S36C433_CAG_521_sp000437635,ERR1620286_sub,1e-06,EX_cpd00220_e0,-0.0003240652261328937,0.0029084590492567683,cpd00220_e0,import
S36C433_CAG_521_sp000437635,ERR1620286_sub,1e-06,EX_cpd00141_e0,0.0003240652261328937,0.0029084590492567683,cpd00141_e0,export
S36C433_CAG_521_sp000437635,ERR1620286_sub,1e-06,EX_cpd00071_e0,-0.17235618257787436,0.0029084590492567683,cpd00071_e0,import
S36C433_CAG_521_sp000437635,ERR1620286_sub,1e-06,EX_cpd00084_e0,-0.003731126913648077,0.0029084590492567683,cpd00084_e0,import
S36C433_CAG_521_sp000437635,ERR1620286_sub,1e-06,EX_cpd00216_e0,-0.00048609783919934067,0.0029084590492567683,cpd00216_e0,import
S36C433_CAG_521_sp000437635,ERR1620286_sub,1e-06,EX_cpd00118_e0,-0.00016203261306644686,0.0029084590492567683,cpd00118_e0,import
S36C433_CAG_521_sp000437635,ERR1620286_sub,1e-06,EX_cpd00030_e0,-0.00029947232454743234,0.0029084590492567683,cpd00030_e0,import
S36C433_CAG_521_sp000437635,ERR1620286_sub,1e-06,EX_cpd00069_e0,-0.0053741534870827045,0.0029084590492567683,cpd00069_e0,import
S36C433_CAG_521_sp000437635,ERR1620286_sub,1e-06,EX_cpd00205_e0,-0.00029947232454743234,0.0029084590492567683,cpd00205_e0,import
S36C433_CAG_521_sp000437635,ERR1620286_sub,1e-06,EX_cpd00001_e0,-1.4661537068766386,0.0029084590492567683,cpd00001_e0,import
S36C433_CAG_521_sp000437635,ERR1620286_sub,1e-06,EX_cpd00254_e0,-0.00029947232454743234,0.0029084590492567683,cpd00254_e0,import
S371C320_Acidaminococcus_intestini,ERR1620286_sub,1e-06,EX_cpd00035_e0,-1.632966543418196,0.10137182532883213,cpd00035_e0,import
S371C320_Acidaminococcus_intestini,ERR1620286_sub,1e-06,EX_cpd00211_e0,11.826075929118959,0.10137182532883213,cpd00211_e0,export
S371C320_Acidaminococcus_intestini,ERR1620286_sub,1e-06,EX_cpd10515_e0,-0.021733348212384634,0.10137182532883213,cpd10515_e0,import
S371C320_Acidaminococcus_intestini,ERR1620286_sub,1e-06,EX_cpd00066_e0,-0.25166073671995076,0.10137182532883213,cpd00066_e0,import
S371C320_Acidaminococcus_intestini,ERR1620286_sub,1e-06,EX_cpd00305_e0,-0.0056476329255446475,0.10137182532883213,cpd00305_e0,import
S371C320_Acidaminococcus_intestini,ERR1620286_sub,1e-06,EX_cpd11606_e0,0.15200080389548987,0.10137182532883213,cpd11606_e0,export
S371C320_Acidaminococcus_intestini,ERR1620286_sub,1e-06,EX_cpd00107_e0,-0.7311023485809264,0.10137182532883213,cpd00107_e0,import
S371C320_Acidaminococcus_intestini,ERR1620286_sub,1e-06,EX_cpd00003_e0,-0.011295265851090086,0.10137182532883213,cpd00003_e0,import
S371C320_Acidaminococcus_intestini,ERR1620286_sub,1e-06,EX_cpd00149_e0,-0.010438082361295339,0.10137182532883213,cpd00149_e0,import
S371C320_Acidaminococcus_intestini,ERR1620286_sub,1e-06,EX_cpd00039_e0,-0.4661443191517277,0.10137182532883213,cpd00039_e0,import
S371C320_Acidaminococcus_intestini,ERR1620286_sub,1e-06,EX_cpd00029_e0,17.855044865308663,0.10137182532883213,cpd00029_e0,export
S371C320_Acidaminococcus_intestini,ERR1620286_sub,1e-06,EX_cpd00010_e0,-0.01129526585108831,0.10137182532883213,cpd00010_e0,import
S371C320_Acidaminococcus_intestini,ERR1620286_sub,1e-06,EX_cpd00065_e0,-0.07721408967543934,0.10137182532883213,cpd00065_e0,import
S371C320_Acidaminococcus_intestini,ERR1620286_sub,1e-06,EX_cpd00020_e0,-11.504573227354314,0.10137182532883213,cpd00020_e0,import
S371C320_Acidaminococcus_intestini,ERR1620286_sub,1e-06,EX_cpd00311_e0,-0.3444344059134671,0.10137182532883213,cpd00311_e0,import
S371C320_Acidaminococcus_intestini,ERR1620286_sub,1e-06,EX_cpd00034_e0,-0.010438082361295339,0.10137182532883213,cpd00034_e0,import
S371C320_Acidaminococcus_intestini,ERR1620286_sub,1e-06,EX_cpd00099_e0,-0.010438082361295339,0.10137182532883213,cpd00099_e0,import
S371C320_Acidaminococcus_intestini,ERR1620286_sub,1e-06,EX_cpd00060_e0,-0.18617348853141652,0.10137182532883213,cpd00060_e0,import
S371C320_Acidaminococcus_intestini,ERR1620286_sub,1e-06,EX_cpd00092_e0,-0.4477695366926596,0.10137182532883213,cpd00092_e0,import
S371C320_Acidaminococcus_intestini,ERR1620286_sub,1e-06,EX_cpd00082_e0,-9.138373975377396,0.10137182532883213,cpd00082_e0,import
S371C320_Acidaminococcus_intestini,ERR1620286_sub,1e-06,EX_cpd00264_e0,0.015824966997634117,0.10137182532883213,cpd00264_e0,export
S371C320_Acidaminococcus_intestini,ERR1620286_sub,1e-06,EX_cpd00048_e0,-0.010438082361295339,0.10137182532883213,cpd00048_e0,import
S371C320_Acidaminococcus_intestini,ERR1620286_sub,1e-06,EX_cpd00161_e0,-0.7392534141148563,0.10137182532883213,cpd00161_e0,import
S371C320_Acidaminococcus_intestini,ERR1620286_sub,1e-06,EX_cpd00047_e0,44.12897746434708,0.10137182532883213,cpd00047_e0,export
S371C320_Acidaminococcus_intestini,ERR1620286_sub,1e-06,EX_cpd00054_e0,-0.39005789344656744,0.10137182532883213,cpd00054_e0,import
S371C320_Acidaminococcus_intestini,ERR1620286_sub,1e-06,EX_cpd10516_e0,-0.010438082361295339,0.10137182532883213,cpd10516_e0,import
S371C320_Acidaminococcus_intestini,ERR1620286_sub,1e-06,EX_cpd00017_e0,-0.028238164627723238,0.10137182532883213,cpd00017_e0,import
S371C320_Acidaminococcus_intestini,ERR1620286_sub,1e-06,EX_cpd00156_e0,-0.5748160009171606,0.10137182532883213,cpd00156_e0,import
S371C320_Acidaminococcus_intestini,ERR1620286_sub,1e-06,EX_cpd00051_e0,-0.4017992444221942,0.10137182532883213,cpd00051_e0,import
S371C320_Acidaminococcus_intestini,ERR1620286_sub,1e-06,EX_cpd00363_e0,0.011295265851089295,0.10137182532883213,cpd00363_e0,export
S371C320_Acidaminococcus_intestini,ERR1620286_sub,1e-06,EX_cpd00130_e0,-0.526714972308528,0.10137182532883213,cpd00130_e0,import
S371C320_Acidaminococcus_intestini,ERR1620286_sub,1e-06,EX_cpd00063_e0,-0.010438082361295339,0.10137182532883213,cpd00063_e0,import
S371C320_Acidaminococcus_intestini,ERR1620286_sub,1e-06,EX_cpd00009_e0,-1.3831928977930188,0.10137182532883213,cpd00009_e0,import
S371C320_Acidaminococcus_intestini,ERR1620286_sub,1e-06,EX_cpd00119_e0,-0.128690149459066,0.10137182532883213,cpd00119_e0,import
S371C320_Acidaminococcus_intestini,ERR1620286_sub,1e-06,EX_cpd00058_e0,-0.010438082361295339,0.10137182532883213,cpd00058_e0,import
S371C320_Acidaminococcus_intestini,ERR1620286_sub,1e-06,EX_cpd00371_e0,-0.11910919337559199,0.10137182532883213,cpd00371_e0,import
S371C320_Acidaminococcus_intestini,ERR1620286_sub,1e-06,EX_cpd00132_e0,-0.32744493584584505,0.10137182532883213,cpd00132_e0,import
S371C320_Acidaminococcus_intestini,ERR1620286_sub,1e-06,EX_cpd00053_e0,-1.0060975718460863,0.10137182532883213,cpd00053_e0,import
S371C320_Acidaminococcus_intestini,ERR1620286_sub,1e-06,EX_cpd00182_e0,-0.2551723602454181,0.10137182532883213,cpd00182_e0,import
S371C320_Acidaminococcus_intestini,ERR1620286_sub,1e-06,EX_cpd00067_e0,59.71540818858801,0.10137182532883213,cpd00067_e0,export
S371C320_Acidaminococcus_intestini,ERR1620286_sub,1e-06,EX_cpd00220_e0,-0.011295265851089295,0.10137182532883213,cpd00220_e0,import
S371C320_Acidaminococcus_intestini,ERR1620286_sub,1e-06,EX_cpd00084_e0,-0.13004811073597494,0.10137182532883213,cpd00084_e0,import
S371C320_Acidaminococcus_intestini,ERR1620286_sub,1e-06,EX_cpd00030_e0,-0.010438082361295339,0.10137182532883213,cpd00030_e0,import
S371C320_Acidaminococcus_intestini,ERR1620286_sub,1e-06,EX_cpd00069_e0,-0.1873156619904187,0.10137182532883213,cpd00069_e0,import
S371C320_Acidaminococcus_intestini,ERR1620286_sub,1e-06,EX_cpd00205_e0,-0.010438082361295339,0.10137182532883213,cpd00205_e0,import
S371C320_Acidaminococcus_intestini,ERR1620286_sub,1e-06,EX_cpd00027_e0,-8.491188359637714,0.10137182532883213,cpd00027_e0,import
S371C320_Acidaminococcus_intestini,ERR1620286_sub,1e-06,EX_cpd11451_e0,-0.15200080389548987,0.10137182532883213,cpd11451_e0,import
S371C320_Acidaminococcus_intestini,ERR1620286_sub,1e-06,EX_cpd00254_e0,-0.010438082361295339,0.10137182532883213,cpd00254_e0,import
S397C250_Faecalibacillus_intestinalis,ERR1620286_sub,1e-06,EX_cpd10515_e0,-0.004104940454914662,0.023338679443819284,cpd10515_e0,import
S397C250_Faecalibacillus_intestinalis,ERR1620286_sub,1e-06,EX_cpd11606_e0,-0.0034035883981733406,0.023338679443819284,cpd11606_e0,import
S397C250_Faecalibacillus_intestinalis,ERR1620286_sub,1e-06,EX_cpd00393_e0,-0.005105382597260258,0.023338679443819284,cpd00393_e0,import
S397C250_Faecalibacillus_intestinalis,ERR1620286_sub,1e-06,EX_cpd00149_e0,-0.002403146255827915,0.023338679443819284,cpd00149_e0,import
S397C250_Faecalibacillus_intestinalis,ERR1620286_sub,1e-06,EX_cpd00644_e0,-0.0034035883981733406,0.023338679443819284,cpd00644_e0,import
S397C250_Faecalibacillus_intestinalis,ERR1620286_sub,1e-06,EX_cpd00039_e0,-0.12375332352221372,0.023338679443819284,cpd00039_e0,import
S397C250_Faecalibacillus_intestinalis,ERR1620286_sub,1e-06,EX_cpd00029_e0,6.976929245954162,0.023338679443819284,cpd00029_e0,export
S397C250_Faecalibacillus_intestinalis,ERR1620286_sub,1e-06,EX_cpd00065_e0,-0.020834420289182812,0.023338679443819284,cpd00065_e0,import
S397C250_Faecalibacillus_intestinalis,ERR1620286_sub,1e-06,EX_cpd00122_e0,-0.06857721971052405,0.023338679443819284,cpd00122_e0,import
S397C250_Faecalibacillus_intestinalis,ERR1620286_sub,1e-06,EX_cpd00311_e0,-0.030647437088857706,0.023338679443819284,cpd00311_e0,import
S397C250_Faecalibacillus_intestinalis,ERR1620286_sub,1e-06,EX_cpd00034_e0,-0.002403146255827915,0.023338679443819284,cpd00034_e0,import
S397C250_Faecalibacillus_intestinalis,ERR1620286_sub,1e-06,EX_cpd00099_e0,-0.002403146255827915,0.023338679443819284,cpd00099_e0,import
S397C250_Faecalibacillus_intestinalis,ERR1620286_sub,1e-06,EX_cpd00023_e0,-0.1721834643733251,0.023338679443819284,cpd00023_e0,import
S397C250_Faecalibacillus_intestinalis,ERR1620286_sub,1e-06,EX_cpd00060_e0,-0.012746277912115883,0.023338679443819284,cpd00060_e0,import
S397C250_Faecalibacillus_intestinalis,ERR1620286_sub,1e-06,EX_cpd00082_e0,-4.617621056625976,0.023338679443819284,cpd00082_e0,import
S397C250_Faecalibacillus_intestinalis,ERR1620286_sub,1e-06,EX_cpd00048_e0,-0.0024031462558279093,0.023338679443819284,cpd00048_e0,import
S397C250_Faecalibacillus_intestinalis,ERR1620286_sub,1e-06,EX_cpd00161_e0,-0.20271077241667645,0.023338679443819284,cpd00161_e0,import
S397C250_Faecalibacillus_intestinalis,ERR1620286_sub,1e-06,EX_cpd00047_e0,5.97602965115231,0.023338679443819284,cpd00047_e0,export
S397C250_Faecalibacillus_intestinalis,ERR1620286_sub,1e-06,EX_cpd00054_e0,-0.2513527673933757,0.023338679443819284,cpd00054_e0,import
S397C250_Faecalibacillus_intestinalis,ERR1620286_sub,1e-06,EX_cpd00239_e0,-0.14668406076303916,0.023338679443819284,cpd00239_e0,import
S397C250_Faecalibacillus_intestinalis,ERR1620286_sub,1e-06,EX_cpd00324_e0,0.14668406076303916,0.023338679443819284,cpd00324_e0,export
S397C250_Faecalibacillus_intestinalis,ERR1620286_sub,1e-06,EX_cpd10516_e0,-0.002403146255827915,0.023338679443819284,cpd10516_e0,import
S397C250_Faecalibacillus_intestinalis,ERR1620286_sub,1e-06,EX_cpd00064_e0,-0.0034035883981734937,0.023338679443819284,cpd00064_e0,import
S397C250_Faecalibacillus_intestinalis,ERR1620286_sub,1e-06,EX_cpd00017_e0,-0.03234750440805101,0.023338679443819284,cpd00017_e0,import
S397C250_Faecalibacillus_intestinalis,ERR1620286_sub,1e-06,EX_cpd00051_e0,-0.07393869456010754,0.023338679443819284,cpd00051_e0,import
S397C250_Faecalibacillus_intestinalis,ERR1620286_sub,1e-06,EX_cpd00363_e0,0.0017017941990867468,0.023338679443819284,cpd00363_e0,export
S397C250_Faecalibacillus_intestinalis,ERR1620286_sub,1e-06,EX_cpd23431_e0,-7.83063019853962,0.023338679443819284,cpd23431_e0,import
S397C250_Faecalibacillus_intestinalis,ERR1620286_sub,1e-06,EX_cpd00063_e0,-0.002403146255827915,0.023338679443819284,cpd00063_e0,import
S397C250_Faecalibacillus_intestinalis,ERR1620286_sub,1e-06,EX_cpd00009_e0,-0.44200423551222034,0.023338679443819284,cpd00009_e0,import
S397C250_Faecalibacillus_intestinalis,ERR1620286_sub,1e-06,EX_cpd00119_e0,-0.031329955322079425,0.023338679443819284,cpd00119_e0,import
S397C250_Faecalibacillus_intestinalis,ERR1620286_sub,1e-06,EX_cpd00058_e0,-0.002403146255827915,0.023338679443819284,cpd00058_e0,import
S397C250_Faecalibacillus_intestinalis,ERR1620286_sub,1e-06,EX_cpd00526_e0,7.83063019853962,0.023338679443819284,cpd00526_e0,export
S397C250_Faecalibacillus_intestinalis,ERR1620286_sub,1e-06,EX_cpd00028_e0,-0.0017017941990867468,0.023338679443819284,cpd00028_e0,import
S397C250_Faecalibacillus_intestinalis,ERR1620286_sub,1e-06,EX_cpd00011_e0,2.4125583991594253,0.023338679443819284,cpd00011_e0,export
S397C250_Faecalibacillus_intestinalis,ERR1620286_sub,1e-06,EX_cpd00013_e0,-0.5474073499087031,0.023338679443819284,cpd00013_e0,import
S397C250_Faecalibacillus_intestinalis,ERR1620286_sub,1e-06,EX_cpd00132_e0,-0.05670721913296371,0.023338679443819284,cpd00132_e0,import
S397C250_Faecalibacillus_intestinalis,ERR1620286_sub,1e-06,EX_cpd00053_e0,-0.10489129029808324,0.023338679443819284,cpd00053_e0,import
S397C250_Faecalibacillus_intestinalis,ERR1620286_sub,1e-06,EX_cpd00067_e0,12.836013689638113,0.023338679443819284,cpd00067_e0,export
S397C250_Faecalibacillus_intestinalis,ERR1620286_sub,1e-06,EX_cpd00220_e0,-0.0034035883981734937,0.023338679443819284,cpd00220_e0,import
S397C250_Faecalibacillus_intestinalis,ERR1620286_sub,1e-06,EX_cpd00084_e0,-0.028581495745192045,0.023338679443819284,cpd00084_e0,import
S397C250_Faecalibacillus_intestinalis,ERR1620286_sub,1e-06,EX_cpd00249_e0,-0.04140611292579375,0.023338679443819284,cpd00249_e0,import
S397C250_Faecalibacillus_intestinalis,ERR1620286_sub,1e-06,EX_cpd00030_e0,-0.002403146255827915,0.023338679443819284,cpd00030_e0,import
S397C250_Faecalibacillus_intestinalis,ERR1620286_sub,1e-06,EX_cpd00069_e0,-0.04415388366050422,0.023338679443819284,cpd00069_e0,import
S397C250_Faecalibacillus_intestinalis,ERR1620286_sub,1e-06,EX_cpd00205_e0,-0.002403146255827915,0.023338679443819284,cpd00205_e0,import
S397C250_Faecalibacillus_intestinalis,ERR1620286_sub,1e-06,EX_cpd00027_e0,-0.10660640518636012,0.023338679443819284,cpd00027_e0,import
S397C250_Faecalibacillus_intestinalis,ERR1620286_sub,1e-06,EX_cpd11451_e0,0.0034035883981733406,0.023338679443819284,cpd11451_e0,export
S397C250_Faecalibacillus_intestinalis,ERR1620286_sub,1e-06,EX_cpd00001_e0,-2.1120529448615772,0.023338679443819284,cpd00001_e0,import
S397C250_Faecalibacillus_intestinalis,ERR1620286_sub,1e-06,EX_cpd00254_e0,-0.002403146255827915,0.023338679443819284,cpd00254_e0,import
S3C1104_Prevotella_hominis,ERR1620286_sub,1e-06,EX_cpd01741_e0,-0.0017468942946790521,0.001494749851940011,cpd01741_e0,import
S3C1104_Prevotella_hominis,ERR1620286_sub,1e-06,EX_cpd10515_e0,-0.00023717809464646398,0.001494749851940011,cpd10515_e0,import
S3C1104_Prevotella_hominis,ERR1620286_sub,1e-06,EX_cpd00066_e0,-0.003710647177834579,0.001494749851940011,cpd00066_e0,import
S3C1104_Prevotella_hominis,ERR1620286_sub,1e-06,EX_cpd11606_e0,-0.00016654463822807775,0.001494749851940011,cpd11606_e0,import
S3C1104_Prevotella_hominis,ERR1620286_sub,1e-06,EX_cpd00107_e0,-0.010779841551083644,0.001494749851940011,cpd00107_e0,import
S3C1104_Prevotella_hominis,ERR1620286_sub,1e-06,EX_cpd00033_e0,-0.011854073958405533,0.001494749851940011,cpd00033_e0,import
S3C1104_Prevotella_hominis,ERR1620286_sub,1e-06,EX_cpd00149_e0,-0.00015390577553242498,0.001494749851940011,cpd00149_e0,import
S3C1104_Prevotella_hominis,ERR1620286_sub,1e-06,EX_cpd00039_e0,-0.006873130568034514,0.001494749851940011,cpd00039_e0,import
S3C1104_Prevotella_hominis,ERR1620286_sub,1e-06,EX_cpd00029_e0,0.016440548714262444,0.001494749851940011,cpd00029_e0,export
S3C1104_Prevotella_hominis,ERR1620286_sub,1e-06,EX_cpd00184_e0,-0.000520802603040847,0.001494749851940011,cpd00184_e0,import
S3C1104_Prevotella_hominis,ERR1620286_sub,1e-06,EX_cpd00065_e0,-0.0011384940204719717,0.001494749851940011,cpd00065_e0,import
S3C1104_Prevotella_hominis,ERR1620286_sub,1e-06,EX_cpd00122_e0,-0.0011645961964527015,0.001494749851940011,cpd00122_e0,import
S3C1104_Prevotella_hominis,ERR1620286_sub,1e-06,EX_cpd00311_e0,-0.009280468979620059,0.001494749851940011,cpd00311_e0,import
S3C1104_Prevotella_hominis,ERR1620286_sub,1e-06,EX_cpd00034_e0,-0.00015390577553242498,0.001494749851940011,cpd00034_e0,import
S3C1104_Prevotella_hominis,ERR1620286_sub,1e-06,EX_cpd00007_e0,-0.17788995970689836,0.001494749851940011,cpd00007_e0,import
S3C1104_Prevotella_hominis,ERR1620286_sub,1e-06,EX_cpd00099_e0,-0.00015390577553242498,0.001494749851940011,cpd00099_e0,import
S3C1104_Prevotella_hominis,ERR1620286_sub,1e-06,EX_cpd00129_e0,-0.004427476746279897,0.001494749851940011,cpd00129_e0,import
S3C1104_Prevotella_hominis,ERR1620286_sub,1e-06,EX_cpd00023_e0,-0.17824531110065422,0.001494749851940011,cpd00023_e0,import
S3C1104_Prevotella_hominis,ERR1620286_sub,1e-06,EX_cpd00060_e0,-0.0029948781806805485,0.001494749851940011,cpd00060_e0,import
S3C1104_Prevotella_hominis,ERR1620286_sub,1e-06,EX_cpd00082_e0,0.20224421742039314,0.001494749851940011,cpd00082_e0,export
S3C1104_Prevotella_hominis,ERR1620286_sub,1e-06,EX_cpd00367_e0,-0.006081398397021612,0.001494749851940011,cpd00367_e0,import
S3C1104_Prevotella_hominis,ERR1620286_sub,1e-06,EX_cpd00036_e0,0.16641328292150617,0.001494749851940011,cpd00036_e0,export
S3C1104_Prevotella_hominis,ERR1620286_sub,1e-06,EX_cpd00048_e0,-0.00015390577553242498,0.001494749851940011,cpd00048_e0,import
S3C1104_Prevotella_hominis,ERR1620286_sub,1e-06,EX_cpd28763_e0,-0.02037250606988056,0.001494749851940011,cpd28763_e0,import
S3C1104_Prevotella_hominis,ERR1620286_sub,1e-06,EX_cpd00161_e0,-0.005081056646921219,0.001494749851940011,cpd00161_e0,import
S3C1104_Prevotella_hominis,ERR1620286_sub,1e-06,EX_cpd00047_e0,0.008262200212175323,0.001494749851940011,cpd00047_e0,export
S3C1104_Prevotella_hominis,ERR1620286_sub,1e-06,EX_cpd00054_e0,-0.005480277902099925,0.001494749851940011,cpd00054_e0,import
S3C1104_Prevotella_hominis,ERR1620286_sub,1e-06,EX_cpd10516_e0,-0.00015390577553242498,0.001494749851940011,cpd10516_e0,import
S3C1104_Prevotella_hominis,ERR1620286_sub,1e-06,EX_cpd00309_e0,0.004201907369613396,0.001494749851940011,cpd00309_e0,export
S3C1104_Prevotella_hominis,ERR1620286_sub,1e-06,EX_cpd00064_e0,-0.000166544638228078,0.001494749851940011,cpd00064_e0,import
S3C1104_Prevotella_hominis,ERR1620286_sub,1e-06,EX_cpd00017_e0,-0.000333089276456156,0.001494749851940011,cpd00017_e0,import
S3C1104_Prevotella_hominis,ERR1620286_sub,1e-06,EX_cpd00156_e0,-0.008642000123963883,0.001494749851940011,cpd00156_e0,import
S3C1104_Prevotella_hominis,ERR1620286_sub,1e-06,EX_cpd00051_e0,-0.005924385550974527,0.001494749851940011,cpd00051_e0,import
S3C1104_Prevotella_hominis,ERR1620286_sub,1e-06,EX_cpd00322_e0,-0.0075751917156810684,0.001494749851940011,cpd00322_e0,import
S3C1104_Prevotella_hominis,ERR1620286_sub,1e-06,EX_cpd00063_e0,-0.00015390577553242498,0.001494749851940011,cpd00063_e0,import
S3C1104_Prevotella_hominis,ERR1620286_sub,1e-06,EX_cpd00009_e0,-0.021227405689063214,0.001494749851940011,cpd00009_e0,import
S3C1104_Prevotella_hominis,ERR1620286_sub,1e-06,EX_cpd00119_e0,-0.001897490034119959,0.001494749851940011,cpd00119_e0,import
S3C1104_Prevotella_hominis,ERR1620286_sub,1e-06,EX_cpd00058_e0,-0.00015390577553242498,0.001494749851940011,cpd00058_e0,import
S3C1104_Prevotella_hominis,ERR1620286_sub,1e-06,EX_cpd00028_e0,-8.3272319114039e-05,0.001494749851940011,cpd00028_e0,import
S3C1104_Prevotella_hominis,ERR1620286_sub,1e-06,EX_cpd00011_e0,0.2155994746572738,0.001494749851940011,cpd00011_e0,export
S3C1104_Prevotella_hominis,ERR1620286_sub,1e-06,EX_cpd00013_e0,0.15457994550298151,0.001494749851940011,cpd00013_e0,export
S3C1104_Prevotella_hominis,ERR1620286_sub,1e-06,EX_cpd00132_e0,-0.004828057975705219,0.001494749851940011,cpd00132_e0,import
S3C1104_Prevotella_hominis,ERR1620286_sub,1e-06,EX_cpd00182_e0,-0.004178786401072508,0.001494749851940011,cpd00182_e0,import
S3C1104_Prevotella_hominis,ERR1620286_sub,1e-06,EX_cpd00220_e0,-0.000166544638228078,0.001494749851940011,cpd00220_e0,import
S3C1104_Prevotella_hominis,ERR1620286_sub,1e-06,EX_cpd00141_e0,0.000166544638228078,0.001494749851940011,cpd00141_e0,export
S3C1104_Prevotella_hominis,ERR1620286_sub,1e-06,EX_cpd00071_e0,8.3272319114039e-05,0.001494749851940011,cpd00071_e0,export
S3C1104_Prevotella_hominis,ERR1620286_sub,1e-06,EX_cpd00084_e0,-0.0020007850045440367,0.001494749851940011,cpd00084_e0,import
S3C1104_Prevotella_hominis,ERR1620286_sub,1e-06,EX_cpd00030_e0,-0.00015390577553242498,0.001494749851940011,cpd00030_e0,import
S3C1104_Prevotella_hominis,ERR1620286_sub,1e-06,EX_cpd00069_e0,-0.0028451744798886525,0.001494749851940011,cpd00069_e0,import
S3C1104_Prevotella_hominis,ERR1620286_sub,1e-06,EX_cpd00205_e0,-0.00015390577553242498,0.001494749851940011,cpd00205_e0,import
S3C1104_Prevotella_hominis,ERR1620286_sub,1e-06,EX_cpd11451_e0,0.00016654463822807775,0.001494749851940011,cpd11451_e0,export
S3C1104_Prevotella_hominis,ERR1620286_sub,1e-06,EX_cpd00254_e0,-0.00015390577553242498,0.001494749851940011,cpd00254_e0,import
S41C1711_Prevotella_sp900546535,ERR1620286_sub,1e-06,EX_cpd01741_e0,-0.003118015692281027,0.0026679098045813967,cpd01741_e0,import
S41C1711_Prevotella_sp900546535,ERR1620286_sub,1e-06,EX_cpd10515_e0,-0.0004233370177151208,0.0026679098045813967,cpd10515_e0,import
S41C1711_Prevotella_sp900546535,ERR1620286_sub,1e-06,EX_cpd11606_e0,-0.20641857045115414,0.0026679098045813967,cpd11606_e0,import
S41C1711_Prevotella_sp900546535,ERR1620286_sub,1e-06,EX_cpd00003_e0,-0.00029726400563677424,0.0026679098045813967,cpd00003_e0,import
S41C1711_Prevotella_sp900546535,ERR1620286_sub,1e-06,EX_cpd00033_e0,-0.022495916506820007,0.0026679098045813967,cpd00033_e0,import
S41C1711_Prevotella_sp900546535,ERR1620286_sub,1e-06,EX_cpd00149_e0,-0.00027470501489670754,0.0026679098045813967,cpd00149_e0,import
S41C1711_Prevotella_sp900546535,ERR1620286_sub,1e-06,EX_cpd00039_e0,-0.012267788057642804,0.0026679098045813967,cpd00039_e0,import
S41C1711_Prevotella_sp900546535,ERR1620286_sub,1e-06,EX_cpd00029_e0,0.2541725325877092,0.0026679098045813967,cpd00029_e0,export
S41C1711_Prevotella_sp900546535,ERR1620286_sub,1e-06,EX_cpd00184_e0,-0.0009295758156680643,0.0026679098045813967,cpd00184_e0,import
S41C1711_Prevotella_sp900546535,ERR1620286_sub,1e-06,EX_cpd00010_e0,-0.0002972640056368558,0.0026679098045813967,cpd00010_e0,import
S41C1711_Prevotella_sp900546535,ERR1620286_sub,1e-06,EX_cpd00065_e0,-0.0020320875923702745,0.0026679098045813967,cpd00065_e0,import
S41C1711_Prevotella_sp900546535,ERR1620286_sub,1e-06,EX_cpd00311_e0,-0.24894511432958905,0.0026679098045813967,cpd00311_e0,import
S41C1711_Prevotella_sp900546535,ERR1620286_sub,1e-06,EX_cpd00034_e0,-0.00027470501489670754,0.0026679098045813967,cpd00034_e0,import
S41C1711_Prevotella_sp900546535,ERR1620286_sub,1e-06,EX_cpd00007_e0,-0.17102272878261973,0.0026679098045813967,cpd00007_e0,import
S41C1711_Prevotella_sp900546535,ERR1620286_sub,1e-06,EX_cpd00099_e0,-0.00027470501489670754,0.0026679098045813967,cpd00099_e0,import
S41C1711_Prevotella_sp900546535,ERR1620286_sub,1e-06,EX_cpd00012_e0,-0.018201141380246366,0.0026679098045813967,cpd00012_e0,import
S41C1711_Prevotella_sp900546535,ERR1620286_sub,1e-06,EX_cpd00129_e0,-0.007902562859217747,0.0026679098045813967,cpd00129_e0,import
S41C1711_Prevotella_sp900546535,ERR1620286_sub,1e-06,EX_cpd00023_e0,-0.01081927422659748,0.0026679098045813967,cpd00023_e0,import
S41C1711_Prevotella_sp900546535,ERR1620286_sub,1e-06,EX_cpd00060_e0,-0.005196898744105023,0.0026679098045813967,cpd00060_e0,import
S41C1711_Prevotella_sp900546535,ERR1620286_sub,1e-06,EX_cpd00367_e0,-0.010854632527384745,0.0026679098045813967,cpd00367_e0,import
S41C1711_Prevotella_sp900546535,ERR1620286_sub,1e-06,EX_cpd00264_e0,-0.00014863200281841325,0.0026679098045813967,cpd00264_e0,import
S41C1711_Prevotella_sp900546535,ERR1620286_sub,1e-06,EX_cpd00048_e0,-0.00027470501489670754,0.0026679098045813967,cpd00048_e0,import
S41C1711_Prevotella_sp900546535,ERR1620286_sub,1e-06,EX_cpd00161_e0,-0.022292758252836577,0.0026679098045813967,cpd00161_e0,import
S41C1711_Prevotella_sp900546535,ERR1620286_sub,1e-06,EX_cpd01217_e0,-0.020634483285887517,0.0026679098045813967,cpd01217_e0,import
S41C1711_Prevotella_sp900546535,ERR1620286_sub,1e-06,EX_cpd00054_e0,-0.009633066036299584,0.0026679098045813967,cpd00054_e0,import
S41C1711_Prevotella_sp900546535,ERR1620286_sub,1e-06,EX_cpd00232_e0,-0.0020786771281873515,0.0026679098045813967,cpd00232_e0,import
S41C1711_Prevotella_sp900546535,ERR1620286_sub,1e-06,EX_cpd10516_e0,-0.00027470501489670754,0.0026679098045813967,cpd10516_e0,import
S41C1711_Prevotella_sp900546535,ERR1620286_sub,1e-06,EX_cpd00309_e0,0.26051491932186177,0.0026679098045813967,cpd00309_e0,export
S41C1711_Prevotella_sp900546535,ERR1620286_sub,1e-06,EX_cpd00017_e0,-0.0007431600140920663,0.0026679098045813967,cpd00017_e0,import
S41C1711_Prevotella_sp900546535,ERR1620286_sub,1e-06,EX_cpd00208_e0,-0.002598346410234189,0.0026679098045813967,cpd00208_e0,import
S41C1711_Prevotella_sp900546535,ERR1620286_sub,1e-06,EX_cpd00156_e0,-0.03436860404387887,0.0026679098045813967,cpd00156_e0,import
S41C1711_Prevotella_sp900546535,ERR1620286_sub,1e-06,EX_cpd00051_e0,-0.01072301373348597,0.0026679098045813967,cpd00051_e0,import
S41C1711_Prevotella_sp900546535,ERR1620286_sub,1e-06,EX_cpd00588_e0,0.002598346410234189,0.0026679098045813967,cpd00588_e0,export
S41C1711_Prevotella_sp900546535,ERR1620286_sub,1e-06,EX_cpd00063_e0,-0.00027470501489670754,0.0026679098045813967,cpd00063_e0,import
S41C1711_Prevotella_sp900546535,ERR1620286_sub,1e-06,EX_cpd00119_e0,-0.003386812653950469,0.0026679098045813967,cpd00119_e0,import
S41C1711_Prevotella_sp900546535,ERR1620286_sub,1e-06,EX_cpd00058_e0,-0.00027470501489670754,0.0026679098045813967,cpd00058_e0,import
S41C1711_Prevotella_sp900546535,ERR1620286_sub,1e-06,EX_cpd00028_e0,-0.00014863200281841325,0.0026679098045813967,cpd00028_e0,import
S41C1711_Prevotella_sp900546535,ERR1620286_sub,1e-06,EX_cpd00011_e0,0.38777631456614853,0.0026679098045813967,cpd00011_e0,export
S41C1711_Prevotella_sp900546535,ERR1620286_sub,1e-06,EX_cpd00013_e0,0.21686799455920025,0.0026679098045813967,cpd00013_e0,export
S41C1711_Prevotella_sp900546535,ERR1620286_sub,1e-06,EX_cpd00132_e0,-0.008617556641718397,0.0026679098045813967,cpd00132_e0,import
S41C1711_Prevotella_sp900546535,ERR1620286_sub,1e-06,EX_cpd00053_e0,-0.010299604944550643,0.0026679098045813967,cpd00053_e0,import
S41C1711_Prevotella_sp900546535,ERR1620286_sub,1e-06,EX_cpd00182_e0,-0.006715517716389741,0.0026679098045813967,cpd00182_e0,import
S41C1711_Prevotella_sp900546535,ERR1620286_sub,1e-06,EX_cpd00220_e0,-0.0002972640056368265,0.0026679098045813967,cpd00220_e0,import
S41C1711_Prevotella_sp900546535,ERR1620286_sub,1e-06,EX_cpd00071_e0,0.0002972640056368265,0.0026679098045813967,cpd00071_e0,export
S41C1711_Prevotella_sp900546535,ERR1620286_sub,1e-06,EX_cpd00204_e0,0.00014863200281841325,0.0026679098045813967,cpd00204_e0,export
S41C1711_Prevotella_sp900546535,ERR1620286_sub,1e-06,EX_cpd00084_e0,-0.0032739188988187813,0.0026679098045813967,cpd00084_e0,import
S41C1711_Prevotella_sp900546535,ERR1620286_sub,1e-06,EX_cpd00030_e0,-0.00027470501489670754,0.0026679098045813967,cpd00030_e0,import
S41C1711_Prevotella_sp900546535,ERR1620286_sub,1e-06,EX_cpd00069_e0,-0.005078325976901885,0.0026679098045813967,cpd00069_e0,import
S41C1711_Prevotella_sp900546535,ERR1620286_sub,1e-06,EX_cpd00205_e0,-0.00027470501489670754,0.0026679098045813967,cpd00205_e0,import
S41C1711_Prevotella_sp900546535,ERR1620286_sub,1e-06,EX_cpd11451_e0,0.20641857045115414,0.0026679098045813967,cpd11451_e0,export
S41C1711_Prevotella_sp900546535,ERR1620286_sub,1e-06,EX_cpd00254_e0,-0.00027470501489670754,0.0026679098045813967,cpd00254_e0,import
S433C513_Klebsiella_variicola,ERR1620286_sub,1e-06,EX_cpd00211_e0,-0.010969791126257884,0.004680548030351914,cpd00211_e0,import
S433C513_Klebsiella_variicola,ERR1620286_sub,1e-06,EX_cpd10515_e0,-0.001187749895199709,0.004680548030351914,cpd10515_e0,import
S433C513_Klebsiella_variicola,ERR1620286_sub,1e-06,EX_cpd00080_e0,-0.01443618897462952,0.004680548030351914,cpd00080_e0,import
S433C513_Klebsiella_variicola,ERR1620286_sub,1e-06,EX_cpd00066_e0,-0.011619660277615735,0.004680548030351914,cpd00066_e0,import
S433C513_Klebsiella_variicola,ERR1620286_sub,1e-06,EX_cpd00305_e0,-0.00022385721516679944,0.004680548030351914,cpd00305_e0,import
S433C513_Klebsiella_variicola,ERR1620286_sub,1e-06,EX_cpd11606_e0,-0.05819218575224233,0.004680548030351914,cpd11606_e0,import
S433C513_Klebsiella_variicola,ERR1620286_sub,1e-06,EX_cpd00107_e0,-0.03375640169142005,0.004680548030351914,cpd00107_e0,import
S433C513_Klebsiella_variicola,ERR1620286_sub,1e-06,EX_cpd00003_e0,-0.03238484248382274,0.004680548030351914,cpd00003_e0,import
S433C513_Klebsiella_variicola,ERR1620286_sub,1e-06,EX_cpd00033_e0,-0.03685710336640268,0.004680548030351914,cpd00033_e0,import
S433C513_Klebsiella_variicola,ERR1620286_sub,1e-06,EX_cpd00149_e0,-0.00048194634001645474,0.004680548030351914,cpd00149_e0,import
S433C513_Klebsiella_variicola,ERR1620286_sub,1e-06,EX_cpd00006_e0,-0.00022385721516680716,0.004680548030351914,cpd00006_e0,import
S433C513_Klebsiella_variicola,ERR1620286_sub,1e-06,EX_cpd00039_e0,-0.021522779832401907,0.004680548030351914,cpd00039_e0,import
S433C513_Klebsiella_variicola,ERR1620286_sub,1e-06,EX_cpd00029_e0,1.0582399302389758,0.004680548030351914,cpd00029_e0,export
S433C513_Klebsiella_variicola,ERR1620286_sub,1e-06,EX_cpd00184_e0,-0.0016308608792507478,0.004680548030351914,cpd00184_e0,import
S433C513_Klebsiella_variicola,ERR1620286_sub,1e-06,EX_cpd00010_e0,-0.0004477144303336152,0.004680548030351914,cpd00010_e0,import
S433C513_Klebsiella_variicola,ERR1620286_sub,1e-06,EX_cpd00065_e0,-0.003565123039723005,0.004680548030351914,cpd00065_e0,import
S433C513_Klebsiella_variicola,ERR1620286_sub,1e-06,EX_cpd00122_e0,-0.0036468603763295045,0.004680548030351914,cpd00122_e0,import
S433C513_Klebsiella_variicola,ERR1620286_sub,1e-06,EX_cpd00311_e0,-0.014663304490418565,0.004680548030351914,cpd00311_e0,import
S433C513_Klebsiella_variicola,ERR1620286_sub,1e-06,EX_cpd00034_e0,-0.00048194634001645474,0.004680548030351914,cpd00034_e0,import
S433C513_Klebsiella_variicola,ERR1620286_sub,1e-06,EX_cpd00007_e0,-0.00012048658500411368,0.004680548030351914,cpd00007_e0,import
S433C513_Klebsiella_variicola,ERR1620286_sub,1e-06,EX_cpd00099_e0,-0.00048194634001645474,0.004680548030351914,cpd00099_e0,import
S433C513_Klebsiella_variicola,ERR1620286_sub,1e-06,EX_cpd00129_e0,-0.013864367376700597,0.004680548030351914,cpd00129_e0,import
S433C513_Klebsiella_variicola,ERR1620286_sub,1e-06,EX_cpd00060_e0,-0.00896746472115809,0.004680548030351914,cpd00060_e0,import
S433C513_Klebsiella_variicola,ERR1620286_sub,1e-06,EX_cpd00092_e0,0.033070601580410586,0.004680548030351914,cpd00092_e0,export
S433C513_Klebsiella_variicola,ERR1620286_sub,1e-06,EX_cpd00367_e0,-0.5807478039052445,0.004680548030351914,cpd00367_e0,import
S433C513_Klebsiella_variicola,ERR1620286_sub,1e-06,EX_cpd00307_e0,0.5286336824212614,0.004680548030351914,cpd00307_e0,export
S433C513_Klebsiella_variicola,ERR1620286_sub,1e-06,EX_cpd00264_e0,-0.00022385721516679944,0.004680548030351914,cpd00264_e0,import
S433C513_Klebsiella_variicola,ERR1620286_sub,1e-06,EX_cpd00036_e0,0.3501600337012691,0.004680548030351914,cpd00036_e0,export
S433C513_Klebsiella_variicola,ERR1620286_sub,1e-06,EX_cpd00048_e0,-0.00048194634001645474,0.004680548030351914,cpd00048_e0,import
S433C513_Klebsiella_variicola,ERR1620286_sub,1e-06,EX_cpd00161_e0,-0.015911012084689747,0.004680548030351914,cpd00161_e0,import
S433C513_Klebsiella_variicola,ERR1620286_sub,1e-06,EX_cpd00054_e0,-0.016715862178036434,0.004680548030351914,cpd00054_e0,import
S433C513_Klebsiella_variicola,ERR1620286_sub,1e-06,EX_cpd00309_e0,0.018243863175940726,0.004680548030351914,cpd00309_e0,export
S433C513_Klebsiella_variicola,ERR1620286_sub,1e-06,EX_cpd00017_e0,-0.0008954288606671978,0.004680548030351914,cpd00017_e0,import
S433C513_Klebsiella_variicola,ERR1620286_sub,1e-06,EX_cpd00156_e0,-0.02654036040682686,0.004680548030351914,cpd00156_e0,import
S433C513_Klebsiella_variicola,ERR1620286_sub,1e-06,EX_cpd00051_e0,-0.018551843965966035,0.004680548030351914,cpd00051_e0,import
S433C513_Klebsiella_variicola,ERR1620286_sub,1e-06,EX_cpd00322_e0,-0.023721240542570143,0.004680548030351914,cpd00322_e0,import
S433C513_Klebsiella_variicola,ERR1620286_sub,1e-06,EX_cpd00063_e0,-0.00048194634001645474,0.004680548030351914,cpd00063_e0,import
S433C513_Klebsiella_variicola,ERR1620286_sub,1e-06,EX_cpd00009_e0,0.015301864398829954,0.004680548030351914,cpd00009_e0,export
S433C513_Klebsiella_variicola,ERR1620286_sub,1e-06,EX_cpd00119_e0,-0.005941871732871695,0.004680548030351914,cpd00119_e0,import
S433C513_Klebsiella_variicola,ERR1620286_sub,1e-06,EX_cpd00058_e0,-0.00048194634001645474,0.004680548030351914,cpd00058_e0,import
S433C513_Klebsiella_variicola,ERR1620286_sub,1e-06,EX_cpd00028_e0,-0.00022385721516679944,0.004680548030351914,cpd00028_e0,import
S433C513_Klebsiella_variicola,ERR1620286_sub,1e-06,EX_cpd00132_e0,-0.015118762520306837,0.004680548030351914,cpd00132_e0,import
S433C513_Klebsiella_variicola,ERR1620286_sub,1e-06,EX_cpd00053_e0,-0.01717677090347728,0.004680548030351914,cpd00053_e0,import
S433C513_Klebsiella_variicola,ERR1620286_sub,1e-06,EX_cpd00182_e0,0.0006715716455003983,0.004680548030351914,cpd00182_e0,export
S433C513_Klebsiella_variicola,ERR1620286_sub,1e-06,EX_cpd00067_e0,1.7345191732675669,0.004680548030351914,cpd00067_e0,export
S433C513_Klebsiella_variicola,ERR1620286_sub,1e-06,EX_cpd00794_e0,-0.08516529101341253,0.004680548030351914,cpd00794_e0,import
S433C513_Klebsiella_variicola,ERR1620286_sub,1e-06,EX_cpd00220_e0,-0.00044771443033359893,0.004680548030351914,cpd00220_e0,import
S433C513_Klebsiella_variicola,ERR1620286_sub,1e-06,EX_cpd00084_e0,-0.005967666556942763,0.004680548030351914,cpd00084_e0,import
S433C513_Klebsiella_variicola,ERR1620286_sub,1e-06,EX_cpd00118_e0,-0.00022385721516679944,0.004680548030351914,cpd00118_e0,import
S433C513_Klebsiella_variicola,ERR1620286_sub,1e-06,EX_cpd00030_e0,-0.00048194634001645474,0.004680548030351914,cpd00030_e0,import
S433C513_Klebsiella_variicola,ERR1620286_sub,1e-06,EX_cpd00069_e0,-0.00864872441117993,0.004680548030351914,cpd00069_e0,import
S433C513_Klebsiella_variicola,ERR1620286_sub,1e-06,EX_cpd00024_e0,-0.01987934371889405,0.004680548030351914,cpd00024_e0,import
S433C513_Klebsiella_variicola,ERR1620286_sub,1e-06,EX_cpd00205_e0,-0.00048194634001645474,0.004680548030351914,cpd00205_e0,import
S433C513_Klebsiella_variicola,ERR1620286_sub,1e-06,EX_cpd11451_e0,0.05819218575224233,0.004680548030351914,cpd11451_e0,export
S433C513_Klebsiella_variicola,ERR1620286_sub,1e-06,EX_cpd00254_e0,-0.00048194634001645474,0.004680548030351914,cpd00254_e0,import
S433C513_Klebsiella_variicola,ERR1620286_sub,1e-06,EX_cpd00133_e0,0.03216098526865596,0.004680548030351914,cpd00133_e0,export
S456C3_Enterocloster_sp001517625,ERR1620286_sub,1e-06,EX_cpd00035_e0,-0.05520428778240322,0.002279171934309218,cpd00035_e0,import
S456C3_Enterocloster_sp001517625,ERR1620286_sub,1e-06,EX_cpd10515_e0,-0.0022019015627987287,0.002279171934309218,cpd10515_e0,import
S456C3_Enterocloster_sp001517625,ERR1620286_sub,1e-06,EX_cpd00066_e0,-0.03613177302792348,0.002279171934309218,cpd00066_e0,import
S456C3_Enterocloster_sp001517625,ERR1620286_sub,1e-06,EX_cpd00305_e0,-0.0009128471771239907,0.002279171934309218,cpd00305_e0,import
S456C3_Enterocloster_sp001517625,ERR1620286_sub,1e-06,EX_cpd00107_e0,-0.0862152887482992,0.002279171934309218,cpd00107_e0,import
S456C3_Enterocloster_sp001517625,ERR1620286_sub,1e-06,EX_cpd00003_e0,-0.0018256943542481752,0.002279171934309218,cpd00003_e0,import
S456C3_Enterocloster_sp001517625,ERR1620286_sub,1e-06,EX_cpd00393_e0,-0.002738541531371972,0.002279171934309218,cpd00393_e0,import
S456C3_Enterocloster_sp001517625,ERR1620286_sub,1e-06,EX_cpd00033_e0,-0.08598451864544397,0.002279171934309218,cpd00033_e0,import
S456C3_Enterocloster_sp001517625,ERR1620286_sub,1e-06,EX_cpd00149_e0,-0.0012890543856747382,0.002279171934309218,cpd00149_e0,import
S456C3_Enterocloster_sp001517625,ERR1620286_sub,1e-06,EX_cpd00644_e0,-0.0018256943542479531,0.002279171934309218,cpd00644_e0,import
S456C3_Enterocloster_sp001517625,ERR1620286_sub,1e-06,EX_cpd00029_e0,0.7152039423453367,0.002279171934309218,cpd00029_e0,export
S456C3_Enterocloster_sp001517625,ERR1620286_sub,1e-06,EX_cpd00065_e0,-0.011175641424915842,0.002279171934309218,cpd00065_e0,import
S456C3_Enterocloster_sp001517625,ERR1620286_sub,1e-06,EX_cpd00041_e0,2.113063861299757,0.002279171934309218,cpd00041_e0,export
S456C3_Enterocloster_sp001517625,ERR1620286_sub,1e-06,EX_cpd00122_e0,-0.03678501281844633,0.002279171934309218,cpd00122_e0,import
S456C3_Enterocloster_sp001517625,ERR1620286_sub,1e-06,EX_cpd00034_e0,-0.0012890543856747382,0.002279171934309218,cpd00034_e0,import
S456C3_Enterocloster_sp001517625,ERR1620286_sub,1e-06,EX_cpd00099_e0,-0.0012890543856747382,0.002279171934309218,cpd00099_e0,import
S456C3_Enterocloster_sp001517625,ERR1620286_sub,1e-06,EX_cpd00129_e0,-0.033022759999939255,0.002279171934309218,cpd00129_e0,import
S456C3_Enterocloster_sp001517625,ERR1620286_sub,1e-06,EX_cpd00023_e0,-0.11560091481917123,0.002279171934309218,cpd00023_e0,import
S456C3_Enterocloster_sp001517625,ERR1620286_sub,1e-06,EX_cpd00060_e0,-0.021449889666065546,0.002279171934309218,cpd00060_e0,import
S456C3_Enterocloster_sp001517625,ERR1620286_sub,1e-06,EX_cpd00367_e0,-0.022210355000781994,0.002279171934309218,cpd00367_e0,import
S456C3_Enterocloster_sp001517625,ERR1620286_sub,1e-06,EX_cpd00117_e0,-0.039794695685410275,0.002279171934309218,cpd00117_e0,import
S456C3_Enterocloster_sp001517625,ERR1620286_sub,1e-06,EX_cpd00048_e0,-0.0012890543856747382,0.002279171934309218,cpd00048_e0,import
S456C3_Enterocloster_sp001517625,ERR1620286_sub,1e-06,EX_cpd00161_e0,-0.10873462635640024,0.002279171934309218,cpd00161_e0,import
S456C3_Enterocloster_sp001517625,ERR1620286_sub,1e-06,EX_cpd01217_e0,-1.7998917266032672,0.002279171934309218,cpd01217_e0,import
S456C3_Enterocloster_sp001517625,ERR1620286_sub,1e-06,EX_cpd00054_e0,-0.05523174035995662,0.002279171934309218,cpd00054_e0,import
S456C3_Enterocloster_sp001517625,ERR1620286_sub,1e-06,EX_cpd10516_e0,-0.0012890543856747382,0.002279171934309218,cpd10516_e0,import
S456C3_Enterocloster_sp001517625,ERR1620286_sub,1e-06,EX_cpd00309_e0,2.908303249845183,0.002279171934309218,cpd00309_e0,export
S456C3_Enterocloster_sp001517625,ERR1620286_sub,1e-06,EX_cpd00064_e0,0.7182918575559414,0.002279171934309218,cpd00064_e0,export
S456C3_Enterocloster_sp001517625,ERR1620286_sub,1e-06,EX_cpd00017_e0,-0.002738541531371972,0.002279171934309218,cpd00017_e0,import
S456C3_Enterocloster_sp001517625,ERR1620286_sub,1e-06,EX_cpd00156_e0,0.20434810181193494,0.002279171934309218,cpd00156_e0,export
S456C3_Enterocloster_sp001517625,ERR1620286_sub,1e-06,EX_cpd00051_e0,-0.7597784748617704,0.002279171934309218,cpd00051_e0,import
S456C3_Enterocloster_sp001517625,ERR1620286_sub,1e-06,EX_cpd00363_e0,1.1248508943760178,0.002279171934309218,cpd00363_e0,export
S456C3_Enterocloster_sp001517625,ERR1620286_sub,1e-06,EX_cpd00063_e0,-0.0012890543856747382,0.002279171934309218,cpd00063_e0,import
S456C3_Enterocloster_sp001517625,ERR1620286_sub,1e-06,EX_cpd00009_e0,-0.23344092179572526,0.002279171934309218,cpd00009_e0,import
S456C3_Enterocloster_sp001517625,ERR1620286_sub,1e-06,EX_cpd00119_e0,-0.01680547582694112,0.002279171934309218,cpd00119_e0,import
S456C3_Enterocloster_sp001517625,ERR1620286_sub,1e-06,EX_cpd00058_e0,-0.0012890543856747382,0.002279171934309218,cpd00058_e0,import
S456C3_Enterocloster_sp001517625,ERR1620286_sub,1e-06,EX_cpd00277_e0,-1.1248508943760178,0.002279171934309218,cpd00277_e0,import
S456C3_Enterocloster_sp001517625,ERR1620286_sub,1e-06,EX_cpd00028_e0,-0.0009128471771239907,0.002279171934309218,cpd00028_e0,import
S456C3_Enterocloster_sp001517625,ERR1620286_sub,1e-06,EX_cpd00132_e0,-0.030417911246763404,0.002279171934309218,cpd00132_e0,import
S456C3_Enterocloster_sp001517625,ERR1620286_sub,1e-06,EX_cpd00182_e0,-0.012787056122388979,0.002279171934309218,cpd00182_e0,import
S456C3_Enterocloster_sp001517625,ERR1620286_sub,1e-06,EX_cpd00067_e0,2.4527432996675445,0.002279171934309218,cpd00067_e0,export
S456C3_Enterocloster_sp001517625,ERR1620286_sub,1e-06,EX_cpd00220_e0,-0.0018256943542479813,0.002279171934309218,cpd00220_e0,import
S456C3_Enterocloster_sp001517625,ERR1620286_sub,1e-06,EX_cpd00084_e0,-0.014418347231096027,0.002279171934309218,cpd00084_e0,import
S456C3_Enterocloster_sp001517625,ERR1620286_sub,1e-06,EX_cpd00030_e0,-0.0012890543856747382,0.002279171934309218,cpd00030_e0,import
S456C3_Enterocloster_sp001517625,ERR1620286_sub,1e-06,EX_cpd00069_e0,-0.02277141974550514,0.002279171934309218,cpd00069_e0,import
S456C3_Enterocloster_sp001517625,ERR1620286_sub,1e-06,EX_cpd00205_e0,-0.0012890543856747382,0.002279171934309218,cpd00205_e0,import
S456C3_Enterocloster_sp001517625,ERR1620286_sub,1e-06,EX_cpd00027_e0,-0.05718397447231201,0.002279171934309218,cpd00027_e0,import
S456C3_Enterocloster_sp001517625,ERR1620286_sub,1e-06,EX_cpd00001_e0,-1.306826484455883,0.002279171934309218,cpd00001_e0,import
S456C3_Enterocloster_sp001517625,ERR1620286_sub,1e-06,EX_cpd00254_e0,-0.0012890543856747382,0.002279171934309218,cpd00254_e0,import
S473C356_Ruminococcus_B_gnavus,ERR1620286_sub,1e-06,EX_cpd00035_e0,0.73789980272054,0.0071097094936940115,cpd00035_e0,export
S473C356_Ruminococcus_B_gnavus,ERR1620286_sub,1e-06,EX_cpd10515_e0,-0.0012504838727976138,0.0071097094936940115,cpd10515_e0,import
S473C356_Ruminococcus_B_gnavus,ERR1620286_sub,1e-06,EX_cpd00003_e0,-0.0010368317027500962,0.0071097094936940115,cpd00003_e0,import
S473C356_Ruminococcus_B_gnavus,ERR1620286_sub,1e-06,EX_cpd00393_e0,-0.001555247554125179,0.0071097094936940115,cpd00393_e0,import
S473C356_Ruminococcus_B_gnavus,ERR1620286_sub,1e-06,EX_cpd00033_e0,-0.04468421756545528,0.0071097094936940115,cpd00033_e0,import
S473C356_Ruminococcus_B_gnavus,ERR1620286_sub,1e-06,EX_cpd00149_e0,-0.0007320680214225543,0.0071097094936940115,cpd00149_e0,import
S473C356_Ruminococcus_B_gnavus,ERR1620286_sub,1e-06,EX_cpd00644_e0,-0.0010368317027500962,0.0071097094936940115,cpd00644_e0,import
S473C356_Ruminococcus_B_gnavus,ERR1620286_sub,1e-06,EX_cpd00039_e0,-0.037698850195100095,0.0071097094936940115,cpd00039_e0,import
S473C356_Ruminococcus_B_gnavus,ERR1620286_sub,1e-06,EX_cpd00029_e0,1.4635314371088197,0.0071097094936940115,cpd00029_e0,export
S473C356_Ruminococcus_B_gnavus,ERR1620286_sub,1e-06,EX_cpd00065_e0,-0.006346768450567483,0.0071097094936940115,cpd00065_e0,import
S473C356_Ruminococcus_B_gnavus,ERR1620286_sub,1e-06,EX_cpd00122_e0,-0.020890609311187136,0.0071097094936940115,cpd00122_e0,import
S473C356_Ruminococcus_B_gnavus,ERR1620286_sub,1e-06,EX_cpd00034_e0,-0.0007320680214225543,0.0071097094936940115,cpd00034_e0,import
S473C356_Ruminococcus_B_gnavus,ERR1620286_sub,1e-06,EX_cpd00099_e0,-0.0007320680214225543,0.0071097094936940115,cpd00099_e0,import
S473C356_Ruminococcus_B_gnavus,ERR1620286_sub,1e-06,EX_cpd00012_e0,-0.06628682064821978,0.0071097094936940115,cpd00012_e0,import
S473C356_Ruminococcus_B_gnavus,ERR1620286_sub,1e-06,EX_cpd00129_e0,-0.018753984970473817,0.0071097094936940115,cpd00129_e0,import
S473C356_Ruminococcus_B_gnavus,ERR1620286_sub,1e-06,EX_cpd00060_e0,-0.013736873451429186,0.0071097094936940115,cpd00060_e0,import
S473C356_Ruminococcus_B_gnavus,ERR1620286_sub,1e-06,EX_cpd00092_e0,-0.0010368317027501192,0.0071097094936940115,cpd00092_e0,import
S473C356_Ruminococcus_B_gnavus,ERR1620286_sub,1e-06,EX_cpd00082_e0,-0.6769973216378088,0.0071097094936940115,cpd00082_e0,import
S473C356_Ruminococcus_B_gnavus,ERR1620286_sub,1e-06,EX_cpd00367_e0,-0.011576670738424364,0.0071097094936940115,cpd00367_e0,import
S473C356_Ruminococcus_B_gnavus,ERR1620286_sub,1e-06,EX_cpd00264_e0,-0.0005184158513750596,0.0071097094936940115,cpd00264_e0,import
S473C356_Ruminococcus_B_gnavus,ERR1620286_sub,1e-06,EX_cpd00048_e0,-0.0007320680214225543,0.0071097094936940115,cpd00048_e0,import
S473C356_Ruminococcus_B_gnavus,ERR1620286_sub,1e-06,EX_cpd00161_e0,-0.021760348973374238,0.0071097094936940115,cpd00161_e0,import
S473C356_Ruminococcus_B_gnavus,ERR1620286_sub,1e-06,EX_cpd00054_e0,-0.04059187482686176,0.0071097094936940115,cpd00054_e0,import
S473C356_Ruminococcus_B_gnavus,ERR1620286_sub,1e-06,EX_cpd00239_e0,-0.008706752237296311,0.0071097094936940115,cpd00239_e0,import
S473C356_Ruminococcus_B_gnavus,ERR1620286_sub,1e-06,EX_cpd10516_e0,-0.0007320680214225543,0.0071097094936940115,cpd10516_e0,import
S473C356_Ruminococcus_B_gnavus,ERR1620286_sub,1e-06,EX_cpd00309_e0,1.1550869350619284,0.0071097094936940115,cpd00309_e0,export
S473C356_Ruminococcus_B_gnavus,ERR1620286_sub,1e-06,EX_cpd00156_e0,-0.03583776771711414,0.0071097094936940115,cpd00156_e0,import
S473C356_Ruminococcus_B_gnavus,ERR1620286_sub,1e-06,EX_cpd00051_e0,-0.022523869989983885,0.0071097094936940115,cpd00051_e0,import
S473C356_Ruminococcus_B_gnavus,ERR1620286_sub,1e-06,EX_cpd00322_e0,-0.03999122928543173,0.0071097094936940115,cpd00322_e0,import
S473C356_Ruminococcus_B_gnavus,ERR1620286_sub,1e-06,EX_cpd00363_e0,0.5502531376896685,0.0071097094936940115,cpd00363_e0,export
S473C356_Ruminococcus_B_gnavus,ERR1620286_sub,1e-06,EX_cpd00063_e0,-0.0007320680214225543,0.0071097094936940115,cpd00063_e0,import
S473C356_Ruminococcus_B_gnavus,ERR1620286_sub,1e-06,EX_cpd00119_e0,-0.009544012707620278,0.0071097094936940115,cpd00119_e0,import
S473C356_Ruminococcus_B_gnavus,ERR1620286_sub,1e-06,EX_cpd00058_e0,-0.0007320680214225543,0.0071097094936940115,cpd00058_e0,import
S473C356_Ruminococcus_B_gnavus,ERR1620286_sub,1e-06,EX_cpd00277_e0,-1.1724960672750615,0.0071097094936940115,cpd00277_e0,import
S473C356_Ruminococcus_B_gnavus,ERR1620286_sub,1e-06,EX_cpd00028_e0,-0.0005184158513750596,0.0071097094936940115,cpd00028_e0,import
S473C356_Ruminococcus_B_gnavus,ERR1620286_sub,1e-06,EX_cpd00011_e0,0.1270218310775247,0.0071097094936940115,cpd00011_e0,export
S473C356_Ruminococcus_B_gnavus,ERR1620286_sub,1e-06,EX_cpd00371_e0,0.3451168675055584,0.0071097094936940115,cpd00371_e0,export
S473C356_Ruminococcus_B_gnavus,ERR1620286_sub,1e-06,EX_cpd00246_e0,0.008073034346887196,0.0071097094936940115,cpd00246_e0,export
S473C356_Ruminococcus_B_gnavus,ERR1620286_sub,1e-06,EX_cpd00013_e0,0.20986975724102433,0.0071097094936940115,cpd00013_e0,export
S473C356_Ruminococcus_B_gnavus,ERR1620286_sub,1e-06,EX_cpd00132_e0,-0.017274663000792688,0.0071097094936940115,cpd00132_e0,import
S473C356_Ruminococcus_B_gnavus,ERR1620286_sub,1e-06,EX_cpd00182_e0,-0.008817155957186566,0.0071097094936940115,cpd00182_e0,import
S473C356_Ruminococcus_B_gnavus,ERR1620286_sub,1e-06,EX_cpd00220_e0,-0.0010368317027501192,0.0071097094936940115,cpd00220_e0,import
S473C356_Ruminococcus_B_gnavus,ERR1620286_sub,1e-06,EX_cpd00204_e0,1.067433046290148,0.0071097094936940115,cpd00204_e0,export
S473C356_Ruminococcus_B_gnavus,ERR1620286_sub,1e-06,EX_cpd00030_e0,-0.0007320680214225543,0.0071097094936940115,cpd00030_e0,import
S473C356_Ruminococcus_B_gnavus,ERR1620286_sub,1e-06,EX_cpd00069_e0,-0.013450553070200492,0.0071097094936940115,cpd00069_e0,import
S473C356_Ruminococcus_B_gnavus,ERR1620286_sub,1e-06,EX_cpd00024_e0,-0.06616943409139343,0.0071097094936940115,cpd00024_e0,import
S473C356_Ruminococcus_B_gnavus,ERR1620286_sub,1e-06,EX_cpd00205_e0,-0.0007320680214225543,0.0071097094936940115,cpd00205_e0,import
S473C356_Ruminococcus_B_gnavus,ERR1620286_sub,1e-06,EX_cpd00027_e0,-0.03247540174739091,0.0071097094936940115,cpd00027_e0,import
S473C356_Ruminococcus_B_gnavus,ERR1620286_sub,1e-06,EX_cpd00254_e0,-0.0007320680214225543,0.0071097094936940115,cpd00254_e0,import
S478C49_Prevotella_sp900313215,ERR1620286_sub,1e-06,EX_cpd01741_e0,-0.009096270164434156,0.0077837619226239305,cpd01741_e0,import
S478C49_Prevotella_sp900313215,ERR1620286_sub,1e-06,EX_cpd10515_e0,-0.0012350123488074848,0.0077837619226239305,cpd10515_e0,import
S478C49_Prevotella_sp900313215,ERR1620286_sub,1e-06,EX_cpd00066_e0,-0.019321746780723074,0.0077837619226239305,cpd00066_e0,import
S478C49_Prevotella_sp900313215,ERR1620286_sub,1e-06,EX_cpd11606_e0,-0.7533210050834591,0.0077837619226239305,cpd11606_e0,import
S478C49_Prevotella_sp900313215,ERR1620286_sub,1e-06,EX_cpd00033_e0,-0.06389350355898207,0.0077837619226239305,cpd00033_e0,import
S478C49_Prevotella_sp900313215,ERR1620286_sub,1e-06,EX_cpd00149_e0,-0.000801404251175316,0.0077837619226239305,cpd00149_e0,import
S478C49_Prevotella_sp900313215,ERR1620286_sub,1e-06,EX_cpd00025_e0,0.0004336080976321687,0.0077837619226239305,cpd00025_e0,export
S478C49_Prevotella_sp900313215,ERR1620286_sub,1e-06,EX_cpd00039_e0,-0.03578914460520302,0.0077837619226239305,cpd00039_e0,import
S478C49_Prevotella_sp900313215,ERR1620286_sub,1e-06,EX_cpd00029_e0,0.44609639483716435,0.0077837619226239305,cpd00029_e0,export
S478C49_Prevotella_sp900313215,ERR1620286_sub,1e-06,EX_cpd00184_e0,-0.002711876267516503,0.0077837619226239305,cpd00184_e0,import
S478C49_Prevotella_sp900313215,ERR1620286_sub,1e-06,EX_cpd00065_e0,-0.005928263216812754,0.0077837619226239305,cpd00065_e0,import
S478C49_Prevotella_sp900313215,ERR1620286_sub,1e-06,EX_cpd00311_e0,-0.026444627240500347,0.0077837619226239305,cpd00311_e0,import
S478C49_Prevotella_sp900313215,ERR1620286_sub,1e-06,EX_cpd00034_e0,-0.000801404251175316,0.0077837619226239305,cpd00034_e0,import
S478C49_Prevotella_sp900313215,ERR1620286_sub,1e-06,EX_cpd00007_e0,-0.0004336080976321687,0.0077837619226239305,cpd00007_e0,import
S478C49_Prevotella_sp900313215,ERR1620286_sub,1e-06,EX_cpd00099_e0,-0.000801404251175316,0.0077837619226239305,cpd00099_e0,import
S478C49_Prevotella_sp900313215,ERR1620286_sub,1e-06,EX_cpd00012_e0,-0.05526671465637841,0.0077837619226239305,cpd00012_e0,import
S478C49_Prevotella_sp900313215,ERR1620286_sub,1e-06,EX_cpd00129_e0,-0.023054356954271858,0.0077837619226239305,cpd00129_e0,import
S478C49_Prevotella_sp900313215,ERR1620286_sub,1e-06,EX_cpd00023_e0,-0.30695537170336695,0.0077837619226239305,cpd00023_e0,import
S478C49_Prevotella_sp900313215,ERR1620286_sub,1e-06,EX_cpd00060_e0,-0.015594659118194895,0.0077837619226239305,cpd00060_e0,import
S478C49_Prevotella_sp900313215,ERR1620286_sub,1e-06,EX_cpd00367_e0,-0.03166650836593904,0.0077837619226239305,cpd00367_e0,import
S478C49_Prevotella_sp900313215,ERR1620286_sub,1e-06,EX_cpd00036_e0,0.9992983508011352,0.0077837619226239305,cpd00036_e0,export
S478C49_Prevotella_sp900313215,ERR1620286_sub,1e-06,EX_cpd00048_e0,-0.000801404251175316,0.0077837619226239305,cpd00048_e0,import
S478C49_Prevotella_sp900313215,ERR1620286_sub,1e-06,EX_cpd00161_e0,-0.06503525696814999,0.0077837619226239305,cpd00161_e0,import
S478C49_Prevotella_sp900313215,ERR1620286_sub,1e-06,EX_cpd01217_e0,-1.1349180136279977,0.0077837619226239305,cpd01217_e0,import
S478C49_Prevotella_sp900313215,ERR1620286_sub,1e-06,EX_cpd00055_e0,-0.0017344323905286604,0.0077837619226239305,cpd00055_e0,import
S478C49_Prevotella_sp900313215,ERR1620286_sub,1e-06,EX_cpd00239_e0,0.026801975636860313,0.0077837619226239305,cpd00239_e0,export
S478C49_Prevotella_sp900313215,ERR1620286_sub,1e-06,EX_cpd10516_e0,-0.000801404251175316,0.0077837619226239305,cpd10516_e0,import
S478C49_Prevotella_sp900313215,ERR1620286_sub,1e-06,EX_cpd00309_e0,1.1349180136279977,0.0077837619226239305,cpd00309_e0,export
S478C49_Prevotella_sp900313215,ERR1620286_sub,1e-06,EX_cpd00017_e0,-0.0017344323905286749,0.0077837619226239305,cpd00017_e0,import
S478C49_Prevotella_sp900313215,ERR1620286_sub,1e-06,EX_cpd00208_e0,-0.0075802251370284636,0.0077837619226239305,cpd00208_e0,import
S478C49_Prevotella_sp900313215,ERR1620286_sub,1e-06,EX_cpd00051_e0,-0.03171614145312334,0.0077837619226239305,cpd00051_e0,import
S478C49_Prevotella_sp900313215,ERR1620286_sub,1e-06,EX_cpd00588_e0,0.0075802251370284636,0.0077837619226239305,cpd00588_e0,export
S478C49_Prevotella_sp900313215,ERR1620286_sub,1e-06,EX_cpd00063_e0,-0.000801404251175316,0.0077837619226239305,cpd00063_e0,import
S478C49_Prevotella_sp900313215,ERR1620286_sub,1e-06,EX_cpd00119_e0,-0.009880438694687957,0.0077837619226239305,cpd00119_e0,import
S478C49_Prevotella_sp900313215,ERR1620286_sub,1e-06,EX_cpd00058_e0,-0.000801404251175316,0.0077837619226239305,cpd00058_e0,import
S478C49_Prevotella_sp900313215,ERR1620286_sub,1e-06,EX_cpd00028_e0,-0.0004336080976321687,0.0077837619226239305,cpd00028_e0,import
S478C49_Prevotella_sp900313215,ERR1620286_sub,1e-06,EX_cpd00011_e0,0.409490507429746,0.0077837619226239305,cpd00011_e0,export
S478C49_Prevotella_sp900313215,ERR1620286_sub,1e-06,EX_cpd00013_e0,0.055518801916006784,0.0077837619226239305,cpd00013_e0,export
S478C49_Prevotella_sp900313215,ERR1620286_sub,1e-06,EX_cpd00132_e0,-0.025140227345372634,0.0077837619226239305,cpd00132_e0,import
S478C49_Prevotella_sp900313215,ERR1620286_sub,1e-06,EX_cpd00182_e0,-0.02175939905431099,0.0077837619226239305,cpd00182_e0,import
S478C49_Prevotella_sp900313215,ERR1620286_sub,1e-06,EX_cpd00067_e0,2.0343500487963415,0.0077837619226239305,cpd00067_e0,export
S478C49_Prevotella_sp900313215,ERR1620286_sub,1e-06,EX_cpd00220_e0,-0.0008672161952643374,0.0077837619226239305,cpd00220_e0,import
S478C49_Prevotella_sp900313215,ERR1620286_sub,1e-06,EX_cpd00071_e0,0.0004336080976321687,0.0077837619226239305,cpd00071_e0,export
S478C49_Prevotella_sp900313215,ERR1620286_sub,1e-06,EX_cpd00204_e0,0.0004336080976321687,0.0077837619226239305,cpd00204_e0,export
S478C49_Prevotella_sp900313215,ERR1620286_sub,1e-06,EX_cpd00084_e0,-0.03722028257032298,0.0077837619226239305,cpd00084_e0,import
S478C49_Prevotella_sp900313215,ERR1620286_sub,1e-06,EX_cpd00030_e0,-0.000801404251175316,0.0077837619226239305,cpd00030_e0,import
S478C49_Prevotella_sp900313215,ERR1620286_sub,1e-06,EX_cpd00069_e0,-0.014381527433379167,0.0077837619226239305,cpd00069_e0,import
S478C49_Prevotella_sp900313215,ERR1620286_sub,1e-06,EX_cpd00205_e0,-0.000801404251175316,0.0077837619226239305,cpd00205_e0,import
S478C49_Prevotella_sp900313215,ERR1620286_sub,1e-06,EX_cpd11451_e0,0.7533210050834591,0.0077837619226239305,cpd11451_e0,export
S478C49_Prevotella_sp900313215,ERR1620286_sub,1e-06,EX_cpd00254_e0,-0.000801404251175316,0.0077837619226239305,cpd00254_e0,import
S515C293_Flavonifractor_plautii,ERR1620286_sub,1e-06,EX_cpd00035_e0,-0.031002262111967438,0.10629781077032881,cpd00035_e0,import
S515C293_Flavonifractor_plautii,ERR1620286_sub,1e-06,EX_cpd00211_e0,7.931007442004872,0.10629781077032881,cpd00211_e0,export
S515C293_Flavonifractor_plautii,ERR1620286_sub,1e-06,EX_cpd10515_e0,-0.018696443030440376,0.10629781077032881,cpd10515_e0,import
S515C293_Flavonifractor_plautii,ERR1620286_sub,1e-06,EX_cpd00066_e0,-0.3067964742014777,0.10629781077032881,cpd00066_e0,import
S515C293_Flavonifractor_plautii,ERR1620286_sub,1e-06,EX_cpd00305_e0,-0.007751025536720174,0.10629781077032881,cpd00305_e0,import
S515C293_Flavonifractor_plautii,ERR1620286_sub,1e-06,EX_cpd00107_e0,-0.7320578093358142,0.10629781077032881,cpd00107_e0,import
S515C293_Flavonifractor_plautii,ERR1620286_sub,1e-06,EX_cpd00033_e0,-0.6448370493370694,0.10629781077032881,cpd00033_e0,import
S515C293_Flavonifractor_plautii,ERR1620286_sub,1e-06,EX_cpd11640_e0,1.8669265145867602,0.10629781077032881,cpd11640_e0,export
S515C293_Flavonifractor_plautii,ERR1620286_sub,1e-06,EX_cpd00149_e0,-0.010945417493720203,0.10629781077032881,cpd00149_e0,import
S515C293_Flavonifractor_plautii,ERR1620286_sub,1e-06,EX_cpd00039_e0,-0.5636493363236439,0.10629781077032881,cpd00039_e0,import
S515C293_Flavonifractor_plautii,ERR1620286_sub,1e-06,EX_cpd00029_e0,35.99407980383319,0.10629781077032881,cpd00029_e0,export
S515C293_Flavonifractor_plautii,ERR1620286_sub,1e-06,EX_cpd00010_e0,-0.015502051073441159,0.10629781077032881,cpd00010_e0,import
S515C293_Flavonifractor_plautii,ERR1620286_sub,1e-06,EX_cpd00065_e0,-0.0948928629506894,0.10629781077032881,cpd00065_e0,import
S515C293_Flavonifractor_plautii,ERR1620286_sub,1e-06,EX_cpd00041_e0,-0.28437238236834617,0.10629781077032881,cpd00041_e0,import
S515C293_Flavonifractor_plautii,ERR1620286_sub,1e-06,EX_cpd00311_e0,-0.16284050007078796,0.10629781077032881,cpd00311_e0,import
S515C293_Flavonifractor_plautii,ERR1620286_sub,1e-06,EX_cpd00034_e0,-0.010945417493720203,0.10629781077032881,cpd00034_e0,import
S515C293_Flavonifractor_plautii,ERR1620286_sub,1e-06,EX_cpd00099_e0,-0.010945417493720203,0.10629781077032881,cpd00099_e0,import
S515C293_Flavonifractor_plautii,ERR1620286_sub,1e-06,EX_cpd00012_e0,0.03419768913446708,0.10629781077032881,cpd00012_e0,export
S515C293_Flavonifractor_plautii,ERR1620286_sub,1e-06,EX_cpd00129_e0,-0.14615152691764416,0.10629781077032881,cpd00129_e0,import
S515C293_Flavonifractor_plautii,ERR1620286_sub,1e-06,EX_cpd00060_e0,-0.20538503333627697,0.10629781077032881,cpd00060_e0,import
S515C293_Flavonifractor_plautii,ERR1620286_sub,1e-06,EX_cpd00082_e0,-24.029842953882902,0.10629781077032881,cpd00082_e0,import
S515C293_Flavonifractor_plautii,ERR1620286_sub,1e-06,EX_cpd00367_e0,-0.19768020104500653,0.10629781077032881,cpd00367_e0,import
S515C293_Flavonifractor_plautii,ERR1620286_sub,1e-06,EX_cpd00048_e0,-0.010945417493720203,0.10629781077032881,cpd00048_e0,import
S515C293_Flavonifractor_plautii,ERR1620286_sub,1e-06,EX_cpd00161_e0,-0.3253469586880781,0.10629781077032881,cpd00161_e0,import
S515C293_Flavonifractor_plautii,ERR1620286_sub,1e-06,EX_cpd00047_e0,24.934899392582032,0.10629781077032881,cpd00047_e0,export
S515C293_Flavonifractor_plautii,ERR1620286_sub,1e-06,EX_cpd00054_e0,-0.5758999065400167,0.10629781077032881,cpd00054_e0,import
S515C293_Flavonifractor_plautii,ERR1620286_sub,1e-06,EX_cpd00239_e0,-0.1069247695227791,0.10629781077032881,cpd00239_e0,import
S515C293_Flavonifractor_plautii,ERR1620286_sub,1e-06,EX_cpd10516_e0,-0.010945417493720203,0.10629781077032881,cpd10516_e0,import
S515C293_Flavonifractor_plautii,ERR1620286_sub,1e-06,EX_cpd00064_e0,-0.015502051073440349,0.10629781077032881,cpd00064_e0,import
S515C293_Flavonifractor_plautii,ERR1620286_sub,1e-06,EX_cpd00156_e0,-0.5358236095937425,0.10629781077032881,cpd00156_e0,import
S515C293_Flavonifractor_plautii,ERR1620286_sub,1e-06,EX_cpd00051_e0,-0.33676264144906365,0.10629781077032881,cpd00051_e0,import
S515C293_Flavonifractor_plautii,ERR1620286_sub,1e-06,EX_cpd00322_e0,-0.4708969138906388,0.10629781077032881,cpd00322_e0,import
S515C293_Flavonifractor_plautii,ERR1620286_sub,1e-06,EX_cpd00063_e0,-0.010945417493720203,0.10629781077032881,cpd00063_e0,import
S515C293_Flavonifractor_plautii,ERR1620286_sub,1e-06,EX_cpd00009_e0,-2.0350504631301924,0.10629781077032881,cpd00009_e0,import
S515C293_Flavonifractor_plautii,ERR1620286_sub,1e-06,EX_cpd00119_e0,-0.1426960345123149,0.10629781077032881,cpd00119_e0,import
S515C293_Flavonifractor_plautii,ERR1620286_sub,1e-06,EX_cpd00058_e0,-0.010945417493720203,0.10629781077032881,cpd00058_e0,import
S515C293_Flavonifractor_plautii,ERR1620286_sub,1e-06,EX_cpd00028_e0,-0.007751025536720174,0.10629781077032881,cpd00028_e0,import
S515C293_Flavonifractor_plautii,ERR1620286_sub,1e-06,EX_cpd00011_e0,0.25755609047233863,0.10629781077032881,cpd00011_e0,export
S515C293_Flavonifractor_plautii,ERR1620286_sub,1e-06,EX_cpd00371_e0,0.06027141597237373,0.10629781077032881,cpd00371_e0,export
S515C293_Flavonifractor_plautii,ERR1620286_sub,1e-06,EX_cpd00013_e0,-0.22229275886808936,0.10629781077032881,cpd00013_e0,import
S515C293_Flavonifractor_plautii,ERR1620286_sub,1e-06,EX_cpd00132_e0,-0.2582798224672898,0.10629781077032881,cpd00132_e0,import
S515C293_Flavonifractor_plautii,ERR1620286_sub,1e-06,EX_cpd00053_e0,-1.1390717104740382,0.10629781077032881,cpd00053_e0,import
S515C293_Flavonifractor_plautii,ERR1620286_sub,1e-06,EX_cpd00448_e0,-0.0211548822187117,0.10629781077032881,cpd00448_e0,import
S515C293_Flavonifractor_plautii,ERR1620286_sub,1e-06,EX_cpd00182_e0,-0.13182853264254163,0.10629781077032881,cpd00182_e0,import
S515C293_Flavonifractor_plautii,ERR1620286_sub,1e-06,EX_cpd00067_e0,66.90963771672052,0.10629781077032881,cpd00067_e0,export
S515C293_Flavonifractor_plautii,ERR1620286_sub,1e-06,EX_cpd00220_e0,-0.015502051073440347,0.10629781077032881,cpd00220_e0,import
S515C293_Flavonifractor_plautii,ERR1620286_sub,1e-06,EX_cpd00141_e0,-0.12702662300359882,0.10629781077032881,cpd00141_e0,import
S515C293_Flavonifractor_plautii,ERR1620286_sub,1e-06,EX_cpd00249_e0,0.009091099709265379,0.10629781077032881,cpd00249_e0,export
S515C293_Flavonifractor_plautii,ERR1620286_sub,1e-06,EX_cpd00030_e0,-0.010945417493720203,0.10629781077032881,cpd00030_e0,import
S515C293_Flavonifractor_plautii,ERR1620286_sub,1e-06,EX_cpd00069_e0,-0.19335312676418606,0.10629781077032881,cpd00069_e0,import
S515C293_Flavonifractor_plautii,ERR1620286_sub,1e-06,EX_cpd00205_e0,-0.010945417493720203,0.10629781077032881,cpd00205_e0,import
S515C293_Flavonifractor_plautii,ERR1620286_sub,1e-06,EX_cpd00001_e0,10.085819193155336,0.10629781077032881,cpd00001_e0,export
S515C293_Flavonifractor_plautii,ERR1620286_sub,1e-06,EX_cpd00179_e0,-0.24277582137159914,0.10629781077032881,cpd00179_e0,import
S515C293_Flavonifractor_plautii,ERR1620286_sub,1e-06,EX_cpd00254_e0,-0.010945417493720203,0.10629781077032881,cpd00254_e0,import
S541C3158_Prevotella_sp900557255,ERR1620286_sub,1e-06,EX_cpd00035_e0,-0.0860067900219059,0.011347749822611016,cpd00035_e0,import
S541C3158_Prevotella_sp900557255,ERR1620286_sub,1e-06,EX_cpd01741_e0,0.009319439309441884,0.011347749822611016,cpd01741_e0,export
S541C3158_Prevotella_sp900557255,ERR1620286_sub,1e-06,EX_cpd10515_e0,-0.0018006566243068626,0.011347749822611016,cpd10515_e0,import
S541C3158_Prevotella_sp900557255,ERR1620286_sub,1e-06,EX_cpd11606_e0,-1.5207798481759298,0.011347749822611016,cpd11606_e0,import
S541C3158_Prevotella_sp900557255,ERR1620286_sub,1e-06,EX_cpd00033_e0,-0.09568598866333607,0.011347749822611016,cpd00033_e0,import
S541C3158_Prevotella_sp900557255,ERR1620286_sub,1e-06,EX_cpd00149_e0,-0.001168452991599567,0.011347749822611016,cpd00149_e0,import
S541C3158_Prevotella_sp900557255,ERR1620286_sub,1e-06,EX_cpd00039_e0,-0.052180822624050244,0.011347749822611016,cpd00039_e0,import
S541C3158_Prevotella_sp900557255,ERR1620286_sub,1e-06,EX_cpd00029_e0,0.8315337659163222,0.011347749822611016,cpd00029_e0,export
S541C3158_Prevotella_sp900557255,ERR1620286_sub,1e-06,EX_cpd00184_e0,-0.003953934525528662,0.011347749822611016,cpd00184_e0,import
S541C3158_Prevotella_sp900557255,ERR1620286_sub,1e-06,EX_cpd00010_e0,-0.0012644072654144356,0.011347749822611016,cpd00010_e0,import
S541C3158_Prevotella_sp900557255,ERR1620286_sub,1e-06,EX_cpd00065_e0,-0.008643449146315048,0.011347749822611016,cpd00065_e0,import
S541C3158_Prevotella_sp900557255,ERR1620286_sub,1e-06,EX_cpd00311_e0,-0.03855645108642988,0.011347749822611016,cpd00311_e0,import
S541C3158_Prevotella_sp900557255,ERR1620286_sub,1e-06,EX_cpd00034_e0,-0.001168452991599567,0.011347749822611016,cpd00034_e0,import
S541C3158_Prevotella_sp900557255,ERR1620286_sub,1e-06,EX_cpd00099_e0,-0.001168452991599567,0.011347749822611016,cpd00099_e0,import
S541C3158_Prevotella_sp900557255,ERR1620286_sub,1e-06,EX_cpd00129_e0,-0.03361341334678079,0.011347749822611016,cpd00129_e0,import
S541C3158_Prevotella_sp900557255,ERR1620286_sub,1e-06,EX_cpd00023_e0,-0.28629328895604966,0.011347749822611016,cpd00023_e0,import
S541C3158_Prevotella_sp900557255,ERR1620286_sub,1e-06,EX_cpd00060_e0,-0.022104918204252002,0.011347749822611016,cpd00060_e0,import
S541C3158_Prevotella_sp900557255,ERR1620286_sub,1e-06,EX_cpd00367_e0,-0.04616999021334098,0.011347749822611016,cpd00367_e0,import
S541C3158_Prevotella_sp900557255,ERR1620286_sub,1e-06,EX_cpd00264_e0,-0.0006322036327072955,0.011347749822611016,cpd00264_e0,import
S541C3158_Prevotella_sp900557255,ERR1620286_sub,1e-06,EX_cpd00036_e0,1.0912342344486743,0.011347749822611016,cpd00036_e0,export
S541C3158_Prevotella_sp900557255,ERR1620286_sub,1e-06,EX_cpd00048_e0,-0.001168452991599567,0.011347749822611016,cpd00048_e0,import
S541C3158_Prevotella_sp900557255,ERR1620286_sub,1e-06,EX_cpd00161_e0,-0.09482185857192021,0.011347749822611016,cpd00161_e0,import
S541C3158_Prevotella_sp900557255,ERR1620286_sub,1e-06,EX_cpd01217_e0,-1.6900794592478856,0.011347749822611016,cpd01217_e0,import
S541C3158_Prevotella_sp900557255,ERR1620286_sub,1e-06,EX_cpd00054_e0,-0.04097407844055103,0.011347749822611016,cpd00054_e0,import
S541C3158_Prevotella_sp900557255,ERR1620286_sub,1e-06,EX_cpd00232_e0,-0.008841616924661459,0.011347749822611016,cpd00232_e0,import
S541C3158_Prevotella_sp900557255,ERR1620286_sub,1e-06,EX_cpd10516_e0,-0.001168452991599567,0.011347749822611016,cpd10516_e0,import
S541C3158_Prevotella_sp900557255,ERR1620286_sub,1e-06,EX_cpd00309_e0,1.6900794592478856,0.011347749822611016,cpd00309_e0,export
S541C3158_Prevotella_sp900557255,ERR1620286_sub,1e-06,EX_cpd00017_e0,-0.0031610181635364776,0.011347749822611016,cpd00017_e0,import
S541C3158_Prevotella_sp900557255,ERR1620286_sub,1e-06,EX_cpd00051_e0,-0.04561015196816159,0.011347749822611016,cpd00051_e0,import
S541C3158_Prevotella_sp900557255,ERR1620286_sub,1e-06,EX_cpd00063_e0,-0.001168452991599567,0.011347749822611016,cpd00063_e0,import
S541C3158_Prevotella_sp900557255,ERR1620286_sub,1e-06,EX_cpd00009_e0,-0.15736528960774954,0.011347749822611016,cpd00009_e0,import
S541C3158_Prevotella_sp900557255,ERR1620286_sub,1e-06,EX_cpd00119_e0,-0.014405748577191794,0.011347749822611016,cpd00119_e0,import
S541C3158_Prevotella_sp900557255,ERR1620286_sub,1e-06,EX_cpd00058_e0,-0.001168452991599567,0.011347749822611016,cpd00058_e0,import
S541C3158_Prevotella_sp900557255,ERR1620286_sub,1e-06,EX_cpd00028_e0,-0.0006322036327072955,0.011347749822611016,cpd00028_e0,import
S541C3158_Prevotella_sp900557255,ERR1620286_sub,1e-06,EX_cpd00011_e0,1.0708057244444773,0.011347749822611016,cpd00011_e0,export
S541C3158_Prevotella_sp900557255,ERR1620286_sub,1e-06,EX_cpd00013_e0,0.07968239342056098,0.011347749822611016,cpd00013_e0,export
S541C3158_Prevotella_sp900557255,ERR1620286_sub,1e-06,EX_cpd00132_e0,-0.03665462693529904,0.011347749822611016,cpd00132_e0,import
S541C3158_Prevotella_sp900557255,ERR1620286_sub,1e-06,EX_cpd00053_e0,-0.04380919006622086,0.011347749822611016,cpd00053_e0,import
S541C3158_Prevotella_sp900557255,ERR1620286_sub,1e-06,EX_cpd00182_e0,-0.029828744792378313,0.011347749822611016,cpd00182_e0,import
S541C3158_Prevotella_sp900557255,ERR1620286_sub,1e-06,EX_cpd00067_e0,2.4767423499668766,0.011347749822611016,cpd00067_e0,export
S541C3158_Prevotella_sp900557255,ERR1620286_sub,1e-06,EX_cpd00220_e0,-0.001264407265414591,0.011347749822611016,cpd00220_e0,import
S541C3158_Prevotella_sp900557255,ERR1620286_sub,1e-06,EX_cpd00071_e0,0.001264407265414591,0.011347749822611016,cpd00071_e0,export
S541C3158_Prevotella_sp900557255,ERR1620286_sub,1e-06,EX_cpd00204_e0,0.0006322036327072955,0.011347749822611016,cpd00204_e0,export
S541C3158_Prevotella_sp900557255,ERR1620286_sub,1e-06,EX_cpd00084_e0,-0.013925556957952046,0.011347749822611016,cpd00084_e0,import
S541C3158_Prevotella_sp900557255,ERR1620286_sub,1e-06,EX_cpd00030_e0,-0.001168452991599567,0.011347749822611016,cpd00030_e0,import
S541C3158_Prevotella_sp900557255,ERR1620286_sub,1e-06,EX_cpd00069_e0,-0.021600571006175396,0.011347749822611016,cpd00069_e0,import
S541C3158_Prevotella_sp900557255,ERR1620286_sub,1e-06,EX_cpd00205_e0,-0.001168452991599567,0.011347749822611016,cpd00205_e0,import
S541C3158_Prevotella_sp900557255,ERR1620286_sub,1e-06,EX_cpd11451_e0,1.5207798481759298,0.011347749822611016,cpd11451_e0,export
S541C3158_Prevotella_sp900557255,ERR1620286_sub,1e-06,EX_cpd00254_e0,-0.001168452991599567,0.011347749822611016,cpd00254_e0,import
S801C789_Blautia_A_sp003471165,ERR1620286_sub,1e-06,EX_cpd00035_e0,0.4706863760465135,0.0073011198017565535,cpd00035_e0,export
S801C789_Blautia_A_sp003471165,ERR1620286_sub,1e-06,EX_cpd10515_e0,-0.0012841476004728887,0.0073011198017565535,cpd10515_e0,import
S801C789_Blautia_A_sp003471165,ERR1620286_sub,1e-06,EX_cpd00305_e0,-0.0005323718970489572,0.0073011198017565535,cpd00305_e0,import
S801C789_Blautia_A_sp003471165,ERR1620286_sub,1e-06,EX_cpd00107_e0,-0.05028070193541423,0.0073011198017565535,cpd00107_e0,import
S801C789_Blautia_A_sp003471165,ERR1620286_sub,1e-06,EX_cpd00003_e0,-0.0010647437940980442,0.0073011198017565535,cpd00003_e0,import
S801C789_Blautia_A_sp003471165,ERR1620286_sub,1e-06,EX_cpd00393_e0,-0.0015971156911468712,0.0073011198017565535,cpd00393_e0,import
S801C789_Blautia_A_sp003471165,ERR1620286_sub,1e-06,EX_cpd00033_e0,-0.047484257471962804,0.0073011198017565535,cpd00033_e0,import
S801C789_Blautia_A_sp003471165,ERR1620286_sub,1e-06,EX_cpd11640_e0,0.625652156005746,0.0073011198017565535,cpd11640_e0,export
S801C789_Blautia_A_sp003471165,ERR1620286_sub,1e-06,EX_cpd00149_e0,-0.0007517757034239316,0.0073011198017565535,cpd00149_e0,import
S801C789_Blautia_A_sp003471165,ERR1620286_sub,1e-06,EX_cpd00644_e0,-0.0010647437940979262,0.0073011198017565535,cpd00644_e0,import
S801C789_Blautia_A_sp003471165,ERR1620286_sub,1e-06,EX_cpd00039_e0,-0.0387137244003944,0.0073011198017565535,cpd00039_e0,import
S801C789_Blautia_A_sp003471165,ERR1620286_sub,1e-06,EX_cpd00029_e0,1.9038248821642312,0.0073011198017565535,cpd00029_e0,export
S801C789_Blautia_A_sp003471165,ERR1620286_sub,1e-06,EX_cpd00065_e0,-0.006517627019306905,0.0073011198017565535,cpd00065_e0,import
S801C789_Blautia_A_sp003471165,ERR1620286_sub,1e-06,EX_cpd00311_e0,-0.009587430860582022,0.0073011198017565535,cpd00311_e0,import
S801C789_Blautia_A_sp003471165,ERR1620286_sub,1e-06,EX_cpd00034_e0,-0.0007517757034239316,0.0073011198017565535,cpd00034_e0,import
S801C789_Blautia_A_sp003471165,ERR1620286_sub,1e-06,EX_cpd00099_e0,-0.0007517757034239316,0.0073011198017565535,cpd00099_e0,import
S801C789_Blautia_A_sp003471165,ERR1620286_sub,1e-06,EX_cpd00023_e0,-0.035670005507392966,0.0073011198017565535,cpd00023_e0,import
S801C789_Blautia_A_sp003471165,ERR1620286_sub,1e-06,EX_cpd00060_e0,-0.012509562103255613,0.0073011198017565535,cpd00060_e0,import
S801C789_Blautia_A_sp003471165,ERR1620286_sub,1e-06,EX_cpd00082_e0,-0.2614551924131885,0.0073011198017565535,cpd00082_e0,import
S801C789_Blautia_A_sp003471165,ERR1620286_sub,1e-06,EX_cpd00367_e0,-1.2081972193271686,0.0073011198017565535,cpd00367_e0,import
S801C789_Blautia_A_sp003471165,ERR1620286_sub,1e-06,EX_cpd00307_e0,1.2081972193271686,0.0073011198017565535,cpd00307_e0,export
S801C789_Blautia_A_sp003471165,ERR1620286_sub,1e-06,EX_cpd00036_e0,0.012953065006072784,0.0073011198017565535,cpd00036_e0,export
S801C789_Blautia_A_sp003471165,ERR1620286_sub,1e-06,EX_cpd00048_e0,-0.0007517757034239316,0.0073011198017565535,cpd00048_e0,import
S801C789_Blautia_A_sp003471165,ERR1620286_sub,1e-06,EX_cpd90003_e0,-0.0011358791683024093,0.0073011198017565535,cpd90003_e0,import
S801C789_Blautia_A_sp003471165,ERR1620286_sub,1e-06,EX_cpd00161_e0,-0.06341396540288977,0.0073011198017565535,cpd00161_e0,import
S801C789_Blautia_A_sp003471165,ERR1620286_sub,1e-06,EX_cpd00076_e0,-0.011876473724993012,0.0073011198017565535,cpd00076_e0,import
S801C789_Blautia_A_sp003471165,ERR1620286_sub,1e-06,EX_cpd00232_e0,-0.021452996238456357,0.0073011198017565535,cpd00232_e0,import
S801C789_Blautia_A_sp003471165,ERR1620286_sub,1e-06,EX_cpd00239_e0,0.0010647437940979143,0.0073011198017565535,cpd00239_e0,export
S801C789_Blautia_A_sp003471165,ERR1620286_sub,1e-06,EX_cpd00324_e0,-0.0010647437940979143,0.0073011198017565535,cpd00324_e0,import
S801C789_Blautia_A_sp003471165,ERR1620286_sub,1e-06,EX_cpd10516_e0,-0.0007517757034239316,0.0073011198017565535,cpd10516_e0,import
S801C789_Blautia_A_sp003471165,ERR1620286_sub,1e-06,EX_cpd00064_e0,0.293333980620827,0.0073011198017565535,cpd00064_e0,export
S801C789_Blautia_A_sp003471165,ERR1620286_sub,1e-06,EX_cpd00017_e0,-0.0015971156911468716,0.0073011198017565535,cpd00017_e0,import
S801C789_Blautia_A_sp003471165,ERR1620286_sub,1e-06,EX_cpd00051_e0,-0.3367878023976352,0.0073011198017565535,cpd00051_e0,import
S801C789_Blautia_A_sp003471165,ERR1620286_sub,1e-06,EX_cpd00063_e0,-0.0007517757034239316,0.0073011198017565535,cpd00063_e0,import
S801C789_Blautia_A_sp003471165,ERR1620286_sub,1e-06,EX_cpd00009_e0,-0.1361425981255604,0.0073011198017565535,cpd00009_e0,import
S801C789_Blautia_A_sp003471165,ERR1620286_sub,1e-06,EX_cpd00119_e0,-0.0098009428861758,0.0073011198017565535,cpd00119_e0,import
S801C789_Blautia_A_sp003471165,ERR1620286_sub,1e-06,EX_cpd00058_e0,-0.0007517757034239316,0.0073011198017565535,cpd00058_e0,import
S801C789_Blautia_A_sp003471165,ERR1620286_sub,1e-06,EX_cpd00028_e0,-0.0005323718970489572,0.0073011198017565535,cpd00028_e0,import
S801C789_Blautia_A_sp003471165,ERR1620286_sub,1e-06,EX_cpd00011_e0,0.617324216441455,0.0073011198017565535,cpd00011_e0,export
S801C789_Blautia_A_sp003471165,ERR1620286_sub,1e-06,EX_cpd00132_e0,-0.017739706623978183,0.0073011198017565535,cpd00132_e0,import
S801C789_Blautia_A_sp003471165,ERR1620286_sub,1e-06,EX_cpd00053_e0,-0.03174837498951888,0.0073011198017565535,cpd00053_e0,import
S801C789_Blautia_A_sp003471165,ERR1620286_sub,1e-06,EX_cpd00448_e0,0.002686682321166546,0.0073011198017565535,cpd00448_e0,export
S801C789_Blautia_A_sp003471165,ERR1620286_sub,1e-06,EX_cpd00182_e0,-0.007457403052933426,0.0073011198017565535,cpd00182_e0,import
S801C789_Blautia_A_sp003471165,ERR1620286_sub,1e-06,EX_cpd00067_e0,1.1329524418359123,0.0073011198017565535,cpd00067_e0,export
S801C789_Blautia_A_sp003471165,ERR1620286_sub,1e-06,EX_cpd00220_e0,-0.0010647437940979143,0.0073011198017565535,cpd00220_e0,import
S801C789_Blautia_A_sp003471165,ERR1620286_sub,1e-06,EX_cpd00204_e0,0.6471056165582049,0.0073011198017565535,cpd00204_e0,export
S801C789_Blautia_A_sp003471165,ERR1620286_sub,1e-06,EX_cpd00084_e0,-0.008408770997039067,0.0073011198017565535,cpd00084_e0,import
S801C789_Blautia_A_sp003471165,ERR1620286_sub,1e-06,EX_cpd00030_e0,-0.0007517757034239316,0.0073011198017565535,cpd00030_e0,import
S801C789_Blautia_A_sp003471165,ERR1620286_sub,1e-06,EX_cpd00069_e0,-0.013280277610768162,0.0073011198017565535,cpd00069_e0,import
S801C789_Blautia_A_sp003471165,ERR1620286_sub,1e-06,EX_cpd00205_e0,-0.0007517757034239316,0.0073011198017565535,cpd00205_e0,import
S801C789_Blautia_A_sp003471165,ERR1620286_sub,1e-06,EX_cpd00254_e0,-0.0007517757034239316,0.0073011198017565535,cpd00254_e0,import
S898C754_Enterocloster_clostridioformis,ERR1620286_sub,1e-06,EX_cpd00035_e0,0.8516814930590049,0.18948797228049424,cpd00035_e0,export
S898C754_Enterocloster_clostridioformis,ERR1620286_sub,1e-06,EX_cpd10515_e0,-0.06477415014202814,0.18948797228049424,cpd10515_e0,import
S898C754_Enterocloster_clostridioformis,ERR1620286_sub,1e-06,EX_cpd00066_e0,0.3208925740603263,0.18948797228049424,cpd00066_e0,export
S898C754_Enterocloster_clostridioformis,ERR1620286_sub,1e-06,EX_cpd00305_e0,-0.013817149790572117,0.18948797228049424,cpd00305_e0,import
S898C754_Enterocloster_clostridioformis,ERR1620286_sub,1e-06,EX_cpd11606_e0,1.5557655644273751,0.18948797228049424,cpd11606_e0,export
S898C754_Enterocloster_clostridioformis,ERR1620286_sub,1e-06,EX_cpd00107_e0,1.6935015537797782,0.18948797228049424,cpd00107_e0,export
S898C754_Enterocloster_clostridioformis,ERR1620286_sub,1e-06,EX_cpd00003_e0,0.033261148556905595,0.18948797228049424,cpd00003_e0,export
S898C754_Enterocloster_clostridioformis,ERR1620286_sub,1e-06,EX_cpd00033_e0,-0.17811717981358283,0.18948797228049424,cpd00033_e0,import
S898C754_Enterocloster_clostridioformis,ERR1620286_sub,1e-06,EX_cpd11640_e0,34.377681358646704,0.18948797228049424,cpd11640_e0,export
S898C754_Enterocloster_clostridioformis,ERR1620286_sub,1e-06,EX_cpd00149_e0,-0.01951154364214299,0.18948797228049424,cpd00149_e0,import
S898C754_Enterocloster_clostridioformis,ERR1620286_sub,1e-06,EX_cpd00644_e0,-0.02763429958114373,0.18948797228049424,cpd00644_e0,import
S898C754_Enterocloster_clostridioformis,ERR1620286_sub,1e-06,EX_cpd00025_e0,-1.781169622045771e-05,0.18948797228049424,cpd00025_e0,import
S898C754_Enterocloster_clostridioformis,ERR1620286_sub,1e-06,EX_cpd00039_e0,0.8461277437476175,0.18948797228049424,cpd00039_e0,export
S898C754_Enterocloster_clostridioformis,ERR1620286_sub,1e-06,EX_cpd00029_e0,94.82037232984484,0.18948797228049424,cpd00029_e0,export
S898C754_Enterocloster_clostridioformis,ERR1620286_sub,1e-06,EX_cpd00065_e0,-0.16915811917202322,0.18948797228049424,cpd00065_e0,import
S898C754_Enterocloster_clostridioformis,ERR1620286_sub,1e-06,EX_cpd00041_e0,0.3819246260149569,0.18948797228049424,cpd00041_e0,export
S898C754_Enterocloster_clostridioformis,ERR1620286_sub,1e-06,EX_cpd00020_e0,6.182507505505275,0.18948797228049424,cpd00020_e0,export
S898C754_Enterocloster_clostridioformis,ERR1620286_sub,1e-06,EX_cpd00122_e0,-24.535894736036667,0.18948797228049424,cpd00122_e0,import
S898C754_Enterocloster_clostridioformis,ERR1620286_sub,1e-06,EX_cpd00311_e0,0.7652168200828273,0.18948797228049424,cpd00311_e0,export
S898C754_Enterocloster_clostridioformis,ERR1620286_sub,1e-06,EX_cpd00034_e0,-0.01951154364214299,0.18948797228049424,cpd00034_e0,import
S898C754_Enterocloster_clostridioformis,ERR1620286_sub,1e-06,EX_cpd00007_e0,8.905848110228856e-06,0.18948797228049424,cpd00007_e0,export
S898C754_Enterocloster_clostridioformis,ERR1620286_sub,1e-06,EX_cpd00099_e0,-0.01951154364214299,0.18948797228049424,cpd00099_e0,import
S898C754_Enterocloster_clostridioformis,ERR1620286_sub,1e-06,EX_cpd00012_e0,0.4170698169966054,0.18948797228049424,cpd00012_e0,export
S898C754_Enterocloster_clostridioformis,ERR1620286_sub,1e-06,EX_cpd00023_e0,0.5658089102340523,0.18948797228049424,cpd00023_e0,export
S898C754_Enterocloster_clostridioformis,ERR1620286_sub,1e-06,EX_cpd00060_e0,0.037825971708679094,0.18948797228049424,cpd00060_e0,export
S898C754_Enterocloster_clostridioformis,ERR1620286_sub,1e-06,EX_cpd00092_e0,0.28552237498148336,0.18948797228049424,cpd00092_e0,export
S898C754_Enterocloster_clostridioformis,ERR1620286_sub,1e-06,EX_cpd00106_e0,0.024446611510518523,0.18948797228049424,cpd00106_e0,export
S898C754_Enterocloster_clostridioformis,ERR1620286_sub,1e-06,EX_cpd00367_e0,0.4886985671309099,0.18948797228049424,cpd00367_e0,export
S898C754_Enterocloster_clostridioformis,ERR1620286_sub,1e-06,EX_cpd00307_e0,0.06996947707531906,0.18948797228049424,cpd00307_e0,export
S898C754_Enterocloster_clostridioformis,ERR1620286_sub,1e-06,EX_cpd00117_e0,0.22688597596156246,0.18948797228049424,cpd00117_e0,export
S898C754_Enterocloster_clostridioformis,ERR1620286_sub,1e-06,EX_cpd00036_e0,23.497435351447223,0.18948797228049424,cpd00036_e0,export
S898C754_Enterocloster_clostridioformis,ERR1620286_sub,1e-06,EX_cpd00048_e0,-0.01951154364214299,0.18948797228049424,cpd00048_e0,import
S898C754_Enterocloster_clostridioformis,ERR1620286_sub,1e-06,EX_cpd00161_e0,0.9923615260352202,0.18948797228049424,cpd00161_e0,export
S898C754_Enterocloster_clostridioformis,ERR1620286_sub,1e-06,EX_cpd01217_e0,0.8268100282557851,0.18948797228049424,cpd01217_e0,export
S898C754_Enterocloster_clostridioformis,ERR1620286_sub,1e-06,EX_cpd00055_e0,0.000130255087689997,0.18948797228049424,cpd00055_e0,export
S898C754_Enterocloster_clostridioformis,ERR1620286_sub,1e-06,EX_cpd00047_e0,6.991373169718133,0.18948797228049424,cpd00047_e0,export
S898C754_Enterocloster_clostridioformis,ERR1620286_sub,1e-06,EX_cpd00076_e0,-3.8464282564947467,0.18948797228049424,cpd00076_e0,import
S898C754_Enterocloster_clostridioformis,ERR1620286_sub,1e-06,EX_cpd00116_e0,-0.000130255087689997,0.18948797228049424,cpd00116_e0,import
S898C754_Enterocloster_clostridioformis,ERR1620286_sub,1e-06,EX_cpd00054_e0,2.626740642871243,0.18948797228049424,cpd00054_e0,export
S898C754_Enterocloster_clostridioformis,ERR1620286_sub,1e-06,EX_cpd00232_e0,-26.337950686856203,0.18948797228049424,cpd00232_e0,import
S898C754_Enterocloster_clostridioformis,ERR1620286_sub,1e-06,EX_cpd00239_e0,-1.3334844781099482,0.18948797228049424,cpd00239_e0,import
S898C754_Enterocloster_clostridioformis,ERR1620286_sub,1e-06,EX_cpd00324_e0,0.8497694534028122,0.18948797228049424,cpd00324_e0,export
S898C754_Enterocloster_clostridioformis,ERR1620286_sub,1e-06,EX_cpd10516_e0,-0.01951154364214299,0.18948797228049424,cpd10516_e0,import
S898C754_Enterocloster_clostridioformis,ERR1620286_sub,1e-06,EX_cpd00309_e0,-0.8268100282557864,0.18948797228049424,cpd00309_e0,import
S898C754_Enterocloster_clostridioformis,ERR1620286_sub,1e-06,EX_cpd00064_e0,-0.20166125908959387,0.18948797228049424,cpd00064_e0,import
S898C754_Enterocloster_clostridioformis,ERR1620286_sub,1e-06,EX_cpd00017_e0,0.07976514372930889,0.18948797228049424,cpd00017_e0,export
S898C754_Enterocloster_clostridioformis,ERR1620286_sub,1e-06,EX_cpd00156_e0,0.9063457420997891,0.18948797228049424,cpd00156_e0,export
S898C754_Enterocloster_clostridioformis,ERR1620286_sub,1e-06,EX_cpd00051_e0,0.836407472701315,0.18948797228049424,cpd00051_e0,export
S898C754_Enterocloster_clostridioformis,ERR1620286_sub,1e-06,EX_cpd00322_e0,0.5274342463364549,0.18948797228049424,cpd00322_e0,export
S898C754_Enterocloster_clostridioformis,ERR1620286_sub,1e-06,EX_cpd23431_e0,1.0392174083848447,0.18948797228049424,cpd23431_e0,export
S898C754_Enterocloster_clostridioformis,ERR1620286_sub,1e-06,EX_cpd00130_e0,0.4027673196012564,0.18948797228049424,cpd00130_e0,export
S898C754_Enterocloster_clostridioformis,ERR1620286_sub,1e-06,EX_cpd00063_e0,-0.01951154364214299,0.18948797228049424,cpd00063_e0,import
S898C754_Enterocloster_clostridioformis,ERR1620286_sub,1e-06,EX_cpd00009_e0,-4.489367741372906,0.18948797228049424,cpd00009_e0,import
S898C754_Enterocloster_clostridioformis,ERR1620286_sub,1e-06,EX_cpd00119_e0,-0.10742125814423888,0.18948797228049424,cpd00119_e0,import
S898C754_Enterocloster_clostridioformis,ERR1620286_sub,1e-06,EX_cpd00058_e0,-0.01951154364214299,0.18948797228049424,cpd00058_e0,import
S898C754_Enterocloster_clostridioformis,ERR1620286_sub,1e-06,EX_cpd00526_e0,-1.0392174083848447,0.18948797228049424,cpd00526_e0,import
S898C754_Enterocloster_clostridioformis,ERR1620286_sub,1e-06,EX_cpd00277_e0,0.14421490434673143,0.18948797228049424,cpd00277_e0,export
S898C754_Enterocloster_clostridioformis,ERR1620286_sub,1e-06,EX_cpd00028_e0,0.01762830691874091,0.18948797228049424,cpd00028_e0,export
S898C754_Enterocloster_clostridioformis,ERR1620286_sub,1e-06,EX_cpd00132_e0,0.8920954442081511,0.18948797228049424,cpd00132_e0,export
S898C754_Enterocloster_clostridioformis,ERR1620286_sub,1e-06,EX_cpd00053_e0,1.9791967501042598,0.18948797228049424,cpd00053_e0,export
S898C754_Enterocloster_clostridioformis,ERR1620286_sub,1e-06,EX_cpd00448_e0,0.011064322133481852,0.18948797228049424,cpd00448_e0,export
S898C754_Enterocloster_clostridioformis,ERR1620286_sub,1e-06,EX_cpd00182_e0,0.4051823504589486,0.18948797228049424,cpd00182_e0,export
S898C754_Enterocloster_clostridioformis,ERR1620286_sub,1e-06,EX_cpd00067_e0,93.60005220123033,0.18948797228049424,cpd00067_e0,export
S898C754_Enterocloster_clostridioformis,ERR1620286_sub,1e-06,EX_cpd00220_e0,-0.027634299581144234,0.18948797228049424,cpd00220_e0,import
S898C754_Enterocloster_clostridioformis,ERR1620286_sub,1e-06,EX_cpd00204_e0,28.970658756151373,0.18948797228049424,cpd00204_e0,export
S898C754_Enterocloster_clostridioformis,ERR1620286_sub,1e-06,EX_cpd00084_e0,-0.21824076188984554,0.18948797228049424,cpd00084_e0,import
S898C754_Enterocloster_clostridioformis,ERR1620286_sub,1e-06,EX_cpd00118_e0,0.000125149581679,0.18948797228049424,cpd00118_e0,export
S898C754_Enterocloster_clostridioformis,ERR1620286_sub,1e-06,EX_cpd00030_e0,-0.01951154364214299,0.18948797228049424,cpd00030_e0,import
S898C754_Enterocloster_clostridioformis,ERR1620286_sub,1e-06,EX_cpd00069_e0,0.06588960271998778,0.18948797228049424,cpd00069_e0,export
S898C754_Enterocloster_clostridioformis,ERR1620286_sub,1e-06,EX_cpd00137_e0,0.00018934838370815443,0.18948797228049424,cpd00137_e0,export
S898C754_Enterocloster_clostridioformis,ERR1620286_sub,1e-06,EX_cpd00024_e0,0.0029737596009839396,0.18948797228049424,cpd00024_e0,export
S898C754_Enterocloster_clostridioformis,ERR1620286_sub,1e-06,EX_cpd00205_e0,-0.01951154364214299,0.18948797228049424,cpd00205_e0,import
S898C754_Enterocloster_clostridioformis,ERR1620286_sub,1e-06,EX_cpd11451_e0,-1.5557655644273751,0.18948797228049424,cpd11451_e0,import
S898C754_Enterocloster_clostridioformis,ERR1620286_sub,1e-06,EX_cpd00254_e0,-0.01951154364214299,0.18948797228049424,cpd00254_e0,import
S951C743_Blautia_A_sp003480185,ERR1620286_sub,1e-06,EX_cpd10515_e0,-0.008434036302328956,0.0479513694327,cpd10515_e0,import
S951C743_Blautia_A_sp003480185,ERR1620286_sub,1e-06,EX_cpd00066_e0,-0.1383970521360097,0.0479513694327,cpd00066_e0,import
S951C743_Blautia_A_sp003480185,ERR1620286_sub,1e-06,EX_cpd00305_e0,-0.003496516992592732,0.0479513694327,cpd00305_e0,import
S951C743_Blautia_A_sp003480185,ERR1620286_sub,1e-06,EX_cpd00107_e0,-0.33023405196855987,0.0479513694327,cpd00107_e0,import
S951C743_Blautia_A_sp003480185,ERR1620286_sub,1e-06,EX_cpd00003_e0,-0.006993033985185804,0.0479513694327,cpd00003_e0,import
S951C743_Blautia_A_sp003480185,ERR1620286_sub,1e-06,EX_cpd00393_e0,-0.010489550977778195,0.0479513694327,cpd00393_e0,import
S951C743_Blautia_A_sp003480185,ERR1620286_sub,1e-06,EX_cpd00033_e0,7.365448507625982,0.0479513694327,cpd00033_e0,export
S951C743_Blautia_A_sp003480185,ERR1620286_sub,1e-06,EX_cpd11640_e0,5.0417542946659735,0.0479513694327,cpd11640_e0,export
S951C743_Blautia_A_sp003480185,ERR1620286_sub,1e-06,EX_cpd00149_e0,-0.004937519309736224,0.0479513694327,cpd00149_e0,import
S951C743_Blautia_A_sp003480185,ERR1620286_sub,1e-06,EX_cpd00039_e0,-0.2542643515987149,0.0479513694327,cpd00039_e0,import
S951C743_Blautia_A_sp003480185,ERR1620286_sub,1e-06,EX_cpd00029_e0,18.801326466562756,0.0479513694327,cpd00029_e0,export
S951C743_Blautia_A_sp003480185,ERR1620286_sub,1e-06,EX_cpd00010_e0,-0.006993033985185804,0.0479513694327,cpd00010_e0,import
S951C743_Blautia_A_sp003480185,ERR1620286_sub,1e-06,EX_cpd00065_e0,-0.042806530079277316,0.0479513694327,cpd00065_e0,import
S951C743_Blautia_A_sp003480185,ERR1620286_sub,1e-06,EX_cpd00311_e0,-0.06996144968322568,0.0479513694327,cpd00311_e0,import
S951C743_Blautia_A_sp003480185,ERR1620286_sub,1e-06,EX_cpd00034_e0,-0.004937519309736224,0.0479513694327,cpd00034_e0,import
S951C743_Blautia_A_sp003480185,ERR1620286_sub,1e-06,EX_cpd00099_e0,-0.004937519309736224,0.0479513694327,cpd00099_e0,import
S951C743_Blautia_A_sp003480185,ERR1620286_sub,1e-06,EX_cpd00129_e0,-0.12648846858012003,0.0479513694327,cpd00129_e0,import
S951C743_Blautia_A_sp003480185,ERR1620286_sub,1e-06,EX_cpd00060_e0,-0.08216041587917436,0.0479513694327,cpd00060_e0,import
S951C743_Blautia_A_sp003480185,ERR1620286_sub,1e-06,EX_cpd00048_e0,-0.004937519309736224,0.0479513694327,cpd00048_e0,import
S951C743_Blautia_A_sp003480185,ERR1620286_sub,1e-06,EX_cpd00161_e0,-0.14676524598609372,0.0479513694327,cpd00161_e0,import
S951C743_Blautia_A_sp003480185,ERR1620286_sub,1e-06,EX_cpd01217_e0,-0.10605236023787096,0.0479513694327,cpd01217_e0,import
S951C743_Blautia_A_sp003480185,ERR1620286_sub,1e-06,EX_cpd00047_e0,1.3547237562626153,0.0479513694327,cpd00047_e0,export
S951C743_Blautia_A_sp003480185,ERR1620286_sub,1e-06,EX_cpd00076_e0,-3.473891628180753,0.0479513694327,cpd00076_e0,import
S951C743_Blautia_A_sp003480185,ERR1620286_sub,1e-06,EX_cpd00054_e0,-7.926617125456156,0.0479513694327,cpd00054_e0,import
S951C743_Blautia_A_sp003480185,ERR1620286_sub,1e-06,EX_cpd00232_e0,-0.140899184020776,0.0479513694327,cpd00232_e0,import
S951C743_Blautia_A_sp003480185,ERR1620286_sub,1e-06,EX_cpd00239_e0,-0.04124113474439637,0.0479513694327,cpd00239_e0,import
S951C743_Blautia_A_sp003480185,ERR1620286_sub,1e-06,EX_cpd00324_e0,-0.006993033985185464,0.0479513694327,cpd00324_e0,import
S951C743_Blautia_A_sp003480185,ERR1620286_sub,1e-06,EX_cpd10516_e0,-0.004937519309736224,0.0479513694327,cpd10516_e0,import
S951C743_Blautia_A_sp003480185,ERR1620286_sub,1e-06,EX_cpd00309_e0,0.10605236023787096,0.0479513694327,cpd00309_e0,export
S951C743_Blautia_A_sp003480185,ERR1620286_sub,1e-06,EX_cpd00064_e0,0.1593837362758278,0.0479513694327,cpd00064_e0,export
S951C743_Blautia_A_sp003480185,ERR1620286_sub,1e-06,EX_cpd00017_e0,-0.010489550977778195,0.0479513694327,cpd00017_e0,import
S951C743_Blautia_A_sp003480185,ERR1620286_sub,1e-06,EX_cpd00156_e0,-0.2417120608235885,0.0479513694327,cpd00156_e0,import
S951C743_Blautia_A_sp003480185,ERR1620286_sub,1e-06,EX_cpd00051_e0,-0.3182916740010052,0.0479513694327,cpd00051_e0,import
S951C743_Blautia_A_sp003480185,ERR1620286_sub,1e-06,EX_cpd00322_e0,-0.2697255733602578,0.0479513694327,cpd00322_e0,import
S951C743_Blautia_A_sp003480185,ERR1620286_sub,1e-06,EX_cpd00063_e0,-0.004937519309736224,0.0479513694327,cpd00063_e0,import
S951C743_Blautia_A_sp003480185,ERR1620286_sub,1e-06,EX_cpd00009_e0,-0.8731794935684518,0.0479513694327,cpd00009_e0,import
S951C743_Blautia_A_sp003480185,ERR1620286_sub,1e-06,EX_cpd00119_e0,-0.06437072192372531,0.0479513694327,cpd00119_e0,import
S951C743_Blautia_A_sp003480185,ERR1620286_sub,1e-06,EX_cpd00058_e0,-0.004937519309736224,0.0479513694327,cpd00058_e0,import
S951C743_Blautia_A_sp003480185,ERR1620286_sub,1e-06,EX_cpd00028_e0,-0.003496516992592732,0.0479513694327,cpd00028_e0,import
S951C743_Blautia_A_sp003480185,ERR1620286_sub,1e-06,EX_cpd00011_e0,3.4401333197652293,0.0479513694327,cpd00011_e0,export
S951C743_Blautia_A_sp003480185,ERR1620286_sub,1e-06,EX_cpd00132_e0,-0.1165110066819427,0.0479513694327,cpd00132_e0,import
S951C743_Blautia_A_sp003480185,ERR1620286_sub,1e-06,EX_cpd00053_e0,-0.44279105326038076,0.0479513694327,cpd00053_e0,import
S951C743_Blautia_A_sp003480185,ERR1620286_sub,1e-06,EX_cpd00182_e0,-0.04198576568424695,0.0479513694327,cpd00182_e0,import
S951C743_Blautia_A_sp003480185,ERR1620286_sub,1e-06,EX_cpd00067_e0,19.260550119799476,0.0479513694327,cpd00067_e0,export
S951C743_Blautia_A_sp003480185,ERR1620286_sub,1e-06,EX_cpd00030_e0,-0.004937519309736224,0.0479513694327,cpd00030_e0,import
S951C743_Blautia_A_sp003480185,ERR1620286_sub,1e-06,EX_cpd00069_e0,-0.08722232820664749,0.0479513694327,cpd00069_e0,import
S951C743_Blautia_A_sp003480185,ERR1620286_sub,1e-06,EX_cpd00205_e0,-0.004937519309736224,0.0479513694327,cpd00205_e0,import
S951C743_Blautia_A_sp003480185,ERR1620286_sub,1e-06,EX_cpd00254_e0,-0.004937519309736224,0.0479513694327,cpd00254_e0,import
S975C400_Phocaeicola_dorei,ERR1620286_sub,1e-06,EX_cpd01741_e0,-0.004064482648739307,0.003477801806975055,cpd01741_e0,import
S975C400_Phocaeicola_dorei,ERR1620286_sub,1e-06,EX_cpd10515_e0,-0.0005518400588335047,0.003477801806975055,cpd10515_e0,import
S975C400_Phocaeicola_dorei,ERR1620286_sub,1e-06,EX_cpd00066_e0,-0.008633528150982391,0.003477801806975055,cpd00066_e0,import
S975C400_Phocaeicola_dorei,ERR1620286_sub,1e-06,EX_cpd11606_e0,-0.16168075190891906,0.003477801806975055,cpd11606_e0,import
S975C400_Phocaeicola_dorei,ERR1620286_sub,1e-06,EX_cpd00107_e0,-0.02508135671058924,0.003477801806975055,cpd00107_e0,import
S975C400_Phocaeicola_dorei,ERR1620286_sub,1e-06,EX_cpd00033_e0,-0.028937005718032923,0.003477801806975055,cpd00033_e0,import
S975C400_Phocaeicola_dorei,ERR1620286_sub,1e-06,EX_cpd00149_e0,-0.00035809113127090295,0.003477801806975055,cpd00149_e0,import
S975C400_Phocaeicola_dorei,ERR1620286_sub,1e-06,EX_cpd00006_e0,-0.0003874978551252406,0.003477801806975055,cpd00006_e0,import
S975C400_Phocaeicola_dorei,ERR1620286_sub,1e-06,EX_cpd00039_e0,-0.015991648734206044,0.003477801806975055,cpd00039_e0,import
S975C400_Phocaeicola_dorei,ERR1620286_sub,1e-06,EX_cpd00029_e0,0.5143307991273839,0.003477801806975055,cpd00029_e0,export
S975C400_Phocaeicola_dorei,ERR1620286_sub,1e-06,EX_cpd00184_e0,-0.0012117465549721172,0.003477801806975055,cpd00184_e0,import
S975C400_Phocaeicola_dorei,ERR1620286_sub,1e-06,EX_cpd00010_e0,-0.00038749785512524415,0.003477801806975055,cpd00010_e0,import
S975C400_Phocaeicola_dorei,ERR1620286_sub,1e-06,EX_cpd00065_e0,-0.0026489234099605027,0.003477801806975055,cpd00065_e0,import
S975C400_Phocaeicola_dorei,ERR1620286_sub,1e-06,EX_cpd00034_e0,-0.00035809113127090295,0.003477801806975055,cpd00034_e0,import
S975C400_Phocaeicola_dorei,ERR1620286_sub,1e-06,EX_cpd00007_e0,-0.05235215952016686,0.003477801806975055,cpd00007_e0,import
S975C400_Phocaeicola_dorei,ERR1620286_sub,1e-06,EX_cpd00099_e0,-0.00035809113127090295,0.003477801806975055,cpd00099_e0,import
S975C400_Phocaeicola_dorei,ERR1620286_sub,1e-06,EX_cpd00012_e0,-0.023532309767529735,0.003477801806975055,cpd00012_e0,import
S975C400_Phocaeicola_dorei,ERR1620286_sub,1e-06,EX_cpd00129_e0,-0.010301368816513083,0.003477801806975055,cpd00129_e0,import
S975C400_Phocaeicola_dorei,ERR1620286_sub,1e-06,EX_cpd00023_e0,-0.0259794780957857,0.003477801806975055,cpd00023_e0,import
S975C400_Phocaeicola_dorei,ERR1620286_sub,1e-06,EX_cpd00060_e0,-0.0063869083240872425,0.003477801806975055,cpd00060_e0,import
S975C400_Phocaeicola_dorei,ERR1620286_sub,1e-06,EX_cpd00082_e0,-0.19842440948615359,0.003477801806975055,cpd00082_e0,import
S975C400_Phocaeicola_dorei,ERR1620286_sub,1e-06,EX_cpd00367_e0,-0.007452297146748483,0.003477801806975055,cpd00367_e0,import
S975C400_Phocaeicola_dorei,ERR1620286_sub,1e-06,EX_cpd00264_e0,-0.0001937489275626018,0.003477801806975055,cpd00264_e0,import
S975C400_Phocaeicola_dorei,ERR1620286_sub,1e-06,EX_cpd00036_e0,0.46727880779864417,0.003477801806975055,cpd00036_e0,export
S975C400_Phocaeicola_dorei,ERR1620286_sub,1e-06,EX_cpd00048_e0,-0.00035809113127090295,0.003477801806975055,cpd00048_e0,import
S975C400_Phocaeicola_dorei,ERR1620286_sub,1e-06,EX_cpd00161_e0,-0.01182204707037931,0.003477801806975055,cpd00161_e0,import
S975C400_Phocaeicola_dorei,ERR1620286_sub,1e-06,EX_cpd01217_e0,-0.021980278399845732,0.003477801806975055,cpd01217_e0,import
S975C400_Phocaeicola_dorei,ERR1620286_sub,1e-06,EX_cpd00054_e0,-0.012557162510640341,0.003477801806975055,cpd00054_e0,import
S975C400_Phocaeicola_dorei,ERR1620286_sub,1e-06,EX_cpd00232_e0,-0.0027096550991595383,0.003477801806975055,cpd00232_e0,import
S975C400_Phocaeicola_dorei,ERR1620286_sub,1e-06,EX_cpd10516_e0,-0.00035809113127090295,0.003477801806975055,cpd10516_e0,import
S975C400_Phocaeicola_dorei,ERR1620286_sub,1e-06,EX_cpd00309_e0,0.2918796603277242,0.003477801806975055,cpd00309_e0,export
S975C400_Phocaeicola_dorei,ERR1620286_sub,1e-06,EX_cpd00064_e0,-0.0001937489275626018,0.003477801806975055,cpd00064_e0,import
S975C400_Phocaeicola_dorei,ERR1620286_sub,1e-06,EX_cpd00017_e0,-0.000968744637813009,0.003477801806975055,cpd00017_e0,import
S975C400_Phocaeicola_dorei,ERR1620286_sub,1e-06,EX_cpd00105_e0,-0.006309737880599111,0.003477801806975055,cpd00105_e0,import
S975C400_Phocaeicola_dorei,ERR1620286_sub,1e-06,EX_cpd00156_e0,-0.019719763163039333,0.003477801806975055,cpd00156_e0,import
S975C400_Phocaeicola_dorei,ERR1620286_sub,1e-06,EX_cpd00051_e0,-0.013784212559238932,0.003477801806975055,cpd00051_e0,import
S975C400_Phocaeicola_dorei,ERR1620286_sub,1e-06,EX_cpd00412_e0,-0.006697235735724315,0.003477801806975055,cpd00412_e0,import
S975C400_Phocaeicola_dorei,ERR1620286_sub,1e-06,EX_cpd00322_e0,-0.017625127852922657,0.003477801806975055,cpd00322_e0,import
S975C400_Phocaeicola_dorei,ERR1620286_sub,1e-06,EX_cpd00130_e0,-0.14691704680703974,0.003477801806975055,cpd00130_e0,import
S975C400_Phocaeicola_dorei,ERR1620286_sub,1e-06,EX_cpd00063_e0,-0.00035809113127090295,0.003477801806975055,cpd00063_e0,import
S975C400_Phocaeicola_dorei,ERR1620286_sub,1e-06,EX_cpd00119_e0,-0.004414872349934186,0.003477801806975055,cpd00119_e0,import
S975C400_Phocaeicola_dorei,ERR1620286_sub,1e-06,EX_cpd00058_e0,-0.00035809113127090295,0.003477801806975055,cpd00058_e0,import
S975C400_Phocaeicola_dorei,ERR1620286_sub,1e-06,EX_cpd00277_e0,-0.28171562381915904,0.003477801806975055,cpd00277_e0,import
S975C400_Phocaeicola_dorei,ERR1620286_sub,1e-06,EX_cpd00028_e0,-0.0001937489275626018,0.003477801806975055,cpd00028_e0,import
S975C400_Phocaeicola_dorei,ERR1620286_sub,1e-06,EX_cpd00013_e0,0.2264743386100794,0.003477801806975055,cpd00013_e0,export
S975C400_Phocaeicola_dorei,ERR1620286_sub,1e-06,EX_cpd00132_e0,-0.011233397423721404,0.003477801806975055,cpd00132_e0,import
S975C400_Phocaeicola_dorei,ERR1620286_sub,1e-06,EX_cpd00448_e0,-0.00919391845453012,0.003477801806975055,cpd00448_e0,import
S975C400_Phocaeicola_dorei,ERR1620286_sub,1e-06,EX_cpd00182_e0,-0.008753998673949888,0.003477801806975055,cpd00182_e0,import
S975C400_Phocaeicola_dorei,ERR1620286_sub,1e-06,EX_cpd00067_e0,0.8678819468186784,0.003477801806975055,cpd00067_e0,export
S975C400_Phocaeicola_dorei,ERR1620286_sub,1e-06,EX_cpd00220_e0,-0.0003874978551252036,0.003477801806975055,cpd00220_e0,import
S975C400_Phocaeicola_dorei,ERR1620286_sub,1e-06,EX_cpd00204_e0,0.0001937489275626018,0.003477801806975055,cpd00204_e0,export
S975C400_Phocaeicola_dorei,ERR1620286_sub,1e-06,EX_cpd00084_e0,-0.00465520779339491,0.003477801806975055,cpd00084_e0,import
S975C400_Phocaeicola_dorei,ERR1620286_sub,1e-06,EX_cpd00030_e0,-0.00035809113127090295,0.003477801806975055,cpd00030_e0,import
S975C400_Phocaeicola_dorei,ERR1620286_sub,1e-06,EX_cpd00069_e0,-0.006619840903577931,0.003477801806975055,cpd00069_e0,import
S975C400_Phocaeicola_dorei,ERR1620286_sub,1e-06,EX_cpd00205_e0,-0.00035809113127090295,0.003477801806975055,cpd00205_e0,import
S975C400_Phocaeicola_dorei,ERR1620286_sub,1e-06,EX_cpd00027_e0,-0.003387068873949423,0.003477801806975055,cpd00027_e0,import
S975C400_Phocaeicola_dorei,ERR1620286_sub,1e-06,EX_cpd11451_e0,0.16168075190891906,0.003477801806975055,cpd11451_e0,export
S975C400_Phocaeicola_dorei,ERR1620286_sub,1e-06,EX_cpd00254_e0,-0.00035809113127090295,0.003477801806975055,cpd00254_e0,import
medium,ERR1620286_sub,1e-06,EX_cpd00084_m,-0.1,,cpd00084_m,import
medium,ERR1620286_sub,1e-06,EX_cpd00063_m,-0.009955597305164727,,cpd00063_m,import
medium,ERR1620286_sub,1e-06,EX_cpd00216_m,-3.703076753331876e-05,,cpd00216_m,import
medium,ERR1620286_sub,1e-06,EX_cpd00001_m,0.2624910470945764,,cpd00001_m,export
medium,ERR1620286_sub,1e-06,EX_cpd00030_m,-0.009955597305164725,,cpd00030_m,import
medium,ERR1620286_sub,1e-06,EX_cpd00060_m,-0.1,,cpd00060_m,import
medium,ERR1620286_sub,1e-06,EX_cpd00363_m,0.023159176339387008,,cpd00363_m,export
medium,ERR1620286_sub,1e-06,EX_cpd00054_m,-0.1,,cpd00054_m,import
medium,ERR1620286_sub,1e-06,EX_cpd00239_m,-0.27939744799680144,,cpd00239_m,import
medium,ERR1620286_sub,1e-06,EX_cpd00322_m,-0.1,,cpd00322_m,import
medium,ERR1620286_sub,1e-06,EX_cpd00588_m,6.593482165008159e-05,,cpd00588_m,export
medium,ERR1620286_sub,1e-06,EX_cpd00324_m,0.16893356580274335,,cpd00324_m,export
medium,ERR1620286_sub,1e-06,EX_cpd00305_m,-0.005354418613077454,,cpd00305_m,import
medium,ERR1620286_sub,1e-06,EX_cpd00076_m,-1.6936668324419188,,cpd00076_m,import
medium,ERR1620286_sub,1e-06,EX_cpd00119_m,-0.1,,cpd00119_m,import
medium,ERR1620286_sub,1e-06,EX_cpd00149_m,-0.009955597305164729,,cpd00149_m,import
medium,ERR1620286_sub,1e-06,EX_cpd10515_m,-0.02302088898405965,,cpd10515_m,import
medium,ERR1620286_sub,1e-06,EX_cpd00048_m,-0.009955597305164727,,cpd00048_m,import
medium,ERR1620286_sub,1e-06,EX_cpd00161_m,-0.1,,cpd00161_m,import
medium,ERR1620286_sub,1e-06,EX_cpd00122_m,-5.0,,cpd00122_m,import
medium,ERR1620286_sub,1e-06,EX_cpd00208_m,-6.593482165008159e-05,,cpd00208_m,import
medium,ERR1620286_sub,1e-06,EX_cpd00644_m,-0.013056036758928984,,cpd00644_m,import
medium,ERR1620286_sub,1e-06,EX_cpd00794_m,-0.6218865219713263,,cpd00794_m,import
medium,ERR1620286_sub,1e-06,EX_cpd00205_m,-0.009955597305164729,,cpd00205_m,import
medium,ERR1620286_sub,1e-06,EX_cpd00179_m,-0.025806538319769395,,cpd00179_m,import
medium,ERR1620286_sub,1e-06,EX_cpd00204_m,7.874782138544508,,cpd00204_m,export
medium,ERR1620286_sub,1e-06,EX_cpd00254_m,-0.009955597305164727,,cpd00254_m,import
medium,ERR1620286_sub,1e-06,EX_cpd00013_m,-0.023190038609120712,,cpd00013_m,import
medium,ERR1620286_sub,1e-06,EX_cpd00099_m,-0.009955597305164723,,cpd00099_m,import
medium,ERR1620286_sub,1e-06,EX_cpd00133_m,0.0015703943971254652,,cpd00133_m,export
medium,ERR1620286_sub,1e-06,EX_cpd00069_m,-0.1,,cpd00069_m,import
medium,ERR1620286_sub,1e-06,EX_cpd00047_m,12.061625207824859,,cpd00047_m,export
medium,ERR1620286_sub,1e-06,EX_cpd90003_m,-0.08178926972267003,,cpd90003_m,import
medium,ERR1620286_sub,1e-06,EX_cpd00129_m,-0.1,,cpd00129_m,import
medium,ERR1620286_sub,1e-06,EX_cpd00029_m,32.804009258641145,,cpd00029_m,export
medium,ERR1620286_sub,1e-06,EX_cpd00100_m,0.00311226183012116,,cpd00100_m,export
medium,ERR1620286_sub,1e-06,EX_cpd11640_m,13.313629585082996,,cpd11640_m,export
medium,ERR1620286_sub,1e-06,EX_cpd00082_m,-5.0,,cpd00082_m,import
medium,ERR1620286_sub,1e-06,EX_cpd00156_m,-0.1,,cpd00156_m,import
medium,ERR1620286_sub,1e-06,EX_cpd00034_m,-0.009955597305164727,,cpd00034_m,import
medium,ERR1620286_sub,1e-06,EX_cpd00107_m,-0.1,,cpd00107_m,import
medium,ERR1620286_sub,1e-06,EX_cpd00066_m,-0.1,,cpd00066_m,import
medium,ERR1620286_sub,1e-06,EX_cpd01262_m,0.015587404338096163,,cpd01262_m,export
medium,ERR1620286_sub,1e-06,EX_cpd00211_m,3.232340956215909,,cpd00211_m,export
medium,ERR1620286_sub,1e-06,EX_cpd00039_m,-0.1,,cpd00039_m,import
medium,ERR1620286_sub,1e-06,EX_cpd00067_m,44.02944491381875,,cpd00067_m,export
medium,ERR1620286_sub,1e-06,EX_cpd00036_m,5.594642211656717,,cpd00036_m,export
medium,ERR1620286_sub,1e-06,EX_cpd00009_m,-1.7037947751459586,,cpd00009_m,import
medium,ERR1620286_sub,1e-06,EX_cpd10516_m,-0.009953341532172227,,cpd10516_m,import
medium,ERR1620286_sub,1e-06,EX_cpd00007_m,-0.001,,cpd00007_m,import
medium,ERR1620286_sub,1e-06,EX_cpd28763_m,-3.0451800431600944e-05,,cpd28763_m,import
medium,ERR1620286_sub,1e-06,EX_cpd00232_m,-5.0,,cpd00232_m,import
medium,ERR1620286_sub,1e-06,EX_cpd00116_m,-2.4681772445595497e-05,,cpd00116_m,import
medium,ERR1620286_sub,1e-06,EX_cpd00011_m,2.895348438289717,,cpd00011_m,export
medium,ERR1620286_sub,1e-06,EX_cpd00058_m,-0.009955597305164727,,cpd00058_m,import
medium,ERR1620286_sub,1e-06,EX_cpd00027_m,-0.8028527899257754,,cpd00027_m,import
medium,ERR1620286_sub,1e-06,EX_cpd00314_m,0.1667637859021423,,cpd00314_m,export
medium,ERR1620286_sub,1e-06,EX_cpd00051_m,-0.1,,cpd00051_m,import
medium,ERR1620286_sub,1e-06,EX_cpd00053_m,-0.1,,cpd00053_m,import
medium,ERR1620286_sub,1e-06,EX_cpd00065_m,-0.082815041750812,,cpd00065_m,import
medium,ERR1620286_sub,1e-06,EX_cpd00220_m,-0.012727710349823363,,cpd00220_m,import
